[validation] mutool ["draw", "-q", "-N", "-r", "72", "-c", "rgba", "-o", "/tmp/.tmpBwT56J/unmanaged.png", "/tmp/.tmpBwT56J/display-p3.pdf", "1"]
[validation] magick ["/tmp/.tmpBwT56J/unmanaged.png", "-depth", "8", "RGBA:/tmp/.tmpBwT56J/pixels.rgba"]
[validation] magick ["/tmp/.tmpBwT56J/unmanaged.png", "-format", "%w %h", "info:"]
[validation] magick ["/tmp/.tmpBwT56J/results/display-p3-page-001-z8-1.png", "-depth", "8", "RGBA:/tmp/.tmpBwT56J/pixels.rgba"]
[validation] magick ["/tmp/.tmpBwT56J/results/display-p3-page-001-z8-1.png", "-format", "%w %h", "info:"]
[validation] magick ["/tmp/.tmpBwT56J/results/display-p3-page-001-z8-1.jpg", "-depth", "8", "RGBA:/tmp/.tmpBwT56J/pixels.rgba"]
[validation] magick ["/tmp/.tmpBwT56J/results/display-p3-page-001-z8-1.jpg", "-format", "%w %h", "info:"]
[validation] magick ["/tmp/.tmpBwT56J/results/display-p3-page-001-z8-1.webp", "-depth", "8", "RGBA:/tmp/.tmpBwT56J/pixels.rgba"]
[validation] magick ["/tmp/.tmpBwT56J/results/display-p3-page-001-z8-1.webp", "-format", "%w %h", "info:"]
[validation] magick ["/tmp/.tmpBwT56J/results/display-p3-page-001-z8-1.avif", "-depth", "8", "RGBA:/tmp/.tmpBwT56J/pixels.rgba"]
[validation] magick ["/tmp/.tmpBwT56J/results/display-p3-page-001-z8-1.avif", "-format", "%w %h", "info:"]
[validation] magick ["-size", "64x48", "xc:none", "-fill", "red", "-draw", "rectangle 0,0 31,47", "/tmp/.tmppDFqcs/alpha.png"]
[validation] convert /tmp/.tmppDFqcs/alpha.png -> Png
[validation] ffmpeg ["-nostdin", "-v", "error", "-xerror", "-i", "/tmp/.tmppDFqcs/保存 results/alpha-z8-1.png", "-f", "null", "-"]
[validation] magick ["/tmp/.tmppDFqcs/alpha.png", "-auto-orient", "-depth", "8", "RGBA:/tmp/.tmppDFqcs/expected.rgba"]
[validation] magick ["/tmp/.tmppDFqcs/保存 results/alpha-z8-1.png", "-auto-orient", "-depth", "8", "RGBA:/tmp/.tmppDFqcs/actual.rgba"]
[validation] magick ["/tmp/.tmppDFqcs/alpha.png", "-auto-orient", "-format", "%w %h", "info:"]
[validation] magick ["/tmp/.tmppDFqcs/保存 results/alpha-z8-1.png", "-auto-orient", "-format", "%w %h", "info:"]
[validation] magick ["/tmp/.tmppDFqcs/保存 results/alpha-z8-1.png", "-auto-orient", "-format", "%w %h", "info:"]
[validation] convert /tmp/.tmppDFqcs/alpha.png -> Jpeg
[validation] ffmpeg ["-nostdin", "-v", "error", "-xerror", "-i", "/tmp/.tmppDFqcs/保存 results/alpha-z8-2.jpg", "-f", "null", "-"]
[validation] magick ["/tmp/.tmppDFqcs/alpha.png", "-auto-orient", "-background", "white", "-alpha", "remove", "-alpha", "off", "-depth", "8", "RGBA:/tmp/.tmppDFqcs/expected.rgba"]
[validation] magick ["/tmp/.tmppDFqcs/保存 results/alpha-z8-2.jpg", "-auto-orient", "-depth", "8", "RGBA:/tmp/.tmppDFqcs/actual.rgba"]
[validation] magick ["/tmp/.tmppDFqcs/alpha.png", "-auto-orient", "-format", "%w %h", "info:"]
[validation] magick ["/tmp/.tmppDFqcs/保存 results/alpha-z8-2.jpg", "-auto-orient", "-format", "%w %h", "info:"]
[validation] magick ["/tmp/.tmppDFqcs/保存 results/alpha-z8-2.jpg", "-auto-orient", "-format", "%w %h", "info:"]
[validation] convert /tmp/.tmppDFqcs/alpha.png -> Webp
[validation] ffmpeg ["-nostdin", "-v", "error", "-xerror", "-i", "/tmp/.tmppDFqcs/保存 results/alpha-z8-2.webp", "-f", "null", "-"]
[validation] magick ["/tmp/.tmppDFqcs/alpha.png", "-auto-orient", "-depth", "8", "RGBA:/tmp/.tmppDFqcs/expected.rgba"]
[validation] magick ["/tmp/.tmppDFqcs/保存 results/alpha-z8-2.webp", "-auto-orient", "-depth", "8", "RGBA:/tmp/.tmppDFqcs/actual.rgba"]
[validation] magick ["/tmp/.tmppDFqcs/alpha.png", "-auto-orient", "-format", "%w %h", "info:"]
[validation] magick ["/tmp/.tmppDFqcs/保存 results/alpha-z8-2.webp", "-auto-orient", "-format", "%w %h", "info:"]
[validation] magick ["/tmp/.tmppDFqcs/保存 results/alpha-z8-2.webp", "-auto-orient", "-format", "%w %h", "info:"]
[validation] convert /tmp/.tmppDFqcs/alpha.png -> Avif
[validation] ffmpeg ["-nostdin", "-v", "error", "-xerror", "-i", "/tmp/.tmppDFqcs/保存 results/alpha-z8-2.avif", "-f", "null", "-"]
[validation] magick ["/tmp/.tmppDFqcs/alpha.png", "-auto-orient", "-depth", "8", "RGBA:/tmp/.tmppDFqcs/expected.rgba"]
[validation] magick ["/tmp/.tmppDFqcs/保存 results/alpha-z8-2.avif", "-auto-orient", "-depth", "8", "RGBA:/tmp/.tmppDFqcs/actual.rgba"]
[validation] magick ["/tmp/.tmppDFqcs/alpha.png", "-auto-orient", "-format", "%w %h", "info:"]
[validation] magick ["/tmp/.tmppDFqcs/保存 results/alpha-z8-2.avif", "-auto-orient", "-format", "%w %h", "info:"]
[validation] magick ["/tmp/.tmppDFqcs/保存 results/alpha-z8-2.avif", "-auto-orient", "-format", "%w %h", "info:"]
[validation] convert /tmp/.tmppDFqcs/alias.jpg -> Png
[validation] ffmpeg ["-nostdin", "-v", "error", "-xerror", "-i", "/tmp/.tmppDFqcs/保存 results/alias-z8-1.png", "-f", "null", "-"]
[validation] magick ["/tmp/.tmppDFqcs/alias.jpg", "-auto-orient", "-depth", "8", "RGBA:/tmp/.tmppDFqcs/expected.rgba"]
[validation] magick ["/tmp/.tmppDFqcs/保存 results/alias-z8-1.png", "-auto-orient", "-depth", "8", "RGBA:/tmp/.tmppDFqcs/actual.rgba"]
[validation] magick ["/tmp/.tmppDFqcs/alias.jpg", "-auto-orient", "-format", "%w %h", "info:"]
[validation] magick ["/tmp/.tmppDFqcs/保存 results/alias-z8-1.png", "-auto-orient", "-format", "%w %h", "info:"]
[validation] magick ["/tmp/.tmppDFqcs/保存 results/alias-z8-1.png", "-auto-orient", "-format", "%w %h", "info:"]
[validation] convert /tmp/.tmppDFqcs/alias.jpg -> Jpeg
[validation] ffmpeg ["-nostdin", "-v", "error", "-xerror", "-i", "/tmp/.tmppDFqcs/保存 results/alias-z8-1.jpg", "-f", "null", "-"]
[validation] magick ["/tmp/.tmppDFqcs/alias.jpg", "-auto-orient", "-background", "white", "-alpha", "remove", "-alpha", "off", "-depth", "8", "RGBA:/tmp/.tmppDFqcs/expected.rgba"]
[validation] magick ["/tmp/.tmppDFqcs/保存 results/alias-z8-1.jpg", "-auto-orient", "-depth", "8", "RGBA:/tmp/.tmppDFqcs/actual.rgba"]
[validation] magick ["/tmp/.tmppDFqcs/alias.jpg", "-auto-orient", "-format", "%w %h", "info:"]
[validation] magick ["/tmp/.tmppDFqcs/保存 results/alias-z8-1.jpg", "-auto-orient", "-format", "%w %h", "info:"]
[validation] magick ["/tmp/.tmppDFqcs/保存 results/alias-z8-1.jpg", "-auto-orient", "-format", "%w %h", "info:"]
[validation] convert /tmp/.tmppDFqcs/alias.jpg -> Webp
[validation] ffmpeg ["-nostdin", "-v", "error", "-xerror", "-i", "/tmp/.tmppDFqcs/保存 results/alias-z8-1.webp", "-f", "null", "-"]
[validation] magick ["/tmp/.tmppDFqcs/alias.jpg", "-auto-orient", "-depth", "8", "RGBA:/tmp/.tmppDFqcs/expected.rgba"]
[validation] magick ["/tmp/.tmppDFqcs/保存 results/alias-z8-1.webp", "-auto-orient", "-depth", "8", "RGBA:/tmp/.tmppDFqcs/actual.rgba"]
[validation] magick ["/tmp/.tmppDFqcs/alias.jpg", "-auto-orient", "-format", "%w %h", "info:"]
[validation] magick ["/tmp/.tmppDFqcs/保存 results/alias-z8-1.webp", "-auto-orient", "-format", "%w %h", "info:"]
[validation] magick ["/tmp/.tmppDFqcs/保存 results/alias-z8-1.webp", "-auto-orient", "-format", "%w %h", "info:"]
[validation] convert /tmp/.tmppDFqcs/alias.jpg -> Avif
[validation] ffmpeg ["-nostdin", "-v", "error", "-xerror", "-i", "/tmp/.tmppDFqcs/保存 results/alias-z8-1.avif", "-f", "null", "-"]
[validation] magick ["/tmp/.tmppDFqcs/alias.jpg", "-auto-orient", "-depth", "8", "RGBA:/tmp/.tmppDFqcs/expected.rgba"]
[validation] magick ["/tmp/.tmppDFqcs/保存 results/alias-z8-1.avif", "-auto-orient", "-depth", "8", "RGBA:/tmp/.tmppDFqcs/actual.rgba"]
[validation] magick ["/tmp/.tmppDFqcs/alias.jpg", "-auto-orient", "-format", "%w %h", "info:"]
[validation] magick ["/tmp/.tmppDFqcs/保存 results/alias-z8-1.avif", "-auto-orient", "-format", "%w %h", "info:"]
[validation] magick ["/tmp/.tmppDFqcs/保存 results/alias-z8-1.avif", "-auto-orient", "-format", "%w %h", "info:"]
[validation] convert /tmp/.tmppDFqcs/保存 results/alpha-z8-1.webp -> Png
[validation] ffmpeg ["-nostdin", "-v", "error", "-xerror", "-i", "/tmp/.tmppDFqcs/保存 results/alpha-z8-1-z8-1.png", "-f", "null", "-"]
[validation] magick ["/tmp/.tmppDFqcs/保存 results/alpha-z8-1.webp", "-auto-orient", "-depth", "8", "RGBA:/tmp/.tmppDFqcs/expected.rgba"]
[validation] magick ["/tmp/.tmppDFqcs/保存 results/alpha-z8-1-z8-1.png", "-auto-orient", "-depth", "8", "RGBA:/tmp/.tmppDFqcs/actual.rgba"]
[validation] magick ["/tmp/.tmppDFqcs/保存 results/alpha-z8-1.webp", "-auto-orient", "-format", "%w %h", "info:"]
[validation] magick ["/tmp/.tmppDFqcs/保存 results/alpha-z8-1-z8-1.png", "-auto-orient", "-format", "%w %h", "info:"]
[validation] magick ["/tmp/.tmppDFqcs/保存 results/alpha-z8-1-z8-1.png", "-auto-orient", "-format", "%w %h", "info:"]
[validation] convert /tmp/.tmppDFqcs/保存 results/alpha-z8-1.webp -> Jpeg
[validation] ffmpeg ["-nostdin", "-v", "error", "-xerror", "-i", "/tmp/.tmppDFqcs/保存 results/alpha-z8-1-z8-1.jpg", "-f", "null", "-"]
[validation] magick ["/tmp/.tmppDFqcs/保存 results/alpha-z8-1.webp", "-auto-orient", "-background", "white", "-alpha", "remove", "-alpha", "off", "-depth", "8", "RGBA:/tmp/.tmppDFqcs/expected.rgba"]
[validation] magick ["/tmp/.tmppDFqcs/保存 results/alpha-z8-1-z8-1.jpg", "-auto-orient", "-depth", "8", "RGBA:/tmp/.tmppDFqcs/actual.rgba"]
[validation] magick ["/tmp/.tmppDFqcs/保存 results/alpha-z8-1.webp", "-auto-orient", "-format", "%w %h", "info:"]
[validation] magick ["/tmp/.tmppDFqcs/保存 results/alpha-z8-1-z8-1.jpg", "-auto-orient", "-format", "%w %h", "info:"]
[validation] magick ["/tmp/.tmppDFqcs/保存 results/alpha-z8-1-z8-1.jpg", "-auto-orient", "-format", "%w %h", "info:"]
[validation] convert /tmp/.tmppDFqcs/保存 results/alpha-z8-1.webp -> Webp
[validation] ffmpeg ["-nostdin", "-v", "error", "-xerror", "-i", "/tmp/.tmppDFqcs/保存 results/alpha-z8-1-z8-1.webp", "-f", "null", "-"]
[validation] magick ["/tmp/.tmppDFqcs/保存 results/alpha-z8-1.webp", "-auto-orient", "-depth", "8", "RGBA:/tmp/.tmppDFqcs/expected.rgba"]
[validation] magick ["/tmp/.tmppDFqcs/保存 results/alpha-z8-1-z8-1.webp", "-auto-orient", "-depth", "8", "RGBA:/tmp/.tmppDFqcs/actual.rgba"]
[validation] magick ["/tmp/.tmppDFqcs/保存 results/alpha-z8-1.webp", "-auto-orient", "-format", "%w %h", "info:"]
[validation] magick ["/tmp/.tmppDFqcs/保存 results/alpha-z8-1-z8-1.webp", "-auto-orient", "-format", "%w %h", "info:"]
[validation] magick ["/tmp/.tmppDFqcs/保存 results/alpha-z8-1-z8-1.webp", "-auto-orient", "-format", "%w %h", "info:"]
[validation] convert /tmp/.tmppDFqcs/保存 results/alpha-z8-1.webp -> Avif
[validation] ffmpeg ["-nostdin", "-v", "error", "-xerror", "-i", "/tmp/.tmppDFqcs/保存 results/alpha-z8-1-z8-1.avif", "-f", "null", "-"]
[validation] magick ["/tmp/.tmppDFqcs/保存 results/alpha-z8-1.webp", "-auto-orient", "-depth", "8", "RGBA:/tmp/.tmppDFqcs/expected.rgba"]
[validation] magick ["/tmp/.tmppDFqcs/保存 results/alpha-z8-1-z8-1.avif", "-auto-orient", "-depth", "8", "RGBA:/tmp/.tmppDFqcs/actual.rgba"]
[validation] magick ["/tmp/.tmppDFqcs/保存 results/alpha-z8-1.webp", "-auto-orient", "-format", "%w %h", "info:"]
[validation] magick ["/tmp/.tmppDFqcs/保存 results/alpha-z8-1-z8-1.avif", "-auto-orient", "-format", "%w %h", "info:"]
[validation] magick ["/tmp/.tmppDFqcs/保存 results/alpha-z8-1-z8-1.avif", "-auto-orient", "-format", "%w %h", "info:"]
[validation] convert /tmp/.tmppDFqcs/保存 results/alpha-z8-1.avif -> Png
[validation] ffmpeg ["-nostdin", "-v", "error", "-xerror", "-i", "/tmp/.tmppDFqcs/保存 results/alpha-z8-1-z8-2.png", "-f", "null", "-"]
[validation] magick ["/tmp/.tmppDFqcs/保存 results/alpha-z8-1.avif", "-auto-orient", "-depth", "8", "RGBA:/tmp/.tmppDFqcs/expected.rgba"]
[validation] magick ["/tmp/.tmppDFqcs/保存 results/alpha-z8-1-z8-2.png", "-auto-orient", "-depth", "8", "RGBA:/tmp/.tmppDFqcs/actual.rgba"]
[validation] magick ["/tmp/.tmppDFqcs/保存 results/alpha-z8-1.avif", "-auto-orient", "-format", "%w %h", "info:"]
[validation] magick ["/tmp/.tmppDFqcs/保存 results/alpha-z8-1-z8-2.png", "-auto-orient", "-format", "%w %h", "info:"]
[validation] magick ["/tmp/.tmppDFqcs/保存 results/alpha-z8-1-z8-2.png", "-auto-orient", "-format", "%w %h", "info:"]
[validation] convert /tmp/.tmppDFqcs/保存 results/alpha-z8-1.avif -> Jpeg
[validation] ffmpeg ["-nostdin", "-v", "error", "-xerror", "-i", "/tmp/.tmppDFqcs/保存 results/alpha-z8-1-z8-2.jpg", "-f", "null", "-"]
[validation] magick ["/tmp/.tmppDFqcs/保存 results/alpha-z8-1.avif", "-auto-orient", "-background", "white", "-alpha", "remove", "-alpha", "off", "-depth", "8", "RGBA:/tmp/.tmppDFqcs/expected.rgba"]
[validation] magick ["/tmp/.tmppDFqcs/保存 results/alpha-z8-1-z8-2.jpg", "-auto-orient", "-depth", "8", "RGBA:/tmp/.tmppDFqcs/actual.rgba"]
[validation] magick ["/tmp/.tmppDFqcs/保存 results/alpha-z8-1.avif", "-auto-orient", "-format", "%w %h", "info:"]
[validation] magick ["/tmp/.tmppDFqcs/保存 results/alpha-z8-1-z8-2.jpg", "-auto-orient", "-format", "%w %h", "info:"]
[validation] magick ["/tmp/.tmppDFqcs/保存 results/alpha-z8-1-z8-2.jpg", "-auto-orient", "-format", "%w %h", "info:"]
[validation] convert /tmp/.tmppDFqcs/保存 results/alpha-z8-1.avif -> Webp
[validation] ffmpeg ["-nostdin", "-v", "error", "-xerror", "-i", "/tmp/.tmppDFqcs/保存 results/alpha-z8-1-z8-2.webp", "-f", "null", "-"]
[validation] magick ["/tmp/.tmppDFqcs/保存 results/alpha-z8-1.avif", "-auto-orient", "-depth", "8", "RGBA:/tmp/.tmppDFqcs/expected.rgba"]
[validation] magick ["/tmp/.tmppDFqcs/保存 results/alpha-z8-1-z8-2.webp", "-auto-orient", "-depth", "8", "RGBA:/tmp/.tmppDFqcs/actual.rgba"]
[validation] magick ["/tmp/.tmppDFqcs/保存 results/alpha-z8-1.avif", "-auto-orient", "-format", "%w %h", "info:"]
[validation] magick ["/tmp/.tmppDFqcs/保存 results/alpha-z8-1-z8-2.webp", "-auto-orient", "-format", "%w %h", "info:"]
[validation] magick ["/tmp/.tmppDFqcs/保存 results/alpha-z8-1-z8-2.webp", "-auto-orient", "-format", "%w %h", "info:"]
[validation] convert /tmp/.tmppDFqcs/保存 results/alpha-z8-1.avif -> Avif
[validation] ffmpeg ["-nostdin", "-v", "error", "-xerror", "-i", "/tmp/.tmppDFqcs/保存 results/alpha-z8-1-z8-2.avif", "-f", "null", "-"]
[validation] magick ["/tmp/.tmppDFqcs/保存 results/alpha-z8-1.avif", "-auto-orient", "-depth", "8", "RGBA:/tmp/.tmppDFqcs/expected.rgba"]
[validation] magick ["/tmp/.tmppDFqcs/保存 results/alpha-z8-1-z8-2.avif", "-auto-orient", "-depth", "8", "RGBA:/tmp/.tmppDFqcs/actual.rgba"]
[validation] magick ["/tmp/.tmppDFqcs/保存 results/alpha-z8-1.avif", "-auto-orient", "-format", "%w %h", "info:"]
[validation] magick ["/tmp/.tmppDFqcs/保存 results/alpha-z8-1-z8-2.avif", "-auto-orient", "-format", "%w %h", "info:"]
[validation] magick ["/tmp/.tmppDFqcs/保存 results/alpha-z8-1-z8-2.avif", "-auto-orient", "-format", "%w %h", "info:"]
[validation] convert /tmp/.tmppDFqcs/gradient.heic -> Png
[validation] ffmpeg ["-nostdin", "-v", "error", "-xerror", "-i", "/tmp/.tmppDFqcs/保存 results/gradient-z8-1.png", "-f", "null", "-"]
[validation] magick ["/tmp/.tmppDFqcs/gradient.heic", "-auto-orient", "-depth", "8", "RGBA:/tmp/.tmppDFqcs/expected.rgba"]
[validation] magick ["/tmp/.tmppDFqcs/保存 results/gradient-z8-1.png", "-auto-orient", "-depth", "8", "RGBA:/tmp/.tmppDFqcs/actual.rgba"]
[validation] magick ["/tmp/.tmppDFqcs/gradient.heic", "-auto-orient", "-format", "%w %h", "info:"]
[validation] magick ["/tmp/.tmppDFqcs/保存 results/gradient-z8-1.png", "-auto-orient", "-format", "%w %h", "info:"]
[validation] magick ["/tmp/.tmppDFqcs/保存 results/gradient-z8-1.png", "-auto-orient", "-format", "%w %h", "info:"]
[validation] convert /tmp/.tmppDFqcs/gradient.heic -> Jpeg
[validation] ffmpeg ["-nostdin", "-v", "error", "-xerror", "-i", "/tmp/.tmppDFqcs/保存 results/gradient-z8-1.jpg", "-f", "null", "-"]
[validation] magick ["/tmp/.tmppDFqcs/gradient.heic", "-auto-orient", "-background", "white", "-alpha", "remove", "-alpha", "off", "-depth", "8", "RGBA:/tmp/.tmppDFqcs/expected.rgba"]
[validation] magick ["/tmp/.tmppDFqcs/保存 results/gradient-z8-1.jpg", "-auto-orient", "-depth", "8", "RGBA:/tmp/.tmppDFqcs/actual.rgba"]
[validation] magick ["/tmp/.tmppDFqcs/gradient.heic", "-auto-orient", "-format", "%w %h", "info:"]
[validation] magick ["/tmp/.tmppDFqcs/保存 results/gradient-z8-1.jpg", "-auto-orient", "-format", "%w %h", "info:"]
[validation] magick ["/tmp/.tmppDFqcs/保存 results/gradient-z8-1.jpg", "-auto-orient", "-format", "%w %h", "info:"]
[validation] convert /tmp/.tmppDFqcs/gradient.heic -> Webp
[validation] ffmpeg ["-nostdin", "-v", "error", "-xerror", "-i", "/tmp/.tmppDFqcs/保存 results/gradient-z8-1.webp", "-f", "null", "-"]
[validation] magick ["/tmp/.tmppDFqcs/gradient.heic", "-auto-orient", "-depth", "8", "RGBA:/tmp/.tmppDFqcs/expected.rgba"]
[validation] magick ["/tmp/.tmppDFqcs/保存 results/gradient-z8-1.webp", "-auto-orient", "-depth", "8", "RGBA:/tmp/.tmppDFqcs/actual.rgba"]
[validation] magick ["/tmp/.tmppDFqcs/gradient.heic", "-auto-orient", "-format", "%w %h", "info:"]
[validation] magick ["/tmp/.tmppDFqcs/保存 results/gradient-z8-1.webp", "-auto-orient", "-format", "%w %h", "info:"]
[validation] magick ["/tmp/.tmppDFqcs/保存 results/gradient-z8-1.webp", "-auto-orient", "-format", "%w %h", "info:"]
[validation] convert /tmp/.tmppDFqcs/gradient.heic -> Avif
[validation] ffmpeg ["-nostdin", "-v", "error", "-xerror", "-i", "/tmp/.tmppDFqcs/保存 results/gradient-z8-1.avif", "-f", "null", "-"]
[validation] magick ["/tmp/.tmppDFqcs/gradient.heic", "-auto-orient", "-depth", "8", "RGBA:/tmp/.tmppDFqcs/expected.rgba"]
[validation] magick ["/tmp/.tmppDFqcs/保存 results/gradient-z8-1.avif", "-auto-orient", "-depth", "8", "RGBA:/tmp/.tmppDFqcs/actual.rgba"]
[validation] magick ["/tmp/.tmppDFqcs/gradient.heic", "-auto-orient", "-format", "%w %h", "info:"]
[validation] magick ["/tmp/.tmppDFqcs/保存 results/gradient-z8-1.avif", "-auto-orient", "-format", "%w %h", "info:"]
[validation] magick ["/tmp/.tmppDFqcs/保存 results/gradient-z8-1.avif", "-auto-orient", "-format", "%w %h", "info:"]
[validation] convert /tmp/.tmppDFqcs/alias.heif -> Png
[validation] ffmpeg ["-nostdin", "-v", "error", "-xerror", "-i", "/tmp/.tmppDFqcs/保存 results/alias-z8-2.png", "-f", "null", "-"]
[validation] magick ["/tmp/.tmppDFqcs/alias.heif", "-auto-orient", "-depth", "8", "RGBA:/tmp/.tmppDFqcs/expected.rgba"]
[validation] magick ["/tmp/.tmppDFqcs/保存 results/alias-z8-2.png", "-auto-orient", "-depth", "8", "RGBA:/tmp/.tmppDFqcs/actual.rgba"]
[validation] magick ["/tmp/.tmppDFqcs/alias.heif", "-auto-orient", "-format", "%w %h", "info:"]
[validation] magick ["/tmp/.tmppDFqcs/保存 results/alias-z8-2.png", "-auto-orient", "-format", "%w %h", "info:"]
[validation] magick ["/tmp/.tmppDFqcs/保存 results/alias-z8-2.png", "-auto-orient", "-format", "%w %h", "info:"]
[validation] convert /tmp/.tmppDFqcs/alias.heif -> Jpeg
[validation] ffmpeg ["-nostdin", "-v", "error", "-xerror", "-i", "/tmp/.tmppDFqcs/保存 results/alias-z8-2.jpg", "-f", "null", "-"]
[validation] magick ["/tmp/.tmppDFqcs/alias.heif", "-auto-orient", "-background", "white", "-alpha", "remove", "-alpha", "off", "-depth", "8", "RGBA:/tmp/.tmppDFqcs/expected.rgba"]
[validation] magick ["/tmp/.tmppDFqcs/保存 results/alias-z8-2.jpg", "-auto-orient", "-depth", "8", "RGBA:/tmp/.tmppDFqcs/actual.rgba"]
[validation] magick ["/tmp/.tmppDFqcs/alias.heif", "-auto-orient", "-format", "%w %h", "info:"]
[validation] magick ["/tmp/.tmppDFqcs/保存 results/alias-z8-2.jpg", "-auto-orient", "-format", "%w %h", "info:"]
[validation] magick ["/tmp/.tmppDFqcs/保存 results/alias-z8-2.jpg", "-auto-orient", "-format", "%w %h", "info:"]
[validation] convert /tmp/.tmppDFqcs/alias.heif -> Webp
[validation] ffmpeg ["-nostdin", "-v", "error", "-xerror", "-i", "/tmp/.tmppDFqcs/保存 results/alias-z8-2.webp", "-f", "null", "-"]
[validation] magick ["/tmp/.tmppDFqcs/alias.heif", "-auto-orient", "-depth", "8", "RGBA:/tmp/.tmppDFqcs/expected.rgba"]
[validation] magick ["/tmp/.tmppDFqcs/保存 results/alias-z8-2.webp", "-auto-orient", "-depth", "8", "RGBA:/tmp/.tmppDFqcs/actual.rgba"]
[validation] magick ["/tmp/.tmppDFqcs/alias.heif", "-auto-orient", "-format", "%w %h", "info:"]
[validation] magick ["/tmp/.tmppDFqcs/保存 results/alias-z8-2.webp", "-auto-orient", "-format", "%w %h", "info:"]
[validation] magick ["/tmp/.tmppDFqcs/保存 results/alias-z8-2.webp", "-auto-orient", "-format", "%w %h", "info:"]
[validation] convert /tmp/.tmppDFqcs/alias.heif -> Avif
[validation] ffmpeg ["-nostdin", "-v", "error", "-xerror", "-i", "/tmp/.tmppDFqcs/保存 results/alias-z8-2.avif", "-f", "null", "-"]
[validation] magick ["/tmp/.tmppDFqcs/alias.heif", "-auto-orient", "-depth", "8", "RGBA:/tmp/.tmppDFqcs/expected.rgba"]
[validation] magick ["/tmp/.tmppDFqcs/保存 results/alias-z8-2.avif", "-auto-orient", "-depth", "8", "RGBA:/tmp/.tmppDFqcs/actual.rgba"]
[validation] magick ["/tmp/.tmppDFqcs/alias.heif", "-auto-orient", "-format", "%w %h", "info:"]
[validation] magick ["/tmp/.tmppDFqcs/保存 results/alias-z8-2.avif", "-auto-orient", "-format", "%w %h", "info:"]
[validation] magick ["/tmp/.tmppDFqcs/保存 results/alias-z8-2.avif", "-auto-orient", "-format", "%w %h", "info:"]
[validation] convert /tmp/.tmppDFqcs/alias.jpeg -> Png
[validation] ffmpeg ["-nostdin", "-v", "error", "-xerror", "-i", "/tmp/.tmppDFqcs/保存 results/alias-z8-3.png", "-f", "null", "-"]
[validation] magick ["/tmp/.tmppDFqcs/alias.jpeg", "-auto-orient", "-depth", "8", "RGBA:/tmp/.tmppDFqcs/expected.rgba"]
[validation] magick ["/tmp/.tmppDFqcs/保存 results/alias-z8-3.png", "-auto-orient", "-depth", "8", "RGBA:/tmp/.tmppDFqcs/actual.rgba"]
[validation] magick ["/tmp/.tmppDFqcs/alias.jpeg", "-auto-orient", "-format", "%w %h", "info:"]
[validation] magick ["/tmp/.tmppDFqcs/保存 results/alias-z8-3.png", "-auto-orient", "-format", "%w %h", "info:"]
[validation] magick ["/tmp/.tmppDFqcs/保存 results/alias-z8-3.png", "-auto-orient", "-format", "%w %h", "info:"]
[validation] convert /tmp/.tmppDFqcs/alias.jpeg -> Jpeg
[validation] ffmpeg ["-nostdin", "-v", "error", "-xerror", "-i", "/tmp/.tmppDFqcs/保存 results/alias-z8-3.jpg", "-f", "null", "-"]
[validation] magick ["/tmp/.tmppDFqcs/alias.jpeg", "-auto-orient", "-background", "white", "-alpha", "remove", "-alpha", "off", "-depth", "8", "RGBA:/tmp/.tmppDFqcs/expected.rgba"]
[validation] magick ["/tmp/.tmppDFqcs/保存 results/alias-z8-3.jpg", "-auto-orient", "-depth", "8", "RGBA:/tmp/.tmppDFqcs/actual.rgba"]
[validation] magick ["/tmp/.tmppDFqcs/alias.jpeg", "-auto-orient", "-format", "%w %h", "info:"]
[validation] magick ["/tmp/.tmppDFqcs/保存 results/alias-z8-3.jpg", "-auto-orient", "-format", "%w %h", "info:"]
[validation] magick ["/tmp/.tmppDFqcs/保存 results/alias-z8-3.jpg", "-auto-orient", "-format", "%w %h", "info:"]
[validation] convert /tmp/.tmppDFqcs/alias.jpeg -> Webp
[validation] ffmpeg ["-nostdin", "-v", "error", "-xerror", "-i", "/tmp/.tmppDFqcs/保存 results/alias-z8-3.webp", "-f", "null", "-"]
[validation] magick ["/tmp/.tmppDFqcs/alias.jpeg", "-auto-orient", "-depth", "8", "RGBA:/tmp/.tmppDFqcs/expected.rgba"]
[validation] magick ["/tmp/.tmppDFqcs/保存 results/alias-z8-3.webp", "-auto-orient", "-depth", "8", "RGBA:/tmp/.tmppDFqcs/actual.rgba"]
[validation] magick ["/tmp/.tmppDFqcs/alias.jpeg", "-auto-orient", "-format", "%w %h", "info:"]
[validation] magick ["/tmp/.tmppDFqcs/保存 results/alias-z8-3.webp", "-auto-orient", "-format", "%w %h", "info:"]
[validation] magick ["/tmp/.tmppDFqcs/保存 results/alias-z8-3.webp", "-auto-orient", "-format", "%w %h", "info:"]
[validation] convert /tmp/.tmppDFqcs/alias.jpeg -> Avif
[validation] ffmpeg ["-nostdin", "-v", "error", "-xerror", "-i", "/tmp/.tmppDFqcs/保存 results/alias-z8-3.avif", "-f", "null", "-"]
[validation] magick ["/tmp/.tmppDFqcs/alias.jpeg", "-auto-orient", "-depth", "8", "RGBA:/tmp/.tmppDFqcs/expected.rgba"]
[validation] magick ["/tmp/.tmppDFqcs/保存 results/alias-z8-3.avif", "-auto-orient", "-depth", "8", "RGBA:/tmp/.tmppDFqcs/actual.rgba"]
[validation] magick ["/tmp/.tmppDFqcs/alias.jpeg", "-auto-orient", "-format", "%w %h", "info:"]
[validation] magick ["/tmp/.tmppDFqcs/保存 results/alias-z8-3.avif", "-auto-orient", "-format", "%w %h", "info:"]
[validation] magick ["/tmp/.tmppDFqcs/保存 results/alias-z8-3.avif", "-auto-orient", "-format", "%w %h", "info:"]
[validation] magick ["/tmp/.tmppDFqcs/alpha.png", "-depth", "16", "RGBA:/tmp/.tmppDFqcs/before.rgba"]
[validation] magick ["/tmp/.tmppDFqcs/保存 results/alpha-z8-2.png", "-depth", "16", "RGBA:/tmp/.tmppDFqcs/after.rgba"]
[validation] magick ["/tmp/.tmppDFqcs/alpha.png", "-profile", "/tmp/.tmppDFqcs/metadata.xmp", "/tmp/.tmppDFqcs/metadata.png"]
[validation] magick ["identify", "-format", "%[profiles]", "/tmp/.tmppDFqcs/metadata.png"]
[validation] magick ["identify", "-format", "%[profiles]", "/tmp/.tmppDFqcs/保存 results/metadata-z8-1.png"]
[validation] magick ["identify", "-format", "%[profiles]", "/tmp/.tmppDFqcs/保存 results/metadata-z8-2.png"]
[validation] magick ["-size", "256x64", "gradient:black-white", "-depth", "16", "/tmp/.tmppDFqcs/gradient16.png"]
[validation] magick ["/tmp/.tmppDFqcs/gradient16.png", "-depth", "16", "RGBA:/tmp/.tmppDFqcs/depth-before"]
[validation] magick ["/tmp/.tmppDFqcs/保存 results/gradient16-z8-1.png", "-depth", "16", "RGBA:/tmp/.tmppDFqcs/depth-after"]
[validation] magick ["-seed", "42", "-size", "256x256", "plasma:fractal", "-depth", "8", "/tmp/.tmppDFqcs/calibration.png"]
[validation] ffmpeg ["-nostdin", "-v", "error", "-xerror", "-i", "/tmp/.tmppDFqcs/保存 results/calibration-z8-1.avif", "-f", "null", "-"]
[validation] ffmpeg ["-nostdin", "-v", "error", "-xerror", "-i", "/tmp/.tmppDFqcs/保存 results/calibration-z8-2.avif", "-f", "null", "-"]
[validation] ffmpeg ["-nostdin", "-v", "error", "-xerror", "-i", "/tmp/.tmppDFqcs/保存 results/calibration-z8-3.avif", "-f", "null", "-"]
[validation] ffmpeg ["-nostdin", "-v", "error", "-xerror", "-i", "/tmp/.tmppDFqcs/保存 results/calibration-z8-1.webp", "-f", "null", "-"]
[validation] ffmpeg ["-nostdin", "-v", "error", "-xerror", "-i", "/tmp/.tmppDFqcs/保存 results/calibration-z8-2.webp", "-f", "null", "-"]
[validation] ffmpeg ["-nostdin", "-v", "error", "-xerror", "-i", "/tmp/.tmppDFqcs/保存 results/calibration-z8-3.webp", "-f", "null", "-"]
[validation] ffmpeg ["-nostdin", "-v", "error", "-xerror", "-i", "/tmp/.tmppDFqcs/保存 results/calibration-z8-1.jpg", "-f", "null", "-"]
[validation] ffmpeg ["-nostdin", "-v", "error", "-xerror", "-i", "/tmp/.tmppDFqcs/保存 results/calibration-z8-2.jpg", "-f", "null", "-"]
[validation] ffmpeg ["-nostdin", "-v", "error", "-xerror", "-i", "/tmp/.tmppDFqcs/保存 results/calibration-z8-3.jpg", "-f", "null", "-"]
[validation] ffmpeg ["-nostdin", "-v", "error", "-f", "lavfi", "-i", "aevalsrc=0.2*sin(2*PI*440*t)|0.2*sin(2*PI*880*t):s=48000:d=1", "-c:a", "libmp3lame", "/tmp/.tmppDFqcs/source.mp3"]
[validation] ffmpeg ["-nostdin", "-v", "error", "-i", "/tmp/.tmppDFqcs/source.mp3", "-c:a", "libvorbis", "/tmp/.tmppDFqcs/source.ogg"]
[validation] ffmpeg ["-nostdin", "-v", "error", "-f", "lavfi", "-i", "color=c=red:s=16x16:r=10", "-i", "/tmp/.tmppDFqcs/source.mp3", "-t", "0.3", "-c:v", "mpeg4", "-c:a", "aac", "/tmp/.tmppDFqcs/video.mp4"]
[validation] ffmpeg ["-nostdin", "-v", "error", "-f", "lavfi", "-i", "color=c=red:s=16x16:r=10", "-i", "/tmp/.tmppDFqcs/source.mp3", "-t", "0.3", "-c:v", "mpeg4", "-c:a", "aac", "/tmp/.tmppDFqcs/video.mov"]
[validation] ffmpeg ["-nostdin", "-v", "error", "-f", "lavfi", "-i", "color=c=red:s=16x16:r=10", "-i", "/tmp/.tmppDFqcs/source.mp3", "-t", "0.3", "-c:v", "ffv1", "-c:a", "flac", "/tmp/.tmppDFqcs/video.mkv"]
[validation] ffmpeg ["-nostdin", "-v", "error", "-f", "lavfi", "-i", "color=c=red:s=16x16:r=10", "-i", "/tmp/.tmppDFqcs/source.mp3", "-t", "0.3", "-c:v", "libvpx-vp9", "-c:a", "libopus", "/tmp/.tmppDFqcs/video.webm"]
[validation] ffmpeg ["-nostdin", "-v", "error", "-xerror", "-i", "/tmp/.tmppDFqcs/保存 results/source-z8-2.wav", "-f", "null", "-"]
[validation] ffprobe ["-v", "error", "-select_streams", "a:0", "-show_entries", "stream=channels,codec_name:format=duration", "-of", "json", "/tmp/.tmppDFqcs/source.mp3"]
[validation] ffprobe ["-v", "error", "-select_streams", "a:0", "-show_entries", "stream=channels,codec_name:format=duration", "-of", "json", "/tmp/.tmppDFqcs/保存 results/source-z8-2.wav"]
[validation] ffmpeg ["-nostdin", "-v", "error", "-i", "/tmp/.tmppDFqcs/保存 results/source-z8-2.wav", "-map", "0:a:0", "-t", "2", "-ar", "48000", "-ac", "2", "-f", "f32le", "/tmp/.tmp0TwoIB/signal.f32"]
[validation] ffmpeg ["-nostdin", "-v", "error", "-xerror", "-i", "/tmp/.tmppDFqcs/保存 results/source-z8-1.mp3", "-f", "null", "-"]
[validation] ffprobe ["-v", "error", "-select_streams", "a:0", "-show_entries", "stream=channels,codec_name:format=duration", "-of", "json", "/tmp/.tmppDFqcs/source.mp3"]
[validation] ffprobe ["-v", "error", "-select_streams", "a:0", "-show_entries", "stream=channels,codec_name:format=duration", "-of", "json", "/tmp/.tmppDFqcs/保存 results/source-z8-1.mp3"]
[validation] ffmpeg ["-nostdin", "-v", "error", "-i", "/tmp/.tmppDFqcs/保存 results/source-z8-1.mp3", "-map", "0:a:0", "-t", "2", "-ar", "48000", "-ac", "2", "-f", "f32le", "/tmp/.tmpHqP29K/signal.f32"]
[validation] ffmpeg ["-nostdin", "-v", "error", "-xerror", "-i", "/tmp/.tmppDFqcs/保存 results/source-z8-2.flac", "-f", "null", "-"]
[validation] ffprobe ["-v", "error", "-select_streams", "a:0", "-show_entries", "stream=channels,codec_name:format=duration", "-of", "json", "/tmp/.tmppDFqcs/source.mp3"]
[validation] ffprobe ["-v", "error", "-select_streams", "a:0", "-show_entries", "stream=channels,codec_name:format=duration", "-of", "json", "/tmp/.tmppDFqcs/保存 results/source-z8-2.flac"]
[validation] ffmpeg ["-nostdin", "-v", "error", "-i", "/tmp/.tmppDFqcs/保存 results/source-z8-2.flac", "-map", "0:a:0", "-t", "2", "-ar", "48000", "-ac", "2", "-f", "f32le", "/tmp/.tmpfitnG9/signal.f32"]
[validation] ffmpeg ["-nostdin", "-v", "error", "-xerror", "-i", "/tmp/.tmppDFqcs/保存 results/source-z8-2.opus", "-f", "null", "-"]
[validation] ffprobe ["-v", "error", "-select_streams", "a:0", "-show_entries", "stream=channels,codec_name:format=duration", "-of", "json", "/tmp/.tmppDFqcs/source.mp3"]
[validation] ffprobe ["-v", "error", "-select_streams", "a:0", "-show_entries", "stream=channels,codec_name:format=duration", "-of", "json", "/tmp/.tmppDFqcs/保存 results/source-z8-2.opus"]
[validation] ffmpeg ["-nostdin", "-v", "error", "-i", "/tmp/.tmppDFqcs/保存 results/source-z8-2.opus", "-map", "0:a:0", "-t", "2", "-ar", "48000", "-ac", "2", "-f", "f32le", "/tmp/.tmpNAZ2Wi/signal.f32"]
[validation] ffmpeg ["-nostdin", "-v", "error", "-xerror", "-i", "/tmp/.tmppDFqcs/保存 results/source-z8-2.m4a", "-f", "null", "-"]
[validation] ffprobe ["-v", "error", "-select_streams", "a:0", "-show_entries", "stream=channels,codec_name:format=duration", "-of", "json", "/tmp/.tmppDFqcs/source.mp3"]
[validation] ffprobe ["-v", "error", "-select_streams", "a:0", "-show_entries", "stream=channels,codec_name:format=duration", "-of", "json", "/tmp/.tmppDFqcs/保存 results/source-z8-2.m4a"]
[validation] ffmpeg ["-nostdin", "-v", "error", "-i", "/tmp/.tmppDFqcs/保存 results/source-z8-2.m4a", "-map", "0:a:0", "-t", "2", "-ar", "48000", "-ac", "2", "-f", "f32le", "/tmp/.tmpA5JurH/signal.f32"]
[validation] ffmpeg ["-nostdin", "-v", "error", "-xerror", "-i", "/tmp/.tmppDFqcs/保存 results/source-z8-1-z8-1.wav", "-f", "null", "-"]
[validation] ffprobe ["-v", "error", "-select_streams", "a:0", "-show_entries", "stream=channels,codec_name:format=duration", "-of", "json", "/tmp/.tmppDFqcs/保存 results/source-z8-1.wav"]
[validation] ffprobe ["-v", "error", "-select_streams", "a:0", "-show_entries", "stream=channels,codec_name:format=duration", "-of", "json", "/tmp/.tmppDFqcs/保存 results/source-z8-1-z8-1.wav"]
[validation] ffmpeg ["-nostdin", "-v", "error", "-i", "/tmp/.tmppDFqcs/保存 results/source-z8-1-z8-1.wav", "-map", "0:a:0", "-t", "2", "-ar", "48000", "-ac", "2", "-f", "f32le", "/tmp/.tmpdvDetT/signal.f32"]
[validation] ffmpeg ["-nostdin", "-v", "error", "-xerror", "-i", "/tmp/.tmppDFqcs/保存 results/source-z8-1-z8-1.mp3", "-f", "null", "-"]
[validation] ffprobe ["-v", "error", "-select_streams", "a:0", "-show_entries", "stream=channels,codec_name:format=duration", "-of", "json", "/tmp/.tmppDFqcs/保存 results/source-z8-1.wav"]
[validation] ffprobe ["-v", "error", "-select_streams", "a:0", "-show_entries", "stream=channels,codec_name:format=duration", "-of", "json", "/tmp/.tmppDFqcs/保存 results/source-z8-1-z8-1.mp3"]
[validation] ffmpeg ["-nostdin", "-v", "error", "-i", "/tmp/.tmppDFqcs/保存 results/source-z8-1-z8-1.mp3", "-map", "0:a:0", "-t", "2", "-ar", "48000", "-ac", "2", "-f", "f32le", "/tmp/.tmpt9ZIYK/signal.f32"]
[validation] ffmpeg ["-nostdin", "-v", "error", "-xerror", "-i", "/tmp/.tmppDFqcs/保存 results/source-z8-1-z8-1.flac", "-f", "null", "-"]
[validation] ffprobe ["-v", "error", "-select_streams", "a:0", "-show_entries", "stream=channels,codec_name:format=duration", "-of", "json", "/tmp/.tmppDFqcs/保存 results/source-z8-1.wav"]
[validation] ffprobe ["-v", "error", "-select_streams", "a:0", "-show_entries", "stream=channels,codec_name:format=duration", "-of", "json", "/tmp/.tmppDFqcs/保存 results/source-z8-1-z8-1.flac"]
[validation] ffmpeg ["-nostdin", "-v", "error", "-i", "/tmp/.tmppDFqcs/保存 results/source-z8-1-z8-1.flac", "-map", "0:a:0", "-t", "2", "-ar", "48000", "-ac", "2", "-f", "f32le", "/tmp/.tmp60YT5C/signal.f32"]
[validation] ffmpeg ["-nostdin", "-v", "error", "-xerror", "-i", "/tmp/.tmppDFqcs/保存 results/source-z8-1-z8-1.opus", "-f", "null", "-"]
[validation] ffprobe ["-v", "error", "-select_streams", "a:0", "-show_entries", "stream=channels,codec_name:format=duration", "-of", "json", "/tmp/.tmppDFqcs/保存 results/source-z8-1.wav"]
[validation] ffprobe ["-v", "error", "-select_streams", "a:0", "-show_entries", "stream=channels,codec_name:format=duration", "-of", "json", "/tmp/.tmppDFqcs/保存 results/source-z8-1-z8-1.opus"]
[validation] ffmpeg ["-nostdin", "-v", "error", "-i", "/tmp/.tmppDFqcs/保存 results/source-z8-1-z8-1.opus", "-map", "0:a:0", "-t", "2", "-ar", "48000", "-ac", "2", "-f", "f32le", "/tmp/.tmpvzgn9r/signal.f32"]
[validation] ffmpeg ["-nostdin", "-v", "error", "-xerror", "-i", "/tmp/.tmppDFqcs/保存 results/source-z8-1-z8-1.m4a", "-f", "null", "-"]
[validation] ffprobe ["-v", "error", "-select_streams", "a:0", "-show_entries", "stream=channels,codec_name:format=duration", "-of", "json", "/tmp/.tmppDFqcs/保存 results/source-z8-1.wav"]
[validation] ffprobe ["-v", "error", "-select_streams", "a:0", "-show_entries", "stream=channels,codec_name:format=duration", "-of", "json", "/tmp/.tmppDFqcs/保存 results/source-z8-1-z8-1.m4a"]
[validation] ffmpeg ["-nostdin", "-v", "error", "-i", "/tmp/.tmppDFqcs/保存 results/source-z8-1-z8-1.m4a", "-map", "0:a:0", "-t", "2", "-ar", "48000", "-ac", "2", "-f", "f32le", "/tmp/.tmp6hnPkh/signal.f32"]
[validation] ffmpeg ["-nostdin", "-v", "error", "-xerror", "-i", "/tmp/.tmppDFqcs/保存 results/source-z8-1-z8-2.wav", "-f", "null", "-"]
[validation] ffprobe ["-v", "error", "-select_streams", "a:0", "-show_entries", "stream=channels,codec_name:format=duration", "-of", "json", "/tmp/.tmppDFqcs/保存 results/source-z8-1.flac"]
[validation] ffprobe ["-v", "error", "-select_streams", "a:0", "-show_entries", "stream=channels,codec_name:format=duration", "-of", "json", "/tmp/.tmppDFqcs/保存 results/source-z8-1-z8-2.wav"]
[validation] ffmpeg ["-nostdin", "-v", "error", "-i", "/tmp/.tmppDFqcs/保存 results/source-z8-1-z8-2.wav", "-map", "0:a:0", "-t", "2", "-ar", "48000", "-ac", "2", "-f", "f32le", "/tmp/.tmpVh6tQG/signal.f32"]
[validation] ffmpeg ["-nostdin", "-v", "error", "-xerror", "-i", "/tmp/.tmppDFqcs/保存 results/source-z8-1-z8-2.mp3", "-f", "null", "-"]
[validation] ffprobe ["-v", "error", "-select_streams", "a:0", "-show_entries", "stream=channels,codec_name:format=duration", "-of", "json", "/tmp/.tmppDFqcs/保存 results/source-z8-1.flac"]
[validation] ffprobe ["-v", "error", "-select_streams", "a:0", "-show_entries", "stream=channels,codec_name:format=duration", "-of", "json", "/tmp/.tmppDFqcs/保存 results/source-z8-1-z8-2.mp3"]
[validation] ffmpeg ["-nostdin", "-v", "error", "-i", "/tmp/.tmppDFqcs/保存 results/source-z8-1-z8-2.mp3", "-map", "0:a:0", "-t", "2", "-ar", "48000", "-ac", "2", "-f", "f32le", "/tmp/.tmpTncPkO/signal.f32"]
[validation] ffmpeg ["-nostdin", "-v", "error", "-xerror", "-i", "/tmp/.tmppDFqcs/保存 results/source-z8-1-z8-2.flac", "-f", "null", "-"]
[validation] ffprobe ["-v", "error", "-select_streams", "a:0", "-show_entries", "stream=channels,codec_name:format=duration", "-of", "json", "/tmp/.tmppDFqcs/保存 results/source-z8-1.flac"]
[validation] ffprobe ["-v", "error", "-select_streams", "a:0", "-show_entries", "stream=channels,codec_name:format=duration", "-of", "json", "/tmp/.tmppDFqcs/保存 results/source-z8-1-z8-2.flac"]
[validation] ffmpeg ["-nostdin", "-v", "error", "-i", "/tmp/.tmppDFqcs/保存 results/source-z8-1-z8-2.flac", "-map", "0:a:0", "-t", "2", "-ar", "48000", "-ac", "2", "-f", "f32le", "/tmp/.tmpocWlGk/signal.f32"]
[validation] ffmpeg ["-nostdin", "-v", "error", "-xerror", "-i", "/tmp/.tmppDFqcs/保存 results/source-z8-1-z8-2.opus", "-f", "null", "-"]
[validation] ffprobe ["-v", "error", "-select_streams", "a:0", "-show_entries", "stream=channels,codec_name:format=duration", "-of", "json", "/tmp/.tmppDFqcs/保存 results/source-z8-1.flac"]
[validation] ffprobe ["-v", "error", "-select_streams", "a:0", "-show_entries", "stream=channels,codec_name:format=duration", "-of", "json", "/tmp/.tmppDFqcs/保存 results/source-z8-1-z8-2.opus"]
[validation] ffmpeg ["-nostdin", "-v", "error", "-i", "/tmp/.tmppDFqcs/保存 results/source-z8-1-z8-2.opus", "-map", "0:a:0", "-t", "2", "-ar", "48000", "-ac", "2", "-f", "f32le", "/tmp/.tmpI809bA/signal.f32"]
[validation] ffmpeg ["-nostdin", "-v", "error", "-xerror", "-i", "/tmp/.tmppDFqcs/保存 results/source-z8-1-z8-2.m4a", "-f", "null", "-"]
[validation] ffprobe ["-v", "error", "-select_streams", "a:0", "-show_entries", "stream=channels,codec_name:format=duration", "-of", "json", "/tmp/.tmppDFqcs/保存 results/source-z8-1.flac"]
[validation] ffprobe ["-v", "error", "-select_streams", "a:0", "-show_entries", "stream=channels,codec_name:format=duration", "-of", "json", "/tmp/.tmppDFqcs/保存 results/source-z8-1-z8-2.m4a"]
[validation] ffmpeg ["-nostdin", "-v", "error", "-i", "/tmp/.tmppDFqcs/保存 results/source-z8-1-z8-2.m4a", "-map", "0:a:0", "-t", "2", "-ar", "48000", "-ac", "2", "-f", "f32le", "/tmp/.tmpbwLR2O/signal.f32"]
[validation] ffmpeg ["-nostdin", "-v", "error", "-xerror", "-i", "/tmp/.tmppDFqcs/保存 results/source-z8-1-z8-3.wav", "-f", "null", "-"]
[validation] ffprobe ["-v", "error", "-select_streams", "a:0", "-show_entries", "stream=channels,codec_name:format=duration", "-of", "json", "/tmp/.tmppDFqcs/保存 results/source-z8-1.opus"]
[validation] ffprobe ["-v", "error", "-select_streams", "a:0", "-show_entries", "stream=channels,codec_name:format=duration", "-of", "json", "/tmp/.tmppDFqcs/保存 results/source-z8-1-z8-3.wav"]
[validation] ffmpeg ["-nostdin", "-v", "error", "-i", "/tmp/.tmppDFqcs/保存 results/source-z8-1-z8-3.wav", "-map", "0:a:0", "-t", "2", "-ar", "48000", "-ac", "2", "-f", "f32le", "/tmp/.tmpZH0Acj/signal.f32"]
[validation] ffmpeg ["-nostdin", "-v", "error", "-xerror", "-i", "/tmp/.tmppDFqcs/保存 results/source-z8-1-z8-3.mp3", "-f", "null", "-"]
[validation] ffprobe ["-v", "error", "-select_streams", "a:0", "-show_entries", "stream=channels,codec_name:format=duration", "-of", "json", "/tmp/.tmppDFqcs/保存 results/source-z8-1.opus"]
[validation] ffprobe ["-v", "error", "-select_streams", "a:0", "-show_entries", "stream=channels,codec_name:format=duration", "-of", "json", "/tmp/.tmppDFqcs/保存 results/source-z8-1-z8-3.mp3"]
[validation] ffmpeg ["-nostdin", "-v", "error", "-i", "/tmp/.tmppDFqcs/保存 results/source-z8-1-z8-3.mp3", "-map", "0:a:0", "-t", "2", "-ar", "48000", "-ac", "2", "-f", "f32le", "/tmp/.tmpgQ9J0O/signal.f32"]
[validation] ffmpeg ["-nostdin", "-v", "error", "-xerror", "-i", "/tmp/.tmppDFqcs/保存 results/source-z8-1-z8-3.flac", "-f", "null", "-"]
[validation] ffprobe ["-v", "error", "-select_streams", "a:0", "-show_entries", "stream=channels,codec_name:format=duration", "-of", "json", "/tmp/.tmppDFqcs/保存 results/source-z8-1.opus"]
[validation] ffprobe ["-v", "error", "-select_streams", "a:0", "-show_entries", "stream=channels,codec_name:format=duration", "-of", "json", "/tmp/.tmppDFqcs/保存 results/source-z8-1-z8-3.flac"]
[validation] ffmpeg ["-nostdin", "-v", "error", "-i", "/tmp/.tmppDFqcs/保存 results/source-z8-1-z8-3.flac", "-map", "0:a:0", "-t", "2", "-ar", "48000", "-ac", "2", "-f", "f32le", "/tmp/.tmpaNXtLI/signal.f32"]
[validation] ffmpeg ["-nostdin", "-v", "error", "-xerror", "-i", "/tmp/.tmppDFqcs/保存 results/source-z8-1-z8-3.opus", "-f", "null", "-"]
[validation] ffprobe ["-v", "error", "-select_streams", "a:0", "-show_entries", "stream=channels,codec_name:format=duration", "-of", "json", "/tmp/.tmppDFqcs/保存 results/source-z8-1.opus"]
[validation] ffprobe ["-v", "error", "-select_streams", "a:0", "-show_entries", "stream=channels,codec_name:format=duration", "-of", "json", "/tmp/.tmppDFqcs/保存 results/source-z8-1-z8-3.opus"]
[validation] ffmpeg ["-nostdin", "-v", "error", "-i", "/tmp/.tmppDFqcs/保存 results/source-z8-1-z8-3.opus", "-map", "0:a:0", "-t", "2", "-ar", "48000", "-ac", "2", "-f", "f32le", "/tmp/.tmpabOVh5/signal.f32"]
[validation] ffmpeg ["-nostdin", "-v", "error", "-xerror", "-i", "/tmp/.tmppDFqcs/保存 results/source-z8-1-z8-3.m4a", "-f", "null", "-"]
[validation] ffprobe ["-v", "error", "-select_streams", "a:0", "-show_entries", "stream=channels,codec_name:format=duration", "-of", "json", "/tmp/.tmppDFqcs/保存 results/source-z8-1.opus"]
[validation] ffprobe ["-v", "error", "-select_streams", "a:0", "-show_entries", "stream=channels,codec_name:format=duration", "-of", "json", "/tmp/.tmppDFqcs/保存 results/source-z8-1-z8-3.m4a"]
[validation] ffmpeg ["-nostdin", "-v", "error", "-i", "/tmp/.tmppDFqcs/保存 results/source-z8-1-z8-3.m4a", "-map", "0:a:0", "-t", "2", "-ar", "48000", "-ac", "2", "-f", "f32le", "/tmp/.tmpnvIOUd/signal.f32"]
[validation] ffmpeg ["-nostdin", "-v", "error", "-xerror", "-i", "/tmp/.tmppDFqcs/保存 results/source-z8-1-z8-4.wav", "-f", "null", "-"]
[validation] ffprobe ["-v", "error", "-select_streams", "a:0", "-show_entries", "stream=channels,codec_name:format=duration", "-of", "json", "/tmp/.tmppDFqcs/保存 results/source-z8-1.m4a"]
[validation] ffprobe ["-v", "error", "-select_streams", "a:0", "-show_entries", "stream=channels,codec_name:format=duration", "-of", "json", "/tmp/.tmppDFqcs/保存 results/source-z8-1-z8-4.wav"]
[validation] ffmpeg ["-nostdin", "-v", "error", "-i", "/tmp/.tmppDFqcs/保存 results/source-z8-1-z8-4.wav", "-map", "0:a:0", "-t", "2", "-ar", "48000", "-ac", "2", "-f", "f32le", "/tmp/.tmpN55h5G/signal.f32"]
[validation] ffmpeg ["-nostdin", "-v", "error", "-xerror", "-i", "/tmp/.tmppDFqcs/保存 results/source-z8-1-z8-4.mp3", "-f", "null", "-"]
[validation] ffprobe ["-v", "error", "-select_streams", "a:0", "-show_entries", "stream=channels,codec_name:format=duration", "-of", "json", "/tmp/.tmppDFqcs/保存 results/source-z8-1.m4a"]
[validation] ffprobe ["-v", "error", "-select_streams", "a:0", "-show_entries", "stream=channels,codec_name:format=duration", "-of", "json", "/tmp/.tmppDFqcs/保存 results/source-z8-1-z8-4.mp3"]
[validation] ffmpeg ["-nostdin", "-v", "error", "-i", "/tmp/.tmppDFqcs/保存 results/source-z8-1-z8-4.mp3", "-map", "0:a:0", "-t", "2", "-ar", "48000", "-ac", "2", "-f", "f32le", "/tmp/.tmpv0W8Fb/signal.f32"]
[validation] ffmpeg ["-nostdin", "-v", "error", "-xerror", "-i", "/tmp/.tmppDFqcs/保存 results/source-z8-1-z8-4.flac", "-f", "null", "-"]
[validation] ffprobe ["-v", "error", "-select_streams", "a:0", "-show_entries", "stream=channels,codec_name:format=duration", "-of", "json", "/tmp/.tmppDFqcs/保存 results/source-z8-1.m4a"]
[validation] ffprobe ["-v", "error", "-select_streams", "a:0", "-show_entries", "stream=channels,codec_name:format=duration", "-of", "json", "/tmp/.tmppDFqcs/保存 results/source-z8-1-z8-4.flac"]
[validation] ffmpeg ["-nostdin", "-v", "error", "-i", "/tmp/.tmppDFqcs/保存 results/source-z8-1-z8-4.flac", "-map", "0:a:0", "-t", "2", "-ar", "48000", "-ac", "2", "-f", "f32le", "/tmp/.tmpnWNn6L/signal.f32"]
[validation] ffmpeg ["-nostdin", "-v", "error", "-xerror", "-i", "/tmp/.tmppDFqcs/保存 results/source-z8-1-z8-4.opus", "-f", "null", "-"]
[validation] ffprobe ["-v", "error", "-select_streams", "a:0", "-show_entries", "stream=channels,codec_name:format=duration", "-of", "json", "/tmp/.tmppDFqcs/保存 results/source-z8-1.m4a"]
[validation] ffprobe ["-v", "error", "-select_streams", "a:0", "-show_entries", "stream=channels,codec_name:format=duration", "-of", "json", "/tmp/.tmppDFqcs/保存 results/source-z8-1-z8-4.opus"]
[validation] ffmpeg ["-nostdin", "-v", "error", "-i", "/tmp/.tmppDFqcs/保存 results/source-z8-1-z8-4.opus", "-map", "0:a:0", "-t", "2", "-ar", "48000", "-ac", "2", "-f", "f32le", "/tmp/.tmp3xaSAj/signal.f32"]
[validation] ffmpeg ["-nostdin", "-v", "error", "-xerror", "-i", "/tmp/.tmppDFqcs/保存 results/source-z8-1-z8-4.m4a", "-f", "null", "-"]
[validation] ffprobe ["-v", "error", "-select_streams", "a:0", "-show_entries", "stream=channels,codec_name:format=duration", "-of", "json", "/tmp/.tmppDFqcs/保存 results/source-z8-1.m4a"]
[validation] ffprobe ["-v", "error", "-select_streams", "a:0", "-show_entries", "stream=channels,codec_name:format=duration", "-of", "json", "/tmp/.tmppDFqcs/保存 results/source-z8-1-z8-4.m4a"]
[validation] ffmpeg ["-nostdin", "-v", "error", "-i", "/tmp/.tmppDFqcs/保存 results/source-z8-1-z8-4.m4a", "-map", "0:a:0", "-t", "2", "-ar", "48000", "-ac", "2", "-f", "f32le", "/tmp/.tmpwAcnOd/signal.f32"]
[validation] ffmpeg ["-nostdin", "-v", "error", "-xerror", "-i", "/tmp/.tmppDFqcs/保存 results/source-z8-3.wav", "-f", "null", "-"]
[validation] ffprobe ["-v", "error", "-select_streams", "a:0", "-show_entries", "stream=channels,codec_name:format=duration", "-of", "json", "/tmp/.tmppDFqcs/source.ogg"]
[validation] ffprobe ["-v", "error", "-select_streams", "a:0", "-show_entries", "stream=channels,codec_name:format=duration", "-of", "json", "/tmp/.tmppDFqcs/保存 results/source-z8-3.wav"]
[validation] ffmpeg ["-nostdin", "-v", "error", "-i", "/tmp/.tmppDFqcs/保存 results/source-z8-3.wav", "-map", "0:a:0", "-t", "2", "-ar", "48000", "-ac", "2", "-f", "f32le", "/tmp/.tmp7jS3aT/signal.f32"]
[validation] ffmpeg ["-nostdin", "-v", "error", "-xerror", "-i", "/tmp/.tmppDFqcs/保存 results/source-z8-2.mp3", "-f", "null", "-"]
[validation] ffprobe ["-v", "error", "-select_streams", "a:0", "-show_entries", "stream=channels,codec_name:format=duration", "-of", "json", "/tmp/.tmppDFqcs/source.ogg"]
[validation] ffprobe ["-v", "error", "-select_streams", "a:0", "-show_entries", "stream=channels,codec_name:format=duration", "-of", "json", "/tmp/.tmppDFqcs/保存 results/source-z8-2.mp3"]
[validation] ffmpeg ["-nostdin", "-v", "error", "-i", "/tmp/.tmppDFqcs/保存 results/source-z8-2.mp3", "-map", "0:a:0", "-t", "2", "-ar", "48000", "-ac", "2", "-f", "f32le", "/tmp/.tmpi9PXix/signal.f32"]
[validation] ffmpeg ["-nostdin", "-v", "error", "-xerror", "-i", "/tmp/.tmppDFqcs/保存 results/source-z8-3.flac", "-f", "null", "-"]
[validation] ffprobe ["-v", "error", "-select_streams", "a:0", "-show_entries", "stream=channels,codec_name:format=duration", "-of", "json", "/tmp/.tmppDFqcs/source.ogg"]
[validation] ffprobe ["-v", "error", "-select_streams", "a:0", "-show_entries", "stream=channels,codec_name:format=duration", "-of", "json", "/tmp/.tmppDFqcs/保存 results/source-z8-3.flac"]
[validation] ffmpeg ["-nostdin", "-v", "error", "-i", "/tmp/.tmppDFqcs/保存 results/source-z8-3.flac", "-map", "0:a:0", "-t", "2", "-ar", "48000", "-ac", "2", "-f", "f32le", "/tmp/.tmpnwateU/signal.f32"]
[validation] ffmpeg ["-nostdin", "-v", "error", "-xerror", "-i", "/tmp/.tmppDFqcs/保存 results/source-z8-3.opus", "-f", "null", "-"]
[validation] ffprobe ["-v", "error", "-select_streams", "a:0", "-show_entries", "stream=channels,codec_name:format=duration", "-of", "json", "/tmp/.tmppDFqcs/source.ogg"]
[validation] ffprobe ["-v", "error", "-select_streams", "a:0", "-show_entries", "stream=channels,codec_name:format=duration", "-of", "json", "/tmp/.tmppDFqcs/保存 results/source-z8-3.opus"]
[validation] ffmpeg ["-nostdin", "-v", "error", "-i", "/tmp/.tmppDFqcs/保存 results/source-z8-3.opus", "-map", "0:a:0", "-t", "2", "-ar", "48000", "-ac", "2", "-f", "f32le", "/tmp/.tmpEV3Ylf/signal.f32"]
[validation] ffmpeg ["-nostdin", "-v", "error", "-xerror", "-i", "/tmp/.tmppDFqcs/保存 results/source-z8-3.m4a", "-f", "null", "-"]
[validation] ffprobe ["-v", "error", "-select_streams", "a:0", "-show_entries", "stream=channels,codec_name:format=duration", "-of", "json", "/tmp/.tmppDFqcs/source.ogg"]
[validation] ffprobe ["-v", "error", "-select_streams", "a:0", "-show_entries", "stream=channels,codec_name:format=duration", "-of", "json", "/tmp/.tmppDFqcs/保存 results/source-z8-3.m4a"]
[validation] ffmpeg ["-nostdin", "-v", "error", "-i", "/tmp/.tmppDFqcs/保存 results/source-z8-3.m4a", "-map", "0:a:0", "-t", "2", "-ar", "48000", "-ac", "2", "-f", "f32le", "/tmp/.tmpAcBpAQ/signal.f32"]
[validation] ffmpeg ["-nostdin", "-v", "error", "-xerror", "-i", "/tmp/.tmppDFqcs/保存 results/video-z8-1.wav", "-f", "null", "-"]
[validation] ffprobe ["-v", "error", "-select_streams", "a:0", "-show_entries", "stream=channels,codec_name:format=duration", "-of", "json", "/tmp/.tmppDFqcs/video.mp4"]
[validation] ffprobe ["-v", "error", "-select_streams", "a:0", "-show_entries", "stream=channels,codec_name:format=duration", "-of", "json", "/tmp/.tmppDFqcs/保存 results/video-z8-1.wav"]
[validation] ffmpeg ["-nostdin", "-v", "error", "-i", "/tmp/.tmppDFqcs/保存 results/video-z8-1.wav", "-map", "0:a:0", "-t", "2", "-ar", "48000", "-ac", "2", "-f", "f32le", "/tmp/.tmpUkxyGe/signal.f32"]
[validation] ffmpeg ["-nostdin", "-v", "error", "-xerror", "-i", "/tmp/.tmppDFqcs/保存 results/video-z8-1.mp3", "-f", "null", "-"]
[validation] ffprobe ["-v", "error", "-select_streams", "a:0", "-show_entries", "stream=channels,codec_name:format=duration", "-of", "json", "/tmp/.tmppDFqcs/video.mp4"]
[validation] ffprobe ["-v", "error", "-select_streams", "a:0", "-show_entries", "stream=channels,codec_name:format=duration", "-of", "json", "/tmp/.tmppDFqcs/保存 results/video-z8-1.mp3"]
[validation] ffmpeg ["-nostdin", "-v", "error", "-i", "/tmp/.tmppDFqcs/保存 results/video-z8-1.mp3", "-map", "0:a:0", "-t", "2", "-ar", "48000", "-ac", "2", "-f", "f32le", "/tmp/.tmpJjwc2D/signal.f32"]
[validation] ffmpeg ["-nostdin", "-v", "error", "-xerror", "-i", "/tmp/.tmppDFqcs/保存 results/video-z8-1.flac", "-f", "null", "-"]
[validation] ffprobe ["-v", "error", "-select_streams", "a:0", "-show_entries", "stream=channels,codec_name:format=duration", "-of", "json", "/tmp/.tmppDFqcs/video.mp4"]
[validation] ffprobe ["-v", "error", "-select_streams", "a:0", "-show_entries", "stream=channels,codec_name:format=duration", "-of", "json", "/tmp/.tmppDFqcs/保存 results/video-z8-1.flac"]
[validation] ffmpeg ["-nostdin", "-v", "error", "-i", "/tmp/.tmppDFqcs/保存 results/video-z8-1.flac", "-map", "0:a:0", "-t", "2", "-ar", "48000", "-ac", "2", "-f", "f32le", "/tmp/.tmpAFOk42/signal.f32"]
[validation] ffmpeg ["-nostdin", "-v", "error", "-xerror", "-i", "/tmp/.tmppDFqcs/保存 results/video-z8-1.opus", "-f", "null", "-"]
[validation] ffprobe ["-v", "error", "-select_streams", "a:0", "-show_entries", "stream=channels,codec_name:format=duration", "-of", "json", "/tmp/.tmppDFqcs/video.mp4"]
[validation] ffprobe ["-v", "error", "-select_streams", "a:0", "-show_entries", "stream=channels,codec_name:format=duration", "-of", "json", "/tmp/.tmppDFqcs/保存 results/video-z8-1.opus"]
[validation] ffmpeg ["-nostdin", "-v", "error", "-i", "/tmp/.tmppDFqcs/保存 results/video-z8-1.opus", "-map", "0:a:0", "-t", "2", "-ar", "48000", "-ac", "2", "-f", "f32le", "/tmp/.tmpoFzQdY/signal.f32"]
[validation] ffmpeg ["-nostdin", "-v", "error", "-xerror", "-i", "/tmp/.tmppDFqcs/保存 results/video-z8-1.m4a", "-f", "null", "-"]
[validation] ffprobe ["-v", "error", "-select_streams", "a:0", "-show_entries", "stream=channels,codec_name:format=duration", "-of", "json", "/tmp/.tmppDFqcs/video.mp4"]
[validation] ffprobe ["-v", "error", "-select_streams", "a:0", "-show_entries", "stream=channels,codec_name:format=duration", "-of", "json", "/tmp/.tmppDFqcs/保存 results/video-z8-1.m4a"]
[validation] ffmpeg ["-nostdin", "-v", "error", "-i", "/tmp/.tmppDFqcs/保存 results/video-z8-1.m4a", "-map", "0:a:0", "-t", "2", "-ar", "48000", "-ac", "2", "-f", "f32le", "/tmp/.tmpDt4hQf/signal.f32"]
[validation] ffmpeg ["-nostdin", "-v", "error", "-xerror", "-i", "/tmp/.tmppDFqcs/保存 results/video-z8-2.wav", "-f", "null", "-"]
[validation] ffprobe ["-v", "error", "-select_streams", "a:0", "-show_entries", "stream=channels,codec_name:format=duration", "-of", "json", "/tmp/.tmppDFqcs/video.mov"]
[validation] ffprobe ["-v", "error", "-select_streams", "a:0", "-show_entries", "stream=channels,codec_name:format=duration", "-of", "json", "/tmp/.tmppDFqcs/保存 results/video-z8-2.wav"]
[validation] ffmpeg ["-nostdin", "-v", "error", "-i", "/tmp/.tmppDFqcs/保存 results/video-z8-2.wav", "-map", "0:a:0", "-t", "2", "-ar", "48000", "-ac", "2", "-f", "f32le", "/tmp/.tmp1rF5l2/signal.f32"]
[validation] ffmpeg ["-nostdin", "-v", "error", "-xerror", "-i", "/tmp/.tmppDFqcs/保存 results/video-z8-2.mp3", "-f", "null", "-"]
[validation] ffprobe ["-v", "error", "-select_streams", "a:0", "-show_entries", "stream=channels,codec_name:format=duration", "-of", "json", "/tmp/.tmppDFqcs/video.mov"]
[validation] ffprobe ["-v", "error", "-select_streams", "a:0", "-show_entries", "stream=channels,codec_name:format=duration", "-of", "json", "/tmp/.tmppDFqcs/保存 results/video-z8-2.mp3"]
[validation] ffmpeg ["-nostdin", "-v", "error", "-i", "/tmp/.tmppDFqcs/保存 results/video-z8-2.mp3", "-map", "0:a:0", "-t", "2", "-ar", "48000", "-ac", "2", "-f", "f32le", "/tmp/.tmpO6yV3t/signal.f32"]
[validation] ffmpeg ["-nostdin", "-v", "error", "-xerror", "-i", "/tmp/.tmppDFqcs/保存 results/video-z8-2.flac", "-f", "null", "-"]
[validation] ffprobe ["-v", "error", "-select_streams", "a:0", "-show_entries", "stream=channels,codec_name:format=duration", "-of", "json", "/tmp/.tmppDFqcs/video.mov"]
[validation] ffprobe ["-v", "error", "-select_streams", "a:0", "-show_entries", "stream=channels,codec_name:format=duration", "-of", "json", "/tmp/.tmppDFqcs/保存 results/video-z8-2.flac"]
[validation] ffmpeg ["-nostdin", "-v", "error", "-i", "/tmp/.tmppDFqcs/保存 results/video-z8-2.flac", "-map", "0:a:0", "-t", "2", "-ar", "48000", "-ac", "2", "-f", "f32le", "/tmp/.tmppkNjee/signal.f32"]
[validation] ffmpeg ["-nostdin", "-v", "error", "-xerror", "-i", "/tmp/.tmppDFqcs/保存 results/video-z8-2.opus", "-f", "null", "-"]
[validation] ffprobe ["-v", "error", "-select_streams", "a:0", "-show_entries", "stream=channels,codec_name:format=duration", "-of", "json", "/tmp/.tmppDFqcs/video.mov"]
[validation] ffprobe ["-v", "error", "-select_streams", "a:0", "-show_entries", "stream=channels,codec_name:format=duration", "-of", "json", "/tmp/.tmppDFqcs/保存 results/video-z8-2.opus"]
[validation] ffmpeg ["-nostdin", "-v", "error", "-i", "/tmp/.tmppDFqcs/保存 results/video-z8-2.opus", "-map", "0:a:0", "-t", "2", "-ar", "48000", "-ac", "2", "-f", "f32le", "/tmp/.tmphlwBnW/signal.f32"]
[validation] ffmpeg ["-nostdin", "-v", "error", "-xerror", "-i", "/tmp/.tmppDFqcs/保存 results/video-z8-2.m4a", "-f", "null", "-"]
[validation] ffprobe ["-v", "error", "-select_streams", "a:0", "-show_entries", "stream=channels,codec_name:format=duration", "-of", "json", "/tmp/.tmppDFqcs/video.mov"]
[validation] ffprobe ["-v", "error", "-select_streams", "a:0", "-show_entries", "stream=channels,codec_name:format=duration", "-of", "json", "/tmp/.tmppDFqcs/保存 results/video-z8-2.m4a"]
[validation] ffmpeg ["-nostdin", "-v", "error", "-i", "/tmp/.tmppDFqcs/保存 results/video-z8-2.m4a", "-map", "0:a:0", "-t", "2", "-ar", "48000", "-ac", "2", "-f", "f32le", "/tmp/.tmpwsbKKv/signal.f32"]
[validation] ffmpeg ["-nostdin", "-v", "error", "-xerror", "-i", "/tmp/.tmppDFqcs/保存 results/video-z8-3.wav", "-f", "null", "-"]
[validation] ffprobe ["-v", "error", "-select_streams", "a:0", "-show_entries", "stream=channels,codec_name:format=duration", "-of", "json", "/tmp/.tmppDFqcs/video.mkv"]
[validation] ffprobe ["-v", "error", "-select_streams", "a:0", "-show_entries", "stream=channels,codec_name:format=duration", "-of", "json", "/tmp/.tmppDFqcs/保存 results/video-z8-3.wav"]
[validation] ffmpeg ["-nostdin", "-v", "error", "-i", "/tmp/.tmppDFqcs/保存 results/video-z8-3.wav", "-map", "0:a:0", "-t", "2", "-ar", "48000", "-ac", "2", "-f", "f32le", "/tmp/.tmp0iDU8g/signal.f32"]
[validation] ffmpeg ["-nostdin", "-v", "error", "-xerror", "-i", "/tmp/.tmppDFqcs/保存 results/video-z8-3.mp3", "-f", "null", "-"]
[validation] ffprobe ["-v", "error", "-select_streams", "a:0", "-show_entries", "stream=channels,codec_name:format=duration", "-of", "json", "/tmp/.tmppDFqcs/video.mkv"]
[validation] ffprobe ["-v", "error", "-select_streams", "a:0", "-show_entries", "stream=channels,codec_name:format=duration", "-of", "json", "/tmp/.tmppDFqcs/保存 results/video-z8-3.mp3"]
[validation] ffmpeg ["-nostdin", "-v", "error", "-i", "/tmp/.tmppDFqcs/保存 results/video-z8-3.mp3", "-map", "0:a:0", "-t", "2", "-ar", "48000", "-ac", "2", "-f", "f32le", "/tmp/.tmponpBsI/signal.f32"]
[validation] ffmpeg ["-nostdin", "-v", "error", "-xerror", "-i", "/tmp/.tmppDFqcs/保存 results/video-z8-3.flac", "-f", "null", "-"]
[validation] ffprobe ["-v", "error", "-select_streams", "a:0", "-show_entries", "stream=channels,codec_name:format=duration", "-of", "json", "/tmp/.tmppDFqcs/video.mkv"]
[validation] ffprobe ["-v", "error", "-select_streams", "a:0", "-show_entries", "stream=channels,codec_name:format=duration", "-of", "json", "/tmp/.tmppDFqcs/保存 results/video-z8-3.flac"]
[validation] ffmpeg ["-nostdin", "-v", "error", "-i", "/tmp/.tmppDFqcs/保存 results/video-z8-3.flac", "-map", "0:a:0", "-t", "2", "-ar", "48000", "-ac", "2", "-f", "f32le", "/tmp/.tmpGnosqo/signal.f32"]
[validation] ffmpeg ["-nostdin", "-v", "error", "-xerror", "-i", "/tmp/.tmppDFqcs/保存 results/video-z8-3.opus", "-f", "null", "-"]
[validation] ffprobe ["-v", "error", "-select_streams", "a:0", "-show_entries", "stream=channels,codec_name:format=duration", "-of", "json", "/tmp/.tmppDFqcs/video.mkv"]
[validation] ffprobe ["-v", "error", "-select_streams", "a:0", "-show_entries", "stream=channels,codec_name:format=duration", "-of", "json", "/tmp/.tmppDFqcs/保存 results/video-z8-3.opus"]
[validation] ffmpeg ["-nostdin", "-v", "error", "-i", "/tmp/.tmppDFqcs/保存 results/video-z8-3.opus", "-map", "0:a:0", "-t", "2", "-ar", "48000", "-ac", "2", "-f", "f32le", "/tmp/.tmpB6WYMb/signal.f32"]
[validation] ffmpeg ["-nostdin", "-v", "error", "-xerror", "-i", "/tmp/.tmppDFqcs/保存 results/video-z8-3.m4a", "-f", "null", "-"]
[validation] ffprobe ["-v", "error", "-select_streams", "a:0", "-show_entries", "stream=channels,codec_name:format=duration", "-of", "json", "/tmp/.tmppDFqcs/video.mkv"]
[validation] ffprobe ["-v", "error", "-select_streams", "a:0", "-show_entries", "stream=channels,codec_name:format=duration", "-of", "json", "/tmp/.tmppDFqcs/保存 results/video-z8-3.m4a"]
[validation] ffmpeg ["-nostdin", "-v", "error", "-i", "/tmp/.tmppDFqcs/保存 results/video-z8-3.m4a", "-map", "0:a:0", "-t", "2", "-ar", "48000", "-ac", "2", "-f", "f32le", "/tmp/.tmpYfyBZo/signal.f32"]
[validation] ffmpeg ["-nostdin", "-v", "error", "-xerror", "-i", "/tmp/.tmppDFqcs/保存 results/video-z8-4.wav", "-f", "null", "-"]
[validation] ffprobe ["-v", "error", "-select_streams", "a:0", "-show_entries", "stream=channels,codec_name:format=duration", "-of", "json", "/tmp/.tmppDFqcs/video.webm"]
[validation] ffprobe ["-v", "error", "-select_streams", "a:0", "-show_entries", "stream=channels,codec_name:format=duration", "-of", "json", "/tmp/.tmppDFqcs/保存 results/video-z8-4.wav"]
[validation] ffmpeg ["-nostdin", "-v", "error", "-i", "/tmp/.tmppDFqcs/保存 results/video-z8-4.wav", "-map", "0:a:0", "-t", "2", "-ar", "48000", "-ac", "2", "-f", "f32le", "/tmp/.tmpnuVgtP/signal.f32"]
[validation] ffmpeg ["-nostdin", "-v", "error", "-xerror", "-i", "/tmp/.tmppDFqcs/保存 results/video-z8-4.mp3", "-f", "null", "-"]
[validation] ffprobe ["-v", "error", "-select_streams", "a:0", "-show_entries", "stream=channels,codec_name:format=duration", "-of", "json", "/tmp/.tmppDFqcs/video.webm"]
[validation] ffprobe ["-v", "error", "-select_streams", "a:0", "-show_entries", "stream=channels,codec_name:format=duration", "-of", "json", "/tmp/.tmppDFqcs/保存 results/video-z8-4.mp3"]
[validation] ffmpeg ["-nostdin", "-v", "error", "-i", "/tmp/.tmppDFqcs/保存 results/video-z8-4.mp3", "-map", "0:a:0", "-t", "2", "-ar", "48000", "-ac", "2", "-f", "f32le", "/tmp/.tmp39jCJi/signal.f32"]
[validation] ffmpeg ["-nostdin", "-v", "error", "-xerror", "-i", "/tmp/.tmppDFqcs/保存 results/video-z8-4.flac", "-f", "null", "-"]
[validation] ffprobe ["-v", "error", "-select_streams", "a:0", "-show_entries", "stream=channels,codec_name:format=duration", "-of", "json", "/tmp/.tmppDFqcs/video.webm"]
[validation] ffprobe ["-v", "error", "-select_streams", "a:0", "-show_entries", "stream=channels,codec_name:format=duration", "-of", "json", "/tmp/.tmppDFqcs/保存 results/video-z8-4.flac"]
[validation] ffmpeg ["-nostdin", "-v", "error", "-i", "/tmp/.tmppDFqcs/保存 results/video-z8-4.flac", "-map", "0:a:0", "-t", "2", "-ar", "48000", "-ac", "2", "-f", "f32le", "/tmp/.tmpLF7wIp/signal.f32"]
[validation] ffmpeg ["-nostdin", "-v", "error", "-xerror", "-i", "/tmp/.tmppDFqcs/保存 results/video-z8-4.opus", "-f", "null", "-"]
[validation] ffprobe ["-v", "error", "-select_streams", "a:0", "-show_entries", "stream=channels,codec_name:format=duration", "-of", "json", "/tmp/.tmppDFqcs/video.webm"]
[validation] ffprobe ["-v", "error", "-select_streams", "a:0", "-show_entries", "stream=channels,codec_name:format=duration", "-of", "json", "/tmp/.tmppDFqcs/保存 results/video-z8-4.opus"]
[validation] ffmpeg ["-nostdin", "-v", "error", "-i", "/tmp/.tmppDFqcs/保存 results/video-z8-4.opus", "-map", "0:a:0", "-t", "2", "-ar", "48000", "-ac", "2", "-f", "f32le", "/tmp/.tmpZunk4g/signal.f32"]
[validation] ffmpeg ["-nostdin", "-v", "error", "-xerror", "-i", "/tmp/.tmppDFqcs/保存 results/video-z8-4.m4a", "-f", "null", "-"]
[validation] ffprobe ["-v", "error", "-select_streams", "a:0", "-show_entries", "stream=channels,codec_name:format=duration", "-of", "json", "/tmp/.tmppDFqcs/video.webm"]
[validation] ffprobe ["-v", "error", "-select_streams", "a:0", "-show_entries", "stream=channels,codec_name:format=duration", "-of", "json", "/tmp/.tmppDFqcs/保存 results/video-z8-4.m4a"]
[validation] ffmpeg ["-nostdin", "-v", "error", "-i", "/tmp/.tmppDFqcs/保存 results/video-z8-4.m4a", "-map", "0:a:0", "-t", "2", "-ar", "48000", "-ac", "2", "-f", "f32le", "/tmp/.tmp1FXcUe/signal.f32"]
[validation] ffmpeg ["-nostdin", "-v", "error", "-xerror", "-i", "/tmp/.tmppDFqcs/保存 results/三页 [0]-page-001-z8-1.png", "-f", "null", "-"]
[validation] magick ["identify", "-format", "%w %h", "/tmp/.tmppDFqcs/保存 results/三页 [0]-page-001-z8-1.png"]
[validation] magick ["/tmp/.tmppDFqcs/保存 results/三页 [0]-page-001-z8-1.png", "-auto-orient", "-depth", "8", "RGBA:/tmp/.tmppDFqcs/pdf-font.rgba"]
[validation] ffmpeg ["-nostdin", "-v", "error", "-xerror", "-i", "/tmp/.tmppDFqcs/保存 results/三页 [0]-page-002-z8-1.png", "-f", "null", "-"]
[validation] magick ["identify", "-format", "%w %h", "/tmp/.tmppDFqcs/保存 results/三页 [0]-page-002-z8-1.png"]
[validation] magick ["/tmp/.tmppDFqcs/保存 results/三页 [0]-page-002-z8-1.png", "-auto-orient", "-depth", "8", "RGBA:/tmp/.tmppDFqcs/pdf-font.rgba"]
[validation] ffmpeg ["-nostdin", "-v", "error", "-xerror", "-i", "/tmp/.tmppDFqcs/保存 results/三页 [0]-page-003-z8-1.png", "-f", "null", "-"]
[validation] magick ["identify", "-format", "%w %h", "/tmp/.tmppDFqcs/保存 results/三页 [0]-page-003-z8-1.png"]
[validation] magick ["/tmp/.tmppDFqcs/保存 results/三页 [0]-page-003-z8-1.png", "-auto-orient", "-depth", "8", "RGBA:/tmp/.tmppDFqcs/pdf-font.rgba"]
[validation] ffmpeg ["-nostdin", "-v", "error", "-xerror", "-i", "/tmp/.tmppDFqcs/保存 results/三页 [0]-page-001-z8-1.jpg", "-f", "null", "-"]
[validation] magick ["identify", "-format", "%w %h", "/tmp/.tmppDFqcs/保存 results/三页 [0]-page-001-z8-1.jpg"]
[validation] magick ["/tmp/.tmppDFqcs/保存 results/三页 [0]-page-001-z8-1.jpg", "-auto-orient", "-depth", "8", "RGBA:/tmp/.tmppDFqcs/pdf-font.rgba"]
[validation] ffmpeg ["-nostdin", "-v", "error", "-xerror", "-i", "/tmp/.tmppDFqcs/保存 results/三页 [0]-page-002-z8-1.jpg", "-f", "null", "-"]
[validation] magick ["identify", "-format", "%w %h", "/tmp/.tmppDFqcs/保存 results/三页 [0]-page-002-z8-1.jpg"]
[validation] magick ["/tmp/.tmppDFqcs/保存 results/三页 [0]-page-002-z8-1.jpg", "-auto-orient", "-depth", "8", "RGBA:/tmp/.tmppDFqcs/pdf-font.rgba"]
[validation] ffmpeg ["-nostdin", "-v", "error", "-xerror", "-i", "/tmp/.tmppDFqcs/保存 results/三页 [0]-page-003-z8-1.jpg", "-f", "null", "-"]
[validation] magick ["identify", "-format", "%w %h", "/tmp/.tmppDFqcs/保存 results/三页 [0]-page-003-z8-1.jpg"]
[validation] magick ["/tmp/.tmppDFqcs/保存 results/三页 [0]-page-003-z8-1.jpg", "-auto-orient", "-depth", "8", "RGBA:/tmp/.tmppDFqcs/pdf-font.rgba"]
[validation] ffmpeg ["-nostdin", "-v", "error", "-xerror", "-i", "/tmp/.tmppDFqcs/保存 results/三页 [0]-page-001-z8-1.webp", "-f", "null", "-"]
[validation] magick ["identify", "-format", "%w %h", "/tmp/.tmppDFqcs/保存 results/三页 [0]-page-001-z8-1.webp"]
[validation] magick ["/tmp/.tmppDFqcs/保存 results/三页 [0]-page-001-z8-1.webp", "-auto-orient", "-depth", "8", "RGBA:/tmp/.tmppDFqcs/pdf-font.rgba"]
[validation] ffmpeg ["-nostdin", "-v", "error", "-xerror", "-i", "/tmp/.tmppDFqcs/保存 results/三页 [0]-page-002-z8-1.webp", "-f", "null", "-"]
[validation] magick ["identify", "-format", "%w %h", "/tmp/.tmppDFqcs/保存 results/三页 [0]-page-002-z8-1.webp"]
[validation] magick ["/tmp/.tmppDFqcs/保存 results/三页 [0]-page-002-z8-1.webp", "-auto-orient", "-depth", "8", "RGBA:/tmp/.tmppDFqcs/pdf-font.rgba"]
[validation] ffmpeg ["-nostdin", "-v", "error", "-xerror", "-i", "/tmp/.tmppDFqcs/保存 results/三页 [0]-page-003-z8-1.webp", "-f", "null", "-"]
[validation] magick ["identify", "-format", "%w %h", "/tmp/.tmppDFqcs/保存 results/三页 [0]-page-003-z8-1.webp"]
[validation] magick ["/tmp/.tmppDFqcs/保存 results/三页 [0]-page-003-z8-1.webp", "-auto-orient", "-depth", "8", "RGBA:/tmp/.tmppDFqcs/pdf-font.rgba"]
[validation] ffmpeg ["-nostdin", "-v", "error", "-xerror", "-i", "/tmp/.tmppDFqcs/保存 results/三页 [0]-page-001-z8-1.avif", "-f", "null", "-"]
[validation] magick ["identify", "-format", "%w %h", "/tmp/.tmppDFqcs/保存 results/三页 [0]-page-001-z8-1.avif"]
[validation] magick ["/tmp/.tmppDFqcs/保存 results/三页 [0]-page-001-z8-1.avif", "-auto-orient", "-depth", "8", "RGBA:/tmp/.tmppDFqcs/pdf-font.rgba"]
[validation] ffmpeg ["-nostdin", "-v", "error", "-xerror", "-i", "/tmp/.tmppDFqcs/保存 results/三页 [0]-page-002-z8-1.avif", "-f", "null", "-"]
[validation] magick ["identify", "-format", "%w %h", "/tmp/.tmppDFqcs/保存 results/三页 [0]-page-002-z8-1.avif"]
[validation] magick ["/tmp/.tmppDFqcs/保存 results/三页 [0]-page-002-z8-1.avif", "-auto-orient", "-depth", "8", "RGBA:/tmp/.tmppDFqcs/pdf-font.rgba"]
[validation] ffmpeg ["-nostdin", "-v", "error", "-xerror", "-i", "/tmp/.tmppDFqcs/保存 results/三页 [0]-page-003-z8-1.avif", "-f", "null", "-"]
[validation] magick ["identify", "-format", "%w %h", "/tmp/.tmppDFqcs/保存 results/三页 [0]-page-003-z8-1.avif"]
[validation] magick ["/tmp/.tmppDFqcs/保存 results/三页 [0]-page-003-z8-1.avif", "-auto-orient", "-depth", "8", "RGBA:/tmp/.tmppDFqcs/pdf-font.rgba"]
[validation] magick ["-size", "96x64", "gradient:red-blue", "-profile", "/tmp/.tmpCXr1DZ/display-p3.icc", "/tmp/.tmpCXr1DZ/icc.png"]
[validation] magick ["/tmp/.tmpCXr1DZ/results/icc-z8-1.png", "/tmp/.tmpCXr1DZ/output.icc"]
[validation] magick ["/tmp/.tmpCXr1DZ/results/icc-z8-2.png", "/tmp/.tmpCXr1DZ/output.icc"]
[validation] magick ["/tmp/.tmpCXr1DZ/results/icc-z8-1.jpg", "/tmp/.tmpCXr1DZ/output.icc"]
[validation] magick ["/tmp/.tmpCXr1DZ/results/icc-z8-2.jpg", "/tmp/.tmpCXr1DZ/output.icc"]
[validation] magick ["/tmp/.tmpCXr1DZ/results/icc-z8-1.webp", "/tmp/.tmpCXr1DZ/output.icc"]
[validation] magick ["/tmp/.tmpCXr1DZ/results/icc-z8-2.webp", "/tmp/.tmpCXr1DZ/output.icc"]
[validation] magick ["/tmp/.tmpCXr1DZ/results/icc-z8-1.avif", "/tmp/.tmpCXr1DZ/output.icc"]
[validation] magick ["/tmp/.tmpCXr1DZ/results/icc-z8-2.avif", "/tmp/.tmpCXr1DZ/output.icc"]
[validation] magick ["-size", "96x64", "gradient:red-blue", "/tmp/.tmpCXr1DZ/orientation.jpg"]
[validation] magick ["identify", "-format", "%[orientation]", "/tmp/.tmpCXr1DZ/orientation.jpg"]
[validation] magick ["/tmp/.tmpCXr1DZ/orientation.jpg", "-auto-orient", "-depth", "8", "RGBA:/tmp/.tmpCXr1DZ/expected.rgba"]
[validation] magick ["/tmp/.tmpCXr1DZ/results/orientation-z8-1.png", "-auto-orient", "-depth", "8", "RGBA:/tmp/.tmpCXr1DZ/actual.rgba"]
[validation] magick ["/tmp/.tmpCXr1DZ/orientation.jpg", "-auto-orient", "-format", "%w %h", "info:"]
[validation] magick ["/tmp/.tmpCXr1DZ/results/orientation-z8-1.png", "-auto-orient", "-format", "%w %h", "info:"]
[validation] magick ["/tmp/.tmpCXr1DZ/results/orientation-z8-1.png", "-auto-orient", "-format", "%w %h", "info:"]
[validation] magick ["/tmp/.tmpCXr1DZ/orientation.jpg", "-auto-orient", "-depth", "8", "RGBA:/tmp/.tmpCXr1DZ/expected.rgba"]
[validation] magick ["/tmp/.tmpCXr1DZ/results/orientation-z8-2.png", "-auto-orient", "-depth", "8", "RGBA:/tmp/.tmpCXr1DZ/actual.rgba"]
[validation] magick ["/tmp/.tmpCXr1DZ/orientation.jpg", "-auto-orient", "-format", "%w %h", "info:"]
[validation] magick ["/tmp/.tmpCXr1DZ/results/orientation-z8-2.png", "-auto-orient", "-format", "%w %h", "info:"]
[validation] magick ["/tmp/.tmpCXr1DZ/results/orientation-z8-2.png", "-auto-orient", "-format", "%w %h", "info:"]
[validation] magick ["/tmp/.tmpCXr1DZ/orientation.jpg", "-auto-orient", "-background", "white", "-alpha", "remove", "-alpha", "off", "-depth", "8", "RGBA:/tmp/.tmpCXr1DZ/expected.rgba"]
[validation] magick ["/tmp/.tmpCXr1DZ/results/orientation-z8-1.jpg", "-auto-orient", "-depth", "8", "RGBA:/tmp/.tmpCXr1DZ/actual.rgba"]
[validation] magick ["/tmp/.tmpCXr1DZ/orientation.jpg", "-auto-orient", "-format", "%w %h", "info:"]
[validation] magick ["/tmp/.tmpCXr1DZ/results/orientation-z8-1.jpg", "-auto-orient", "-format", "%w %h", "info:"]
[validation] magick ["/tmp/.tmpCXr1DZ/results/orientation-z8-1.jpg", "-auto-orient", "-format", "%w %h", "info:"]
[validation] magick ["/tmp/.tmpCXr1DZ/orientation.jpg", "-auto-orient", "-background", "white", "-alpha", "remove", "-alpha", "off", "-depth", "8", "RGBA:/tmp/.tmpCXr1DZ/expected.rgba"]
[validation] magick ["/tmp/.tmpCXr1DZ/results/orientation-z8-2.jpg", "-auto-orient", "-depth", "8", "RGBA:/tmp/.tmpCXr1DZ/actual.rgba"]
[validation] magick ["/tmp/.tmpCXr1DZ/orientation.jpg", "-auto-orient", "-format", "%w %h", "info:"]
[validation] magick ["/tmp/.tmpCXr1DZ/results/orientation-z8-2.jpg", "-auto-orient", "-format", "%w %h", "info:"]
[validation] magick ["/tmp/.tmpCXr1DZ/results/orientation-z8-2.jpg", "-auto-orient", "-format", "%w %h", "info:"]
[validation] magick ["/tmp/.tmpCXr1DZ/orientation.jpg", "-auto-orient", "-depth", "8", "RGBA:/tmp/.tmpCXr1DZ/expected.rgba"]
[validation] magick ["/tmp/.tmpCXr1DZ/results/orientation-z8-1.webp", "-auto-orient", "-depth", "8", "RGBA:/tmp/.tmpCXr1DZ/actual.rgba"]
[validation] magick ["/tmp/.tmpCXr1DZ/orientation.jpg", "-auto-orient", "-format", "%w %h", "info:"]
[validation] magick ["/tmp/.tmpCXr1DZ/results/orientation-z8-1.webp", "-auto-orient", "-format", "%w %h", "info:"]
[validation] magick ["/tmp/.tmpCXr1DZ/results/orientation-z8-1.webp", "-auto-orient", "-format", "%w %h", "info:"]
[validation] magick ["/tmp/.tmpCXr1DZ/orientation.jpg", "-auto-orient", "-depth", "8", "RGBA:/tmp/.tmpCXr1DZ/expected.rgba"]
[validation] magick ["/tmp/.tmpCXr1DZ/results/orientation-z8-2.webp", "-auto-orient", "-depth", "8", "RGBA:/tmp/.tmpCXr1DZ/actual.rgba"]
[validation] magick ["/tmp/.tmpCXr1DZ/orientation.jpg", "-auto-orient", "-format", "%w %h", "info:"]
[validation] magick ["/tmp/.tmpCXr1DZ/results/orientation-z8-2.webp", "-auto-orient", "-format", "%w %h", "info:"]
[validation] magick ["/tmp/.tmpCXr1DZ/results/orientation-z8-2.webp", "-auto-orient", "-format", "%w %h", "info:"]
[validation] magick ["/tmp/.tmpCXr1DZ/orientation.jpg", "-auto-orient", "-depth", "8", "RGBA:/tmp/.tmpCXr1DZ/expected.rgba"]
[validation] magick ["/tmp/.tmpCXr1DZ/results/orientation-z8-1.avif", "-auto-orient", "-depth", "8", "RGBA:/tmp/.tmpCXr1DZ/actual.rgba"]
[validation] magick ["/tmp/.tmpCXr1DZ/orientation.jpg", "-auto-orient", "-format", "%w %h", "info:"]
[validation] magick ["/tmp/.tmpCXr1DZ/results/orientation-z8-1.avif", "-auto-orient", "-format", "%w %h", "info:"]
[validation] magick ["/tmp/.tmpCXr1DZ/results/orientation-z8-1.avif", "-auto-orient", "-format", "%w %h", "info:"]
[validation] magick ["/tmp/.tmpCXr1DZ/orientation.jpg", "-auto-orient", "-depth", "8", "RGBA:/tmp/.tmpCXr1DZ/expected.rgba"]
[validation] magick ["/tmp/.tmpCXr1DZ/results/orientation-z8-2.avif", "-auto-orient", "-depth", "8", "RGBA:/tmp/.tmpCXr1DZ/actual.rgba"]
[validation] magick ["/tmp/.tmpCXr1DZ/orientation.jpg", "-auto-orient", "-format", "%w %h", "info:"]
[validation] magick ["/tmp/.tmpCXr1DZ/results/orientation-z8-2.avif", "-auto-orient", "-format", "%w %h", "info:"]
[validation] magick ["/tmp/.tmpCXr1DZ/results/orientation-z8-2.avif", "-auto-orient", "-format", "%w %h", "info:"]
[validation] magick ["/tmp/.tmpCXr1DZ/results/嵌入字体-page-001-z8-1.png", "-auto-orient", "-depth", "8", "RGBA:/tmp/.tmpCXr1DZ/font-reference.rgba"]
[validation] magick ["/tmp/.tmpCXr1DZ/results/嵌入字体-page-001-z8-1.png", "-auto-orient", "-depth", "8", "RGBA:/tmp/.tmpCXr1DZ/expected.rgba"]
[validation] magick ["/tmp/.tmpCXr1DZ/results/嵌入字体-page-001-z8-2.png", "-auto-orient", "-depth", "8", "RGBA:/tmp/.tmpCXr1DZ/actual.rgba"]
[validation] magick ["/tmp/.tmpCXr1DZ/results/嵌入字体-page-001-z8-1.png", "-auto-orient", "-format", "%w %h", "info:"]
[validation] magick ["/tmp/.tmpCXr1DZ/results/嵌入字体-page-001-z8-2.png", "-auto-orient", "-format", "%w %h", "info:"]
[validation] magick ["/tmp/.tmpCXr1DZ/results/嵌入字体-page-001-z8-2.png", "-auto-orient", "-format", "%w %h", "info:"]
[validation] magick ["/tmp/.tmpCXr1DZ/results/嵌入字体-page-001-z8-1.png", "-auto-orient", "-background", "white", "-alpha", "remove", "-alpha", "off", "-depth", "8", "RGBA:/tmp/.tmpCXr1DZ/expected.rgba"]
[validation] magick ["/tmp/.tmpCXr1DZ/results/嵌入字体-page-001-z8-1.jpg", "-auto-orient", "-depth", "8", "RGBA:/tmp/.tmpCXr1DZ/actual.rgba"]
[validation] magick ["/tmp/.tmpCXr1DZ/results/嵌入字体-page-001-z8-1.png", "-auto-orient", "-format", "%w %h", "info:"]
[validation] magick ["/tmp/.tmpCXr1DZ/results/嵌入字体-page-001-z8-1.jpg", "-auto-orient", "-format", "%w %h", "info:"]
[validation] magick ["/tmp/.tmpCXr1DZ/results/嵌入字体-page-001-z8-1.jpg", "-auto-orient", "-format", "%w %h", "info:"]
[validation] magick ["/tmp/.tmpCXr1DZ/results/嵌入字体-page-001-z8-1.png", "-auto-orient", "-depth", "8", "RGBA:/tmp/.tmpCXr1DZ/expected.rgba"]
[validation] magick ["/tmp/.tmpCXr1DZ/results/嵌入字体-page-001-z8-1.webp", "-auto-orient", "-depth", "8", "RGBA:/tmp/.tmpCXr1DZ/actual.rgba"]
[validation] magick ["/tmp/.tmpCXr1DZ/results/嵌入字体-page-001-z8-1.png", "-auto-orient", "-format", "%w %h", "info:"]
[validation] magick ["/tmp/.tmpCXr1DZ/results/嵌入字体-page-001-z8-1.webp", "-auto-orient", "-format", "%w %h", "info:"]
[validation] magick ["/tmp/.tmpCXr1DZ/results/嵌入字体-page-001-z8-1.webp", "-auto-orient", "-format", "%w %h", "info:"]
[validation] magick ["/tmp/.tmpCXr1DZ/results/嵌入字体-page-001-z8-1.png", "-auto-orient", "-depth", "8", "RGBA:/tmp/.tmpCXr1DZ/expected.rgba"]
[validation] magick ["/tmp/.tmpCXr1DZ/results/嵌入字体-page-001-z8-1.avif", "-auto-orient", "-depth", "8", "RGBA:/tmp/.tmpCXr1DZ/actual.rgba"]
[validation] magick ["/tmp/.tmpCXr1DZ/results/嵌入字体-page-001-z8-1.png", "-auto-orient", "-format", "%w %h", "info:"]
[validation] magick ["/tmp/.tmpCXr1DZ/results/嵌入字体-page-001-z8-1.avif", "-auto-orient", "-format", "%w %h", "info:"]
[validation] magick ["/tmp/.tmpCXr1DZ/results/嵌入字体-page-001-z8-1.avif", "-auto-orient", "-format", "%w %h", "info:"]
[validation] magick ["rose:", "/tmp/.tmpCXr1DZ/rose.png"]
[validation] magick ["-size", "128x96", "xc:none", "-fill", "red", "-draw", "rectangle 0,0 63,95", "/tmp/.tmpCXr1DZ/alpha.png"]
[validation] magick ["-size", "256x64", "gradient:black-white", "-depth", "16", "/tmp/.tmpCXr1DZ/gradient16.png"]
[validation] magick ["/tmp/.tmpCXr1DZ/rose.png", "-auto-orient", "-depth", "8", "RGBA:/tmp/.tmpCXr1DZ/expected.rgba"]
[validation] magick ["/tmp/.tmpCXr1DZ/results/rose-z8-1.avif", "-auto-orient", "-depth", "8", "RGBA:/tmp/.tmpCXr1DZ/actual.rgba"]
[validation] magick ["/tmp/.tmpCXr1DZ/rose.png", "-auto-orient", "-format", "%w %h", "info:"]
[validation] magick ["/tmp/.tmpCXr1DZ/results/rose-z8-1.avif", "-auto-orient", "-format", "%w %h", "info:"]
[validation] magick ["/tmp/.tmpCXr1DZ/results/rose-z8-1.avif", "-auto-orient", "-format", "%w %h", "info:"]
[validation] magick ["/tmp/.tmpCXr1DZ/rose.png", "-auto-orient", "-depth", "8", "RGBA:/tmp/.tmpCXr1DZ/expected.rgba"]
[validation] magick ["/tmp/.tmpCXr1DZ/results/rose-z8-2.avif", "-auto-orient", "-depth", "8", "RGBA:/tmp/.tmpCXr1DZ/actual.rgba"]
[validation] magick ["/tmp/.tmpCXr1DZ/rose.png", "-auto-orient", "-format", "%w %h", "info:"]
[validation] magick ["/tmp/.tmpCXr1DZ/results/rose-z8-2.avif", "-auto-orient", "-format", "%w %h", "info:"]
[validation] magick ["/tmp/.tmpCXr1DZ/results/rose-z8-2.avif", "-auto-orient", "-format", "%w %h", "info:"]
[validation] magick ["/tmp/.tmpCXr1DZ/rose.png", "-auto-orient", "-depth", "8", "RGBA:/tmp/.tmpCXr1DZ/expected.rgba"]
[validation] magick ["/tmp/.tmpCXr1DZ/results/rose-z8-3.avif", "-auto-orient", "-depth", "8", "RGBA:/tmp/.tmpCXr1DZ/actual.rgba"]
[validation] magick ["/tmp/.tmpCXr1DZ/rose.png", "-auto-orient", "-format", "%w %h", "info:"]
[validation] magick ["/tmp/.tmpCXr1DZ/results/rose-z8-3.avif", "-auto-orient", "-format", "%w %h", "info:"]
[validation] magick ["/tmp/.tmpCXr1DZ/results/rose-z8-3.avif", "-auto-orient", "-format", "%w %h", "info:"]
[validation] magick ["/tmp/.tmpCXr1DZ/rose.png", "-auto-orient", "-depth", "8", "RGBA:/tmp/.tmpCXr1DZ/expected.rgba"]
[validation] magick ["/tmp/.tmpCXr1DZ/results/rose-z8-4.avif", "-auto-orient", "-depth", "8", "RGBA:/tmp/.tmpCXr1DZ/actual.rgba"]
[validation] magick ["/tmp/.tmpCXr1DZ/rose.png", "-auto-orient", "-format", "%w %h", "info:"]
[validation] magick ["/tmp/.tmpCXr1DZ/results/rose-z8-4.avif", "-auto-orient", "-format", "%w %h", "info:"]
[validation] magick ["/tmp/.tmpCXr1DZ/results/rose-z8-4.avif", "-auto-orient", "-format", "%w %h", "info:"]
[validation] magick ["/tmp/.tmpCXr1DZ/rose.png", "-auto-orient", "-depth", "8", "RGBA:/tmp/.tmpCXr1DZ/expected.rgba"]
[validation] magick ["/tmp/.tmpCXr1DZ/results/rose-z8-5.avif", "-auto-orient", "-depth", "8", "RGBA:/tmp/.tmpCXr1DZ/actual.rgba"]
[validation] magick ["/tmp/.tmpCXr1DZ/rose.png", "-auto-orient", "-format", "%w %h", "info:"]
[validation] magick ["/tmp/.tmpCXr1DZ/results/rose-z8-5.avif", "-auto-orient", "-format", "%w %h", "info:"]
[validation] magick ["/tmp/.tmpCXr1DZ/results/rose-z8-5.avif", "-auto-orient", "-format", "%w %h", "info:"]
[validation] magick ["/tmp/.tmpCXr1DZ/rose.png", "-auto-orient", "-depth", "8", "RGBA:/tmp/.tmpCXr1DZ/expected.rgba"]
[validation] magick ["/tmp/.tmpCXr1DZ/results/rose-z8-6.avif", "-auto-orient", "-depth", "8", "RGBA:/tmp/.tmpCXr1DZ/actual.rgba"]
[validation] magick ["/tmp/.tmpCXr1DZ/rose.png", "-auto-orient", "-format", "%w %h", "info:"]
[validation] magick ["/tmp/.tmpCXr1DZ/results/rose-z8-6.avif", "-auto-orient", "-format", "%w %h", "info:"]
[validation] magick ["/tmp/.tmpCXr1DZ/results/rose-z8-6.avif", "-auto-orient", "-format", "%w %h", "info:"]
[validation] magick ["/tmp/.tmpCXr1DZ/rose.png", "-auto-orient", "-depth", "8", "RGBA:/tmp/.tmpCXr1DZ/expected.rgba"]
[validation] magick ["/tmp/.tmpCXr1DZ/results/rose-z8-7.avif", "-auto-orient", "-depth", "8", "RGBA:/tmp/.tmpCXr1DZ/actual.rgba"]
[validation] magick ["/tmp/.tmpCXr1DZ/rose.png", "-auto-orient", "-format", "%w %h", "info:"]
[validation] magick ["/tmp/.tmpCXr1DZ/results/rose-z8-7.avif", "-auto-orient", "-format", "%w %h", "info:"]
[validation] magick ["/tmp/.tmpCXr1DZ/results/rose-z8-7.avif", "-auto-orient", "-format", "%w %h", "info:"]
[validation] magick ["/tmp/.tmpCXr1DZ/rose.png", "-auto-orient", "-depth", "8", "RGBA:/tmp/.tmpCXr1DZ/expected.rgba"]
[validation] magick ["/tmp/.tmpCXr1DZ/results/rose-z8-8.avif", "-auto-orient", "-depth", "8", "RGBA:/tmp/.tmpCXr1DZ/actual.rgba"]
[validation] magick ["/tmp/.tmpCXr1DZ/rose.png", "-auto-orient", "-format", "%w %h", "info:"]
[validation] magick ["/tmp/.tmpCXr1DZ/results/rose-z8-8.avif", "-auto-orient", "-format", "%w %h", "info:"]
[validation] magick ["/tmp/.tmpCXr1DZ/results/rose-z8-8.avif", "-auto-orient", "-format", "%w %h", "info:"]
[validation] magick ["/tmp/.tmpCXr1DZ/rose.png", "-auto-orient", "-depth", "8", "RGBA:/tmp/.tmpCXr1DZ/expected.rgba"]
[validation] magick ["/tmp/.tmpCXr1DZ/results/rose-z8-9.avif", "-auto-orient", "-depth", "8", "RGBA:/tmp/.tmpCXr1DZ/actual.rgba"]
[validation] magick ["/tmp/.tmpCXr1DZ/rose.png", "-auto-orient", "-format", "%w %h", "info:"]
[validation] magick ["/tmp/.tmpCXr1DZ/results/rose-z8-9.avif", "-auto-orient", "-format", "%w %h", "info:"]
[validation] magick ["/tmp/.tmpCXr1DZ/results/rose-z8-9.avif", "-auto-orient", "-format", "%w %h", "info:"]
[validation] magick ["/tmp/.tmpCXr1DZ/rose.png", "-auto-orient", "-depth", "8", "RGBA:/tmp/.tmpCXr1DZ/expected.rgba"]
[validation] magick ["/tmp/.tmpCXr1DZ/results/rose-z8-10.avif", "-auto-orient", "-depth", "8", "RGBA:/tmp/.tmpCXr1DZ/actual.rgba"]
[validation] magick ["/tmp/.tmpCXr1DZ/rose.png", "-auto-orient", "-format", "%w %h", "info:"]
[validation] magick ["/tmp/.tmpCXr1DZ/results/rose-z8-10.avif", "-auto-orient", "-format", "%w %h", "info:"]
[validation] magick ["/tmp/.tmpCXr1DZ/results/rose-z8-10.avif", "-auto-orient", "-format", "%w %h", "info:"]
[validation] magick ["/tmp/.tmpCXr1DZ/rose.png", "-auto-orient", "-depth", "8", "RGBA:/tmp/.tmpCXr1DZ/expected.rgba"]
[validation] magick ["/tmp/.tmpCXr1DZ/results/rose-z8-11.avif", "-auto-orient", "-depth", "8", "RGBA:/tmp/.tmpCXr1DZ/actual.rgba"]
[validation] magick ["/tmp/.tmpCXr1DZ/rose.png", "-auto-orient", "-format", "%w %h", "info:"]
[validation] magick ["/tmp/.tmpCXr1DZ/results/rose-z8-11.avif", "-auto-orient", "-format", "%w %h", "info:"]
[validation] magick ["/tmp/.tmpCXr1DZ/results/rose-z8-11.avif", "-auto-orient", "-format", "%w %h", "info:"]
[validation] magick ["/tmp/.tmpCXr1DZ/rose.png", "-auto-orient", "-depth", "8", "RGBA:/tmp/.tmpCXr1DZ/expected.rgba"]
[validation] magick ["/tmp/.tmpCXr1DZ/results/rose-z8-12.avif", "-auto-orient", "-depth", "8", "RGBA:/tmp/.tmpCXr1DZ/actual.rgba"]
[validation] magick ["/tmp/.tmpCXr1DZ/rose.png", "-auto-orient", "-format", "%w %h", "info:"]
[validation] magick ["/tmp/.tmpCXr1DZ/results/rose-z8-12.avif", "-auto-orient", "-format", "%w %h", "info:"]
[validation] magick ["/tmp/.tmpCXr1DZ/results/rose-z8-12.avif", "-auto-orient", "-format", "%w %h", "info:"]
[validation] magick ["/tmp/.tmpCXr1DZ/rose.png", "-auto-orient", "-depth", "8", "RGBA:/tmp/.tmpCXr1DZ/expected.rgba"]
[validation] magick ["/tmp/.tmpCXr1DZ/results/rose-z8-13.avif", "-auto-orient", "-depth", "8", "RGBA:/tmp/.tmpCXr1DZ/actual.rgba"]
[validation] magick ["/tmp/.tmpCXr1DZ/rose.png", "-auto-orient", "-format", "%w %h", "info:"]
[validation] magick ["/tmp/.tmpCXr1DZ/results/rose-z8-13.avif", "-auto-orient", "-format", "%w %h", "info:"]
[validation] magick ["/tmp/.tmpCXr1DZ/results/rose-z8-13.avif", "-auto-orient", "-format", "%w %h", "info:"]
[validation] magick ["/tmp/.tmpCXr1DZ/rose.png", "-auto-orient", "-depth", "8", "RGBA:/tmp/.tmpCXr1DZ/expected.rgba"]
[validation] magick ["/tmp/.tmpCXr1DZ/results/rose-z8-14.avif", "-auto-orient", "-depth", "8", "RGBA:/tmp/.tmpCXr1DZ/actual.rgba"]
[validation] magick ["/tmp/.tmpCXr1DZ/rose.png", "-auto-orient", "-format", "%w %h", "info:"]
[validation] magick ["/tmp/.tmpCXr1DZ/results/rose-z8-14.avif", "-auto-orient", "-format", "%w %h", "info:"]
[validation] magick ["/tmp/.tmpCXr1DZ/results/rose-z8-14.avif", "-auto-orient", "-format", "%w %h", "info:"]
[validation] magick ["/tmp/.tmpCXr1DZ/rose.png", "-auto-orient", "-depth", "8", "RGBA:/tmp/.tmpCXr1DZ/expected.rgba"]
[validation] magick ["/tmp/.tmpCXr1DZ/results/rose-z8-15.avif", "-auto-orient", "-depth", "8", "RGBA:/tmp/.tmpCXr1DZ/actual.rgba"]
[validation] magick ["/tmp/.tmpCXr1DZ/rose.png", "-auto-orient", "-format", "%w %h", "info:"]
[validation] magick ["/tmp/.tmpCXr1DZ/results/rose-z8-15.avif", "-auto-orient", "-format", "%w %h", "info:"]
[validation] magick ["/tmp/.tmpCXr1DZ/results/rose-z8-15.avif", "-auto-orient", "-format", "%w %h", "info:"]
[validation] magick ["/tmp/.tmpCXr1DZ/rose.png", "-auto-orient", "-depth", "8", "RGBA:/tmp/.tmpCXr1DZ/expected.rgba"]
[validation] magick ["/tmp/.tmpCXr1DZ/results/rose-z8-1.webp", "-auto-orient", "-depth", "8", "RGBA:/tmp/.tmpCXr1DZ/actual.rgba"]
[validation] magick ["/tmp/.tmpCXr1DZ/rose.png", "-auto-orient", "-format", "%w %h", "info:"]
[validation] magick ["/tmp/.tmpCXr1DZ/results/rose-z8-1.webp", "-auto-orient", "-format", "%w %h", "info:"]
[validation] magick ["/tmp/.tmpCXr1DZ/results/rose-z8-1.webp", "-auto-orient", "-format", "%w %h", "info:"]
[validation] magick ["/tmp/.tmpCXr1DZ/rose.png", "-auto-orient", "-depth", "8", "RGBA:/tmp/.tmpCXr1DZ/expected.rgba"]
[validation] magick ["/tmp/.tmpCXr1DZ/results/rose-z8-2.webp", "-auto-orient", "-depth", "8", "RGBA:/tmp/.tmpCXr1DZ/actual.rgba"]
[validation] magick ["/tmp/.tmpCXr1DZ/rose.png", "-auto-orient", "-format", "%w %h", "info:"]
[validation] magick ["/tmp/.tmpCXr1DZ/results/rose-z8-2.webp", "-auto-orient", "-format", "%w %h", "info:"]
[validation] magick ["/tmp/.tmpCXr1DZ/results/rose-z8-2.webp", "-auto-orient", "-format", "%w %h", "info:"]
[validation] magick ["/tmp/.tmpCXr1DZ/rose.png", "-auto-orient", "-depth", "8", "RGBA:/tmp/.tmpCXr1DZ/expected.rgba"]
[validation] magick ["/tmp/.tmpCXr1DZ/results/rose-z8-3.webp", "-auto-orient", "-depth", "8", "RGBA:/tmp/.tmpCXr1DZ/actual.rgba"]
[validation] magick ["/tmp/.tmpCXr1DZ/rose.png", "-auto-orient", "-format", "%w %h", "info:"]
[validation] magick ["/tmp/.tmpCXr1DZ/results/rose-z8-3.webp", "-auto-orient", "-format", "%w %h", "info:"]
[validation] magick ["/tmp/.tmpCXr1DZ/results/rose-z8-3.webp", "-auto-orient", "-format", "%w %h", "info:"]
[validation] magick ["/tmp/.tmpCXr1DZ/rose.png", "-auto-orient", "-depth", "8", "RGBA:/tmp/.tmpCXr1DZ/expected.rgba"]
[validation] magick ["/tmp/.tmpCXr1DZ/results/rose-z8-4.webp", "-auto-orient", "-depth", "8", "RGBA:/tmp/.tmpCXr1DZ/actual.rgba"]
[validation] magick ["/tmp/.tmpCXr1DZ/rose.png", "-auto-orient", "-format", "%w %h", "info:"]
[validation] magick ["/tmp/.tmpCXr1DZ/results/rose-z8-4.webp", "-auto-orient", "-format", "%w %h", "info:"]
[validation] magick ["/tmp/.tmpCXr1DZ/results/rose-z8-4.webp", "-auto-orient", "-format", "%w %h", "info:"]
[validation] magick ["/tmp/.tmpCXr1DZ/rose.png", "-auto-orient", "-depth", "8", "RGBA:/tmp/.tmpCXr1DZ/expected.rgba"]
[validation] magick ["/tmp/.tmpCXr1DZ/results/rose-z8-5.webp", "-auto-orient", "-depth", "8", "RGBA:/tmp/.tmpCXr1DZ/actual.rgba"]
[validation] magick ["/tmp/.tmpCXr1DZ/rose.png", "-auto-orient", "-format", "%w %h", "info:"]
[validation] magick ["/tmp/.tmpCXr1DZ/results/rose-z8-5.webp", "-auto-orient", "-format", "%w %h", "info:"]
[validation] magick ["/tmp/.tmpCXr1DZ/results/rose-z8-5.webp", "-auto-orient", "-format", "%w %h", "info:"]
[validation] magick ["/tmp/.tmpCXr1DZ/rose.png", "-auto-orient", "-depth", "8", "RGBA:/tmp/.tmpCXr1DZ/expected.rgba"]
[validation] magick ["/tmp/.tmpCXr1DZ/results/rose-z8-6.webp", "-auto-orient", "-depth", "8", "RGBA:/tmp/.tmpCXr1DZ/actual.rgba"]
[validation] magick ["/tmp/.tmpCXr1DZ/rose.png", "-auto-orient", "-format", "%w %h", "info:"]
[validation] magick ["/tmp/.tmpCXr1DZ/results/rose-z8-6.webp", "-auto-orient", "-format", "%w %h", "info:"]
[validation] magick ["/tmp/.tmpCXr1DZ/results/rose-z8-6.webp", "-auto-orient", "-format", "%w %h", "info:"]
[validation] magick ["/tmp/.tmpCXr1DZ/rose.png", "-auto-orient", "-depth", "8", "RGBA:/tmp/.tmpCXr1DZ/expected.rgba"]
[validation] magick ["/tmp/.tmpCXr1DZ/results/rose-z8-7.webp", "-auto-orient", "-depth", "8", "RGBA:/tmp/.tmpCXr1DZ/actual.rgba"]
[validation] magick ["/tmp/.tmpCXr1DZ/rose.png", "-auto-orient", "-format", "%w %h", "info:"]
[validation] magick ["/tmp/.tmpCXr1DZ/results/rose-z8-7.webp", "-auto-orient", "-format", "%w %h", "info:"]
[validation] magick ["/tmp/.tmpCXr1DZ/results/rose-z8-7.webp", "-auto-orient", "-format", "%w %h", "info:"]
[validation] magick ["/tmp/.tmpCXr1DZ/rose.png", "-auto-orient", "-depth", "8", "RGBA:/tmp/.tmpCXr1DZ/expected.rgba"]
[validation] magick ["/tmp/.tmpCXr1DZ/results/rose-z8-8.webp", "-auto-orient", "-depth", "8", "RGBA:/tmp/.tmpCXr1DZ/actual.rgba"]
[validation] magick ["/tmp/.tmpCXr1DZ/rose.png", "-auto-orient", "-format", "%w %h", "info:"]
[validation] magick ["/tmp/.tmpCXr1DZ/results/rose-z8-8.webp", "-auto-orient", "-format", "%w %h", "info:"]
[validation] magick ["/tmp/.tmpCXr1DZ/results/rose-z8-8.webp", "-auto-orient", "-format", "%w %h", "info:"]
[validation] magick ["/tmp/.tmpCXr1DZ/rose.png", "-auto-orient", "-depth", "8", "RGBA:/tmp/.tmpCXr1DZ/expected.rgba"]
[validation] magick ["/tmp/.tmpCXr1DZ/results/rose-z8-9.webp", "-auto-orient", "-depth", "8", "RGBA:/tmp/.tmpCXr1DZ/actual.rgba"]
[validation] magick ["/tmp/.tmpCXr1DZ/rose.png", "-auto-orient", "-format", "%w %h", "info:"]
[validation] magick ["/tmp/.tmpCXr1DZ/results/rose-z8-9.webp", "-auto-orient", "-format", "%w %h", "info:"]
[validation] magick ["/tmp/.tmpCXr1DZ/results/rose-z8-9.webp", "-auto-orient", "-format", "%w %h", "info:"]
[validation] magick ["/tmp/.tmpCXr1DZ/rose.png", "-auto-orient", "-depth", "8", "RGBA:/tmp/.tmpCXr1DZ/expected.rgba"]
[validation] magick ["/tmp/.tmpCXr1DZ/results/rose-z8-10.webp", "-auto-orient", "-depth", "8", "RGBA:/tmp/.tmpCXr1DZ/actual.rgba"]
[validation] magick ["/tmp/.tmpCXr1DZ/rose.png", "-auto-orient", "-format", "%w %h", "info:"]
[validation] magick ["/tmp/.tmpCXr1DZ/results/rose-z8-10.webp", "-auto-orient", "-format", "%w %h", "info:"]
[validation] magick ["/tmp/.tmpCXr1DZ/results/rose-z8-10.webp", "-auto-orient", "-format", "%w %h", "info:"]
[validation] magick ["/tmp/.tmpCXr1DZ/rose.png", "-auto-orient", "-depth", "8", "RGBA:/tmp/.tmpCXr1DZ/expected.rgba"]
[validation] magick ["/tmp/.tmpCXr1DZ/results/rose-z8-11.webp", "-auto-orient", "-depth", "8", "RGBA:/tmp/.tmpCXr1DZ/actual.rgba"]
[validation] magick ["/tmp/.tmpCXr1DZ/rose.png", "-auto-orient", "-format", "%w %h", "info:"]
[validation] magick ["/tmp/.tmpCXr1DZ/results/rose-z8-11.webp", "-auto-orient", "-format", "%w %h", "info:"]
[validation] magick ["/tmp/.tmpCXr1DZ/results/rose-z8-11.webp", "-auto-orient", "-format", "%w %h", "info:"]
[validation] magick ["/tmp/.tmpCXr1DZ/rose.png", "-auto-orient", "-depth", "8", "RGBA:/tmp/.tmpCXr1DZ/expected.rgba"]
[validation] magick ["/tmp/.tmpCXr1DZ/results/rose-z8-12.webp", "-auto-orient", "-depth", "8", "RGBA:/tmp/.tmpCXr1DZ/actual.rgba"]
[validation] magick ["/tmp/.tmpCXr1DZ/rose.png", "-auto-orient", "-format", "%w %h", "info:"]
[validation] magick ["/tmp/.tmpCXr1DZ/results/rose-z8-12.webp", "-auto-orient", "-format", "%w %h", "info:"]
[validation] magick ["/tmp/.tmpCXr1DZ/results/rose-z8-12.webp", "-auto-orient", "-format", "%w %h", "info:"]
[validation] magick ["/tmp/.tmpCXr1DZ/rose.png", "-auto-orient", "-depth", "8", "RGBA:/tmp/.tmpCXr1DZ/expected.rgba"]
[validation] magick ["/tmp/.tmpCXr1DZ/results/rose-z8-13.webp", "-auto-orient", "-depth", "8", "RGBA:/tmp/.tmpCXr1DZ/actual.rgba"]
[validation] magick ["/tmp/.tmpCXr1DZ/rose.png", "-auto-orient", "-format", "%w %h", "info:"]
[validation] magick ["/tmp/.tmpCXr1DZ/results/rose-z8-13.webp", "-auto-orient", "-format", "%w %h", "info:"]
[validation] magick ["/tmp/.tmpCXr1DZ/results/rose-z8-13.webp", "-auto-orient", "-format", "%w %h", "info:"]
[validation] magick ["/tmp/.tmpCXr1DZ/rose.png", "-auto-orient", "-depth", "8", "RGBA:/tmp/.tmpCXr1DZ/expected.rgba"]
[validation] magick ["/tmp/.tmpCXr1DZ/results/rose-z8-14.webp", "-auto-orient", "-depth", "8", "RGBA:/tmp/.tmpCXr1DZ/actual.rgba"]
[validation] magick ["/tmp/.tmpCXr1DZ/rose.png", "-auto-orient", "-format", "%w %h", "info:"]
[validation] magick ["/tmp/.tmpCXr1DZ/results/rose-z8-14.webp", "-auto-orient", "-format", "%w %h", "info:"]
[validation] magick ["/tmp/.tmpCXr1DZ/results/rose-z8-14.webp", "-auto-orient", "-format", "%w %h", "info:"]
[validation] magick ["/tmp/.tmpCXr1DZ/rose.png", "-auto-orient", "-depth", "8", "RGBA:/tmp/.tmpCXr1DZ/expected.rgba"]
[validation] magick ["/tmp/.tmpCXr1DZ/results/rose-z8-15.webp", "-auto-orient", "-depth", "8", "RGBA:/tmp/.tmpCXr1DZ/actual.rgba"]
[validation] magick ["/tmp/.tmpCXr1DZ/rose.png", "-auto-orient", "-format", "%w %h", "info:"]
[validation] magick ["/tmp/.tmpCXr1DZ/results/rose-z8-15.webp", "-auto-orient", "-format", "%w %h", "info:"]
[validation] magick ["/tmp/.tmpCXr1DZ/results/rose-z8-15.webp", "-auto-orient", "-format", "%w %h", "info:"]
[validation] magick ["/tmp/.tmpCXr1DZ/rose.png", "-auto-orient", "-background", "white", "-alpha", "remove", "-alpha", "off", "-depth", "8", "RGBA:/tmp/.tmpCXr1DZ/expected.rgba"]
[validation] magick ["/tmp/.tmpCXr1DZ/results/rose-z8-1.jpg", "-auto-orient", "-depth", "8", "RGBA:/tmp/.tmpCXr1DZ/actual.rgba"]
[validation] magick ["/tmp/.tmpCXr1DZ/rose.png", "-auto-orient", "-format", "%w %h", "info:"]
[validation] magick ["/tmp/.tmpCXr1DZ/results/rose-z8-1.jpg", "-auto-orient", "-format", "%w %h", "info:"]
[validation] magick ["/tmp/.tmpCXr1DZ/results/rose-z8-1.jpg", "-auto-orient", "-format", "%w %h", "info:"]
[validation] magick ["/tmp/.tmpCXr1DZ/rose.png", "-auto-orient", "-background", "white", "-alpha", "remove", "-alpha", "off", "-depth", "8", "RGBA:/tmp/.tmpCXr1DZ/expected.rgba"]
[validation] magick ["/tmp/.tmpCXr1DZ/results/rose-z8-2.jpg", "-auto-orient", "-depth", "8", "RGBA:/tmp/.tmpCXr1DZ/actual.rgba"]
[validation] magick ["/tmp/.tmpCXr1DZ/rose.png", "-auto-orient", "-format", "%w %h", "info:"]
[validation] magick ["/tmp/.tmpCXr1DZ/results/rose-z8-2.jpg", "-auto-orient", "-format", "%w %h", "info:"]
[validation] magick ["/tmp/.tmpCXr1DZ/results/rose-z8-2.jpg", "-auto-orient", "-format", "%w %h", "info:"]
[validation] magick ["/tmp/.tmpCXr1DZ/rose.png", "-auto-orient", "-background", "white", "-alpha", "remove", "-alpha", "off", "-depth", "8", "RGBA:/tmp/.tmpCXr1DZ/expected.rgba"]
[validation] magick ["/tmp/.tmpCXr1DZ/results/rose-z8-3.jpg", "-auto-orient", "-depth", "8", "RGBA:/tmp/.tmpCXr1DZ/actual.rgba"]
[validation] magick ["/tmp/.tmpCXr1DZ/rose.png", "-auto-orient", "-format", "%w %h", "info:"]
[validation] magick ["/tmp/.tmpCXr1DZ/results/rose-z8-3.jpg", "-auto-orient", "-format", "%w %h", "info:"]
[validation] magick ["/tmp/.tmpCXr1DZ/results/rose-z8-3.jpg", "-auto-orient", "-format", "%w %h", "info:"]
[validation] magick ["/tmp/.tmpCXr1DZ/rose.png", "-auto-orient", "-background", "white", "-alpha", "remove", "-alpha", "off", "-depth", "8", "RGBA:/tmp/.tmpCXr1DZ/expected.rgba"]
[validation] magick ["/tmp/.tmpCXr1DZ/results/rose-z8-4.jpg", "-auto-orient", "-depth", "8", "RGBA:/tmp/.tmpCXr1DZ/actual.rgba"]
[validation] magick ["/tmp/.tmpCXr1DZ/rose.png", "-auto-orient", "-format", "%w %h", "info:"]
[validation] magick ["/tmp/.tmpCXr1DZ/results/rose-z8-4.jpg", "-auto-orient", "-format", "%w %h", "info:"]
[validation] magick ["/tmp/.tmpCXr1DZ/results/rose-z8-4.jpg", "-auto-orient", "-format", "%w %h", "info:"]
[validation] magick ["/tmp/.tmpCXr1DZ/rose.png", "-auto-orient", "-background", "white", "-alpha", "remove", "-alpha", "off", "-depth", "8", "RGBA:/tmp/.tmpCXr1DZ/expected.rgba"]
[validation] magick ["/tmp/.tmpCXr1DZ/results/rose-z8-5.jpg", "-auto-orient", "-depth", "8", "RGBA:/tmp/.tmpCXr1DZ/actual.rgba"]
[validation] magick ["/tmp/.tmpCXr1DZ/rose.png", "-auto-orient", "-format", "%w %h", "info:"]
[validation] magick ["/tmp/.tmpCXr1DZ/results/rose-z8-5.jpg", "-auto-orient", "-format", "%w %h", "info:"]
[validation] magick ["/tmp/.tmpCXr1DZ/results/rose-z8-5.jpg", "-auto-orient", "-format", "%w %h", "info:"]
[validation] magick ["/tmp/.tmpCXr1DZ/rose.png", "-auto-orient", "-background", "white", "-alpha", "remove", "-alpha", "off", "-depth", "8", "RGBA:/tmp/.tmpCXr1DZ/expected.rgba"]
[validation] magick ["/tmp/.tmpCXr1DZ/results/rose-z8-6.jpg", "-auto-orient", "-depth", "8", "RGBA:/tmp/.tmpCXr1DZ/actual.rgba"]
[validation] magick ["/tmp/.tmpCXr1DZ/rose.png", "-auto-orient", "-format", "%w %h", "info:"]
[validation] magick ["/tmp/.tmpCXr1DZ/results/rose-z8-6.jpg", "-auto-orient", "-format", "%w %h", "info:"]
[validation] magick ["/tmp/.tmpCXr1DZ/results/rose-z8-6.jpg", "-auto-orient", "-format", "%w %h", "info:"]
[validation] magick ["/tmp/.tmpCXr1DZ/rose.png", "-auto-orient", "-background", "white", "-alpha", "remove", "-alpha", "off", "-depth", "8", "RGBA:/tmp/.tmpCXr1DZ/expected.rgba"]
[validation] magick ["/tmp/.tmpCXr1DZ/results/rose-z8-7.jpg", "-auto-orient", "-depth", "8", "RGBA:/tmp/.tmpCXr1DZ/actual.rgba"]
[validation] magick ["/tmp/.tmpCXr1DZ/rose.png", "-auto-orient", "-format", "%w %h", "info:"]
[validation] magick ["/tmp/.tmpCXr1DZ/results/rose-z8-7.jpg", "-auto-orient", "-format", "%w %h", "info:"]
[validation] magick ["/tmp/.tmpCXr1DZ/results/rose-z8-7.jpg", "-auto-orient", "-format", "%w %h", "info:"]
[validation] magick ["/tmp/.tmpCXr1DZ/rose.png", "-auto-orient", "-background", "white", "-alpha", "remove", "-alpha", "off", "-depth", "8", "RGBA:/tmp/.tmpCXr1DZ/expected.rgba"]
[validation] magick ["/tmp/.tmpCXr1DZ/results/rose-z8-8.jpg", "-auto-orient", "-depth", "8", "RGBA:/tmp/.tmpCXr1DZ/actual.rgba"]
[validation] magick ["/tmp/.tmpCXr1DZ/rose.png", "-auto-orient", "-format", "%w %h", "info:"]
[validation] magick ["/tmp/.tmpCXr1DZ/results/rose-z8-8.jpg", "-auto-orient", "-format", "%w %h", "info:"]
[validation] magick ["/tmp/.tmpCXr1DZ/results/rose-z8-8.jpg", "-auto-orient", "-format", "%w %h", "info:"]
[validation] magick ["/tmp/.tmpCXr1DZ/rose.png", "-auto-orient", "-background", "white", "-alpha", "remove", "-alpha", "off", "-depth", "8", "RGBA:/tmp/.tmpCXr1DZ/expected.rgba"]
[validation] magick ["/tmp/.tmpCXr1DZ/results/rose-z8-9.jpg", "-auto-orient", "-depth", "8", "RGBA:/tmp/.tmpCXr1DZ/actual.rgba"]
[validation] magick ["/tmp/.tmpCXr1DZ/rose.png", "-auto-orient", "-format", "%w %h", "info:"]
[validation] magick ["/tmp/.tmpCXr1DZ/results/rose-z8-9.jpg", "-auto-orient", "-format", "%w %h", "info:"]
[validation] magick ["/tmp/.tmpCXr1DZ/results/rose-z8-9.jpg", "-auto-orient", "-format", "%w %h", "info:"]
[validation] magick ["/tmp/.tmpCXr1DZ/rose.png", "-auto-orient", "-background", "white", "-alpha", "remove", "-alpha", "off", "-depth", "8", "RGBA:/tmp/.tmpCXr1DZ/expected.rgba"]
[validation] magick ["/tmp/.tmpCXr1DZ/results/rose-z8-10.jpg", "-auto-orient", "-depth", "8", "RGBA:/tmp/.tmpCXr1DZ/actual.rgba"]
[validation] magick ["/tmp/.tmpCXr1DZ/rose.png", "-auto-orient", "-format", "%w %h", "info:"]
[validation] magick ["/tmp/.tmpCXr1DZ/results/rose-z8-10.jpg", "-auto-orient", "-format", "%w %h", "info:"]
[validation] magick ["/tmp/.tmpCXr1DZ/results/rose-z8-10.jpg", "-auto-orient", "-format", "%w %h", "info:"]
[validation] magick ["/tmp/.tmpCXr1DZ/rose.png", "-auto-orient", "-background", "white", "-alpha", "remove", "-alpha", "off", "-depth", "8", "RGBA:/tmp/.tmpCXr1DZ/expected.rgba"]
[validation] magick ["/tmp/.tmpCXr1DZ/results/rose-z8-11.jpg", "-auto-orient", "-depth", "8", "RGBA:/tmp/.tmpCXr1DZ/actual.rgba"]
[validation] magick ["/tmp/.tmpCXr1DZ/rose.png", "-auto-orient", "-format", "%w %h", "info:"]
[validation] magick ["/tmp/.tmpCXr1DZ/results/rose-z8-11.jpg", "-auto-orient", "-format", "%w %h", "info:"]
[validation] magick ["/tmp/.tmpCXr1DZ/results/rose-z8-11.jpg", "-auto-orient", "-format", "%w %h", "info:"]
[validation] magick ["/tmp/.tmpCXr1DZ/rose.png", "-auto-orient", "-background", "white", "-alpha", "remove", "-alpha", "off", "-depth", "8", "RGBA:/tmp/.tmpCXr1DZ/expected.rgba"]
[validation] magick ["/tmp/.tmpCXr1DZ/results/rose-z8-12.jpg", "-auto-orient", "-depth", "8", "RGBA:/tmp/.tmpCXr1DZ/actual.rgba"]
[validation] magick ["/tmp/.tmpCXr1DZ/rose.png", "-auto-orient", "-format", "%w %h", "info:"]
[validation] magick ["/tmp/.tmpCXr1DZ/results/rose-z8-12.jpg", "-auto-orient", "-format", "%w %h", "info:"]
[validation] magick ["/tmp/.tmpCXr1DZ/results/rose-z8-12.jpg", "-auto-orient", "-format", "%w %h", "info:"]
[validation] magick ["/tmp/.tmpCXr1DZ/rose.png", "-auto-orient", "-background", "white", "-alpha", "remove", "-alpha", "off", "-depth", "8", "RGBA:/tmp/.tmpCXr1DZ/expected.rgba"]
[validation] magick ["/tmp/.tmpCXr1DZ/results/rose-z8-13.jpg", "-auto-orient", "-depth", "8", "RGBA:/tmp/.tmpCXr1DZ/actual.rgba"]
[validation] magick ["/tmp/.tmpCXr1DZ/rose.png", "-auto-orient", "-format", "%w %h", "info:"]
[validation] magick ["/tmp/.tmpCXr1DZ/results/rose-z8-13.jpg", "-auto-orient", "-format", "%w %h", "info:"]
[validation] magick ["/tmp/.tmpCXr1DZ/results/rose-z8-13.jpg", "-auto-orient", "-format", "%w %h", "info:"]
[validation] magick ["/tmp/.tmpCXr1DZ/rose.png", "-auto-orient", "-background", "white", "-alpha", "remove", "-alpha", "off", "-depth", "8", "RGBA:/tmp/.tmpCXr1DZ/expected.rgba"]
[validation] magick ["/tmp/.tmpCXr1DZ/results/rose-z8-14.jpg", "-auto-orient", "-depth", "8", "RGBA:/tmp/.tmpCXr1DZ/actual.rgba"]
[validation] magick ["/tmp/.tmpCXr1DZ/rose.png", "-auto-orient", "-format", "%w %h", "info:"]
[validation] magick ["/tmp/.tmpCXr1DZ/results/rose-z8-14.jpg", "-auto-orient", "-format", "%w %h", "info:"]
[validation] magick ["/tmp/.tmpCXr1DZ/results/rose-z8-14.jpg", "-auto-orient", "-format", "%w %h", "info:"]
[validation] magick ["/tmp/.tmpCXr1DZ/rose.png", "-auto-orient", "-background", "white", "-alpha", "remove", "-alpha", "off", "-depth", "8", "RGBA:/tmp/.tmpCXr1DZ/expected.rgba"]
[validation] magick ["/tmp/.tmpCXr1DZ/results/rose-z8-15.jpg", "-auto-orient", "-depth", "8", "RGBA:/tmp/.tmpCXr1DZ/actual.rgba"]
[validation] magick ["/tmp/.tmpCXr1DZ/rose.png", "-auto-orient", "-format", "%w %h", "info:"]
[validation] magick ["/tmp/.tmpCXr1DZ/results/rose-z8-15.jpg", "-auto-orient", "-format", "%w %h", "info:"]
[validation] magick ["/tmp/.tmpCXr1DZ/results/rose-z8-15.jpg", "-auto-orient", "-format", "%w %h", "info:"]
[validation] magick ["/tmp/.tmpCXr1DZ/rose.png", "-auto-orient", "-depth", "8", "RGBA:/tmp/.tmpCXr1DZ/expected.rgba"]
[validation] magick ["/tmp/.tmpCXr1DZ/results/rose-z8-1.png", "-auto-orient", "-depth", "8", "RGBA:/tmp/.tmpCXr1DZ/actual.rgba"]
[validation] magick ["/tmp/.tmpCXr1DZ/rose.png", "-auto-orient", "-format", "%w %h", "info:"]
[validation] magick ["/tmp/.tmpCXr1DZ/results/rose-z8-1.png", "-auto-orient", "-format", "%w %h", "info:"]
[validation] magick ["/tmp/.tmpCXr1DZ/results/rose-z8-1.png", "-auto-orient", "-format", "%w %h", "info:"]
[validation] magick ["/tmp/.tmpCXr1DZ/rose.png", "-auto-orient", "-depth", "8", "RGBA:/tmp/.tmpCXr1DZ/expected.rgba"]
[validation] magick ["/tmp/.tmpCXr1DZ/results/rose-z8-2.png", "-auto-orient", "-depth", "8", "RGBA:/tmp/.tmpCXr1DZ/actual.rgba"]
[validation] magick ["/tmp/.tmpCXr1DZ/rose.png", "-auto-orient", "-format", "%w %h", "info:"]
[validation] magick ["/tmp/.tmpCXr1DZ/results/rose-z8-2.png", "-auto-orient", "-format", "%w %h", "info:"]
[validation] magick ["/tmp/.tmpCXr1DZ/results/rose-z8-2.png", "-auto-orient", "-format", "%w %h", "info:"]
[validation] magick ["/tmp/.tmpCXr1DZ/rose.png", "-auto-orient", "-depth", "8", "RGBA:/tmp/.tmpCXr1DZ/expected.rgba"]
[validation] magick ["/tmp/.tmpCXr1DZ/results/rose-z8-3.png", "-auto-orient", "-depth", "8", "RGBA:/tmp/.tmpCXr1DZ/actual.rgba"]
[validation] magick ["/tmp/.tmpCXr1DZ/rose.png", "-auto-orient", "-format", "%w %h", "info:"]
[validation] magick ["/tmp/.tmpCXr1DZ/results/rose-z8-3.png", "-auto-orient", "-format", "%w %h", "info:"]
[validation] magick ["/tmp/.tmpCXr1DZ/results/rose-z8-3.png", "-auto-orient", "-format", "%w %h", "info:"]
[validation] magick ["/tmp/.tmpCXr1DZ/rose.png", "-auto-orient", "-depth", "8", "RGBA:/tmp/.tmpCXr1DZ/expected.rgba"]
[validation] magick ["/tmp/.tmpCXr1DZ/results/rose-z8-4.png", "-auto-orient", "-depth", "8", "RGBA:/tmp/.tmpCXr1DZ/actual.rgba"]
[validation] magick ["/tmp/.tmpCXr1DZ/rose.png", "-auto-orient", "-format", "%w %h", "info:"]
[validation] magick ["/tmp/.tmpCXr1DZ/results/rose-z8-4.png", "-auto-orient", "-format", "%w %h", "info:"]
[validation] magick ["/tmp/.tmpCXr1DZ/results/rose-z8-4.png", "-auto-orient", "-format", "%w %h", "info:"]
[validation] magick ["/tmp/.tmpCXr1DZ/rose.png", "-auto-orient", "-depth", "8", "RGBA:/tmp/.tmpCXr1DZ/expected.rgba"]
[validation] magick ["/tmp/.tmpCXr1DZ/results/rose-z8-5.png", "-auto-orient", "-depth", "8", "RGBA:/tmp/.tmpCXr1DZ/actual.rgba"]
[validation] magick ["/tmp/.tmpCXr1DZ/rose.png", "-auto-orient", "-format", "%w %h", "info:"]
[validation] magick ["/tmp/.tmpCXr1DZ/results/rose-z8-5.png", "-auto-orient", "-format", "%w %h", "info:"]
[validation] magick ["/tmp/.tmpCXr1DZ/results/rose-z8-5.png", "-auto-orient", "-format", "%w %h", "info:"]
[validation] magick ["/tmp/.tmpCXr1DZ/rose.png", "-auto-orient", "-depth", "8", "RGBA:/tmp/.tmpCXr1DZ/expected.rgba"]
[validation] magick ["/tmp/.tmpCXr1DZ/results/rose-z8-6.png", "-auto-orient", "-depth", "8", "RGBA:/tmp/.tmpCXr1DZ/actual.rgba"]
[validation] magick ["/tmp/.tmpCXr1DZ/rose.png", "-auto-orient", "-format", "%w %h", "info:"]
[validation] magick ["/tmp/.tmpCXr1DZ/results/rose-z8-6.png", "-auto-orient", "-format", "%w %h", "info:"]
[validation] magick ["/tmp/.tmpCXr1DZ/results/rose-z8-6.png", "-auto-orient", "-format", "%w %h", "info:"]
[validation] magick ["/tmp/.tmpCXr1DZ/rose.png", "-auto-orient", "-depth", "8", "RGBA:/tmp/.tmpCXr1DZ/expected.rgba"]
[validation] magick ["/tmp/.tmpCXr1DZ/results/rose-z8-7.png", "-auto-orient", "-depth", "8", "RGBA:/tmp/.tmpCXr1DZ/actual.rgba"]
[validation] magick ["/tmp/.tmpCXr1DZ/rose.png", "-auto-orient", "-format", "%w %h", "info:"]
[validation] magick ["/tmp/.tmpCXr1DZ/results/rose-z8-7.png", "-auto-orient", "-format", "%w %h", "info:"]
[validation] magick ["/tmp/.tmpCXr1DZ/results/rose-z8-7.png", "-auto-orient", "-format", "%w %h", "info:"]
[validation] magick ["/tmp/.tmpCXr1DZ/rose.png", "-auto-orient", "-depth", "8", "RGBA:/tmp/.tmpCXr1DZ/expected.rgba"]
[validation] magick ["/tmp/.tmpCXr1DZ/results/rose-z8-8.png", "-auto-orient", "-depth", "8", "RGBA:/tmp/.tmpCXr1DZ/actual.rgba"]
[validation] magick ["/tmp/.tmpCXr1DZ/rose.png", "-auto-orient", "-format", "%w %h", "info:"]
[validation] magick ["/tmp/.tmpCXr1DZ/results/rose-z8-8.png", "-auto-orient", "-format", "%w %h", "info:"]
[validation] magick ["/tmp/.tmpCXr1DZ/results/rose-z8-8.png", "-auto-orient", "-format", "%w %h", "info:"]
[validation] magick ["/tmp/.tmpCXr1DZ/rose.png", "-auto-orient", "-depth", "8", "RGBA:/tmp/.tmpCXr1DZ/expected.rgba"]
[validation] magick ["/tmp/.tmpCXr1DZ/results/rose-z8-9.png", "-auto-orient", "-depth", "8", "RGBA:/tmp/.tmpCXr1DZ/actual.rgba"]
[validation] magick ["/tmp/.tmpCXr1DZ/rose.png", "-auto-orient", "-format", "%w %h", "info:"]
[validation] magick ["/tmp/.tmpCXr1DZ/results/rose-z8-9.png", "-auto-orient", "-format", "%w %h", "info:"]
[validation] magick ["/tmp/.tmpCXr1DZ/results/rose-z8-9.png", "-auto-orient", "-format", "%w %h", "info:"]
[validation] magick ["/tmp/.tmpCXr1DZ/rose.png", "-auto-orient", "-depth", "8", "RGBA:/tmp/.tmpCXr1DZ/expected.rgba"]
[validation] magick ["/tmp/.tmpCXr1DZ/results/rose-z8-10.png", "-auto-orient", "-depth", "8", "RGBA:/tmp/.tmpCXr1DZ/actual.rgba"]
[validation] magick ["/tmp/.tmpCXr1DZ/rose.png", "-auto-orient", "-format", "%w %h", "info:"]
[validation] magick ["/tmp/.tmpCXr1DZ/results/rose-z8-10.png", "-auto-orient", "-format", "%w %h", "info:"]
[validation] magick ["/tmp/.tmpCXr1DZ/results/rose-z8-10.png", "-auto-orient", "-format", "%w %h", "info:"]
[validation] magick ["/tmp/.tmpCXr1DZ/rose.png", "-auto-orient", "-depth", "8", "RGBA:/tmp/.tmpCXr1DZ/expected.rgba"]
[validation] magick ["/tmp/.tmpCXr1DZ/results/rose-z8-11.png", "-auto-orient", "-depth", "8", "RGBA:/tmp/.tmpCXr1DZ/actual.rgba"]
[validation] magick ["/tmp/.tmpCXr1DZ/rose.png", "-auto-orient", "-format", "%w %h", "info:"]
[validation] magick ["/tmp/.tmpCXr1DZ/results/rose-z8-11.png", "-auto-orient", "-format", "%w %h", "info:"]
[validation] magick ["/tmp/.tmpCXr1DZ/results/rose-z8-11.png", "-auto-orient", "-format", "%w %h", "info:"]
[validation] magick ["/tmp/.tmpCXr1DZ/rose.png", "-auto-orient", "-depth", "8", "RGBA:/tmp/.tmpCXr1DZ/expected.rgba"]
[validation] magick ["/tmp/.tmpCXr1DZ/results/rose-z8-12.png", "-auto-orient", "-depth", "8", "RGBA:/tmp/.tmpCXr1DZ/actual.rgba"]
[validation] magick ["/tmp/.tmpCXr1DZ/rose.png", "-auto-orient", "-format", "%w %h", "info:"]
[validation] magick ["/tmp/.tmpCXr1DZ/results/rose-z8-12.png", "-auto-orient", "-format", "%w %h", "info:"]
[validation] magick ["/tmp/.tmpCXr1DZ/results/rose-z8-12.png", "-auto-orient", "-format", "%w %h", "info:"]
[validation] magick ["/tmp/.tmpCXr1DZ/rose.png", "-auto-orient", "-depth", "8", "RGBA:/tmp/.tmpCXr1DZ/expected.rgba"]
[validation] magick ["/tmp/.tmpCXr1DZ/results/rose-z8-13.png", "-auto-orient", "-depth", "8", "RGBA:/tmp/.tmpCXr1DZ/actual.rgba"]
[validation] magick ["/tmp/.tmpCXr1DZ/rose.png", "-auto-orient", "-format", "%w %h", "info:"]
[validation] magick ["/tmp/.tmpCXr1DZ/results/rose-z8-13.png", "-auto-orient", "-format", "%w %h", "info:"]
[validation] magick ["/tmp/.tmpCXr1DZ/results/rose-z8-13.png", "-auto-orient", "-format", "%w %h", "info:"]
[validation] magick ["/tmp/.tmpCXr1DZ/rose.png", "-auto-orient", "-depth", "8", "RGBA:/tmp/.tmpCXr1DZ/expected.rgba"]
[validation] magick ["/tmp/.tmpCXr1DZ/results/rose-z8-14.png", "-auto-orient", "-depth", "8", "RGBA:/tmp/.tmpCXr1DZ/actual.rgba"]
[validation] magick ["/tmp/.tmpCXr1DZ/rose.png", "-auto-orient", "-format", "%w %h", "info:"]
[validation] magick ["/tmp/.tmpCXr1DZ/results/rose-z8-14.png", "-auto-orient", "-format", "%w %h", "info:"]
[validation] magick ["/tmp/.tmpCXr1DZ/results/rose-z8-14.png", "-auto-orient", "-format", "%w %h", "info:"]
[validation] magick ["/tmp/.tmpCXr1DZ/rose.png", "-auto-orient", "-depth", "8", "RGBA:/tmp/.tmpCXr1DZ/expected.rgba"]
[validation] magick ["/tmp/.tmpCXr1DZ/results/rose-z8-15.png", "-auto-orient", "-depth", "8", "RGBA:/tmp/.tmpCXr1DZ/actual.rgba"]
[validation] magick ["/tmp/.tmpCXr1DZ/rose.png", "-auto-orient", "-format", "%w %h", "info:"]
[validation] magick ["/tmp/.tmpCXr1DZ/results/rose-z8-15.png", "-auto-orient", "-format", "%w %h", "info:"]
[validation] magick ["/tmp/.tmpCXr1DZ/results/rose-z8-15.png", "-auto-orient", "-format", "%w %h", "info:"]
[validation] magick ["/tmp/.tmpCXr1DZ/alpha.png", "-auto-orient", "-depth", "8", "RGBA:/tmp/.tmpCXr1DZ/expected.rgba"]
[validation] magick ["/tmp/.tmpCXr1DZ/results/alpha-z8-1.avif", "-auto-orient", "-depth", "8", "RGBA:/tmp/.tmpCXr1DZ/actual.rgba"]
[validation] magick ["/tmp/.tmpCXr1DZ/alpha.png", "-auto-orient", "-format", "%w %h", "info:"]
[validation] magick ["/tmp/.tmpCXr1DZ/results/alpha-z8-1.avif", "-auto-orient", "-format", "%w %h", "info:"]
[validation] magick ["/tmp/.tmpCXr1DZ/results/alpha-z8-1.avif", "-auto-orient", "-format", "%w %h", "info:"]
[validation] magick ["/tmp/.tmpCXr1DZ/alpha.png", "-auto-orient", "-depth", "8", "RGBA:/tmp/.tmpCXr1DZ/expected.rgba"]
[validation] magick ["/tmp/.tmpCXr1DZ/results/alpha-z8-2.avif", "-auto-orient", "-depth", "8", "RGBA:/tmp/.tmpCXr1DZ/actual.rgba"]
[validation] magick ["/tmp/.tmpCXr1DZ/alpha.png", "-auto-orient", "-format", "%w %h", "info:"]
[validation] magick ["/tmp/.tmpCXr1DZ/results/alpha-z8-2.avif", "-auto-orient", "-format", "%w %h", "info:"]
[validation] magick ["/tmp/.tmpCXr1DZ/results/alpha-z8-2.avif", "-auto-orient", "-format", "%w %h", "info:"]
[validation] magick ["/tmp/.tmpCXr1DZ/alpha.png", "-auto-orient", "-depth", "8", "RGBA:/tmp/.tmpCXr1DZ/expected.rgba"]
[validation] magick ["/tmp/.tmpCXr1DZ/results/alpha-z8-3.avif", "-auto-orient", "-depth", "8", "RGBA:/tmp/.tmpCXr1DZ/actual.rgba"]
[validation] magick ["/tmp/.tmpCXr1DZ/alpha.png", "-auto-orient", "-format", "%w %h", "info:"]
[validation] magick ["/tmp/.tmpCXr1DZ/results/alpha-z8-3.avif", "-auto-orient", "-format", "%w %h", "info:"]
[validation] magick ["/tmp/.tmpCXr1DZ/results/alpha-z8-3.avif", "-auto-orient", "-format", "%w %h", "info:"]
[validation] magick ["/tmp/.tmpCXr1DZ/alpha.png", "-auto-orient", "-depth", "8", "RGBA:/tmp/.tmpCXr1DZ/expected.rgba"]
[validation] magick ["/tmp/.tmpCXr1DZ/results/alpha-z8-4.avif", "-auto-orient", "-depth", "8", "RGBA:/tmp/.tmpCXr1DZ/actual.rgba"]
[validation] magick ["/tmp/.tmpCXr1DZ/alpha.png", "-auto-orient", "-format", "%w %h", "info:"]
[validation] magick ["/tmp/.tmpCXr1DZ/results/alpha-z8-4.avif", "-auto-orient", "-format", "%w %h", "info:"]
[validation] magick ["/tmp/.tmpCXr1DZ/results/alpha-z8-4.avif", "-auto-orient", "-format", "%w %h", "info:"]
[validation] magick ["/tmp/.tmpCXr1DZ/alpha.png", "-auto-orient", "-depth", "8", "RGBA:/tmp/.tmpCXr1DZ/expected.rgba"]
[validation] magick ["/tmp/.tmpCXr1DZ/results/alpha-z8-5.avif", "-auto-orient", "-depth", "8", "RGBA:/tmp/.tmpCXr1DZ/actual.rgba"]
[validation] magick ["/tmp/.tmpCXr1DZ/alpha.png", "-auto-orient", "-format", "%w %h", "info:"]
[validation] magick ["/tmp/.tmpCXr1DZ/results/alpha-z8-5.avif", "-auto-orient", "-format", "%w %h", "info:"]
[validation] magick ["/tmp/.tmpCXr1DZ/results/alpha-z8-5.avif", "-auto-orient", "-format", "%w %h", "info:"]
[validation] magick ["/tmp/.tmpCXr1DZ/alpha.png", "-auto-orient", "-depth", "8", "RGBA:/tmp/.tmpCXr1DZ/expected.rgba"]
[validation] magick ["/tmp/.tmpCXr1DZ/results/alpha-z8-6.avif", "-auto-orient", "-depth", "8", "RGBA:/tmp/.tmpCXr1DZ/actual.rgba"]
[validation] magick ["/tmp/.tmpCXr1DZ/alpha.png", "-auto-orient", "-format", "%w %h", "info:"]
[validation] magick ["/tmp/.tmpCXr1DZ/results/alpha-z8-6.avif", "-auto-orient", "-format", "%w %h", "info:"]
[validation] magick ["/tmp/.tmpCXr1DZ/results/alpha-z8-6.avif", "-auto-orient", "-format", "%w %h", "info:"]
[validation] magick ["/tmp/.tmpCXr1DZ/alpha.png", "-auto-orient", "-depth", "8", "RGBA:/tmp/.tmpCXr1DZ/expected.rgba"]
[validation] magick ["/tmp/.tmpCXr1DZ/results/alpha-z8-7.avif", "-auto-orient", "-depth", "8", "RGBA:/tmp/.tmpCXr1DZ/actual.rgba"]
[validation] magick ["/tmp/.tmpCXr1DZ/alpha.png", "-auto-orient", "-format", "%w %h", "info:"]
[validation] magick ["/tmp/.tmpCXr1DZ/results/alpha-z8-7.avif", "-auto-orient", "-format", "%w %h", "info:"]
[validation] magick ["/tmp/.tmpCXr1DZ/results/alpha-z8-7.avif", "-auto-orient", "-format", "%w %h", "info:"]
[validation] magick ["/tmp/.tmpCXr1DZ/alpha.png", "-auto-orient", "-depth", "8", "RGBA:/tmp/.tmpCXr1DZ/expected.rgba"]
[validation] magick ["/tmp/.tmpCXr1DZ/results/alpha-z8-8.avif", "-auto-orient", "-depth", "8", "RGBA:/tmp/.tmpCXr1DZ/actual.rgba"]
[validation] magick ["/tmp/.tmpCXr1DZ/alpha.png", "-auto-orient", "-format", "%w %h", "info:"]
[validation] magick ["/tmp/.tmpCXr1DZ/results/alpha-z8-8.avif", "-auto-orient", "-format", "%w %h", "info:"]
[validation] magick ["/tmp/.tmpCXr1DZ/results/alpha-z8-8.avif", "-auto-orient", "-format", "%w %h", "info:"]
[validation] magick ["/tmp/.tmpCXr1DZ/alpha.png", "-auto-orient", "-depth", "8", "RGBA:/tmp/.tmpCXr1DZ/expected.rgba"]
[validation] magick ["/tmp/.tmpCXr1DZ/results/alpha-z8-9.avif", "-auto-orient", "-depth", "8", "RGBA:/tmp/.tmpCXr1DZ/actual.rgba"]
[validation] magick ["/tmp/.tmpCXr1DZ/alpha.png", "-auto-orient", "-format", "%w %h", "info:"]
[validation] magick ["/tmp/.tmpCXr1DZ/results/alpha-z8-9.avif", "-auto-orient", "-format", "%w %h", "info:"]
[validation] magick ["/tmp/.tmpCXr1DZ/results/alpha-z8-9.avif", "-auto-orient", "-format", "%w %h", "info:"]
[validation] magick ["/tmp/.tmpCXr1DZ/alpha.png", "-auto-orient", "-depth", "8", "RGBA:/tmp/.tmpCXr1DZ/expected.rgba"]
[validation] magick ["/tmp/.tmpCXr1DZ/results/alpha-z8-10.avif", "-auto-orient", "-depth", "8", "RGBA:/tmp/.tmpCXr1DZ/actual.rgba"]
[validation] magick ["/tmp/.tmpCXr1DZ/alpha.png", "-auto-orient", "-format", "%w %h", "info:"]
[validation] magick ["/tmp/.tmpCXr1DZ/results/alpha-z8-10.avif", "-auto-orient", "-format", "%w %h", "info:"]
[validation] magick ["/tmp/.tmpCXr1DZ/results/alpha-z8-10.avif", "-auto-orient", "-format", "%w %h", "info:"]
[validation] magick ["/tmp/.tmpCXr1DZ/alpha.png", "-auto-orient", "-depth", "8", "RGBA:/tmp/.tmpCXr1DZ/expected.rgba"]
[validation] magick ["/tmp/.tmpCXr1DZ/results/alpha-z8-11.avif", "-auto-orient", "-depth", "8", "RGBA:/tmp/.tmpCXr1DZ/actual.rgba"]
[validation] magick ["/tmp/.tmpCXr1DZ/alpha.png", "-auto-orient", "-format", "%w %h", "info:"]
[validation] magick ["/tmp/.tmpCXr1DZ/results/alpha-z8-11.avif", "-auto-orient", "-format", "%w %h", "info:"]
[validation] magick ["/tmp/.tmpCXr1DZ/results/alpha-z8-11.avif", "-auto-orient", "-format", "%w %h", "info:"]
[validation] magick ["/tmp/.tmpCXr1DZ/alpha.png", "-auto-orient", "-depth", "8", "RGBA:/tmp/.tmpCXr1DZ/expected.rgba"]
[validation] magick ["/tmp/.tmpCXr1DZ/results/alpha-z8-12.avif", "-auto-orient", "-depth", "8", "RGBA:/tmp/.tmpCXr1DZ/actual.rgba"]
[validation] magick ["/tmp/.tmpCXr1DZ/alpha.png", "-auto-orient", "-format", "%w %h", "info:"]
[validation] magick ["/tmp/.tmpCXr1DZ/results/alpha-z8-12.avif", "-auto-orient", "-format", "%w %h", "info:"]
[validation] magick ["/tmp/.tmpCXr1DZ/results/alpha-z8-12.avif", "-auto-orient", "-format", "%w %h", "info:"]
[validation] magick ["/tmp/.tmpCXr1DZ/alpha.png", "-auto-orient", "-depth", "8", "RGBA:/tmp/.tmpCXr1DZ/expected.rgba"]
[validation] magick ["/tmp/.tmpCXr1DZ/results/alpha-z8-13.avif", "-auto-orient", "-depth", "8", "RGBA:/tmp/.tmpCXr1DZ/actual.rgba"]
[validation] magick ["/tmp/.tmpCXr1DZ/alpha.png", "-auto-orient", "-format", "%w %h", "info:"]
[validation] magick ["/tmp/.tmpCXr1DZ/results/alpha-z8-13.avif", "-auto-orient", "-format", "%w %h", "info:"]
[validation] magick ["/tmp/.tmpCXr1DZ/results/alpha-z8-13.avif", "-auto-orient", "-format", "%w %h", "info:"]
[validation] magick ["/tmp/.tmpCXr1DZ/alpha.png", "-auto-orient", "-depth", "8", "RGBA:/tmp/.tmpCXr1DZ/expected.rgba"]
[validation] magick ["/tmp/.tmpCXr1DZ/results/alpha-z8-14.avif", "-auto-orient", "-depth", "8", "RGBA:/tmp/.tmpCXr1DZ/actual.rgba"]
[validation] magick ["/tmp/.tmpCXr1DZ/alpha.png", "-auto-orient", "-format", "%w %h", "info:"]
[validation] magick ["/tmp/.tmpCXr1DZ/results/alpha-z8-14.avif", "-auto-orient", "-format", "%w %h", "info:"]
[validation] magick ["/tmp/.tmpCXr1DZ/results/alpha-z8-14.avif", "-auto-orient", "-format", "%w %h", "info:"]
[validation] magick ["/tmp/.tmpCXr1DZ/alpha.png", "-auto-orient", "-depth", "8", "RGBA:/tmp/.tmpCXr1DZ/expected.rgba"]
[validation] magick ["/tmp/.tmpCXr1DZ/results/alpha-z8-15.avif", "-auto-orient", "-depth", "8", "RGBA:/tmp/.tmpCXr1DZ/actual.rgba"]
[validation] magick ["/tmp/.tmpCXr1DZ/alpha.png", "-auto-orient", "-format", "%w %h", "info:"]
[validation] magick ["/tmp/.tmpCXr1DZ/results/alpha-z8-15.avif", "-auto-orient", "-format", "%w %h", "info:"]
[validation] magick ["/tmp/.tmpCXr1DZ/results/alpha-z8-15.avif", "-auto-orient", "-format", "%w %h", "info:"]
[validation] magick ["/tmp/.tmpCXr1DZ/alpha.png", "-auto-orient", "-depth", "8", "RGBA:/tmp/.tmpCXr1DZ/expected.rgba"]
[validation] magick ["/tmp/.tmpCXr1DZ/results/alpha-z8-1.webp", "-auto-orient", "-depth", "8", "RGBA:/tmp/.tmpCXr1DZ/actual.rgba"]
[validation] magick ["/tmp/.tmpCXr1DZ/alpha.png", "-auto-orient", "-format", "%w %h", "info:"]
[validation] magick ["/tmp/.tmpCXr1DZ/results/alpha-z8-1.webp", "-auto-orient", "-format", "%w %h", "info:"]
[validation] magick ["/tmp/.tmpCXr1DZ/results/alpha-z8-1.webp", "-auto-orient", "-format", "%w %h", "info:"]
[validation] magick ["/tmp/.tmpCXr1DZ/alpha.png", "-auto-orient", "-depth", "8", "RGBA:/tmp/.tmpCXr1DZ/expected.rgba"]
[validation] magick ["/tmp/.tmpCXr1DZ/results/alpha-z8-2.webp", "-auto-orient", "-depth", "8", "RGBA:/tmp/.tmpCXr1DZ/actual.rgba"]
[validation] magick ["/tmp/.tmpCXr1DZ/alpha.png", "-auto-orient", "-format", "%w %h", "info:"]
[validation] magick ["/tmp/.tmpCXr1DZ/results/alpha-z8-2.webp", "-auto-orient", "-format", "%w %h", "info:"]
[validation] magick ["/tmp/.tmpCXr1DZ/results/alpha-z8-2.webp", "-auto-orient", "-format", "%w %h", "info:"]
[validation] magick ["/tmp/.tmpCXr1DZ/alpha.png", "-auto-orient", "-depth", "8", "RGBA:/tmp/.tmpCXr1DZ/expected.rgba"]
[validation] magick ["/tmp/.tmpCXr1DZ/results/alpha-z8-3.webp", "-auto-orient", "-depth", "8", "RGBA:/tmp/.tmpCXr1DZ/actual.rgba"]
[validation] magick ["/tmp/.tmpCXr1DZ/alpha.png", "-auto-orient", "-format", "%w %h", "info:"]
[validation] magick ["/tmp/.tmpCXr1DZ/results/alpha-z8-3.webp", "-auto-orient", "-format", "%w %h", "info:"]
[validation] magick ["/tmp/.tmpCXr1DZ/results/alpha-z8-3.webp", "-auto-orient", "-format", "%w %h", "info:"]
[validation] magick ["/tmp/.tmpCXr1DZ/alpha.png", "-auto-orient", "-depth", "8", "RGBA:/tmp/.tmpCXr1DZ/expected.rgba"]
[validation] magick ["/tmp/.tmpCXr1DZ/results/alpha-z8-4.webp", "-auto-orient", "-depth", "8", "RGBA:/tmp/.tmpCXr1DZ/actual.rgba"]
[validation] magick ["/tmp/.tmpCXr1DZ/alpha.png", "-auto-orient", "-format", "%w %h", "info:"]
[validation] magick ["/tmp/.tmpCXr1DZ/results/alpha-z8-4.webp", "-auto-orient", "-format", "%w %h", "info:"]
[validation] magick ["/tmp/.tmpCXr1DZ/results/alpha-z8-4.webp", "-auto-orient", "-format", "%w %h", "info:"]
[validation] magick ["/tmp/.tmpCXr1DZ/alpha.png", "-auto-orient", "-depth", "8", "RGBA:/tmp/.tmpCXr1DZ/expected.rgba"]
[validation] magick ["/tmp/.tmpCXr1DZ/results/alpha-z8-5.webp", "-auto-orient", "-depth", "8", "RGBA:/tmp/.tmpCXr1DZ/actual.rgba"]
[validation] magick ["/tmp/.tmpCXr1DZ/alpha.png", "-auto-orient", "-format", "%w %h", "info:"]
[validation] magick ["/tmp/.tmpCXr1DZ/results/alpha-z8-5.webp", "-auto-orient", "-format", "%w %h", "info:"]
[validation] magick ["/tmp/.tmpCXr1DZ/results/alpha-z8-5.webp", "-auto-orient", "-format", "%w %h", "info:"]
[validation] magick ["/tmp/.tmpCXr1DZ/alpha.png", "-auto-orient", "-depth", "8", "RGBA:/tmp/.tmpCXr1DZ/expected.rgba"]
[validation] magick ["/tmp/.tmpCXr1DZ/results/alpha-z8-6.webp", "-auto-orient", "-depth", "8", "RGBA:/tmp/.tmpCXr1DZ/actual.rgba"]
[validation] magick ["/tmp/.tmpCXr1DZ/alpha.png", "-auto-orient", "-format", "%w %h", "info:"]
[validation] magick ["/tmp/.tmpCXr1DZ/results/alpha-z8-6.webp", "-auto-orient", "-format", "%w %h", "info:"]
[validation] magick ["/tmp/.tmpCXr1DZ/results/alpha-z8-6.webp", "-auto-orient", "-format", "%w %h", "info:"]
[validation] magick ["/tmp/.tmpCXr1DZ/alpha.png", "-auto-orient", "-depth", "8", "RGBA:/tmp/.tmpCXr1DZ/expected.rgba"]
[validation] magick ["/tmp/.tmpCXr1DZ/results/alpha-z8-7.webp", "-auto-orient", "-depth", "8", "RGBA:/tmp/.tmpCXr1DZ/actual.rgba"]
[validation] magick ["/tmp/.tmpCXr1DZ/alpha.png", "-auto-orient", "-format", "%w %h", "info:"]
[validation] magick ["/tmp/.tmpCXr1DZ/results/alpha-z8-7.webp", "-auto-orient", "-format", "%w %h", "info:"]
[validation] magick ["/tmp/.tmpCXr1DZ/results/alpha-z8-7.webp", "-auto-orient", "-format", "%w %h", "info:"]
[validation] magick ["/tmp/.tmpCXr1DZ/alpha.png", "-auto-orient", "-depth", "8", "RGBA:/tmp/.tmpCXr1DZ/expected.rgba"]
[validation] magick ["/tmp/.tmpCXr1DZ/results/alpha-z8-8.webp", "-auto-orient", "-depth", "8", "RGBA:/tmp/.tmpCXr1DZ/actual.rgba"]
[validation] magick ["/tmp/.tmpCXr1DZ/alpha.png", "-auto-orient", "-format", "%w %h", "info:"]
[validation] magick ["/tmp/.tmpCXr1DZ/results/alpha-z8-8.webp", "-auto-orient", "-format", "%w %h", "info:"]
[validation] magick ["/tmp/.tmpCXr1DZ/results/alpha-z8-8.webp", "-auto-orient", "-format", "%w %h", "info:"]
[validation] magick ["/tmp/.tmpCXr1DZ/alpha.png", "-auto-orient", "-depth", "8", "RGBA:/tmp/.tmpCXr1DZ/expected.rgba"]
[validation] magick ["/tmp/.tmpCXr1DZ/results/alpha-z8-9.webp", "-auto-orient", "-depth", "8", "RGBA:/tmp/.tmpCXr1DZ/actual.rgba"]
[validation] magick ["/tmp/.tmpCXr1DZ/alpha.png", "-auto-orient", "-format", "%w %h", "info:"]
[validation] magick ["/tmp/.tmpCXr1DZ/results/alpha-z8-9.webp", "-auto-orient", "-format", "%w %h", "info:"]
[validation] magick ["/tmp/.tmpCXr1DZ/results/alpha-z8-9.webp", "-auto-orient", "-format", "%w %h", "info:"]
[validation] magick ["/tmp/.tmpCXr1DZ/alpha.png", "-auto-orient", "-depth", "8", "RGBA:/tmp/.tmpCXr1DZ/expected.rgba"]
[validation] magick ["/tmp/.tmpCXr1DZ/results/alpha-z8-10.webp", "-auto-orient", "-depth", "8", "RGBA:/tmp/.tmpCXr1DZ/actual.rgba"]
[validation] magick ["/tmp/.tmpCXr1DZ/alpha.png", "-auto-orient", "-format", "%w %h", "info:"]
[validation] magick ["/tmp/.tmpCXr1DZ/results/alpha-z8-10.webp", "-auto-orient", "-format", "%w %h", "info:"]
[validation] magick ["/tmp/.tmpCXr1DZ/results/alpha-z8-10.webp", "-auto-orient", "-format", "%w %h", "info:"]
[validation] magick ["/tmp/.tmpCXr1DZ/alpha.png", "-auto-orient", "-depth", "8", "RGBA:/tmp/.tmpCXr1DZ/expected.rgba"]
[validation] magick ["/tmp/.tmpCXr1DZ/results/alpha-z8-11.webp", "-auto-orient", "-depth", "8", "RGBA:/tmp/.tmpCXr1DZ/actual.rgba"]
[validation] magick ["/tmp/.tmpCXr1DZ/alpha.png", "-auto-orient", "-format", "%w %h", "info:"]
[validation] magick ["/tmp/.tmpCXr1DZ/results/alpha-z8-11.webp", "-auto-orient", "-format", "%w %h", "info:"]
[validation] magick ["/tmp/.tmpCXr1DZ/results/alpha-z8-11.webp", "-auto-orient", "-format", "%w %h", "info:"]
[validation] magick ["/tmp/.tmpCXr1DZ/alpha.png", "-auto-orient", "-depth", "8", "RGBA:/tmp/.tmpCXr1DZ/expected.rgba"]
[validation] magick ["/tmp/.tmpCXr1DZ/results/alpha-z8-12.webp", "-auto-orient", "-depth", "8", "RGBA:/tmp/.tmpCXr1DZ/actual.rgba"]
[validation] magick ["/tmp/.tmpCXr1DZ/alpha.png", "-auto-orient", "-format", "%w %h", "info:"]
[validation] magick ["/tmp/.tmpCXr1DZ/results/alpha-z8-12.webp", "-auto-orient", "-format", "%w %h", "info:"]
[validation] magick ["/tmp/.tmpCXr1DZ/results/alpha-z8-12.webp", "-auto-orient", "-format", "%w %h", "info:"]
[validation] magick ["/tmp/.tmpCXr1DZ/alpha.png", "-auto-orient", "-depth", "8", "RGBA:/tmp/.tmpCXr1DZ/expected.rgba"]
[validation] magick ["/tmp/.tmpCXr1DZ/results/alpha-z8-13.webp", "-auto-orient", "-depth", "8", "RGBA:/tmp/.tmpCXr1DZ/actual.rgba"]
[validation] magick ["/tmp/.tmpCXr1DZ/alpha.png", "-auto-orient", "-format", "%w %h", "info:"]
[validation] magick ["/tmp/.tmpCXr1DZ/results/alpha-z8-13.webp", "-auto-orient", "-format", "%w %h", "info:"]
[validation] magick ["/tmp/.tmpCXr1DZ/results/alpha-z8-13.webp", "-auto-orient", "-format", "%w %h", "info:"]
[validation] magick ["/tmp/.tmpCXr1DZ/alpha.png", "-auto-orient", "-depth", "8", "RGBA:/tmp/.tmpCXr1DZ/expected.rgba"]
[validation] magick ["/tmp/.tmpCXr1DZ/results/alpha-z8-14.webp", "-auto-orient", "-depth", "8", "RGBA:/tmp/.tmpCXr1DZ/actual.rgba"]
[validation] magick ["/tmp/.tmpCXr1DZ/alpha.png", "-auto-orient", "-format", "%w %h", "info:"]
[validation] magick ["/tmp/.tmpCXr1DZ/results/alpha-z8-14.webp", "-auto-orient", "-format", "%w %h", "info:"]
[validation] magick ["/tmp/.tmpCXr1DZ/results/alpha-z8-14.webp", "-auto-orient", "-format", "%w %h", "info:"]
[validation] magick ["/tmp/.tmpCXr1DZ/alpha.png", "-auto-orient", "-depth", "8", "RGBA:/tmp/.tmpCXr1DZ/expected.rgba"]
[validation] magick ["/tmp/.tmpCXr1DZ/results/alpha-z8-15.webp", "-auto-orient", "-depth", "8", "RGBA:/tmp/.tmpCXr1DZ/actual.rgba"]
[validation] magick ["/tmp/.tmpCXr1DZ/alpha.png", "-auto-orient", "-format", "%w %h", "info:"]
[validation] magick ["/tmp/.tmpCXr1DZ/results/alpha-z8-15.webp", "-auto-orient", "-format", "%w %h", "info:"]
[validation] magick ["/tmp/.tmpCXr1DZ/results/alpha-z8-15.webp", "-auto-orient", "-format", "%w %h", "info:"]
[validation] magick ["/tmp/.tmpCXr1DZ/alpha.png", "-auto-orient", "-background", "white", "-alpha", "remove", "-alpha", "off", "-depth", "8", "RGBA:/tmp/.tmpCXr1DZ/expected.rgba"]
[validation] magick ["/tmp/.tmpCXr1DZ/results/alpha-z8-1.jpg", "-auto-orient", "-depth", "8", "RGBA:/tmp/.tmpCXr1DZ/actual.rgba"]
[validation] magick ["/tmp/.tmpCXr1DZ/alpha.png", "-auto-orient", "-format", "%w %h", "info:"]
[validation] magick ["/tmp/.tmpCXr1DZ/results/alpha-z8-1.jpg", "-auto-orient", "-format", "%w %h", "info:"]
[validation] magick ["/tmp/.tmpCXr1DZ/results/alpha-z8-1.jpg", "-auto-orient", "-format", "%w %h", "info:"]
[validation] magick ["/tmp/.tmpCXr1DZ/alpha.png", "-auto-orient", "-background", "white", "-alpha", "remove", "-alpha", "off", "-depth", "8", "RGBA:/tmp/.tmpCXr1DZ/expected.rgba"]
[validation] magick ["/tmp/.tmpCXr1DZ/results/alpha-z8-2.jpg", "-auto-orient", "-depth", "8", "RGBA:/tmp/.tmpCXr1DZ/actual.rgba"]
[validation] magick ["/tmp/.tmpCXr1DZ/alpha.png", "-auto-orient", "-format", "%w %h", "info:"]
[validation] magick ["/tmp/.tmpCXr1DZ/results/alpha-z8-2.jpg", "-auto-orient", "-format", "%w %h", "info:"]
[validation] magick ["/tmp/.tmpCXr1DZ/results/alpha-z8-2.jpg", "-auto-orient", "-format", "%w %h", "info:"]
[validation] magick ["/tmp/.tmpCXr1DZ/alpha.png", "-auto-orient", "-background", "white", "-alpha", "remove", "-alpha", "off", "-depth", "8", "RGBA:/tmp/.tmpCXr1DZ/expected.rgba"]
[validation] magick ["/tmp/.tmpCXr1DZ/results/alpha-z8-3.jpg", "-auto-orient", "-depth", "8", "RGBA:/tmp/.tmpCXr1DZ/actual.rgba"]
[validation] magick ["/tmp/.tmpCXr1DZ/alpha.png", "-auto-orient", "-format", "%w %h", "info:"]
[validation] magick ["/tmp/.tmpCXr1DZ/results/alpha-z8-3.jpg", "-auto-orient", "-format", "%w %h", "info:"]
[validation] magick ["/tmp/.tmpCXr1DZ/results/alpha-z8-3.jpg", "-auto-orient", "-format", "%w %h", "info:"]
[validation] magick ["/tmp/.tmpCXr1DZ/alpha.png", "-auto-orient", "-background", "white", "-alpha", "remove", "-alpha", "off", "-depth", "8", "RGBA:/tmp/.tmpCXr1DZ/expected.rgba"]
[validation] magick ["/tmp/.tmpCXr1DZ/results/alpha-z8-4.jpg", "-auto-orient", "-depth", "8", "RGBA:/tmp/.tmpCXr1DZ/actual.rgba"]
[validation] magick ["/tmp/.tmpCXr1DZ/alpha.png", "-auto-orient", "-format", "%w %h", "info:"]
[validation] magick ["/tmp/.tmpCXr1DZ/results/alpha-z8-4.jpg", "-auto-orient", "-format", "%w %h", "info:"]
[validation] magick ["/tmp/.tmpCXr1DZ/results/alpha-z8-4.jpg", "-auto-orient", "-format", "%w %h", "info:"]
[validation] magick ["/tmp/.tmpCXr1DZ/alpha.png", "-auto-orient", "-background", "white", "-alpha", "remove", "-alpha", "off", "-depth", "8", "RGBA:/tmp/.tmpCXr1DZ/expected.rgba"]
[validation] magick ["/tmp/.tmpCXr1DZ/results/alpha-z8-5.jpg", "-auto-orient", "-depth", "8", "RGBA:/tmp/.tmpCXr1DZ/actual.rgba"]
[validation] magick ["/tmp/.tmpCXr1DZ/alpha.png", "-auto-orient", "-format", "%w %h", "info:"]
[validation] magick ["/tmp/.tmpCXr1DZ/results/alpha-z8-5.jpg", "-auto-orient", "-format", "%w %h", "info:"]
[validation] magick ["/tmp/.tmpCXr1DZ/results/alpha-z8-5.jpg", "-auto-orient", "-format", "%w %h", "info:"]
[validation] magick ["/tmp/.tmpCXr1DZ/alpha.png", "-auto-orient", "-background", "white", "-alpha", "remove", "-alpha", "off", "-depth", "8", "RGBA:/tmp/.tmpCXr1DZ/expected.rgba"]
[validation] magick ["/tmp/.tmpCXr1DZ/results/alpha-z8-6.jpg", "-auto-orient", "-depth", "8", "RGBA:/tmp/.tmpCXr1DZ/actual.rgba"]
[validation] magick ["/tmp/.tmpCXr1DZ/alpha.png", "-auto-orient", "-format", "%w %h", "info:"]
[validation] magick ["/tmp/.tmpCXr1DZ/results/alpha-z8-6.jpg", "-auto-orient", "-format", "%w %h", "info:"]
[validation] magick ["/tmp/.tmpCXr1DZ/results/alpha-z8-6.jpg", "-auto-orient", "-format", "%w %h", "info:"]
[validation] magick ["/tmp/.tmpCXr1DZ/alpha.png", "-auto-orient", "-background", "white", "-alpha", "remove", "-alpha", "off", "-depth", "8", "RGBA:/tmp/.tmpCXr1DZ/expected.rgba"]
[validation] magick ["/tmp/.tmpCXr1DZ/results/alpha-z8-7.jpg", "-auto-orient", "-depth", "8", "RGBA:/tmp/.tmpCXr1DZ/actual.rgba"]
[validation] magick ["/tmp/.tmpCXr1DZ/alpha.png", "-auto-orient", "-format", "%w %h", "info:"]
[validation] magick ["/tmp/.tmpCXr1DZ/results/alpha-z8-7.jpg", "-auto-orient", "-format", "%w %h", "info:"]
[validation] magick ["/tmp/.tmpCXr1DZ/results/alpha-z8-7.jpg", "-auto-orient", "-format", "%w %h", "info:"]
[validation] magick ["/tmp/.tmpCXr1DZ/alpha.png", "-auto-orient", "-background", "white", "-alpha", "remove", "-alpha", "off", "-depth", "8", "RGBA:/tmp/.tmpCXr1DZ/expected.rgba"]
[validation] magick ["/tmp/.tmpCXr1DZ/results/alpha-z8-8.jpg", "-auto-orient", "-depth", "8", "RGBA:/tmp/.tmpCXr1DZ/actual.rgba"]
[validation] magick ["/tmp/.tmpCXr1DZ/alpha.png", "-auto-orient", "-format", "%w %h", "info:"]
[validation] magick ["/tmp/.tmpCXr1DZ/results/alpha-z8-8.jpg", "-auto-orient", "-format", "%w %h", "info:"]
[validation] magick ["/tmp/.tmpCXr1DZ/results/alpha-z8-8.jpg", "-auto-orient", "-format", "%w %h", "info:"]
[validation] magick ["/tmp/.tmpCXr1DZ/alpha.png", "-auto-orient", "-background", "white", "-alpha", "remove", "-alpha", "off", "-depth", "8", "RGBA:/tmp/.tmpCXr1DZ/expected.rgba"]
[validation] magick ["/tmp/.tmpCXr1DZ/results/alpha-z8-9.jpg", "-auto-orient", "-depth", "8", "RGBA:/tmp/.tmpCXr1DZ/actual.rgba"]
[validation] magick ["/tmp/.tmpCXr1DZ/alpha.png", "-auto-orient", "-format", "%w %h", "info:"]
[validation] magick ["/tmp/.tmpCXr1DZ/results/alpha-z8-9.jpg", "-auto-orient", "-format", "%w %h", "info:"]
[validation] magick ["/tmp/.tmpCXr1DZ/results/alpha-z8-9.jpg", "-auto-orient", "-format", "%w %h", "info:"]
[validation] magick ["/tmp/.tmpCXr1DZ/alpha.png", "-auto-orient", "-background", "white", "-alpha", "remove", "-alpha", "off", "-depth", "8", "RGBA:/tmp/.tmpCXr1DZ/expected.rgba"]
[validation] magick ["/tmp/.tmpCXr1DZ/results/alpha-z8-10.jpg", "-auto-orient", "-depth", "8", "RGBA:/tmp/.tmpCXr1DZ/actual.rgba"]
[validation] magick ["/tmp/.tmpCXr1DZ/alpha.png", "-auto-orient", "-format", "%w %h", "info:"]
[validation] magick ["/tmp/.tmpCXr1DZ/results/alpha-z8-10.jpg", "-auto-orient", "-format", "%w %h", "info:"]
[validation] magick ["/tmp/.tmpCXr1DZ/results/alpha-z8-10.jpg", "-auto-orient", "-format", "%w %h", "info:"]
[validation] magick ["/tmp/.tmpCXr1DZ/alpha.png", "-auto-orient", "-background", "white", "-alpha", "remove", "-alpha", "off", "-depth", "8", "RGBA:/tmp/.tmpCXr1DZ/expected.rgba"]
[validation] magick ["/tmp/.tmpCXr1DZ/results/alpha-z8-11.jpg", "-auto-orient", "-depth", "8", "RGBA:/tmp/.tmpCXr1DZ/actual.rgba"]
[validation] magick ["/tmp/.tmpCXr1DZ/alpha.png", "-auto-orient", "-format", "%w %h", "info:"]
[validation] magick ["/tmp/.tmpCXr1DZ/results/alpha-z8-11.jpg", "-auto-orient", "-format", "%w %h", "info:"]
[validation] magick ["/tmp/.tmpCXr1DZ/results/alpha-z8-11.jpg", "-auto-orient", "-format", "%w %h", "info:"]
[validation] magick ["/tmp/.tmpCXr1DZ/alpha.png", "-auto-orient", "-background", "white", "-alpha", "remove", "-alpha", "off", "-depth", "8", "RGBA:/tmp/.tmpCXr1DZ/expected.rgba"]
[validation] magick ["/tmp/.tmpCXr1DZ/results/alpha-z8-12.jpg", "-auto-orient", "-depth", "8", "RGBA:/tmp/.tmpCXr1DZ/actual.rgba"]
[validation] magick ["/tmp/.tmpCXr1DZ/alpha.png", "-auto-orient", "-format", "%w %h", "info:"]
[validation] magick ["/tmp/.tmpCXr1DZ/results/alpha-z8-12.jpg", "-auto-orient", "-format", "%w %h", "info:"]
[validation] magick ["/tmp/.tmpCXr1DZ/results/alpha-z8-12.jpg", "-auto-orient", "-format", "%w %h", "info:"]
[validation] magick ["/tmp/.tmpCXr1DZ/alpha.png", "-auto-orient", "-background", "white", "-alpha", "remove", "-alpha", "off", "-depth", "8", "RGBA:/tmp/.tmpCXr1DZ/expected.rgba"]
[validation] magick ["/tmp/.tmpCXr1DZ/results/alpha-z8-13.jpg", "-auto-orient", "-depth", "8", "RGBA:/tmp/.tmpCXr1DZ/actual.rgba"]
[validation] magick ["/tmp/.tmpCXr1DZ/alpha.png", "-auto-orient", "-format", "%w %h", "info:"]
[validation] magick ["/tmp/.tmpCXr1DZ/results/alpha-z8-13.jpg", "-auto-orient", "-format", "%w %h", "info:"]
[validation] magick ["/tmp/.tmpCXr1DZ/results/alpha-z8-13.jpg", "-auto-orient", "-format", "%w %h", "info:"]
[validation] magick ["/tmp/.tmpCXr1DZ/alpha.png", "-auto-orient", "-background", "white", "-alpha", "remove", "-alpha", "off", "-depth", "8", "RGBA:/tmp/.tmpCXr1DZ/expected.rgba"]
[validation] magick ["/tmp/.tmpCXr1DZ/results/alpha-z8-14.jpg", "-auto-orient", "-depth", "8", "RGBA:/tmp/.tmpCXr1DZ/actual.rgba"]
[validation] magick ["/tmp/.tmpCXr1DZ/alpha.png", "-auto-orient", "-format", "%w %h", "info:"]
[validation] magick ["/tmp/.tmpCXr1DZ/results/alpha-z8-14.jpg", "-auto-orient", "-format", "%w %h", "info:"]
[validation] magick ["/tmp/.tmpCXr1DZ/results/alpha-z8-14.jpg", "-auto-orient", "-format", "%w %h", "info:"]
[validation] magick ["/tmp/.tmpCXr1DZ/alpha.png", "-auto-orient", "-background", "white", "-alpha", "remove", "-alpha", "off", "-depth", "8", "RGBA:/tmp/.tmpCXr1DZ/expected.rgba"]
[validation] magick ["/tmp/.tmpCXr1DZ/results/alpha-z8-15.jpg", "-auto-orient", "-depth", "8", "RGBA:/tmp/.tmpCXr1DZ/actual.rgba"]
[validation] magick ["/tmp/.tmpCXr1DZ/alpha.png", "-auto-orient", "-format", "%w %h", "info:"]
[validation] magick ["/tmp/.tmpCXr1DZ/results/alpha-z8-15.jpg", "-auto-orient", "-format", "%w %h", "info:"]
[validation] magick ["/tmp/.tmpCXr1DZ/results/alpha-z8-15.jpg", "-auto-orient", "-format", "%w %h", "info:"]
[validation] magick ["/tmp/.tmpCXr1DZ/alpha.png", "-auto-orient", "-depth", "8", "RGBA:/tmp/.tmpCXr1DZ/expected.rgba"]
[validation] magick ["/tmp/.tmpCXr1DZ/results/alpha-z8-1.png", "-auto-orient", "-depth", "8", "RGBA:/tmp/.tmpCXr1DZ/actual.rgba"]
[validation] magick ["/tmp/.tmpCXr1DZ/alpha.png", "-auto-orient", "-format", "%w %h", "info:"]
[validation] magick ["/tmp/.tmpCXr1DZ/results/alpha-z8-1.png", "-auto-orient", "-format", "%w %h", "info:"]
[validation] magick ["/tmp/.tmpCXr1DZ/results/alpha-z8-1.png", "-auto-orient", "-format", "%w %h", "info:"]
[validation] magick ["/tmp/.tmpCXr1DZ/alpha.png", "-auto-orient", "-depth", "8", "RGBA:/tmp/.tmpCXr1DZ/expected.rgba"]
[validation] magick ["/tmp/.tmpCXr1DZ/results/alpha-z8-2.png", "-auto-orient", "-depth", "8", "RGBA:/tmp/.tmpCXr1DZ/actual.rgba"]
[validation] magick ["/tmp/.tmpCXr1DZ/alpha.png", "-auto-orient", "-format", "%w %h", "info:"]
[validation] magick ["/tmp/.tmpCXr1DZ/results/alpha-z8-2.png", "-auto-orient", "-format", "%w %h", "info:"]
[validation] magick ["/tmp/.tmpCXr1DZ/results/alpha-z8-2.png", "-auto-orient", "-format", "%w %h", "info:"]
[validation] magick ["/tmp/.tmpCXr1DZ/alpha.png", "-auto-orient", "-depth", "8", "RGBA:/tmp/.tmpCXr1DZ/expected.rgba"]
[validation] magick ["/tmp/.tmpCXr1DZ/results/alpha-z8-3.png", "-auto-orient", "-depth", "8", "RGBA:/tmp/.tmpCXr1DZ/actual.rgba"]
[validation] magick ["/tmp/.tmpCXr1DZ/alpha.png", "-auto-orient", "-format", "%w %h", "info:"]
[validation] magick ["/tmp/.tmpCXr1DZ/results/alpha-z8-3.png", "-auto-orient", "-format", "%w %h", "info:"]
[validation] magick ["/tmp/.tmpCXr1DZ/results/alpha-z8-3.png", "-auto-orient", "-format", "%w %h", "info:"]
[validation] magick ["/tmp/.tmpCXr1DZ/alpha.png", "-auto-orient", "-depth", "8", "RGBA:/tmp/.tmpCXr1DZ/expected.rgba"]
[validation] magick ["/tmp/.tmpCXr1DZ/results/alpha-z8-4.png", "-auto-orient", "-depth", "8", "RGBA:/tmp/.tmpCXr1DZ/actual.rgba"]
[validation] magick ["/tmp/.tmpCXr1DZ/alpha.png", "-auto-orient", "-format", "%w %h", "info:"]
[validation] magick ["/tmp/.tmpCXr1DZ/results/alpha-z8-4.png", "-auto-orient", "-format", "%w %h", "info:"]
[validation] magick ["/tmp/.tmpCXr1DZ/results/alpha-z8-4.png", "-auto-orient", "-format", "%w %h", "info:"]
[validation] magick ["/tmp/.tmpCXr1DZ/alpha.png", "-auto-orient", "-depth", "8", "RGBA:/tmp/.tmpCXr1DZ/expected.rgba"]
[validation] magick ["/tmp/.tmpCXr1DZ/results/alpha-z8-5.png", "-auto-orient", "-depth", "8", "RGBA:/tmp/.tmpCXr1DZ/actual.rgba"]
[validation] magick ["/tmp/.tmpCXr1DZ/alpha.png", "-auto-orient", "-format", "%w %h", "info:"]
[validation] magick ["/tmp/.tmpCXr1DZ/results/alpha-z8-5.png", "-auto-orient", "-format", "%w %h", "info:"]
[validation] magick ["/tmp/.tmpCXr1DZ/results/alpha-z8-5.png", "-auto-orient", "-format", "%w %h", "info:"]
[validation] magick ["/tmp/.tmpCXr1DZ/alpha.png", "-auto-orient", "-depth", "8", "RGBA:/tmp/.tmpCXr1DZ/expected.rgba"]
[validation] magick ["/tmp/.tmpCXr1DZ/results/alpha-z8-6.png", "-auto-orient", "-depth", "8", "RGBA:/tmp/.tmpCXr1DZ/actual.rgba"]
[validation] magick ["/tmp/.tmpCXr1DZ/alpha.png", "-auto-orient", "-format", "%w %h", "info:"]
[validation] magick ["/tmp/.tmpCXr1DZ/results/alpha-z8-6.png", "-auto-orient", "-format", "%w %h", "info:"]
[validation] magick ["/tmp/.tmpCXr1DZ/results/alpha-z8-6.png", "-auto-orient", "-format", "%w %h", "info:"]
[validation] magick ["/tmp/.tmpCXr1DZ/alpha.png", "-auto-orient", "-depth", "8", "RGBA:/tmp/.tmpCXr1DZ/expected.rgba"]
[validation] magick ["/tmp/.tmpCXr1DZ/results/alpha-z8-7.png", "-auto-orient", "-depth", "8", "RGBA:/tmp/.tmpCXr1DZ/actual.rgba"]
[validation] magick ["/tmp/.tmpCXr1DZ/alpha.png", "-auto-orient", "-format", "%w %h", "info:"]
[validation] magick ["/tmp/.tmpCXr1DZ/results/alpha-z8-7.png", "-auto-orient", "-format", "%w %h", "info:"]
[validation] magick ["/tmp/.tmpCXr1DZ/results/alpha-z8-7.png", "-auto-orient", "-format", "%w %h", "info:"]
[validation] magick ["/tmp/.tmpCXr1DZ/alpha.png", "-auto-orient", "-depth", "8", "RGBA:/tmp/.tmpCXr1DZ/expected.rgba"]
[validation] magick ["/tmp/.tmpCXr1DZ/results/alpha-z8-8.png", "-auto-orient", "-depth", "8", "RGBA:/tmp/.tmpCXr1DZ/actual.rgba"]
[validation] magick ["/tmp/.tmpCXr1DZ/alpha.png", "-auto-orient", "-format", "%w %h", "info:"]
[validation] magick ["/tmp/.tmpCXr1DZ/results/alpha-z8-8.png", "-auto-orient", "-format", "%w %h", "info:"]
[validation] magick ["/tmp/.tmpCXr1DZ/results/alpha-z8-8.png", "-auto-orient", "-format", "%w %h", "info:"]
[validation] magick ["/tmp/.tmpCXr1DZ/alpha.png", "-auto-orient", "-depth", "8", "RGBA:/tmp/.tmpCXr1DZ/expected.rgba"]
[validation] magick ["/tmp/.tmpCXr1DZ/results/alpha-z8-9.png", "-auto-orient", "-depth", "8", "RGBA:/tmp/.tmpCXr1DZ/actual.rgba"]
[validation] magick ["/tmp/.tmpCXr1DZ/alpha.png", "-auto-orient", "-format", "%w %h", "info:"]
[validation] magick ["/tmp/.tmpCXr1DZ/results/alpha-z8-9.png", "-auto-orient", "-format", "%w %h", "info:"]
[validation] magick ["/tmp/.tmpCXr1DZ/results/alpha-z8-9.png", "-auto-orient", "-format", "%w %h", "info:"]
[validation] magick ["/tmp/.tmpCXr1DZ/alpha.png", "-auto-orient", "-depth", "8", "RGBA:/tmp/.tmpCXr1DZ/expected.rgba"]
[validation] magick ["/tmp/.tmpCXr1DZ/results/alpha-z8-10.png", "-auto-orient", "-depth", "8", "RGBA:/tmp/.tmpCXr1DZ/actual.rgba"]
[validation] magick ["/tmp/.tmpCXr1DZ/alpha.png", "-auto-orient", "-format", "%w %h", "info:"]
[validation] magick ["/tmp/.tmpCXr1DZ/results/alpha-z8-10.png", "-auto-orient", "-format", "%w %h", "info:"]
[validation] magick ["/tmp/.tmpCXr1DZ/results/alpha-z8-10.png", "-auto-orient", "-format", "%w %h", "info:"]
[validation] magick ["/tmp/.tmpCXr1DZ/alpha.png", "-auto-orient", "-depth", "8", "RGBA:/tmp/.tmpCXr1DZ/expected.rgba"]
[validation] magick ["/tmp/.tmpCXr1DZ/results/alpha-z8-11.png", "-auto-orient", "-depth", "8", "RGBA:/tmp/.tmpCXr1DZ/actual.rgba"]
[validation] magick ["/tmp/.tmpCXr1DZ/alpha.png", "-auto-orient", "-format", "%w %h", "info:"]
[validation] magick ["/tmp/.tmpCXr1DZ/results/alpha-z8-11.png", "-auto-orient", "-format", "%w %h", "info:"]
[validation] magick ["/tmp/.tmpCXr1DZ/results/alpha-z8-11.png", "-auto-orient", "-format", "%w %h", "info:"]
[validation] magick ["/tmp/.tmpCXr1DZ/alpha.png", "-auto-orient", "-depth", "8", "RGBA:/tmp/.tmpCXr1DZ/expected.rgba"]
[validation] magick ["/tmp/.tmpCXr1DZ/results/alpha-z8-12.png", "-auto-orient", "-depth", "8", "RGBA:/tmp/.tmpCXr1DZ/actual.rgba"]
[validation] magick ["/tmp/.tmpCXr1DZ/alpha.png", "-auto-orient", "-format", "%w %h", "info:"]
[validation] magick ["/tmp/.tmpCXr1DZ/results/alpha-z8-12.png", "-auto-orient", "-format", "%w %h", "info:"]
[validation] magick ["/tmp/.tmpCXr1DZ/results/alpha-z8-12.png", "-auto-orient", "-format", "%w %h", "info:"]
[validation] magick ["/tmp/.tmpCXr1DZ/alpha.png", "-auto-orient", "-depth", "8", "RGBA:/tmp/.tmpCXr1DZ/expected.rgba"]
[validation] magick ["/tmp/.tmpCXr1DZ/results/alpha-z8-13.png", "-auto-orient", "-depth", "8", "RGBA:/tmp/.tmpCXr1DZ/actual.rgba"]
[validation] magick ["/tmp/.tmpCXr1DZ/alpha.png", "-auto-orient", "-format", "%w %h", "info:"]
[validation] magick ["/tmp/.tmpCXr1DZ/results/alpha-z8-13.png", "-auto-orient", "-format", "%w %h", "info:"]
[validation] magick ["/tmp/.tmpCXr1DZ/results/alpha-z8-13.png", "-auto-orient", "-format", "%w %h", "info:"]
[validation] magick ["/tmp/.tmpCXr1DZ/alpha.png", "-auto-orient", "-depth", "8", "RGBA:/tmp/.tmpCXr1DZ/expected.rgba"]
[validation] magick ["/tmp/.tmpCXr1DZ/results/alpha-z8-14.png", "-auto-orient", "-depth", "8", "RGBA:/tmp/.tmpCXr1DZ/actual.rgba"]
[validation] magick ["/tmp/.tmpCXr1DZ/alpha.png", "-auto-orient", "-format", "%w %h", "info:"]
[validation] magick ["/tmp/.tmpCXr1DZ/results/alpha-z8-14.png", "-auto-orient", "-format", "%w %h", "info:"]
[validation] magick ["/tmp/.tmpCXr1DZ/results/alpha-z8-14.png", "-auto-orient", "-format", "%w %h", "info:"]
[validation] magick ["/tmp/.tmpCXr1DZ/alpha.png", "-auto-orient", "-depth", "8", "RGBA:/tmp/.tmpCXr1DZ/expected.rgba"]
[validation] magick ["/tmp/.tmpCXr1DZ/results/alpha-z8-15.png", "-auto-orient", "-depth", "8", "RGBA:/tmp/.tmpCXr1DZ/actual.rgba"]
[validation] magick ["/tmp/.tmpCXr1DZ/alpha.png", "-auto-orient", "-format", "%w %h", "info:"]
[validation] magick ["/tmp/.tmpCXr1DZ/results/alpha-z8-15.png", "-auto-orient", "-format", "%w %h", "info:"]
[validation] magick ["/tmp/.tmpCXr1DZ/results/alpha-z8-15.png", "-auto-orient", "-format", "%w %h", "info:"]
[validation] magick ["/tmp/.tmpCXr1DZ/gradient16.png", "-auto-orient", "-depth", "8", "RGBA:/tmp/.tmpCXr1DZ/expected.rgba"]
[validation] magick ["/tmp/.tmpCXr1DZ/results/gradient16-z8-1.avif", "-auto-orient", "-depth", "8", "RGBA:/tmp/.tmpCXr1DZ/actual.rgba"]
[validation] magick ["/tmp/.tmpCXr1DZ/gradient16.png", "-auto-orient", "-format", "%w %h", "info:"]
[validation] magick ["/tmp/.tmpCXr1DZ/results/gradient16-z8-1.avif", "-auto-orient", "-format", "%w %h", "info:"]
[validation] magick ["/tmp/.tmpCXr1DZ/results/gradient16-z8-1.avif", "-auto-orient", "-format", "%w %h", "info:"]
[validation] magick ["/tmp/.tmpCXr1DZ/gradient16.png", "-auto-orient", "-depth", "8", "RGBA:/tmp/.tmpCXr1DZ/expected.rgba"]
[validation] magick ["/tmp/.tmpCXr1DZ/results/gradient16-z8-2.avif", "-auto-orient", "-depth", "8", "RGBA:/tmp/.tmpCXr1DZ/actual.rgba"]
[validation] magick ["/tmp/.tmpCXr1DZ/gradient16.png", "-auto-orient", "-format", "%w %h", "info:"]
[validation] magick ["/tmp/.tmpCXr1DZ/results/gradient16-z8-2.avif", "-auto-orient", "-format", "%w %h", "info:"]
[validation] magick ["/tmp/.tmpCXr1DZ/results/gradient16-z8-2.avif", "-auto-orient", "-format", "%w %h", "info:"]
[validation] magick ["/tmp/.tmpCXr1DZ/gradient16.png", "-auto-orient", "-depth", "8", "RGBA:/tmp/.tmpCXr1DZ/expected.rgba"]
[validation] magick ["/tmp/.tmpCXr1DZ/results/gradient16-z8-3.avif", "-auto-orient", "-depth", "8", "RGBA:/tmp/.tmpCXr1DZ/actual.rgba"]
[validation] magick ["/tmp/.tmpCXr1DZ/gradient16.png", "-auto-orient", "-format", "%w %h", "info:"]
[validation] magick ["/tmp/.tmpCXr1DZ/results/gradient16-z8-3.avif", "-auto-orient", "-format", "%w %h", "info:"]
[validation] magick ["/tmp/.tmpCXr1DZ/results/gradient16-z8-3.avif", "-auto-orient", "-format", "%w %h", "info:"]
[validation] magick ["/tmp/.tmpCXr1DZ/gradient16.png", "-auto-orient", "-depth", "8", "RGBA:/tmp/.tmpCXr1DZ/expected.rgba"]
[validation] magick ["/tmp/.tmpCXr1DZ/results/gradient16-z8-4.avif", "-auto-orient", "-depth", "8", "RGBA:/tmp/.tmpCXr1DZ/actual.rgba"]
[validation] magick ["/tmp/.tmpCXr1DZ/gradient16.png", "-auto-orient", "-format", "%w %h", "info:"]
[validation] magick ["/tmp/.tmpCXr1DZ/results/gradient16-z8-4.avif", "-auto-orient", "-format", "%w %h", "info:"]
[validation] magick ["/tmp/.tmpCXr1DZ/results/gradient16-z8-4.avif", "-auto-orient", "-format", "%w %h", "info:"]
[validation] magick ["/tmp/.tmpCXr1DZ/gradient16.png", "-auto-orient", "-depth", "8", "RGBA:/tmp/.tmpCXr1DZ/expected.rgba"]
[validation] magick ["/tmp/.tmpCXr1DZ/results/gradient16-z8-5.avif", "-auto-orient", "-depth", "8", "RGBA:/tmp/.tmpCXr1DZ/actual.rgba"]
[validation] magick ["/tmp/.tmpCXr1DZ/gradient16.png", "-auto-orient", "-format", "%w %h", "info:"]
[validation] magick ["/tmp/.tmpCXr1DZ/results/gradient16-z8-5.avif", "-auto-orient", "-format", "%w %h", "info:"]
[validation] magick ["/tmp/.tmpCXr1DZ/results/gradient16-z8-5.avif", "-auto-orient", "-format", "%w %h", "info:"]
[validation] magick ["/tmp/.tmpCXr1DZ/gradient16.png", "-auto-orient", "-depth", "8", "RGBA:/tmp/.tmpCXr1DZ/expected.rgba"]
[validation] magick ["/tmp/.tmpCXr1DZ/results/gradient16-z8-6.avif", "-auto-orient", "-depth", "8", "RGBA:/tmp/.tmpCXr1DZ/actual.rgba"]
[validation] magick ["/tmp/.tmpCXr1DZ/gradient16.png", "-auto-orient", "-format", "%w %h", "info:"]
[validation] magick ["/tmp/.tmpCXr1DZ/results/gradient16-z8-6.avif", "-auto-orient", "-format", "%w %h", "info:"]
[validation] magick ["/tmp/.tmpCXr1DZ/results/gradient16-z8-6.avif", "-auto-orient", "-format", "%w %h", "info:"]
[validation] magick ["/tmp/.tmpCXr1DZ/gradient16.png", "-auto-orient", "-depth", "8", "RGBA:/tmp/.tmpCXr1DZ/expected.rgba"]
[validation] magick ["/tmp/.tmpCXr1DZ/results/gradient16-z8-7.avif", "-auto-orient", "-depth", "8", "RGBA:/tmp/.tmpCXr1DZ/actual.rgba"]
[validation] magick ["/tmp/.tmpCXr1DZ/gradient16.png", "-auto-orient", "-format", "%w %h", "info:"]
[validation] magick ["/tmp/.tmpCXr1DZ/results/gradient16-z8-7.avif", "-auto-orient", "-format", "%w %h", "info:"]
[validation] magick ["/tmp/.tmpCXr1DZ/results/gradient16-z8-7.avif", "-auto-orient", "-format", "%w %h", "info:"]
[validation] magick ["/tmp/.tmpCXr1DZ/gradient16.png", "-auto-orient", "-depth", "8", "RGBA:/tmp/.tmpCXr1DZ/expected.rgba"]
[validation] magick ["/tmp/.tmpCXr1DZ/results/gradient16-z8-8.avif", "-auto-orient", "-depth", "8", "RGBA:/tmp/.tmpCXr1DZ/actual.rgba"]
[validation] magick ["/tmp/.tmpCXr1DZ/gradient16.png", "-auto-orient", "-format", "%w %h", "info:"]
[validation] magick ["/tmp/.tmpCXr1DZ/results/gradient16-z8-8.avif", "-auto-orient", "-format", "%w %h", "info:"]
[validation] magick ["/tmp/.tmpCXr1DZ/results/gradient16-z8-8.avif", "-auto-orient", "-format", "%w %h", "info:"]
[validation] magick ["/tmp/.tmpCXr1DZ/gradient16.png", "-auto-orient", "-depth", "8", "RGBA:/tmp/.tmpCXr1DZ/expected.rgba"]
[validation] magick ["/tmp/.tmpCXr1DZ/results/gradient16-z8-9.avif", "-auto-orient", "-depth", "8", "RGBA:/tmp/.tmpCXr1DZ/actual.rgba"]
[validation] magick ["/tmp/.tmpCXr1DZ/gradient16.png", "-auto-orient", "-format", "%w %h", "info:"]
[validation] magick ["/tmp/.tmpCXr1DZ/results/gradient16-z8-9.avif", "-auto-orient", "-format", "%w %h", "info:"]
[validation] magick ["/tmp/.tmpCXr1DZ/results/gradient16-z8-9.avif", "-auto-orient", "-format", "%w %h", "info:"]
[validation] magick ["/tmp/.tmpCXr1DZ/gradient16.png", "-auto-orient", "-depth", "8", "RGBA:/tmp/.tmpCXr1DZ/expected.rgba"]
[validation] magick ["/tmp/.tmpCXr1DZ/results/gradient16-z8-10.avif", "-auto-orient", "-depth", "8", "RGBA:/tmp/.tmpCXr1DZ/actual.rgba"]
[validation] magick ["/tmp/.tmpCXr1DZ/gradient16.png", "-auto-orient", "-format", "%w %h", "info:"]
[validation] magick ["/tmp/.tmpCXr1DZ/results/gradient16-z8-10.avif", "-auto-orient", "-format", "%w %h", "info:"]
[validation] magick ["/tmp/.tmpCXr1DZ/results/gradient16-z8-10.avif", "-auto-orient", "-format", "%w %h", "info:"]
[validation] magick ["/tmp/.tmpCXr1DZ/gradient16.png", "-auto-orient", "-depth", "8", "RGBA:/tmp/.tmpCXr1DZ/expected.rgba"]
[validation] magick ["/tmp/.tmpCXr1DZ/results/gradient16-z8-11.avif", "-auto-orient", "-depth", "8", "RGBA:/tmp/.tmpCXr1DZ/actual.rgba"]
[validation] magick ["/tmp/.tmpCXr1DZ/gradient16.png", "-auto-orient", "-format", "%w %h", "info:"]
[validation] magick ["/tmp/.tmpCXr1DZ/results/gradient16-z8-11.avif", "-auto-orient", "-format", "%w %h", "info:"]
[validation] magick ["/tmp/.tmpCXr1DZ/results/gradient16-z8-11.avif", "-auto-orient", "-format", "%w %h", "info:"]
[validation] magick ["/tmp/.tmpCXr1DZ/gradient16.png", "-auto-orient", "-depth", "8", "RGBA:/tmp/.tmpCXr1DZ/expected.rgba"]
[validation] magick ["/tmp/.tmpCXr1DZ/results/gradient16-z8-12.avif", "-auto-orient", "-depth", "8", "RGBA:/tmp/.tmpCXr1DZ/actual.rgba"]
[validation] magick ["/tmp/.tmpCXr1DZ/gradient16.png", "-auto-orient", "-format", "%w %h", "info:"]
[validation] magick ["/tmp/.tmpCXr1DZ/results/gradient16-z8-12.avif", "-auto-orient", "-format", "%w %h", "info:"]
[validation] magick ["/tmp/.tmpCXr1DZ/results/gradient16-z8-12.avif", "-auto-orient", "-format", "%w %h", "info:"]
[validation] magick ["/tmp/.tmpCXr1DZ/gradient16.png", "-auto-orient", "-depth", "8", "RGBA:/tmp/.tmpCXr1DZ/expected.rgba"]
[validation] magick ["/tmp/.tmpCXr1DZ/results/gradient16-z8-13.avif", "-auto-orient", "-depth", "8", "RGBA:/tmp/.tmpCXr1DZ/actual.rgba"]
[validation] magick ["/tmp/.tmpCXr1DZ/gradient16.png", "-auto-orient", "-format", "%w %h", "info:"]
[validation] magick ["/tmp/.tmpCXr1DZ/results/gradient16-z8-13.avif", "-auto-orient", "-format", "%w %h", "info:"]
[validation] magick ["/tmp/.tmpCXr1DZ/results/gradient16-z8-13.avif", "-auto-orient", "-format", "%w %h", "info:"]
[validation] magick ["/tmp/.tmpCXr1DZ/gradient16.png", "-auto-orient", "-depth", "8", "RGBA:/tmp/.tmpCXr1DZ/expected.rgba"]
[validation] magick ["/tmp/.tmpCXr1DZ/results/gradient16-z8-14.avif", "-auto-orient", "-depth", "8", "RGBA:/tmp/.tmpCXr1DZ/actual.rgba"]
[validation] magick ["/tmp/.tmpCXr1DZ/gradient16.png", "-auto-orient", "-format", "%w %h", "info:"]
[validation] magick ["/tmp/.tmpCXr1DZ/results/gradient16-z8-14.avif", "-auto-orient", "-format", "%w %h", "info:"]
[validation] magick ["/tmp/.tmpCXr1DZ/results/gradient16-z8-14.avif", "-auto-orient", "-format", "%w %h", "info:"]
[validation] magick ["/tmp/.tmpCXr1DZ/gradient16.png", "-auto-orient", "-depth", "8", "RGBA:/tmp/.tmpCXr1DZ/expected.rgba"]
[validation] magick ["/tmp/.tmpCXr1DZ/results/gradient16-z8-15.avif", "-auto-orient", "-depth", "8", "RGBA:/tmp/.tmpCXr1DZ/actual.rgba"]
[validation] magick ["/tmp/.tmpCXr1DZ/gradient16.png", "-auto-orient", "-format", "%w %h", "info:"]
[validation] magick ["/tmp/.tmpCXr1DZ/results/gradient16-z8-15.avif", "-auto-orient", "-format", "%w %h", "info:"]
[validation] magick ["/tmp/.tmpCXr1DZ/results/gradient16-z8-15.avif", "-auto-orient", "-format", "%w %h", "info:"]
[validation] magick ["/tmp/.tmpCXr1DZ/gradient16.png", "-auto-orient", "-depth", "8", "RGBA:/tmp/.tmpCXr1DZ/expected.rgba"]
[validation] magick ["/tmp/.tmpCXr1DZ/results/gradient16-z8-1.webp", "-auto-orient", "-depth", "8", "RGBA:/tmp/.tmpCXr1DZ/actual.rgba"]
[validation] magick ["/tmp/.tmpCXr1DZ/gradient16.png", "-auto-orient", "-format", "%w %h", "info:"]
[validation] magick ["/tmp/.tmpCXr1DZ/results/gradient16-z8-1.webp", "-auto-orient", "-format", "%w %h", "info:"]
[validation] magick ["/tmp/.tmpCXr1DZ/results/gradient16-z8-1.webp", "-auto-orient", "-format", "%w %h", "info:"]
[validation] magick ["/tmp/.tmpCXr1DZ/gradient16.png", "-auto-orient", "-depth", "8", "RGBA:/tmp/.tmpCXr1DZ/expected.rgba"]
[validation] magick ["/tmp/.tmpCXr1DZ/results/gradient16-z8-2.webp", "-auto-orient", "-depth", "8", "RGBA:/tmp/.tmpCXr1DZ/actual.rgba"]
[validation] magick ["/tmp/.tmpCXr1DZ/gradient16.png", "-auto-orient", "-format", "%w %h", "info:"]
[validation] magick ["/tmp/.tmpCXr1DZ/results/gradient16-z8-2.webp", "-auto-orient", "-format", "%w %h", "info:"]
[validation] magick ["/tmp/.tmpCXr1DZ/results/gradient16-z8-2.webp", "-auto-orient", "-format", "%w %h", "info:"]
[validation] magick ["/tmp/.tmpCXr1DZ/gradient16.png", "-auto-orient", "-depth", "8", "RGBA:/tmp/.tmpCXr1DZ/expected.rgba"]
[validation] magick ["/tmp/.tmpCXr1DZ/results/gradient16-z8-3.webp", "-auto-orient", "-depth", "8", "RGBA:/tmp/.tmpCXr1DZ/actual.rgba"]
[validation] magick ["/tmp/.tmpCXr1DZ/gradient16.png", "-auto-orient", "-format", "%w %h", "info:"]
[validation] magick ["/tmp/.tmpCXr1DZ/results/gradient16-z8-3.webp", "-auto-orient", "-format", "%w %h", "info:"]
[validation] magick ["/tmp/.tmpCXr1DZ/results/gradient16-z8-3.webp", "-auto-orient", "-format", "%w %h", "info:"]
[validation] magick ["/tmp/.tmpCXr1DZ/gradient16.png", "-auto-orient", "-depth", "8", "RGBA:/tmp/.tmpCXr1DZ/expected.rgba"]
[validation] magick ["/tmp/.tmpCXr1DZ/results/gradient16-z8-4.webp", "-auto-orient", "-depth", "8", "RGBA:/tmp/.tmpCXr1DZ/actual.rgba"]
[validation] magick ["/tmp/.tmpCXr1DZ/gradient16.png", "-auto-orient", "-format", "%w %h", "info:"]
[validation] magick ["/tmp/.tmpCXr1DZ/results/gradient16-z8-4.webp", "-auto-orient", "-format", "%w %h", "info:"]
[validation] magick ["/tmp/.tmpCXr1DZ/results/gradient16-z8-4.webp", "-auto-orient", "-format", "%w %h", "info:"]
[validation] magick ["/tmp/.tmpCXr1DZ/gradient16.png", "-auto-orient", "-depth", "8", "RGBA:/tmp/.tmpCXr1DZ/expected.rgba"]
[validation] magick ["/tmp/.tmpCXr1DZ/results/gradient16-z8-5.webp", "-auto-orient", "-depth", "8", "RGBA:/tmp/.tmpCXr1DZ/actual.rgba"]
[validation] magick ["/tmp/.tmpCXr1DZ/gradient16.png", "-auto-orient", "-format", "%w %h", "info:"]
[validation] magick ["/tmp/.tmpCXr1DZ/results/gradient16-z8-5.webp", "-auto-orient", "-format", "%w %h", "info:"]
[validation] magick ["/tmp/.tmpCXr1DZ/results/gradient16-z8-5.webp", "-auto-orient", "-format", "%w %h", "info:"]
[validation] magick ["/tmp/.tmpCXr1DZ/gradient16.png", "-auto-orient", "-depth", "8", "RGBA:/tmp/.tmpCXr1DZ/expected.rgba"]
[validation] magick ["/tmp/.tmpCXr1DZ/results/gradient16-z8-6.webp", "-auto-orient", "-depth", "8", "RGBA:/tmp/.tmpCXr1DZ/actual.rgba"]
[validation] magick ["/tmp/.tmpCXr1DZ/gradient16.png", "-auto-orient", "-format", "%w %h", "info:"]
[validation] magick ["/tmp/.tmpCXr1DZ/results/gradient16-z8-6.webp", "-auto-orient", "-format", "%w %h", "info:"]
[validation] magick ["/tmp/.tmpCXr1DZ/results/gradient16-z8-6.webp", "-auto-orient", "-format", "%w %h", "info:"]
[validation] magick ["/tmp/.tmpCXr1DZ/gradient16.png", "-auto-orient", "-depth", "8", "RGBA:/tmp/.tmpCXr1DZ/expected.rgba"]
[validation] magick ["/tmp/.tmpCXr1DZ/results/gradient16-z8-7.webp", "-auto-orient", "-depth", "8", "RGBA:/tmp/.tmpCXr1DZ/actual.rgba"]
[validation] magick ["/tmp/.tmpCXr1DZ/gradient16.png", "-auto-orient", "-format", "%w %h", "info:"]
[validation] magick ["/tmp/.tmpCXr1DZ/results/gradient16-z8-7.webp", "-auto-orient", "-format", "%w %h", "info:"]
[validation] magick ["/tmp/.tmpCXr1DZ/results/gradient16-z8-7.webp", "-auto-orient", "-format", "%w %h", "info:"]
[validation] magick ["/tmp/.tmpCXr1DZ/gradient16.png", "-auto-orient", "-depth", "8", "RGBA:/tmp/.tmpCXr1DZ/expected.rgba"]
[validation] magick ["/tmp/.tmpCXr1DZ/results/gradient16-z8-8.webp", "-auto-orient", "-depth", "8", "RGBA:/tmp/.tmpCXr1DZ/actual.rgba"]
[validation] magick ["/tmp/.tmpCXr1DZ/gradient16.png", "-auto-orient", "-format", "%w %h", "info:"]
[validation] magick ["/tmp/.tmpCXr1DZ/results/gradient16-z8-8.webp", "-auto-orient", "-format", "%w %h", "info:"]
[validation] magick ["/tmp/.tmpCXr1DZ/results/gradient16-z8-8.webp", "-auto-orient", "-format", "%w %h", "info:"]
[validation] magick ["/tmp/.tmpCXr1DZ/gradient16.png", "-auto-orient", "-depth", "8", "RGBA:/tmp/.tmpCXr1DZ/expected.rgba"]
[validation] magick ["/tmp/.tmpCXr1DZ/results/gradient16-z8-9.webp", "-auto-orient", "-depth", "8", "RGBA:/tmp/.tmpCXr1DZ/actual.rgba"]
[validation] magick ["/tmp/.tmpCXr1DZ/gradient16.png", "-auto-orient", "-format", "%w %h", "info:"]
[validation] magick ["/tmp/.tmpCXr1DZ/results/gradient16-z8-9.webp", "-auto-orient", "-format", "%w %h", "info:"]
[validation] magick ["/tmp/.tmpCXr1DZ/results/gradient16-z8-9.webp", "-auto-orient", "-format", "%w %h", "info:"]
[validation] magick ["/tmp/.tmpCXr1DZ/gradient16.png", "-auto-orient", "-depth", "8", "RGBA:/tmp/.tmpCXr1DZ/expected.rgba"]
[validation] magick ["/tmp/.tmpCXr1DZ/results/gradient16-z8-10.webp", "-auto-orient", "-depth", "8", "RGBA:/tmp/.tmpCXr1DZ/actual.rgba"]
[validation] magick ["/tmp/.tmpCXr1DZ/gradient16.png", "-auto-orient", "-format", "%w %h", "info:"]
[validation] magick ["/tmp/.tmpCXr1DZ/results/gradient16-z8-10.webp", "-auto-orient", "-format", "%w %h", "info:"]
[validation] magick ["/tmp/.tmpCXr1DZ/results/gradient16-z8-10.webp", "-auto-orient", "-format", "%w %h", "info:"]
[validation] magick ["/tmp/.tmpCXr1DZ/gradient16.png", "-auto-orient", "-depth", "8", "RGBA:/tmp/.tmpCXr1DZ/expected.rgba"]
[validation] magick ["/tmp/.tmpCXr1DZ/results/gradient16-z8-11.webp", "-auto-orient", "-depth", "8", "RGBA:/tmp/.tmpCXr1DZ/actual.rgba"]
[validation] magick ["/tmp/.tmpCXr1DZ/gradient16.png", "-auto-orient", "-format", "%w %h", "info:"]
[validation] magick ["/tmp/.tmpCXr1DZ/results/gradient16-z8-11.webp", "-auto-orient", "-format", "%w %h", "info:"]
[validation] magick ["/tmp/.tmpCXr1DZ/results/gradient16-z8-11.webp", "-auto-orient", "-format", "%w %h", "info:"]
[validation] magick ["/tmp/.tmpCXr1DZ/gradient16.png", "-auto-orient", "-depth", "8", "RGBA:/tmp/.tmpCXr1DZ/expected.rgba"]
[validation] magick ["/tmp/.tmpCXr1DZ/results/gradient16-z8-12.webp", "-auto-orient", "-depth", "8", "RGBA:/tmp/.tmpCXr1DZ/actual.rgba"]
[validation] magick ["/tmp/.tmpCXr1DZ/gradient16.png", "-auto-orient", "-format", "%w %h", "info:"]
[validation] magick ["/tmp/.tmpCXr1DZ/results/gradient16-z8-12.webp", "-auto-orient", "-format", "%w %h", "info:"]
[validation] magick ["/tmp/.tmpCXr1DZ/results/gradient16-z8-12.webp", "-auto-orient", "-format", "%w %h", "info:"]
[validation] magick ["/tmp/.tmpCXr1DZ/gradient16.png", "-auto-orient", "-depth", "8", "RGBA:/tmp/.tmpCXr1DZ/expected.rgba"]
[validation] magick ["/tmp/.tmpCXr1DZ/results/gradient16-z8-13.webp", "-auto-orient", "-depth", "8", "RGBA:/tmp/.tmpCXr1DZ/actual.rgba"]
[validation] magick ["/tmp/.tmpCXr1DZ/gradient16.png", "-auto-orient", "-format", "%w %h", "info:"]
[validation] magick ["/tmp/.tmpCXr1DZ/results/gradient16-z8-13.webp", "-auto-orient", "-format", "%w %h", "info:"]
[validation] magick ["/tmp/.tmpCXr1DZ/results/gradient16-z8-13.webp", "-auto-orient", "-format", "%w %h", "info:"]
[validation] magick ["/tmp/.tmpCXr1DZ/gradient16.png", "-auto-orient", "-depth", "8", "RGBA:/tmp/.tmpCXr1DZ/expected.rgba"]
[validation] magick ["/tmp/.tmpCXr1DZ/results/gradient16-z8-14.webp", "-auto-orient", "-depth", "8", "RGBA:/tmp/.tmpCXr1DZ/actual.rgba"]
[validation] magick ["/tmp/.tmpCXr1DZ/gradient16.png", "-auto-orient", "-format", "%w %h", "info:"]
[validation] magick ["/tmp/.tmpCXr1DZ/results/gradient16-z8-14.webp", "-auto-orient", "-format", "%w %h", "info:"]
[validation] magick ["/tmp/.tmpCXr1DZ/results/gradient16-z8-14.webp", "-auto-orient", "-format", "%w %h", "info:"]
[validation] magick ["/tmp/.tmpCXr1DZ/gradient16.png", "-auto-orient", "-depth", "8", "RGBA:/tmp/.tmpCXr1DZ/expected.rgba"]
[validation] magick ["/tmp/.tmpCXr1DZ/results/gradient16-z8-15.webp", "-auto-orient", "-depth", "8", "RGBA:/tmp/.tmpCXr1DZ/actual.rgba"]
[validation] magick ["/tmp/.tmpCXr1DZ/gradient16.png", "-auto-orient", "-format", "%w %h", "info:"]
[validation] magick ["/tmp/.tmpCXr1DZ/results/gradient16-z8-15.webp", "-auto-orient", "-format", "%w %h", "info:"]
[validation] magick ["/tmp/.tmpCXr1DZ/results/gradient16-z8-15.webp", "-auto-orient", "-format", "%w %h", "info:"]
[validation] magick ["/tmp/.tmpCXr1DZ/gradient16.png", "-auto-orient", "-background", "white", "-alpha", "remove", "-alpha", "off", "-depth", "8", "RGBA:/tmp/.tmpCXr1DZ/expected.rgba"]
[validation] magick ["/tmp/.tmpCXr1DZ/results/gradient16-z8-1.jpg", "-auto-orient", "-depth", "8", "RGBA:/tmp/.tmpCXr1DZ/actual.rgba"]
[validation] magick ["/tmp/.tmpCXr1DZ/gradient16.png", "-auto-orient", "-format", "%w %h", "info:"]
[validation] magick ["/tmp/.tmpCXr1DZ/results/gradient16-z8-1.jpg", "-auto-orient", "-format", "%w %h", "info:"]
[validation] magick ["/tmp/.tmpCXr1DZ/results/gradient16-z8-1.jpg", "-auto-orient", "-format", "%w %h", "info:"]
[validation] magick ["/tmp/.tmpCXr1DZ/gradient16.png", "-auto-orient", "-background", "white", "-alpha", "remove", "-alpha", "off", "-depth", "8", "RGBA:/tmp/.tmpCXr1DZ/expected.rgba"]
[validation] magick ["/tmp/.tmpCXr1DZ/results/gradient16-z8-2.jpg", "-auto-orient", "-depth", "8", "RGBA:/tmp/.tmpCXr1DZ/actual.rgba"]
[validation] magick ["/tmp/.tmpCXr1DZ/gradient16.png", "-auto-orient", "-format", "%w %h", "info:"]
[validation] magick ["/tmp/.tmpCXr1DZ/results/gradient16-z8-2.jpg", "-auto-orient", "-format", "%w %h", "info:"]
[validation] magick ["/tmp/.tmpCXr1DZ/results/gradient16-z8-2.jpg", "-auto-orient", "-format", "%w %h", "info:"]
[validation] magick ["/tmp/.tmpCXr1DZ/gradient16.png", "-auto-orient", "-background", "white", "-alpha", "remove", "-alpha", "off", "-depth", "8", "RGBA:/tmp/.tmpCXr1DZ/expected.rgba"]
[validation] magick ["/tmp/.tmpCXr1DZ/results/gradient16-z8-3.jpg", "-auto-orient", "-depth", "8", "RGBA:/tmp/.tmpCXr1DZ/actual.rgba"]
[validation] magick ["/tmp/.tmpCXr1DZ/gradient16.png", "-auto-orient", "-format", "%w %h", "info:"]
[validation] magick ["/tmp/.tmpCXr1DZ/results/gradient16-z8-3.jpg", "-auto-orient", "-format", "%w %h", "info:"]
[validation] magick ["/tmp/.tmpCXr1DZ/results/gradient16-z8-3.jpg", "-auto-orient", "-format", "%w %h", "info:"]
[validation] magick ["/tmp/.tmpCXr1DZ/gradient16.png", "-auto-orient", "-background", "white", "-alpha", "remove", "-alpha", "off", "-depth", "8", "RGBA:/tmp/.tmpCXr1DZ/expected.rgba"]
[validation] magick ["/tmp/.tmpCXr1DZ/results/gradient16-z8-4.jpg", "-auto-orient", "-depth", "8", "RGBA:/tmp/.tmpCXr1DZ/actual.rgba"]
[validation] magick ["/tmp/.tmpCXr1DZ/gradient16.png", "-auto-orient", "-format", "%w %h", "info:"]
[validation] magick ["/tmp/.tmpCXr1DZ/results/gradient16-z8-4.jpg", "-auto-orient", "-format", "%w %h", "info:"]
[validation] magick ["/tmp/.tmpCXr1DZ/results/gradient16-z8-4.jpg", "-auto-orient", "-format", "%w %h", "info:"]
[validation] magick ["/tmp/.tmpCXr1DZ/gradient16.png", "-auto-orient", "-background", "white", "-alpha", "remove", "-alpha", "off", "-depth", "8", "RGBA:/tmp/.tmpCXr1DZ/expected.rgba"]
[validation] magick ["/tmp/.tmpCXr1DZ/results/gradient16-z8-5.jpg", "-auto-orient", "-depth", "8", "RGBA:/tmp/.tmpCXr1DZ/actual.rgba"]
[validation] magick ["/tmp/.tmpCXr1DZ/gradient16.png", "-auto-orient", "-format", "%w %h", "info:"]
[validation] magick ["/tmp/.tmpCXr1DZ/results/gradient16-z8-5.jpg", "-auto-orient", "-format", "%w %h", "info:"]
[validation] magick ["/tmp/.tmpCXr1DZ/results/gradient16-z8-5.jpg", "-auto-orient", "-format", "%w %h", "info:"]
[validation] magick ["/tmp/.tmpCXr1DZ/gradient16.png", "-auto-orient", "-background", "white", "-alpha", "remove", "-alpha", "off", "-depth", "8", "RGBA:/tmp/.tmpCXr1DZ/expected.rgba"]
[validation] magick ["/tmp/.tmpCXr1DZ/results/gradient16-z8-6.jpg", "-auto-orient", "-depth", "8", "RGBA:/tmp/.tmpCXr1DZ/actual.rgba"]
[validation] magick ["/tmp/.tmpCXr1DZ/gradient16.png", "-auto-orient", "-format", "%w %h", "info:"]
[validation] magick ["/tmp/.tmpCXr1DZ/results/gradient16-z8-6.jpg", "-auto-orient", "-format", "%w %h", "info:"]
[validation] magick ["/tmp/.tmpCXr1DZ/results/gradient16-z8-6.jpg", "-auto-orient", "-format", "%w %h", "info:"]
[validation] magick ["/tmp/.tmpCXr1DZ/gradient16.png", "-auto-orient", "-background", "white", "-alpha", "remove", "-alpha", "off", "-depth", "8", "RGBA:/tmp/.tmpCXr1DZ/expected.rgba"]
[validation] magick ["/tmp/.tmpCXr1DZ/results/gradient16-z8-7.jpg", "-auto-orient", "-depth", "8", "RGBA:/tmp/.tmpCXr1DZ/actual.rgba"]
[validation] magick ["/tmp/.tmpCXr1DZ/gradient16.png", "-auto-orient", "-format", "%w %h", "info:"]
[validation] magick ["/tmp/.tmpCXr1DZ/results/gradient16-z8-7.jpg", "-auto-orient", "-format", "%w %h", "info:"]
[validation] magick ["/tmp/.tmpCXr1DZ/results/gradient16-z8-7.jpg", "-auto-orient", "-format", "%w %h", "info:"]
[validation] magick ["/tmp/.tmpCXr1DZ/gradient16.png", "-auto-orient", "-background", "white", "-alpha", "remove", "-alpha", "off", "-depth", "8", "RGBA:/tmp/.tmpCXr1DZ/expected.rgba"]
[validation] magick ["/tmp/.tmpCXr1DZ/results/gradient16-z8-8.jpg", "-auto-orient", "-depth", "8", "RGBA:/tmp/.tmpCXr1DZ/actual.rgba"]
[validation] magick ["/tmp/.tmpCXr1DZ/gradient16.png", "-auto-orient", "-format", "%w %h", "info:"]
[validation] magick ["/tmp/.tmpCXr1DZ/results/gradient16-z8-8.jpg", "-auto-orient", "-format", "%w %h", "info:"]
[validation] magick ["/tmp/.tmpCXr1DZ/results/gradient16-z8-8.jpg", "-auto-orient", "-format", "%w %h", "info:"]
[validation] magick ["/tmp/.tmpCXr1DZ/gradient16.png", "-auto-orient", "-background", "white", "-alpha", "remove", "-alpha", "off", "-depth", "8", "RGBA:/tmp/.tmpCXr1DZ/expected.rgba"]
[validation] magick ["/tmp/.tmpCXr1DZ/results/gradient16-z8-9.jpg", "-auto-orient", "-depth", "8", "RGBA:/tmp/.tmpCXr1DZ/actual.rgba"]
[validation] magick ["/tmp/.tmpCXr1DZ/gradient16.png", "-auto-orient", "-format", "%w %h", "info:"]
[validation] magick ["/tmp/.tmpCXr1DZ/results/gradient16-z8-9.jpg", "-auto-orient", "-format", "%w %h", "info:"]
[validation] magick ["/tmp/.tmpCXr1DZ/results/gradient16-z8-9.jpg", "-auto-orient", "-format", "%w %h", "info:"]
[validation] magick ["/tmp/.tmpCXr1DZ/gradient16.png", "-auto-orient", "-background", "white", "-alpha", "remove", "-alpha", "off", "-depth", "8", "RGBA:/tmp/.tmpCXr1DZ/expected.rgba"]
[validation] magick ["/tmp/.tmpCXr1DZ/results/gradient16-z8-10.jpg", "-auto-orient", "-depth", "8", "RGBA:/tmp/.tmpCXr1DZ/actual.rgba"]
[validation] magick ["/tmp/.tmpCXr1DZ/gradient16.png", "-auto-orient", "-format", "%w %h", "info:"]
[validation] magick ["/tmp/.tmpCXr1DZ/results/gradient16-z8-10.jpg", "-auto-orient", "-format", "%w %h", "info:"]
[validation] magick ["/tmp/.tmpCXr1DZ/results/gradient16-z8-10.jpg", "-auto-orient", "-format", "%w %h", "info:"]
[validation] magick ["/tmp/.tmpCXr1DZ/gradient16.png", "-auto-orient", "-background", "white", "-alpha", "remove", "-alpha", "off", "-depth", "8", "RGBA:/tmp/.tmpCXr1DZ/expected.rgba"]
[validation] magick ["/tmp/.tmpCXr1DZ/results/gradient16-z8-11.jpg", "-auto-orient", "-depth", "8", "RGBA:/tmp/.tmpCXr1DZ/actual.rgba"]
[validation] magick ["/tmp/.tmpCXr1DZ/gradient16.png", "-auto-orient", "-format", "%w %h", "info:"]
[validation] magick ["/tmp/.tmpCXr1DZ/results/gradient16-z8-11.jpg", "-auto-orient", "-format", "%w %h", "info:"]
[validation] magick ["/tmp/.tmpCXr1DZ/results/gradient16-z8-11.jpg", "-auto-orient", "-format", "%w %h", "info:"]
[validation] magick ["/tmp/.tmpCXr1DZ/gradient16.png", "-auto-orient", "-background", "white", "-alpha", "remove", "-alpha", "off", "-depth", "8", "RGBA:/tmp/.tmpCXr1DZ/expected.rgba"]
[validation] magick ["/tmp/.tmpCXr1DZ/results/gradient16-z8-12.jpg", "-auto-orient", "-depth", "8", "RGBA:/tmp/.tmpCXr1DZ/actual.rgba"]
[validation] magick ["/tmp/.tmpCXr1DZ/gradient16.png", "-auto-orient", "-format", "%w %h", "info:"]
[validation] magick ["/tmp/.tmpCXr1DZ/results/gradient16-z8-12.jpg", "-auto-orient", "-format", "%w %h", "info:"]
[validation] magick ["/tmp/.tmpCXr1DZ/results/gradient16-z8-12.jpg", "-auto-orient", "-format", "%w %h", "info:"]
[validation] magick ["/tmp/.tmpCXr1DZ/gradient16.png", "-auto-orient", "-background", "white", "-alpha", "remove", "-alpha", "off", "-depth", "8", "RGBA:/tmp/.tmpCXr1DZ/expected.rgba"]
[validation] magick ["/tmp/.tmpCXr1DZ/results/gradient16-z8-13.jpg", "-auto-orient", "-depth", "8", "RGBA:/tmp/.tmpCXr1DZ/actual.rgba"]
[validation] magick ["/tmp/.tmpCXr1DZ/gradient16.png", "-auto-orient", "-format", "%w %h", "info:"]
[validation] magick ["/tmp/.tmpCXr1DZ/results/gradient16-z8-13.jpg", "-auto-orient", "-format", "%w %h", "info:"]
[validation] magick ["/tmp/.tmpCXr1DZ/results/gradient16-z8-13.jpg", "-auto-orient", "-format", "%w %h", "info:"]
[validation] magick ["/tmp/.tmpCXr1DZ/gradient16.png", "-auto-orient", "-background", "white", "-alpha", "remove", "-alpha", "off", "-depth", "8", "RGBA:/tmp/.tmpCXr1DZ/expected.rgba"]
[validation] magick ["/tmp/.tmpCXr1DZ/results/gradient16-z8-14.jpg", "-auto-orient", "-depth", "8", "RGBA:/tmp/.tmpCXr1DZ/actual.rgba"]
[validation] magick ["/tmp/.tmpCXr1DZ/gradient16.png", "-auto-orient", "-format", "%w %h", "info:"]
[validation] magick ["/tmp/.tmpCXr1DZ/results/gradient16-z8-14.jpg", "-auto-orient", "-format", "%w %h", "info:"]
[validation] magick ["/tmp/.tmpCXr1DZ/results/gradient16-z8-14.jpg", "-auto-orient", "-format", "%w %h", "info:"]
[validation] magick ["/tmp/.tmpCXr1DZ/gradient16.png", "-auto-orient", "-background", "white", "-alpha", "remove", "-alpha", "off", "-depth", "8", "RGBA:/tmp/.tmpCXr1DZ/expected.rgba"]
[validation] magick ["/tmp/.tmpCXr1DZ/results/gradient16-z8-15.jpg", "-auto-orient", "-depth", "8", "RGBA:/tmp/.tmpCXr1DZ/actual.rgba"]
[validation] magick ["/tmp/.tmpCXr1DZ/gradient16.png", "-auto-orient", "-format", "%w %h", "info:"]
[validation] magick ["/tmp/.tmpCXr1DZ/results/gradient16-z8-15.jpg", "-auto-orient", "-format", "%w %h", "info:"]
[validation] magick ["/tmp/.tmpCXr1DZ/results/gradient16-z8-15.jpg", "-auto-orient", "-format", "%w %h", "info:"]
[validation] magick ["/tmp/.tmpCXr1DZ/gradient16.png", "-auto-orient", "-depth", "8", "RGBA:/tmp/.tmpCXr1DZ/expected.rgba"]
[validation] magick ["/tmp/.tmpCXr1DZ/results/gradient16-z8-1.png", "-auto-orient", "-depth", "8", "RGBA:/tmp/.tmpCXr1DZ/actual.rgba"]
[validation] magick ["/tmp/.tmpCXr1DZ/gradient16.png", "-auto-orient", "-format", "%w %h", "info:"]
[validation] magick ["/tmp/.tmpCXr1DZ/results/gradient16-z8-1.png", "-auto-orient", "-format", "%w %h", "info:"]
[validation] magick ["/tmp/.tmpCXr1DZ/results/gradient16-z8-1.png", "-auto-orient", "-format", "%w %h", "info:"]
[validation] magick ["/tmp/.tmpCXr1DZ/gradient16.png", "-auto-orient", "-depth", "8", "RGBA:/tmp/.tmpCXr1DZ/expected.rgba"]
[validation] magick ["/tmp/.tmpCXr1DZ/results/gradient16-z8-2.png", "-auto-orient", "-depth", "8", "RGBA:/tmp/.tmpCXr1DZ/actual.rgba"]
[validation] magick ["/tmp/.tmpCXr1DZ/gradient16.png", "-auto-orient", "-format", "%w %h", "info:"]
[validation] magick ["/tmp/.tmpCXr1DZ/results/gradient16-z8-2.png", "-auto-orient", "-format", "%w %h", "info:"]
[validation] magick ["/tmp/.tmpCXr1DZ/results/gradient16-z8-2.png", "-auto-orient", "-format", "%w %h", "info:"]
[validation] magick ["/tmp/.tmpCXr1DZ/gradient16.png", "-auto-orient", "-depth", "8", "RGBA:/tmp/.tmpCXr1DZ/expected.rgba"]
[validation] magick ["/tmp/.tmpCXr1DZ/results/gradient16-z8-3.png", "-auto-orient", "-depth", "8", "RGBA:/tmp/.tmpCXr1DZ/actual.rgba"]
[validation] magick ["/tmp/.tmpCXr1DZ/gradient16.png", "-auto-orient", "-format", "%w %h", "info:"]
[validation] magick ["/tmp/.tmpCXr1DZ/results/gradient16-z8-3.png", "-auto-orient", "-format", "%w %h", "info:"]
[validation] magick ["/tmp/.tmpCXr1DZ/results/gradient16-z8-3.png", "-auto-orient", "-format", "%w %h", "info:"]
[validation] magick ["/tmp/.tmpCXr1DZ/gradient16.png", "-auto-orient", "-depth", "8", "RGBA:/tmp/.tmpCXr1DZ/expected.rgba"]
[validation] magick ["/tmp/.tmpCXr1DZ/results/gradient16-z8-4.png", "-auto-orient", "-depth", "8", "RGBA:/tmp/.tmpCXr1DZ/actual.rgba"]
[validation] magick ["/tmp/.tmpCXr1DZ/gradient16.png", "-auto-orient", "-format", "%w %h", "info:"]
[validation] magick ["/tmp/.tmpCXr1DZ/results/gradient16-z8-4.png", "-auto-orient", "-format", "%w %h", "info:"]
[validation] magick ["/tmp/.tmpCXr1DZ/results/gradient16-z8-4.png", "-auto-orient", "-format", "%w %h", "info:"]
[validation] magick ["/tmp/.tmpCXr1DZ/gradient16.png", "-auto-orient", "-depth", "8", "RGBA:/tmp/.tmpCXr1DZ/expected.rgba"]
[validation] magick ["/tmp/.tmpCXr1DZ/results/gradient16-z8-5.png", "-auto-orient", "-depth", "8", "RGBA:/tmp/.tmpCXr1DZ/actual.rgba"]
[validation] magick ["/tmp/.tmpCXr1DZ/gradient16.png", "-auto-orient", "-format", "%w %h", "info:"]
[validation] magick ["/tmp/.tmpCXr1DZ/results/gradient16-z8-5.png", "-auto-orient", "-format", "%w %h", "info:"]
[validation] magick ["/tmp/.tmpCXr1DZ/results/gradient16-z8-5.png", "-auto-orient", "-format", "%w %h", "info:"]
[validation] magick ["/tmp/.tmpCXr1DZ/gradient16.png", "-auto-orient", "-depth", "8", "RGBA:/tmp/.tmpCXr1DZ/expected.rgba"]
[validation] magick ["/tmp/.tmpCXr1DZ/results/gradient16-z8-6.png", "-auto-orient", "-depth", "8", "RGBA:/tmp/.tmpCXr1DZ/actual.rgba"]
[validation] magick ["/tmp/.tmpCXr1DZ/gradient16.png", "-auto-orient", "-format", "%w %h", "info:"]
[validation] magick ["/tmp/.tmpCXr1DZ/results/gradient16-z8-6.png", "-auto-orient", "-format", "%w %h", "info:"]
[validation] magick ["/tmp/.tmpCXr1DZ/results/gradient16-z8-6.png", "-auto-orient", "-format", "%w %h", "info:"]
[validation] magick ["/tmp/.tmpCXr1DZ/gradient16.png", "-auto-orient", "-depth", "8", "RGBA:/tmp/.tmpCXr1DZ/expected.rgba"]
[validation] magick ["/tmp/.tmpCXr1DZ/results/gradient16-z8-7.png", "-auto-orient", "-depth", "8", "RGBA:/tmp/.tmpCXr1DZ/actual.rgba"]
[validation] magick ["/tmp/.tmpCXr1DZ/gradient16.png", "-auto-orient", "-format", "%w %h", "info:"]
[validation] magick ["/tmp/.tmpCXr1DZ/results/gradient16-z8-7.png", "-auto-orient", "-format", "%w %h", "info:"]
[validation] magick ["/tmp/.tmpCXr1DZ/results/gradient16-z8-7.png", "-auto-orient", "-format", "%w %h", "info:"]
[validation] magick ["/tmp/.tmpCXr1DZ/gradient16.png", "-auto-orient", "-depth", "8", "RGBA:/tmp/.tmpCXr1DZ/expected.rgba"]
[validation] magick ["/tmp/.tmpCXr1DZ/results/gradient16-z8-8.png", "-auto-orient", "-depth", "8", "RGBA:/tmp/.tmpCXr1DZ/actual.rgba"]
[validation] magick ["/tmp/.tmpCXr1DZ/gradient16.png", "-auto-orient", "-format", "%w %h", "info:"]
[validation] magick ["/tmp/.tmpCXr1DZ/results/gradient16-z8-8.png", "-auto-orient", "-format", "%w %h", "info:"]
[validation] magick ["/tmp/.tmpCXr1DZ/results/gradient16-z8-8.png", "-auto-orient", "-format", "%w %h", "info:"]
[validation] magick ["/tmp/.tmpCXr1DZ/gradient16.png", "-auto-orient", "-depth", "8", "RGBA:/tmp/.tmpCXr1DZ/expected.rgba"]
[validation] magick ["/tmp/.tmpCXr1DZ/results/gradient16-z8-9.png", "-auto-orient", "-depth", "8", "RGBA:/tmp/.tmpCXr1DZ/actual.rgba"]
[validation] magick ["/tmp/.tmpCXr1DZ/gradient16.png", "-auto-orient", "-format", "%w %h", "info:"]
[validation] magick ["/tmp/.tmpCXr1DZ/results/gradient16-z8-9.png", "-auto-orient", "-format", "%w %h", "info:"]
[validation] magick ["/tmp/.tmpCXr1DZ/results/gradient16-z8-9.png", "-auto-orient", "-format", "%w %h", "info:"]
[validation] magick ["/tmp/.tmpCXr1DZ/gradient16.png", "-auto-orient", "-depth", "8", "RGBA:/tmp/.tmpCXr1DZ/expected.rgba"]
[validation] magick ["/tmp/.tmpCXr1DZ/results/gradient16-z8-10.png", "-auto-orient", "-depth", "8", "RGBA:/tmp/.tmpCXr1DZ/actual.rgba"]
[validation] magick ["/tmp/.tmpCXr1DZ/gradient16.png", "-auto-orient", "-format", "%w %h", "info:"]
[validation] magick ["/tmp/.tmpCXr1DZ/results/gradient16-z8-10.png", "-auto-orient", "-format", "%w %h", "info:"]
[validation] magick ["/tmp/.tmpCXr1DZ/results/gradient16-z8-10.png", "-auto-orient", "-format", "%w %h", "info:"]
[validation] magick ["/tmp/.tmpCXr1DZ/gradient16.png", "-auto-orient", "-depth", "8", "RGBA:/tmp/.tmpCXr1DZ/expected.rgba"]
[validation] magick ["/tmp/.tmpCXr1DZ/results/gradient16-z8-11.png", "-auto-orient", "-depth", "8", "RGBA:/tmp/.tmpCXr1DZ/actual.rgba"]
[validation] magick ["/tmp/.tmpCXr1DZ/gradient16.png", "-auto-orient", "-format", "%w %h", "info:"]
[validation] magick ["/tmp/.tmpCXr1DZ/results/gradient16-z8-11.png", "-auto-orient", "-format", "%w %h", "info:"]
[validation] magick ["/tmp/.tmpCXr1DZ/results/gradient16-z8-11.png", "-auto-orient", "-format", "%w %h", "info:"]
[validation] magick ["/tmp/.tmpCXr1DZ/gradient16.png", "-auto-orient", "-depth", "8", "RGBA:/tmp/.tmpCXr1DZ/expected.rgba"]
[validation] magick ["/tmp/.tmpCXr1DZ/results/gradient16-z8-12.png", "-auto-orient", "-depth", "8", "RGBA:/tmp/.tmpCXr1DZ/actual.rgba"]
[validation] magick ["/tmp/.tmpCXr1DZ/gradient16.png", "-auto-orient", "-format", "%w %h", "info:"]
[validation] magick ["/tmp/.tmpCXr1DZ/results/gradient16-z8-12.png", "-auto-orient", "-format", "%w %h", "info:"]
[validation] magick ["/tmp/.tmpCXr1DZ/results/gradient16-z8-12.png", "-auto-orient", "-format", "%w %h", "info:"]
[validation] magick ["/tmp/.tmpCXr1DZ/gradient16.png", "-auto-orient", "-depth", "8", "RGBA:/tmp/.tmpCXr1DZ/expected.rgba"]
[validation] magick ["/tmp/.tmpCXr1DZ/results/gradient16-z8-13.png", "-auto-orient", "-depth", "8", "RGBA:/tmp/.tmpCXr1DZ/actual.rgba"]
[validation] magick ["/tmp/.tmpCXr1DZ/gradient16.png", "-auto-orient", "-format", "%w %h", "info:"]
[validation] magick ["/tmp/.tmpCXr1DZ/results/gradient16-z8-13.png", "-auto-orient", "-format", "%w %h", "info:"]
[validation] magick ["/tmp/.tmpCXr1DZ/results/gradient16-z8-13.png", "-auto-orient", "-format", "%w %h", "info:"]
[validation] magick ["/tmp/.tmpCXr1DZ/gradient16.png", "-auto-orient", "-depth", "8", "RGBA:/tmp/.tmpCXr1DZ/expected.rgba"]
[validation] magick ["/tmp/.tmpCXr1DZ/results/gradient16-z8-14.png", "-auto-orient", "-depth", "8", "RGBA:/tmp/.tmpCXr1DZ/actual.rgba"]
[validation] magick ["/tmp/.tmpCXr1DZ/gradient16.png", "-auto-orient", "-format", "%w %h", "info:"]
[validation] magick ["/tmp/.tmpCXr1DZ/results/gradient16-z8-14.png", "-auto-orient", "-format", "%w %h", "info:"]
[validation] magick ["/tmp/.tmpCXr1DZ/results/gradient16-z8-14.png", "-auto-orient", "-format", "%w %h", "info:"]
[validation] magick ["/tmp/.tmpCXr1DZ/gradient16.png", "-auto-orient", "-depth", "8", "RGBA:/tmp/.tmpCXr1DZ/expected.rgba"]
[validation] magick ["/tmp/.tmpCXr1DZ/results/gradient16-z8-15.png", "-auto-orient", "-depth", "8", "RGBA:/tmp/.tmpCXr1DZ/actual.rgba"]
[validation] magick ["/tmp/.tmpCXr1DZ/gradient16.png", "-auto-orient", "-format", "%w %h", "info:"]
[validation] magick ["/tmp/.tmpCXr1DZ/results/gradient16-z8-15.png", "-auto-orient", "-format", "%w %h", "info:"]
[validation] magick ["/tmp/.tmpCXr1DZ/results/gradient16-z8-15.png", "-auto-orient", "-format", "%w %h", "info:"]
[validation] magick ["/tmp/.tmpCXr1DZ/gradient10.heic", "-auto-orient", "-depth", "8", "RGBA:/tmp/.tmpCXr1DZ/expected.rgba"]
[validation] magick ["/tmp/.tmpCXr1DZ/results/gradient10-z8-1.avif", "-auto-orient", "-depth", "8", "RGBA:/tmp/.tmpCXr1DZ/actual.rgba"]
[validation] magick ["/tmp/.tmpCXr1DZ/gradient10.heic", "-auto-orient", "-format", "%w %h", "info:"]
[validation] magick ["/tmp/.tmpCXr1DZ/results/gradient10-z8-1.avif", "-auto-orient", "-format", "%w %h", "info:"]
[validation] magick ["/tmp/.tmpCXr1DZ/results/gradient10-z8-1.avif", "-auto-orient", "-format", "%w %h", "info:"]
[validation] magick ["/tmp/.tmpCXr1DZ/gradient10.heic", "-auto-orient", "-depth", "8", "RGBA:/tmp/.tmpCXr1DZ/expected.rgba"]
[validation] magick ["/tmp/.tmpCXr1DZ/results/gradient10-z8-2.avif", "-auto-orient", "-depth", "8", "RGBA:/tmp/.tmpCXr1DZ/actual.rgba"]
[validation] magick ["/tmp/.tmpCXr1DZ/gradient10.heic", "-auto-orient", "-format", "%w %h", "info:"]
[validation] magick ["/tmp/.tmpCXr1DZ/results/gradient10-z8-2.avif", "-auto-orient", "-format", "%w %h", "info:"]
[validation] magick ["/tmp/.tmpCXr1DZ/results/gradient10-z8-2.avif", "-auto-orient", "-format", "%w %h", "info:"]
[validation] magick ["/tmp/.tmpCXr1DZ/gradient10.heic", "-auto-orient", "-depth", "8", "RGBA:/tmp/.tmpCXr1DZ/expected.rgba"]
[validation] magick ["/tmp/.tmpCXr1DZ/results/gradient10-z8-3.avif", "-auto-orient", "-depth", "8", "RGBA:/tmp/.tmpCXr1DZ/actual.rgba"]
[validation] magick ["/tmp/.tmpCXr1DZ/gradient10.heic", "-auto-orient", "-format", "%w %h", "info:"]
[validation] magick ["/tmp/.tmpCXr1DZ/results/gradient10-z8-3.avif", "-auto-orient", "-format", "%w %h", "info:"]
[validation] magick ["/tmp/.tmpCXr1DZ/results/gradient10-z8-3.avif", "-auto-orient", "-format", "%w %h", "info:"]
[validation] magick ["/tmp/.tmpCXr1DZ/gradient10.heic", "-auto-orient", "-depth", "8", "RGBA:/tmp/.tmpCXr1DZ/expected.rgba"]
[validation] magick ["/tmp/.tmpCXr1DZ/results/gradient10-z8-4.avif", "-auto-orient", "-depth", "8", "RGBA:/tmp/.tmpCXr1DZ/actual.rgba"]
[validation] magick ["/tmp/.tmpCXr1DZ/gradient10.heic", "-auto-orient", "-format", "%w %h", "info:"]
[validation] magick ["/tmp/.tmpCXr1DZ/results/gradient10-z8-4.avif", "-auto-orient", "-format", "%w %h", "info:"]
[validation] magick ["/tmp/.tmpCXr1DZ/results/gradient10-z8-4.avif", "-auto-orient", "-format", "%w %h", "info:"]
[validation] magick ["/tmp/.tmpCXr1DZ/gradient10.heic", "-auto-orient", "-depth", "8", "RGBA:/tmp/.tmpCXr1DZ/expected.rgba"]
[validation] magick ["/tmp/.tmpCXr1DZ/results/gradient10-z8-5.avif", "-auto-orient", "-depth", "8", "RGBA:/tmp/.tmpCXr1DZ/actual.rgba"]
[validation] magick ["/tmp/.tmpCXr1DZ/gradient10.heic", "-auto-orient", "-format", "%w %h", "info:"]
[validation] magick ["/tmp/.tmpCXr1DZ/results/gradient10-z8-5.avif", "-auto-orient", "-format", "%w %h", "info:"]
[validation] magick ["/tmp/.tmpCXr1DZ/results/gradient10-z8-5.avif", "-auto-orient", "-format", "%w %h", "info:"]
[validation] magick ["/tmp/.tmpCXr1DZ/gradient10.heic", "-auto-orient", "-depth", "8", "RGBA:/tmp/.tmpCXr1DZ/expected.rgba"]
[validation] magick ["/tmp/.tmpCXr1DZ/results/gradient10-z8-6.avif", "-auto-orient", "-depth", "8", "RGBA:/tmp/.tmpCXr1DZ/actual.rgba"]
[validation] magick ["/tmp/.tmpCXr1DZ/gradient10.heic", "-auto-orient", "-format", "%w %h", "info:"]
[validation] magick ["/tmp/.tmpCXr1DZ/results/gradient10-z8-6.avif", "-auto-orient", "-format", "%w %h", "info:"]
[validation] magick ["/tmp/.tmpCXr1DZ/results/gradient10-z8-6.avif", "-auto-orient", "-format", "%w %h", "info:"]
[validation] magick ["/tmp/.tmpCXr1DZ/gradient10.heic", "-auto-orient", "-depth", "8", "RGBA:/tmp/.tmpCXr1DZ/expected.rgba"]
[validation] magick ["/tmp/.tmpCXr1DZ/results/gradient10-z8-7.avif", "-auto-orient", "-depth", "8", "RGBA:/tmp/.tmpCXr1DZ/actual.rgba"]
[validation] magick ["/tmp/.tmpCXr1DZ/gradient10.heic", "-auto-orient", "-format", "%w %h", "info:"]
[validation] magick ["/tmp/.tmpCXr1DZ/results/gradient10-z8-7.avif", "-auto-orient", "-format", "%w %h", "info:"]
[validation] magick ["/tmp/.tmpCXr1DZ/results/gradient10-z8-7.avif", "-auto-orient", "-format", "%w %h", "info:"]
[validation] magick ["/tmp/.tmpCXr1DZ/gradient10.heic", "-auto-orient", "-depth", "8", "RGBA:/tmp/.tmpCXr1DZ/expected.rgba"]
[validation] magick ["/tmp/.tmpCXr1DZ/results/gradient10-z8-8.avif", "-auto-orient", "-depth", "8", "RGBA:/tmp/.tmpCXr1DZ/actual.rgba"]
[validation] magick ["/tmp/.tmpCXr1DZ/gradient10.heic", "-auto-orient", "-format", "%w %h", "info:"]
[validation] magick ["/tmp/.tmpCXr1DZ/results/gradient10-z8-8.avif", "-auto-orient", "-format", "%w %h", "info:"]
[validation] magick ["/tmp/.tmpCXr1DZ/results/gradient10-z8-8.avif", "-auto-orient", "-format", "%w %h", "info:"]
[validation] magick ["/tmp/.tmpCXr1DZ/gradient10.heic", "-auto-orient", "-depth", "8", "RGBA:/tmp/.tmpCXr1DZ/expected.rgba"]
[validation] magick ["/tmp/.tmpCXr1DZ/results/gradient10-z8-9.avif", "-auto-orient", "-depth", "8", "RGBA:/tmp/.tmpCXr1DZ/actual.rgba"]
[validation] magick ["/tmp/.tmpCXr1DZ/gradient10.heic", "-auto-orient", "-format", "%w %h", "info:"]
[validation] magick ["/tmp/.tmpCXr1DZ/results/gradient10-z8-9.avif", "-auto-orient", "-format", "%w %h", "info:"]
[validation] magick ["/tmp/.tmpCXr1DZ/results/gradient10-z8-9.avif", "-auto-orient", "-format", "%w %h", "info:"]
[validation] magick ["/tmp/.tmpCXr1DZ/gradient10.heic", "-auto-orient", "-depth", "8", "RGBA:/tmp/.tmpCXr1DZ/expected.rgba"]
[validation] magick ["/tmp/.tmpCXr1DZ/results/gradient10-z8-10.avif", "-auto-orient", "-depth", "8", "RGBA:/tmp/.tmpCXr1DZ/actual.rgba"]
[validation] magick ["/tmp/.tmpCXr1DZ/gradient10.heic", "-auto-orient", "-format", "%w %h", "info:"]
[validation] magick ["/tmp/.tmpCXr1DZ/results/gradient10-z8-10.avif", "-auto-orient", "-format", "%w %h", "info:"]
[validation] magick ["/tmp/.tmpCXr1DZ/results/gradient10-z8-10.avif", "-auto-orient", "-format", "%w %h", "info:"]
[validation] magick ["/tmp/.tmpCXr1DZ/gradient10.heic", "-auto-orient", "-depth", "8", "RGBA:/tmp/.tmpCXr1DZ/expected.rgba"]
[validation] magick ["/tmp/.tmpCXr1DZ/results/gradient10-z8-11.avif", "-auto-orient", "-depth", "8", "RGBA:/tmp/.tmpCXr1DZ/actual.rgba"]
[validation] magick ["/tmp/.tmpCXr1DZ/gradient10.heic", "-auto-orient", "-format", "%w %h", "info:"]
[validation] magick ["/tmp/.tmpCXr1DZ/results/gradient10-z8-11.avif", "-auto-orient", "-format", "%w %h", "info:"]
[validation] magick ["/tmp/.tmpCXr1DZ/results/gradient10-z8-11.avif", "-auto-orient", "-format", "%w %h", "info:"]
[validation] magick ["/tmp/.tmpCXr1DZ/gradient10.heic", "-auto-orient", "-depth", "8", "RGBA:/tmp/.tmpCXr1DZ/expected.rgba"]
[validation] magick ["/tmp/.tmpCXr1DZ/results/gradient10-z8-12.avif", "-auto-orient", "-depth", "8", "RGBA:/tmp/.tmpCXr1DZ/actual.rgba"]
[validation] magick ["/tmp/.tmpCXr1DZ/gradient10.heic", "-auto-orient", "-format", "%w %h", "info:"]
[validation] magick ["/tmp/.tmpCXr1DZ/results/gradient10-z8-12.avif", "-auto-orient", "-format", "%w %h", "info:"]
[validation] magick ["/tmp/.tmpCXr1DZ/results/gradient10-z8-12.avif", "-auto-orient", "-format", "%w %h", "info:"]
[validation] magick ["/tmp/.tmpCXr1DZ/gradient10.heic", "-auto-orient", "-depth", "8", "RGBA:/tmp/.tmpCXr1DZ/expected.rgba"]
[validation] magick ["/tmp/.tmpCXr1DZ/results/gradient10-z8-13.avif", "-auto-orient", "-depth", "8", "RGBA:/tmp/.tmpCXr1DZ/actual.rgba"]
[validation] magick ["/tmp/.tmpCXr1DZ/gradient10.heic", "-auto-orient", "-format", "%w %h", "info:"]
[validation] magick ["/tmp/.tmpCXr1DZ/results/gradient10-z8-13.avif", "-auto-orient", "-format", "%w %h", "info:"]
[validation] magick ["/tmp/.tmpCXr1DZ/results/gradient10-z8-13.avif", "-auto-orient", "-format", "%w %h", "info:"]
[validation] magick ["/tmp/.tmpCXr1DZ/gradient10.heic", "-auto-orient", "-depth", "8", "RGBA:/tmp/.tmpCXr1DZ/expected.rgba"]
[validation] magick ["/tmp/.tmpCXr1DZ/results/gradient10-z8-14.avif", "-auto-orient", "-depth", "8", "RGBA:/tmp/.tmpCXr1DZ/actual.rgba"]
[validation] magick ["/tmp/.tmpCXr1DZ/gradient10.heic", "-auto-orient", "-format", "%w %h", "info:"]
[validation] magick ["/tmp/.tmpCXr1DZ/results/gradient10-z8-14.avif", "-auto-orient", "-format", "%w %h", "info:"]
[validation] magick ["/tmp/.tmpCXr1DZ/results/gradient10-z8-14.avif", "-auto-orient", "-format", "%w %h", "info:"]
[validation] magick ["/tmp/.tmpCXr1DZ/gradient10.heic", "-auto-orient", "-depth", "8", "RGBA:/tmp/.tmpCXr1DZ/expected.rgba"]
[validation] magick ["/tmp/.tmpCXr1DZ/results/gradient10-z8-15.avif", "-auto-orient", "-depth", "8", "RGBA:/tmp/.tmpCXr1DZ/actual.rgba"]
[validation] magick ["/tmp/.tmpCXr1DZ/gradient10.heic", "-auto-orient", "-format", "%w %h", "info:"]
[validation] magick ["/tmp/.tmpCXr1DZ/results/gradient10-z8-15.avif", "-auto-orient", "-format", "%w %h", "info:"]
[validation] magick ["/tmp/.tmpCXr1DZ/results/gradient10-z8-15.avif", "-auto-orient", "-format", "%w %h", "info:"]
[validation] magick ["/tmp/.tmpCXr1DZ/gradient10.heic", "-auto-orient", "-depth", "8", "RGBA:/tmp/.tmpCXr1DZ/expected.rgba"]
[validation] magick ["/tmp/.tmpCXr1DZ/results/gradient10-z8-1.webp", "-auto-orient", "-depth", "8", "RGBA:/tmp/.tmpCXr1DZ/actual.rgba"]
[validation] magick ["/tmp/.tmpCXr1DZ/gradient10.heic", "-auto-orient", "-format", "%w %h", "info:"]
[validation] magick ["/tmp/.tmpCXr1DZ/results/gradient10-z8-1.webp", "-auto-orient", "-format", "%w %h", "info:"]
[validation] magick ["/tmp/.tmpCXr1DZ/results/gradient10-z8-1.webp", "-auto-orient", "-format", "%w %h", "info:"]
[validation] magick ["/tmp/.tmpCXr1DZ/gradient10.heic", "-auto-orient", "-depth", "8", "RGBA:/tmp/.tmpCXr1DZ/expected.rgba"]
[validation] magick ["/tmp/.tmpCXr1DZ/results/gradient10-z8-2.webp", "-auto-orient", "-depth", "8", "RGBA:/tmp/.tmpCXr1DZ/actual.rgba"]
[validation] magick ["/tmp/.tmpCXr1DZ/gradient10.heic", "-auto-orient", "-format", "%w %h", "info:"]
[validation] magick ["/tmp/.tmpCXr1DZ/results/gradient10-z8-2.webp", "-auto-orient", "-format", "%w %h", "info:"]
[validation] magick ["/tmp/.tmpCXr1DZ/results/gradient10-z8-2.webp", "-auto-orient", "-format", "%w %h", "info:"]
[validation] magick ["/tmp/.tmpCXr1DZ/gradient10.heic", "-auto-orient", "-depth", "8", "RGBA:/tmp/.tmpCXr1DZ/expected.rgba"]
[validation] magick ["/tmp/.tmpCXr1DZ/results/gradient10-z8-3.webp", "-auto-orient", "-depth", "8", "RGBA:/tmp/.tmpCXr1DZ/actual.rgba"]
[validation] magick ["/tmp/.tmpCXr1DZ/gradient10.heic", "-auto-orient", "-format", "%w %h", "info:"]
[validation] magick ["/tmp/.tmpCXr1DZ/results/gradient10-z8-3.webp", "-auto-orient", "-format", "%w %h", "info:"]
[validation] magick ["/tmp/.tmpCXr1DZ/results/gradient10-z8-3.webp", "-auto-orient", "-format", "%w %h", "info:"]
[validation] magick ["/tmp/.tmpCXr1DZ/gradient10.heic", "-auto-orient", "-depth", "8", "RGBA:/tmp/.tmpCXr1DZ/expected.rgba"]
[validation] magick ["/tmp/.tmpCXr1DZ/results/gradient10-z8-4.webp", "-auto-orient", "-depth", "8", "RGBA:/tmp/.tmpCXr1DZ/actual.rgba"]
[validation] magick ["/tmp/.tmpCXr1DZ/gradient10.heic", "-auto-orient", "-format", "%w %h", "info:"]
[validation] magick ["/tmp/.tmpCXr1DZ/results/gradient10-z8-4.webp", "-auto-orient", "-format", "%w %h", "info:"]
[validation] magick ["/tmp/.tmpCXr1DZ/results/gradient10-z8-4.webp", "-auto-orient", "-format", "%w %h", "info:"]
[validation] magick ["/tmp/.tmpCXr1DZ/gradient10.heic", "-auto-orient", "-depth", "8", "RGBA:/tmp/.tmpCXr1DZ/expected.rgba"]
[validation] magick ["/tmp/.tmpCXr1DZ/results/gradient10-z8-5.webp", "-auto-orient", "-depth", "8", "RGBA:/tmp/.tmpCXr1DZ/actual.rgba"]
[validation] magick ["/tmp/.tmpCXr1DZ/gradient10.heic", "-auto-orient", "-format", "%w %h", "info:"]
[validation] magick ["/tmp/.tmpCXr1DZ/results/gradient10-z8-5.webp", "-auto-orient", "-format", "%w %h", "info:"]
[validation] magick ["/tmp/.tmpCXr1DZ/results/gradient10-z8-5.webp", "-auto-orient", "-format", "%w %h", "info:"]
[validation] magick ["/tmp/.tmpCXr1DZ/gradient10.heic", "-auto-orient", "-depth", "8", "RGBA:/tmp/.tmpCXr1DZ/expected.rgba"]
[validation] magick ["/tmp/.tmpCXr1DZ/results/gradient10-z8-6.webp", "-auto-orient", "-depth", "8", "RGBA:/tmp/.tmpCXr1DZ/actual.rgba"]
[validation] magick ["/tmp/.tmpCXr1DZ/gradient10.heic", "-auto-orient", "-format", "%w %h", "info:"]
[validation] magick ["/tmp/.tmpCXr1DZ/results/gradient10-z8-6.webp", "-auto-orient", "-format", "%w %h", "info:"]
[validation] magick ["/tmp/.tmpCXr1DZ/results/gradient10-z8-6.webp", "-auto-orient", "-format", "%w %h", "info:"]
[validation] magick ["/tmp/.tmpCXr1DZ/gradient10.heic", "-auto-orient", "-depth", "8", "RGBA:/tmp/.tmpCXr1DZ/expected.rgba"]
[validation] magick ["/tmp/.tmpCXr1DZ/results/gradient10-z8-7.webp", "-auto-orient", "-depth", "8", "RGBA:/tmp/.tmpCXr1DZ/actual.rgba"]
[validation] magick ["/tmp/.tmpCXr1DZ/gradient10.heic", "-auto-orient", "-format", "%w %h", "info:"]
[validation] magick ["/tmp/.tmpCXr1DZ/results/gradient10-z8-7.webp", "-auto-orient", "-format", "%w %h", "info:"]
[validation] magick ["/tmp/.tmpCXr1DZ/results/gradient10-z8-7.webp", "-auto-orient", "-format", "%w %h", "info:"]
[validation] magick ["/tmp/.tmpCXr1DZ/gradient10.heic", "-auto-orient", "-depth", "8", "RGBA:/tmp/.tmpCXr1DZ/expected.rgba"]
[validation] magick ["/tmp/.tmpCXr1DZ/results/gradient10-z8-8.webp", "-auto-orient", "-depth", "8", "RGBA:/tmp/.tmpCXr1DZ/actual.rgba"]
[validation] magick ["/tmp/.tmpCXr1DZ/gradient10.heic", "-auto-orient", "-format", "%w %h", "info:"]
[validation] magick ["/tmp/.tmpCXr1DZ/results/gradient10-z8-8.webp", "-auto-orient", "-format", "%w %h", "info:"]
[validation] magick ["/tmp/.tmpCXr1DZ/results/gradient10-z8-8.webp", "-auto-orient", "-format", "%w %h", "info:"]
[validation] magick ["/tmp/.tmpCXr1DZ/gradient10.heic", "-auto-orient", "-depth", "8", "RGBA:/tmp/.tmpCXr1DZ/expected.rgba"]
[validation] magick ["/tmp/.tmpCXr1DZ/results/gradient10-z8-9.webp", "-auto-orient", "-depth", "8", "RGBA:/tmp/.tmpCXr1DZ/actual.rgba"]
[validation] magick ["/tmp/.tmpCXr1DZ/gradient10.heic", "-auto-orient", "-format", "%w %h", "info:"]
[validation] magick ["/tmp/.tmpCXr1DZ/results/gradient10-z8-9.webp", "-auto-orient", "-format", "%w %h", "info:"]
[validation] magick ["/tmp/.tmpCXr1DZ/results/gradient10-z8-9.webp", "-auto-orient", "-format", "%w %h", "info:"]
[validation] magick ["/tmp/.tmpCXr1DZ/gradient10.heic", "-auto-orient", "-depth", "8", "RGBA:/tmp/.tmpCXr1DZ/expected.rgba"]
[validation] magick ["/tmp/.tmpCXr1DZ/results/gradient10-z8-10.webp", "-auto-orient", "-depth", "8", "RGBA:/tmp/.tmpCXr1DZ/actual.rgba"]
[validation] magick ["/tmp/.tmpCXr1DZ/gradient10.heic", "-auto-orient", "-format", "%w %h", "info:"]
[validation] magick ["/tmp/.tmpCXr1DZ/results/gradient10-z8-10.webp", "-auto-orient", "-format", "%w %h", "info:"]
[validation] magick ["/tmp/.tmpCXr1DZ/results/gradient10-z8-10.webp", "-auto-orient", "-format", "%w %h", "info:"]
[validation] magick ["/tmp/.tmpCXr1DZ/gradient10.heic", "-auto-orient", "-depth", "8", "RGBA:/tmp/.tmpCXr1DZ/expected.rgba"]
[validation] magick ["/tmp/.tmpCXr1DZ/results/gradient10-z8-11.webp", "-auto-orient", "-depth", "8", "RGBA:/tmp/.tmpCXr1DZ/actual.rgba"]
[validation] magick ["/tmp/.tmpCXr1DZ/gradient10.heic", "-auto-orient", "-format", "%w %h", "info:"]
[validation] magick ["/tmp/.tmpCXr1DZ/results/gradient10-z8-11.webp", "-auto-orient", "-format", "%w %h", "info:"]
[validation] magick ["/tmp/.tmpCXr1DZ/results/gradient10-z8-11.webp", "-auto-orient", "-format", "%w %h", "info:"]
[validation] magick ["/tmp/.tmpCXr1DZ/gradient10.heic", "-auto-orient", "-depth", "8", "RGBA:/tmp/.tmpCXr1DZ/expected.rgba"]
[validation] magick ["/tmp/.tmpCXr1DZ/results/gradient10-z8-12.webp", "-auto-orient", "-depth", "8", "RGBA:/tmp/.tmpCXr1DZ/actual.rgba"]
[validation] magick ["/tmp/.tmpCXr1DZ/gradient10.heic", "-auto-orient", "-format", "%w %h", "info:"]
[validation] magick ["/tmp/.tmpCXr1DZ/results/gradient10-z8-12.webp", "-auto-orient", "-format", "%w %h", "info:"]
[validation] magick ["/tmp/.tmpCXr1DZ/results/gradient10-z8-12.webp", "-auto-orient", "-format", "%w %h", "info:"]
[validation] magick ["/tmp/.tmpCXr1DZ/gradient10.heic", "-auto-orient", "-depth", "8", "RGBA:/tmp/.tmpCXr1DZ/expected.rgba"]
[validation] magick ["/tmp/.tmpCXr1DZ/results/gradient10-z8-13.webp", "-auto-orient", "-depth", "8", "RGBA:/tmp/.tmpCXr1DZ/actual.rgba"]
[validation] magick ["/tmp/.tmpCXr1DZ/gradient10.heic", "-auto-orient", "-format", "%w %h", "info:"]
[validation] magick ["/tmp/.tmpCXr1DZ/results/gradient10-z8-13.webp", "-auto-orient", "-format", "%w %h", "info:"]
[validation] magick ["/tmp/.tmpCXr1DZ/results/gradient10-z8-13.webp", "-auto-orient", "-format", "%w %h", "info:"]
[validation] magick ["/tmp/.tmpCXr1DZ/gradient10.heic", "-auto-orient", "-depth", "8", "RGBA:/tmp/.tmpCXr1DZ/expected.rgba"]
[validation] magick ["/tmp/.tmpCXr1DZ/results/gradient10-z8-14.webp", "-auto-orient", "-depth", "8", "RGBA:/tmp/.tmpCXr1DZ/actual.rgba"]
[validation] magick ["/tmp/.tmpCXr1DZ/gradient10.heic", "-auto-orient", "-format", "%w %h", "info:"]
[validation] magick ["/tmp/.tmpCXr1DZ/results/gradient10-z8-14.webp", "-auto-orient", "-format", "%w %h", "info:"]
[validation] magick ["/tmp/.tmpCXr1DZ/results/gradient10-z8-14.webp", "-auto-orient", "-format", "%w %h", "info:"]
[validation] magick ["/tmp/.tmpCXr1DZ/gradient10.heic", "-auto-orient", "-depth", "8", "RGBA:/tmp/.tmpCXr1DZ/expected.rgba"]
[validation] magick ["/tmp/.tmpCXr1DZ/results/gradient10-z8-15.webp", "-auto-orient", "-depth", "8", "RGBA:/tmp/.tmpCXr1DZ/actual.rgba"]
[validation] magick ["/tmp/.tmpCXr1DZ/gradient10.heic", "-auto-orient", "-format", "%w %h", "info:"]
[validation] magick ["/tmp/.tmpCXr1DZ/results/gradient10-z8-15.webp", "-auto-orient", "-format", "%w %h", "info:"]
[validation] magick ["/tmp/.tmpCXr1DZ/results/gradient10-z8-15.webp", "-auto-orient", "-format", "%w %h", "info:"]
[validation] magick ["/tmp/.tmpCXr1DZ/gradient10.heic", "-auto-orient", "-background", "white", "-alpha", "remove", "-alpha", "off", "-depth", "8", "RGBA:/tmp/.tmpCXr1DZ/expected.rgba"]
[validation] magick ["/tmp/.tmpCXr1DZ/results/gradient10-z8-1.jpg", "-auto-orient", "-depth", "8", "RGBA:/tmp/.tmpCXr1DZ/actual.rgba"]
[validation] magick ["/tmp/.tmpCXr1DZ/gradient10.heic", "-auto-orient", "-format", "%w %h", "info:"]
[validation] magick ["/tmp/.tmpCXr1DZ/results/gradient10-z8-1.jpg", "-auto-orient", "-format", "%w %h", "info:"]
[validation] magick ["/tmp/.tmpCXr1DZ/results/gradient10-z8-1.jpg", "-auto-orient", "-format", "%w %h", "info:"]
[validation] magick ["/tmp/.tmpCXr1DZ/gradient10.heic", "-auto-orient", "-background", "white", "-alpha", "remove", "-alpha", "off", "-depth", "8", "RGBA:/tmp/.tmpCXr1DZ/expected.rgba"]
[validation] magick ["/tmp/.tmpCXr1DZ/results/gradient10-z8-2.jpg", "-auto-orient", "-depth", "8", "RGBA:/tmp/.tmpCXr1DZ/actual.rgba"]
[validation] magick ["/tmp/.tmpCXr1DZ/gradient10.heic", "-auto-orient", "-format", "%w %h", "info:"]
[validation] magick ["/tmp/.tmpCXr1DZ/results/gradient10-z8-2.jpg", "-auto-orient", "-format", "%w %h", "info:"]
[validation] magick ["/tmp/.tmpCXr1DZ/results/gradient10-z8-2.jpg", "-auto-orient", "-format", "%w %h", "info:"]
[validation] magick ["/tmp/.tmpCXr1DZ/gradient10.heic", "-auto-orient", "-background", "white", "-alpha", "remove", "-alpha", "off", "-depth", "8", "RGBA:/tmp/.tmpCXr1DZ/expected.rgba"]
[validation] magick ["/tmp/.tmpCXr1DZ/results/gradient10-z8-3.jpg", "-auto-orient", "-depth", "8", "RGBA:/tmp/.tmpCXr1DZ/actual.rgba"]
[validation] magick ["/tmp/.tmpCXr1DZ/gradient10.heic", "-auto-orient", "-format", "%w %h", "info:"]
[validation] magick ["/tmp/.tmpCXr1DZ/results/gradient10-z8-3.jpg", "-auto-orient", "-format", "%w %h", "info:"]
[validation] magick ["/tmp/.tmpCXr1DZ/results/gradient10-z8-3.jpg", "-auto-orient", "-format", "%w %h", "info:"]
[validation] magick ["/tmp/.tmpCXr1DZ/gradient10.heic", "-auto-orient", "-background", "white", "-alpha", "remove", "-alpha", "off", "-depth", "8", "RGBA:/tmp/.tmpCXr1DZ/expected.rgba"]
[validation] magick ["/tmp/.tmpCXr1DZ/results/gradient10-z8-4.jpg", "-auto-orient", "-depth", "8", "RGBA:/tmp/.tmpCXr1DZ/actual.rgba"]
[validation] magick ["/tmp/.tmpCXr1DZ/gradient10.heic", "-auto-orient", "-format", "%w %h", "info:"]
[validation] magick ["/tmp/.tmpCXr1DZ/results/gradient10-z8-4.jpg", "-auto-orient", "-format", "%w %h", "info:"]
[validation] magick ["/tmp/.tmpCXr1DZ/results/gradient10-z8-4.jpg", "-auto-orient", "-format", "%w %h", "info:"]
[validation] magick ["/tmp/.tmpCXr1DZ/gradient10.heic", "-auto-orient", "-background", "white", "-alpha", "remove", "-alpha", "off", "-depth", "8", "RGBA:/tmp/.tmpCXr1DZ/expected.rgba"]
[validation] magick ["/tmp/.tmpCXr1DZ/results/gradient10-z8-5.jpg", "-auto-orient", "-depth", "8", "RGBA:/tmp/.tmpCXr1DZ/actual.rgba"]
[validation] magick ["/tmp/.tmpCXr1DZ/gradient10.heic", "-auto-orient", "-format", "%w %h", "info:"]
[validation] magick ["/tmp/.tmpCXr1DZ/results/gradient10-z8-5.jpg", "-auto-orient", "-format", "%w %h", "info:"]
[validation] magick ["/tmp/.tmpCXr1DZ/results/gradient10-z8-5.jpg", "-auto-orient", "-format", "%w %h", "info:"]
[validation] magick ["/tmp/.tmpCXr1DZ/gradient10.heic", "-auto-orient", "-background", "white", "-alpha", "remove", "-alpha", "off", "-depth", "8", "RGBA:/tmp/.tmpCXr1DZ/expected.rgba"]
[validation] magick ["/tmp/.tmpCXr1DZ/results/gradient10-z8-6.jpg", "-auto-orient", "-depth", "8", "RGBA:/tmp/.tmpCXr1DZ/actual.rgba"]
[validation] magick ["/tmp/.tmpCXr1DZ/gradient10.heic", "-auto-orient", "-format", "%w %h", "info:"]
[validation] magick ["/tmp/.tmpCXr1DZ/results/gradient10-z8-6.jpg", "-auto-orient", "-format", "%w %h", "info:"]
[validation] magick ["/tmp/.tmpCXr1DZ/results/gradient10-z8-6.jpg", "-auto-orient", "-format", "%w %h", "info:"]
[validation] magick ["/tmp/.tmpCXr1DZ/gradient10.heic", "-auto-orient", "-background", "white", "-alpha", "remove", "-alpha", "off", "-depth", "8", "RGBA:/tmp/.tmpCXr1DZ/expected.rgba"]
[validation] magick ["/tmp/.tmpCXr1DZ/results/gradient10-z8-7.jpg", "-auto-orient", "-depth", "8", "RGBA:/tmp/.tmpCXr1DZ/actual.rgba"]
[validation] magick ["/tmp/.tmpCXr1DZ/gradient10.heic", "-auto-orient", "-format", "%w %h", "info:"]
[validation] magick ["/tmp/.tmpCXr1DZ/results/gradient10-z8-7.jpg", "-auto-orient", "-format", "%w %h", "info:"]
[validation] magick ["/tmp/.tmpCXr1DZ/results/gradient10-z8-7.jpg", "-auto-orient", "-format", "%w %h", "info:"]
[validation] magick ["/tmp/.tmpCXr1DZ/gradient10.heic", "-auto-orient", "-background", "white", "-alpha", "remove", "-alpha", "off", "-depth", "8", "RGBA:/tmp/.tmpCXr1DZ/expected.rgba"]
[validation] magick ["/tmp/.tmpCXr1DZ/results/gradient10-z8-8.jpg", "-auto-orient", "-depth", "8", "RGBA:/tmp/.tmpCXr1DZ/actual.rgba"]
[validation] magick ["/tmp/.tmpCXr1DZ/gradient10.heic", "-auto-orient", "-format", "%w %h", "info:"]
[validation] magick ["/tmp/.tmpCXr1DZ/results/gradient10-z8-8.jpg", "-auto-orient", "-format", "%w %h", "info:"]
[validation] magick ["/tmp/.tmpCXr1DZ/results/gradient10-z8-8.jpg", "-auto-orient", "-format", "%w %h", "info:"]
[validation] magick ["/tmp/.tmpCXr1DZ/gradient10.heic", "-auto-orient", "-background", "white", "-alpha", "remove", "-alpha", "off", "-depth", "8", "RGBA:/tmp/.tmpCXr1DZ/expected.rgba"]
[validation] magick ["/tmp/.tmpCXr1DZ/results/gradient10-z8-9.jpg", "-auto-orient", "-depth", "8", "RGBA:/tmp/.tmpCXr1DZ/actual.rgba"]
[validation] magick ["/tmp/.tmpCXr1DZ/gradient10.heic", "-auto-orient", "-format", "%w %h", "info:"]
[validation] magick ["/tmp/.tmpCXr1DZ/results/gradient10-z8-9.jpg", "-auto-orient", "-format", "%w %h", "info:"]
[validation] magick ["/tmp/.tmpCXr1DZ/results/gradient10-z8-9.jpg", "-auto-orient", "-format", "%w %h", "info:"]
[validation] magick ["/tmp/.tmpCXr1DZ/gradient10.heic", "-auto-orient", "-background", "white", "-alpha", "remove", "-alpha", "off", "-depth", "8", "RGBA:/tmp/.tmpCXr1DZ/expected.rgba"]
[validation] magick ["/tmp/.tmpCXr1DZ/results/gradient10-z8-10.jpg", "-auto-orient", "-depth", "8", "RGBA:/tmp/.tmpCXr1DZ/actual.rgba"]
[validation] magick ["/tmp/.tmpCXr1DZ/gradient10.heic", "-auto-orient", "-format", "%w %h", "info:"]
[validation] magick ["/tmp/.tmpCXr1DZ/results/gradient10-z8-10.jpg", "-auto-orient", "-format", "%w %h", "info:"]
[validation] magick ["/tmp/.tmpCXr1DZ/results/gradient10-z8-10.jpg", "-auto-orient", "-format", "%w %h", "info:"]
[validation] magick ["/tmp/.tmpCXr1DZ/gradient10.heic", "-auto-orient", "-background", "white", "-alpha", "remove", "-alpha", "off", "-depth", "8", "RGBA:/tmp/.tmpCXr1DZ/expected.rgba"]
[validation] magick ["/tmp/.tmpCXr1DZ/results/gradient10-z8-11.jpg", "-auto-orient", "-depth", "8", "RGBA:/tmp/.tmpCXr1DZ/actual.rgba"]
[validation] magick ["/tmp/.tmpCXr1DZ/gradient10.heic", "-auto-orient", "-format", "%w %h", "info:"]
[validation] magick ["/tmp/.tmpCXr1DZ/results/gradient10-z8-11.jpg", "-auto-orient", "-format", "%w %h", "info:"]
[validation] magick ["/tmp/.tmpCXr1DZ/results/gradient10-z8-11.jpg", "-auto-orient", "-format", "%w %h", "info:"]
[validation] magick ["/tmp/.tmpCXr1DZ/gradient10.heic", "-auto-orient", "-background", "white", "-alpha", "remove", "-alpha", "off", "-depth", "8", "RGBA:/tmp/.tmpCXr1DZ/expected.rgba"]
[validation] magick ["/tmp/.tmpCXr1DZ/results/gradient10-z8-12.jpg", "-auto-orient", "-depth", "8", "RGBA:/tmp/.tmpCXr1DZ/actual.rgba"]
[validation] magick ["/tmp/.tmpCXr1DZ/gradient10.heic", "-auto-orient", "-format", "%w %h", "info:"]
[validation] magick ["/tmp/.tmpCXr1DZ/results/gradient10-z8-12.jpg", "-auto-orient", "-format", "%w %h", "info:"]
[validation] magick ["/tmp/.tmpCXr1DZ/results/gradient10-z8-12.jpg", "-auto-orient", "-format", "%w %h", "info:"]
[validation] magick ["/tmp/.tmpCXr1DZ/gradient10.heic", "-auto-orient", "-background", "white", "-alpha", "remove", "-alpha", "off", "-depth", "8", "RGBA:/tmp/.tmpCXr1DZ/expected.rgba"]
[validation] magick ["/tmp/.tmpCXr1DZ/results/gradient10-z8-13.jpg", "-auto-orient", "-depth", "8", "RGBA:/tmp/.tmpCXr1DZ/actual.rgba"]
[validation] magick ["/tmp/.tmpCXr1DZ/gradient10.heic", "-auto-orient", "-format", "%w %h", "info:"]
[validation] magick ["/tmp/.tmpCXr1DZ/results/gradient10-z8-13.jpg", "-auto-orient", "-format", "%w %h", "info:"]
[validation] magick ["/tmp/.tmpCXr1DZ/results/gradient10-z8-13.jpg", "-auto-orient", "-format", "%w %h", "info:"]
[validation] magick ["/tmp/.tmpCXr1DZ/gradient10.heic", "-auto-orient", "-background", "white", "-alpha", "remove", "-alpha", "off", "-depth", "8", "RGBA:/tmp/.tmpCXr1DZ/expected.rgba"]
[validation] magick ["/tmp/.tmpCXr1DZ/results/gradient10-z8-14.jpg", "-auto-orient", "-depth", "8", "RGBA:/tmp/.tmpCXr1DZ/actual.rgba"]
[validation] magick ["/tmp/.tmpCXr1DZ/gradient10.heic", "-auto-orient", "-format", "%w %h", "info:"]
[validation] magick ["/tmp/.tmpCXr1DZ/results/gradient10-z8-14.jpg", "-auto-orient", "-format", "%w %h", "info:"]
[validation] magick ["/tmp/.tmpCXr1DZ/results/gradient10-z8-14.jpg", "-auto-orient", "-format", "%w %h", "info:"]
[validation] magick ["/tmp/.tmpCXr1DZ/gradient10.heic", "-auto-orient", "-background", "white", "-alpha", "remove", "-alpha", "off", "-depth", "8", "RGBA:/tmp/.tmpCXr1DZ/expected.rgba"]
[validation] magick ["/tmp/.tmpCXr1DZ/results/gradient10-z8-15.jpg", "-auto-orient", "-depth", "8", "RGBA:/tmp/.tmpCXr1DZ/actual.rgba"]
[validation] magick ["/tmp/.tmpCXr1DZ/gradient10.heic", "-auto-orient", "-format", "%w %h", "info:"]
[validation] magick ["/tmp/.tmpCXr1DZ/results/gradient10-z8-15.jpg", "-auto-orient", "-format", "%w %h", "info:"]
[validation] magick ["/tmp/.tmpCXr1DZ/results/gradient10-z8-15.jpg", "-auto-orient", "-format", "%w %h", "info:"]
[validation] magick ["/tmp/.tmpCXr1DZ/gradient10.heic", "-auto-orient", "-depth", "8", "RGBA:/tmp/.tmpCXr1DZ/expected.rgba"]
[validation] magick ["/tmp/.tmpCXr1DZ/results/gradient10-z8-1.png", "-auto-orient", "-depth", "8", "RGBA:/tmp/.tmpCXr1DZ/actual.rgba"]
[validation] magick ["/tmp/.tmpCXr1DZ/gradient10.heic", "-auto-orient", "-format", "%w %h", "info:"]
[validation] magick ["/tmp/.tmpCXr1DZ/results/gradient10-z8-1.png", "-auto-orient", "-format", "%w %h", "info:"]
[validation] magick ["/tmp/.tmpCXr1DZ/results/gradient10-z8-1.png", "-auto-orient", "-format", "%w %h", "info:"]
[validation] magick ["/tmp/.tmpCXr1DZ/gradient10.heic", "-auto-orient", "-depth", "8", "RGBA:/tmp/.tmpCXr1DZ/expected.rgba"]
[validation] magick ["/tmp/.tmpCXr1DZ/results/gradient10-z8-2.png", "-auto-orient", "-depth", "8", "RGBA:/tmp/.tmpCXr1DZ/actual.rgba"]
[validation] magick ["/tmp/.tmpCXr1DZ/gradient10.heic", "-auto-orient", "-format", "%w %h", "info:"]
[validation] magick ["/tmp/.tmpCXr1DZ/results/gradient10-z8-2.png", "-auto-orient", "-format", "%w %h", "info:"]
[validation] magick ["/tmp/.tmpCXr1DZ/results/gradient10-z8-2.png", "-auto-orient", "-format", "%w %h", "info:"]
[validation] magick ["/tmp/.tmpCXr1DZ/gradient10.heic", "-auto-orient", "-depth", "8", "RGBA:/tmp/.tmpCXr1DZ/expected.rgba"]
[validation] magick ["/tmp/.tmpCXr1DZ/results/gradient10-z8-3.png", "-auto-orient", "-depth", "8", "RGBA:/tmp/.tmpCXr1DZ/actual.rgba"]
[validation] magick ["/tmp/.tmpCXr1DZ/gradient10.heic", "-auto-orient", "-format", "%w %h", "info:"]
[validation] magick ["/tmp/.tmpCXr1DZ/results/gradient10-z8-3.png", "-auto-orient", "-format", "%w %h", "info:"]
[validation] magick ["/tmp/.tmpCXr1DZ/results/gradient10-z8-3.png", "-auto-orient", "-format", "%w %h", "info:"]
[validation] magick ["/tmp/.tmpCXr1DZ/gradient10.heic", "-auto-orient", "-depth", "8", "RGBA:/tmp/.tmpCXr1DZ/expected.rgba"]
[validation] magick ["/tmp/.tmpCXr1DZ/results/gradient10-z8-4.png", "-auto-orient", "-depth", "8", "RGBA:/tmp/.tmpCXr1DZ/actual.rgba"]
[validation] magick ["/tmp/.tmpCXr1DZ/gradient10.heic", "-auto-orient", "-format", "%w %h", "info:"]
[validation] magick ["/tmp/.tmpCXr1DZ/results/gradient10-z8-4.png", "-auto-orient", "-format", "%w %h", "info:"]
[validation] magick ["/tmp/.tmpCXr1DZ/results/gradient10-z8-4.png", "-auto-orient", "-format", "%w %h", "info:"]
[validation] magick ["/tmp/.tmpCXr1DZ/gradient10.heic", "-auto-orient", "-depth", "8", "RGBA:/tmp/.tmpCXr1DZ/expected.rgba"]
[validation] magick ["/tmp/.tmpCXr1DZ/results/gradient10-z8-5.png", "-auto-orient", "-depth", "8", "RGBA:/tmp/.tmpCXr1DZ/actual.rgba"]
[validation] magick ["/tmp/.tmpCXr1DZ/gradient10.heic", "-auto-orient", "-format", "%w %h", "info:"]
[validation] magick ["/tmp/.tmpCXr1DZ/results/gradient10-z8-5.png", "-auto-orient", "-format", "%w %h", "info:"]
[validation] magick ["/tmp/.tmpCXr1DZ/results/gradient10-z8-5.png", "-auto-orient", "-format", "%w %h", "info:"]
[validation] magick ["/tmp/.tmpCXr1DZ/gradient10.heic", "-auto-orient", "-depth", "8", "RGBA:/tmp/.tmpCXr1DZ/expected.rgba"]
[validation] magick ["/tmp/.tmpCXr1DZ/results/gradient10-z8-6.png", "-auto-orient", "-depth", "8", "RGBA:/tmp/.tmpCXr1DZ/actual.rgba"]
[validation] magick ["/tmp/.tmpCXr1DZ/gradient10.heic", "-auto-orient", "-format", "%w %h", "info:"]
[validation] magick ["/tmp/.tmpCXr1DZ/results/gradient10-z8-6.png", "-auto-orient", "-format", "%w %h", "info:"]
[validation] magick ["/tmp/.tmpCXr1DZ/results/gradient10-z8-6.png", "-auto-orient", "-format", "%w %h", "info:"]
[validation] magick ["/tmp/.tmpCXr1DZ/gradient10.heic", "-auto-orient", "-depth", "8", "RGBA:/tmp/.tmpCXr1DZ/expected.rgba"]
[validation] magick ["/tmp/.tmpCXr1DZ/results/gradient10-z8-7.png", "-auto-orient", "-depth", "8", "RGBA:/tmp/.tmpCXr1DZ/actual.rgba"]
[validation] magick ["/tmp/.tmpCXr1DZ/gradient10.heic", "-auto-orient", "-format", "%w %h", "info:"]
[validation] magick ["/tmp/.tmpCXr1DZ/results/gradient10-z8-7.png", "-auto-orient", "-format", "%w %h", "info:"]
[validation] magick ["/tmp/.tmpCXr1DZ/results/gradient10-z8-7.png", "-auto-orient", "-format", "%w %h", "info:"]
[validation] magick ["/tmp/.tmpCXr1DZ/gradient10.heic", "-auto-orient", "-depth", "8", "RGBA:/tmp/.tmpCXr1DZ/expected.rgba"]
[validation] magick ["/tmp/.tmpCXr1DZ/results/gradient10-z8-8.png", "-auto-orient", "-depth", "8", "RGBA:/tmp/.tmpCXr1DZ/actual.rgba"]
[validation] magick ["/tmp/.tmpCXr1DZ/gradient10.heic", "-auto-orient", "-format", "%w %h", "info:"]
[validation] magick ["/tmp/.tmpCXr1DZ/results/gradient10-z8-8.png", "-auto-orient", "-format", "%w %h", "info:"]
[validation] magick ["/tmp/.tmpCXr1DZ/results/gradient10-z8-8.png", "-auto-orient", "-format", "%w %h", "info:"]
[validation] magick ["/tmp/.tmpCXr1DZ/gradient10.heic", "-auto-orient", "-depth", "8", "RGBA:/tmp/.tmpCXr1DZ/expected.rgba"]
[validation] magick ["/tmp/.tmpCXr1DZ/results/gradient10-z8-9.png", "-auto-orient", "-depth", "8", "RGBA:/tmp/.tmpCXr1DZ/actual.rgba"]
[validation] magick ["/tmp/.tmpCXr1DZ/gradient10.heic", "-auto-orient", "-format", "%w %h", "info:"]
[validation] magick ["/tmp/.tmpCXr1DZ/results/gradient10-z8-9.png", "-auto-orient", "-format", "%w %h", "info:"]
[validation] magick ["/tmp/.tmpCXr1DZ/results/gradient10-z8-9.png", "-auto-orient", "-format", "%w %h", "info:"]
[validation] magick ["/tmp/.tmpCXr1DZ/gradient10.heic", "-auto-orient", "-depth", "8", "RGBA:/tmp/.tmpCXr1DZ/expected.rgba"]
[validation] magick ["/tmp/.tmpCXr1DZ/results/gradient10-z8-10.png", "-auto-orient", "-depth", "8", "RGBA:/tmp/.tmpCXr1DZ/actual.rgba"]
[validation] magick ["/tmp/.tmpCXr1DZ/gradient10.heic", "-auto-orient", "-format", "%w %h", "info:"]
[validation] magick ["/tmp/.tmpCXr1DZ/results/gradient10-z8-10.png", "-auto-orient", "-format", "%w %h", "info:"]
[validation] magick ["/tmp/.tmpCXr1DZ/results/gradient10-z8-10.png", "-auto-orient", "-format", "%w %h", "info:"]
[validation] magick ["/tmp/.tmpCXr1DZ/gradient10.heic", "-auto-orient", "-depth", "8", "RGBA:/tmp/.tmpCXr1DZ/expected.rgba"]
[validation] magick ["/tmp/.tmpCXr1DZ/results/gradient10-z8-11.png", "-auto-orient", "-depth", "8", "RGBA:/tmp/.tmpCXr1DZ/actual.rgba"]
[validation] magick ["/tmp/.tmpCXr1DZ/gradient10.heic", "-auto-orient", "-format", "%w %h", "info:"]
[validation] magick ["/tmp/.tmpCXr1DZ/results/gradient10-z8-11.png", "-auto-orient", "-format", "%w %h", "info:"]
[validation] magick ["/tmp/.tmpCXr1DZ/results/gradient10-z8-11.png", "-auto-orient", "-format", "%w %h", "info:"]
[validation] magick ["/tmp/.tmpCXr1DZ/gradient10.heic", "-auto-orient", "-depth", "8", "RGBA:/tmp/.tmpCXr1DZ/expected.rgba"]
[validation] magick ["/tmp/.tmpCXr1DZ/results/gradient10-z8-12.png", "-auto-orient", "-depth", "8", "RGBA:/tmp/.tmpCXr1DZ/actual.rgba"]
[validation] magick ["/tmp/.tmpCXr1DZ/gradient10.heic", "-auto-orient", "-format", "%w %h", "info:"]
[validation] magick ["/tmp/.tmpCXr1DZ/results/gradient10-z8-12.png", "-auto-orient", "-format", "%w %h", "info:"]
[validation] magick ["/tmp/.tmpCXr1DZ/results/gradient10-z8-12.png", "-auto-orient", "-format", "%w %h", "info:"]
[validation] magick ["/tmp/.tmpCXr1DZ/gradient10.heic", "-auto-orient", "-depth", "8", "RGBA:/tmp/.tmpCXr1DZ/expected.rgba"]
[validation] magick ["/tmp/.tmpCXr1DZ/results/gradient10-z8-13.png", "-auto-orient", "-depth", "8", "RGBA:/tmp/.tmpCXr1DZ/actual.rgba"]
[validation] magick ["/tmp/.tmpCXr1DZ/gradient10.heic", "-auto-orient", "-format", "%w %h", "info:"]
[validation] magick ["/tmp/.tmpCXr1DZ/results/gradient10-z8-13.png", "-auto-orient", "-format", "%w %h", "info:"]
[validation] magick ["/tmp/.tmpCXr1DZ/results/gradient10-z8-13.png", "-auto-orient", "-format", "%w %h", "info:"]
[validation] magick ["/tmp/.tmpCXr1DZ/gradient10.heic", "-auto-orient", "-depth", "8", "RGBA:/tmp/.tmpCXr1DZ/expected.rgba"]
[validation] magick ["/tmp/.tmpCXr1DZ/results/gradient10-z8-14.png", "-auto-orient", "-depth", "8", "RGBA:/tmp/.tmpCXr1DZ/actual.rgba"]
[validation] magick ["/tmp/.tmpCXr1DZ/gradient10.heic", "-auto-orient", "-format", "%w %h", "info:"]
[validation] magick ["/tmp/.tmpCXr1DZ/results/gradient10-z8-14.png", "-auto-orient", "-format", "%w %h", "info:"]
[validation] magick ["/tmp/.tmpCXr1DZ/results/gradient10-z8-14.png", "-auto-orient", "-format", "%w %h", "info:"]
[validation] magick ["/tmp/.tmpCXr1DZ/gradient10.heic", "-auto-orient", "-depth", "8", "RGBA:/tmp/.tmpCXr1DZ/expected.rgba"]
[validation] magick ["/tmp/.tmpCXr1DZ/results/gradient10-z8-15.png", "-auto-orient", "-depth", "8", "RGBA:/tmp/.tmpCXr1DZ/actual.rgba"]
[validation] magick ["/tmp/.tmpCXr1DZ/gradient10.heic", "-auto-orient", "-format", "%w %h", "info:"]
[validation] magick ["/tmp/.tmpCXr1DZ/results/gradient10-z8-15.png", "-auto-orient", "-format", "%w %h", "info:"]
[validation] magick ["/tmp/.tmpCXr1DZ/results/gradient10-z8-15.png", "-auto-orient", "-format", "%w %h", "info:"]
