Unchanged build inputs: 454 files
   Compiling z8-native v0.1.0 (/work/src-tauri/native)
   Compiling z8-desktop v0.1.0 (/work/src-tauri)
    Finished `release` profile [optimized] target(s) in 37.87s
   Compiling z8-native v0.1.0 (/work/src-tauri/native)
    Finished `release` profile [optimized] target(s) in 10.42s
{
  "components": 366,
  "missingNotices": [],
  "redistributionApproved": false
}
{
  "output": "/work/.desktop-local/core24-final/engines",
  "files": 1325,
  "bytes": 511797871,
  "loader": "lib/ld-linux-x86-64.so.2",
  "redistributionApproved": false
}
[validation] mutool ["draw", "-q", "-N", "-r", "72", "-c", "rgba", "-o", "/tmp/.tmpSd31Dg/unmanaged.png", "/tmp/.tmpSd31Dg/display-p3.pdf", "1"]
[validation] magick ["/tmp/.tmpSd31Dg/unmanaged.png", "-depth", "8", "RGBA:/tmp/.tmpSd31Dg/pixels.rgba"]
[validation] magick ["/tmp/.tmpSd31Dg/unmanaged.png", "-format", "%w %h", "info:"]
[validation] magick ["/tmp/.tmpSd31Dg/results/display-p3-page-001-z8-1.png", "-depth", "8", "RGBA:/tmp/.tmpSd31Dg/pixels.rgba"]
[validation] magick ["/tmp/.tmpSd31Dg/results/display-p3-page-001-z8-1.png", "-format", "%w %h", "info:"]
[validation] magick ["/tmp/.tmpSd31Dg/results/display-p3-page-001-z8-1.jpg", "-depth", "8", "RGBA:/tmp/.tmpSd31Dg/pixels.rgba"]
[validation] magick ["/tmp/.tmpSd31Dg/results/display-p3-page-001-z8-1.jpg", "-format", "%w %h", "info:"]
[validation] magick ["/tmp/.tmpSd31Dg/results/display-p3-page-001-z8-1.webp", "-depth", "8", "RGBA:/tmp/.tmpSd31Dg/pixels.rgba"]
[validation] magick ["/tmp/.tmpSd31Dg/results/display-p3-page-001-z8-1.webp", "-format", "%w %h", "info:"]
[validation] magick ["/tmp/.tmpSd31Dg/results/display-p3-page-001-z8-1.avif", "-depth", "8", "RGBA:/tmp/.tmpSd31Dg/pixels.rgba"]
[validation] magick ["/tmp/.tmpSd31Dg/results/display-p3-page-001-z8-1.avif", "-format", "%w %h", "info:"]
[validation] magick ["-size", "64x48", "xc:none", "-fill", "red", "-draw", "rectangle 0,0 31,47", "/tmp/.tmpP4WD5S/alpha.png"]
[validation] convert /tmp/.tmpP4WD5S/alpha.png -> Png
[validation] ffmpeg ["-nostdin", "-v", "error", "-xerror", "-i", "/tmp/.tmpP4WD5S/保存 results/alpha-z8-1.png", "-f", "null", "-"]
[validation] magick ["/tmp/.tmpP4WD5S/alpha.png", "-auto-orient", "-depth", "8", "RGBA:/tmp/.tmpP4WD5S/expected.rgba"]
[validation] magick ["/tmp/.tmpP4WD5S/保存 results/alpha-z8-1.png", "-auto-orient", "-depth", "8", "RGBA:/tmp/.tmpP4WD5S/actual.rgba"]
[validation] magick ["/tmp/.tmpP4WD5S/alpha.png", "-auto-orient", "-format", "%w %h", "info:"]
[validation] magick ["/tmp/.tmpP4WD5S/保存 results/alpha-z8-1.png", "-auto-orient", "-format", "%w %h", "info:"]
[validation] magick ["/tmp/.tmpP4WD5S/保存 results/alpha-z8-1.png", "-auto-orient", "-format", "%w %h", "info:"]
[validation] convert /tmp/.tmpP4WD5S/alpha.png -> Jpeg
[validation] ffmpeg ["-nostdin", "-v", "error", "-xerror", "-i", "/tmp/.tmpP4WD5S/保存 results/alpha-z8-2.jpg", "-f", "null", "-"]
[validation] magick ["/tmp/.tmpP4WD5S/alpha.png", "-auto-orient", "-background", "white", "-alpha", "remove", "-alpha", "off", "-depth", "8", "RGBA:/tmp/.tmpP4WD5S/expected.rgba"]
[validation] magick ["/tmp/.tmpP4WD5S/保存 results/alpha-z8-2.jpg", "-auto-orient", "-depth", "8", "RGBA:/tmp/.tmpP4WD5S/actual.rgba"]
[validation] magick ["/tmp/.tmpP4WD5S/alpha.png", "-auto-orient", "-format", "%w %h", "info:"]
[validation] magick ["/tmp/.tmpP4WD5S/保存 results/alpha-z8-2.jpg", "-auto-orient", "-format", "%w %h", "info:"]
[validation] magick ["/tmp/.tmpP4WD5S/保存 results/alpha-z8-2.jpg", "-auto-orient", "-format", "%w %h", "info:"]
[validation] convert /tmp/.tmpP4WD5S/alpha.png -> Webp
[validation] ffmpeg ["-nostdin", "-v", "error", "-xerror", "-i", "/tmp/.tmpP4WD5S/保存 results/alpha-z8-2.webp", "-f", "null", "-"]
[validation] magick ["/tmp/.tmpP4WD5S/alpha.png", "-auto-orient", "-depth", "8", "RGBA:/tmp/.tmpP4WD5S/expected.rgba"]
[validation] magick ["/tmp/.tmpP4WD5S/保存 results/alpha-z8-2.webp", "-auto-orient", "-depth", "8", "RGBA:/tmp/.tmpP4WD5S/actual.rgba"]
[validation] magick ["/tmp/.tmpP4WD5S/alpha.png", "-auto-orient", "-format", "%w %h", "info:"]
[validation] magick ["/tmp/.tmpP4WD5S/保存 results/alpha-z8-2.webp", "-auto-orient", "-format", "%w %h", "info:"]
[validation] magick ["/tmp/.tmpP4WD5S/保存 results/alpha-z8-2.webp", "-auto-orient", "-format", "%w %h", "info:"]
[validation] convert /tmp/.tmpP4WD5S/alpha.png -> Avif
[validation] ffmpeg ["-nostdin", "-v", "error", "-xerror", "-i", "/tmp/.tmpP4WD5S/保存 results/alpha-z8-2.avif", "-f", "null", "-"]
[validation] magick ["/tmp/.tmpP4WD5S/alpha.png", "-auto-orient", "-depth", "8", "RGBA:/tmp/.tmpP4WD5S/expected.rgba"]
[validation] magick ["/tmp/.tmpP4WD5S/保存 results/alpha-z8-2.avif", "-auto-orient", "-depth", "8", "RGBA:/tmp/.tmpP4WD5S/actual.rgba"]
[validation] magick ["/tmp/.tmpP4WD5S/alpha.png", "-auto-orient", "-format", "%w %h", "info:"]
[validation] magick ["/tmp/.tmpP4WD5S/保存 results/alpha-z8-2.avif", "-auto-orient", "-format", "%w %h", "info:"]
[validation] magick ["/tmp/.tmpP4WD5S/保存 results/alpha-z8-2.avif", "-auto-orient", "-format", "%w %h", "info:"]
[validation] convert /tmp/.tmpP4WD5S/alias.jpg -> Png
[validation] ffmpeg ["-nostdin", "-v", "error", "-xerror", "-i", "/tmp/.tmpP4WD5S/保存 results/alias-z8-1.png", "-f", "null", "-"]
[validation] magick ["/tmp/.tmpP4WD5S/alias.jpg", "-auto-orient", "-depth", "8", "RGBA:/tmp/.tmpP4WD5S/expected.rgba"]
[validation] magick ["/tmp/.tmpP4WD5S/保存 results/alias-z8-1.png", "-auto-orient", "-depth", "8", "RGBA:/tmp/.tmpP4WD5S/actual.rgba"]
[validation] magick ["/tmp/.tmpP4WD5S/alias.jpg", "-auto-orient", "-format", "%w %h", "info:"]
[validation] magick ["/tmp/.tmpP4WD5S/保存 results/alias-z8-1.png", "-auto-orient", "-format", "%w %h", "info:"]
[validation] magick ["/tmp/.tmpP4WD5S/保存 results/alias-z8-1.png", "-auto-orient", "-format", "%w %h", "info:"]
[validation] convert /tmp/.tmpP4WD5S/alias.jpg -> Jpeg
[validation] ffmpeg ["-nostdin", "-v", "error", "-xerror", "-i", "/tmp/.tmpP4WD5S/保存 results/alias-z8-1.jpg", "-f", "null", "-"]
[validation] magick ["/tmp/.tmpP4WD5S/alias.jpg", "-auto-orient", "-background", "white", "-alpha", "remove", "-alpha", "off", "-depth", "8", "RGBA:/tmp/.tmpP4WD5S/expected.rgba"]
[validation] magick ["/tmp/.tmpP4WD5S/保存 results/alias-z8-1.jpg", "-auto-orient", "-depth", "8", "RGBA:/tmp/.tmpP4WD5S/actual.rgba"]
[validation] magick ["/tmp/.tmpP4WD5S/alias.jpg", "-auto-orient", "-format", "%w %h", "info:"]
[validation] magick ["/tmp/.tmpP4WD5S/保存 results/alias-z8-1.jpg", "-auto-orient", "-format", "%w %h", "info:"]
[validation] magick ["/tmp/.tmpP4WD5S/保存 results/alias-z8-1.jpg", "-auto-orient", "-format", "%w %h", "info:"]
[validation] convert /tmp/.tmpP4WD5S/alias.jpg -> Webp
[validation] ffmpeg ["-nostdin", "-v", "error", "-xerror", "-i", "/tmp/.tmpP4WD5S/保存 results/alias-z8-1.webp", "-f", "null", "-"]
[validation] magick ["/tmp/.tmpP4WD5S/alias.jpg", "-auto-orient", "-depth", "8", "RGBA:/tmp/.tmpP4WD5S/expected.rgba"]
[validation] magick ["/tmp/.tmpP4WD5S/保存 results/alias-z8-1.webp", "-auto-orient", "-depth", "8", "RGBA:/tmp/.tmpP4WD5S/actual.rgba"]
[validation] magick ["/tmp/.tmpP4WD5S/alias.jpg", "-auto-orient", "-format", "%w %h", "info:"]
[validation] magick ["/tmp/.tmpP4WD5S/保存 results/alias-z8-1.webp", "-auto-orient", "-format", "%w %h", "info:"]
[validation] magick ["/tmp/.tmpP4WD5S/保存 results/alias-z8-1.webp", "-auto-orient", "-format", "%w %h", "info:"]
[validation] convert /tmp/.tmpP4WD5S/alias.jpg -> Avif
[validation] ffmpeg ["-nostdin", "-v", "error", "-xerror", "-i", "/tmp/.tmpP4WD5S/保存 results/alias-z8-1.avif", "-f", "null", "-"]
[validation] magick ["/tmp/.tmpP4WD5S/alias.jpg", "-auto-orient", "-depth", "8", "RGBA:/tmp/.tmpP4WD5S/expected.rgba"]
[validation] magick ["/tmp/.tmpP4WD5S/保存 results/alias-z8-1.avif", "-auto-orient", "-depth", "8", "RGBA:/tmp/.tmpP4WD5S/actual.rgba"]
[validation] magick ["/tmp/.tmpP4WD5S/alias.jpg", "-auto-orient", "-format", "%w %h", "info:"]
[validation] magick ["/tmp/.tmpP4WD5S/保存 results/alias-z8-1.avif", "-auto-orient", "-format", "%w %h", "info:"]
[validation] magick ["/tmp/.tmpP4WD5S/保存 results/alias-z8-1.avif", "-auto-orient", "-format", "%w %h", "info:"]
[validation] convert /tmp/.tmpP4WD5S/保存 results/alpha-z8-1.webp -> Png
[validation] ffmpeg ["-nostdin", "-v", "error", "-xerror", "-i", "/tmp/.tmpP4WD5S/保存 results/alpha-z8-1-z8-1.png", "-f", "null", "-"]
[validation] magick ["/tmp/.tmpP4WD5S/保存 results/alpha-z8-1.webp", "-auto-orient", "-depth", "8", "RGBA:/tmp/.tmpP4WD5S/expected.rgba"]
[validation] magick ["/tmp/.tmpP4WD5S/保存 results/alpha-z8-1-z8-1.png", "-auto-orient", "-depth", "8", "RGBA:/tmp/.tmpP4WD5S/actual.rgba"]
[validation] magick ["/tmp/.tmpP4WD5S/保存 results/alpha-z8-1.webp", "-auto-orient", "-format", "%w %h", "info:"]
[validation] magick ["/tmp/.tmpP4WD5S/保存 results/alpha-z8-1-z8-1.png", "-auto-orient", "-format", "%w %h", "info:"]
[validation] magick ["/tmp/.tmpP4WD5S/保存 results/alpha-z8-1-z8-1.png", "-auto-orient", "-format", "%w %h", "info:"]
[validation] convert /tmp/.tmpP4WD5S/保存 results/alpha-z8-1.webp -> Jpeg
[validation] ffmpeg ["-nostdin", "-v", "error", "-xerror", "-i", "/tmp/.tmpP4WD5S/保存 results/alpha-z8-1-z8-1.jpg", "-f", "null", "-"]
[validation] magick ["/tmp/.tmpP4WD5S/保存 results/alpha-z8-1.webp", "-auto-orient", "-background", "white", "-alpha", "remove", "-alpha", "off", "-depth", "8", "RGBA:/tmp/.tmpP4WD5S/expected.rgba"]
[validation] magick ["/tmp/.tmpP4WD5S/保存 results/alpha-z8-1-z8-1.jpg", "-auto-orient", "-depth", "8", "RGBA:/tmp/.tmpP4WD5S/actual.rgba"]
[validation] magick ["/tmp/.tmpP4WD5S/保存 results/alpha-z8-1.webp", "-auto-orient", "-format", "%w %h", "info:"]
[validation] magick ["/tmp/.tmpP4WD5S/保存 results/alpha-z8-1-z8-1.jpg", "-auto-orient", "-format", "%w %h", "info:"]
[validation] magick ["/tmp/.tmpP4WD5S/保存 results/alpha-z8-1-z8-1.jpg", "-auto-orient", "-format", "%w %h", "info:"]
[validation] convert /tmp/.tmpP4WD5S/保存 results/alpha-z8-1.webp -> Webp
[validation] ffmpeg ["-nostdin", "-v", "error", "-xerror", "-i", "/tmp/.tmpP4WD5S/保存 results/alpha-z8-1-z8-1.webp", "-f", "null", "-"]
[validation] magick ["/tmp/.tmpP4WD5S/保存 results/alpha-z8-1.webp", "-auto-orient", "-depth", "8", "RGBA:/tmp/.tmpP4WD5S/expected.rgba"]
[validation] magick ["/tmp/.tmpP4WD5S/保存 results/alpha-z8-1-z8-1.webp", "-auto-orient", "-depth", "8", "RGBA:/tmp/.tmpP4WD5S/actual.rgba"]
[validation] magick ["/tmp/.tmpP4WD5S/保存 results/alpha-z8-1.webp", "-auto-orient", "-format", "%w %h", "info:"]
[validation] magick ["/tmp/.tmpP4WD5S/保存 results/alpha-z8-1-z8-1.webp", "-auto-orient", "-format", "%w %h", "info:"]
[validation] magick ["/tmp/.tmpP4WD5S/保存 results/alpha-z8-1-z8-1.webp", "-auto-orient", "-format", "%w %h", "info:"]
[validation] convert /tmp/.tmpP4WD5S/保存 results/alpha-z8-1.webp -> Avif
[validation] ffmpeg ["-nostdin", "-v", "error", "-xerror", "-i", "/tmp/.tmpP4WD5S/保存 results/alpha-z8-1-z8-1.avif", "-f", "null", "-"]
[validation] magick ["/tmp/.tmpP4WD5S/保存 results/alpha-z8-1.webp", "-auto-orient", "-depth", "8", "RGBA:/tmp/.tmpP4WD5S/expected.rgba"]
[validation] magick ["/tmp/.tmpP4WD5S/保存 results/alpha-z8-1-z8-1.avif", "-auto-orient", "-depth", "8", "RGBA:/tmp/.tmpP4WD5S/actual.rgba"]
[validation] magick ["/tmp/.tmpP4WD5S/保存 results/alpha-z8-1.webp", "-auto-orient", "-format", "%w %h", "info:"]
[validation] magick ["/tmp/.tmpP4WD5S/保存 results/alpha-z8-1-z8-1.avif", "-auto-orient", "-format", "%w %h", "info:"]
[validation] magick ["/tmp/.tmpP4WD5S/保存 results/alpha-z8-1-z8-1.avif", "-auto-orient", "-format", "%w %h", "info:"]
[validation] convert /tmp/.tmpP4WD5S/保存 results/alpha-z8-1.avif -> Png
[validation] ffmpeg ["-nostdin", "-v", "error", "-xerror", "-i", "/tmp/.tmpP4WD5S/保存 results/alpha-z8-1-z8-2.png", "-f", "null", "-"]
[validation] magick ["/tmp/.tmpP4WD5S/保存 results/alpha-z8-1.avif", "-auto-orient", "-depth", "8", "RGBA:/tmp/.tmpP4WD5S/expected.rgba"]
[validation] magick ["/tmp/.tmpP4WD5S/保存 results/alpha-z8-1-z8-2.png", "-auto-orient", "-depth", "8", "RGBA:/tmp/.tmpP4WD5S/actual.rgba"]
[validation] magick ["/tmp/.tmpP4WD5S/保存 results/alpha-z8-1.avif", "-auto-orient", "-format", "%w %h", "info:"]
[validation] magick ["/tmp/.tmpP4WD5S/保存 results/alpha-z8-1-z8-2.png", "-auto-orient", "-format", "%w %h", "info:"]
[validation] magick ["/tmp/.tmpP4WD5S/保存 results/alpha-z8-1-z8-2.png", "-auto-orient", "-format", "%w %h", "info:"]
[validation] convert /tmp/.tmpP4WD5S/保存 results/alpha-z8-1.avif -> Jpeg
[validation] ffmpeg ["-nostdin", "-v", "error", "-xerror", "-i", "/tmp/.tmpP4WD5S/保存 results/alpha-z8-1-z8-2.jpg", "-f", "null", "-"]
[validation] magick ["/tmp/.tmpP4WD5S/保存 results/alpha-z8-1.avif", "-auto-orient", "-background", "white", "-alpha", "remove", "-alpha", "off", "-depth", "8", "RGBA:/tmp/.tmpP4WD5S/expected.rgba"]
[validation] magick ["/tmp/.tmpP4WD5S/保存 results/alpha-z8-1-z8-2.jpg", "-auto-orient", "-depth", "8", "RGBA:/tmp/.tmpP4WD5S/actual.rgba"]
[validation] magick ["/tmp/.tmpP4WD5S/保存 results/alpha-z8-1.avif", "-auto-orient", "-format", "%w %h", "info:"]
[validation] magick ["/tmp/.tmpP4WD5S/保存 results/alpha-z8-1-z8-2.jpg", "-auto-orient", "-format", "%w %h", "info:"]
[validation] magick ["/tmp/.tmpP4WD5S/保存 results/alpha-z8-1-z8-2.jpg", "-auto-orient", "-format", "%w %h", "info:"]
[validation] convert /tmp/.tmpP4WD5S/保存 results/alpha-z8-1.avif -> Webp
[validation] ffmpeg ["-nostdin", "-v", "error", "-xerror", "-i", "/tmp/.tmpP4WD5S/保存 results/alpha-z8-1-z8-2.webp", "-f", "null", "-"]
[validation] magick ["/tmp/.tmpP4WD5S/保存 results/alpha-z8-1.avif", "-auto-orient", "-depth", "8", "RGBA:/tmp/.tmpP4WD5S/expected.rgba"]
[validation] magick ["/tmp/.tmpP4WD5S/保存 results/alpha-z8-1-z8-2.webp", "-auto-orient", "-depth", "8", "RGBA:/tmp/.tmpP4WD5S/actual.rgba"]
[validation] magick ["/tmp/.tmpP4WD5S/保存 results/alpha-z8-1.avif", "-auto-orient", "-format", "%w %h", "info:"]
[validation] magick ["/tmp/.tmpP4WD5S/保存 results/alpha-z8-1-z8-2.webp", "-auto-orient", "-format", "%w %h", "info:"]
[validation] magick ["/tmp/.tmpP4WD5S/保存 results/alpha-z8-1-z8-2.webp", "-auto-orient", "-format", "%w %h", "info:"]
[validation] convert /tmp/.tmpP4WD5S/保存 results/alpha-z8-1.avif -> Avif
[validation] ffmpeg ["-nostdin", "-v", "error", "-xerror", "-i", "/tmp/.tmpP4WD5S/保存 results/alpha-z8-1-z8-2.avif", "-f", "null", "-"]
[validation] magick ["/tmp/.tmpP4WD5S/保存 results/alpha-z8-1.avif", "-auto-orient", "-depth", "8", "RGBA:/tmp/.tmpP4WD5S/expected.rgba"]
[validation] magick ["/tmp/.tmpP4WD5S/保存 results/alpha-z8-1-z8-2.avif", "-auto-orient", "-depth", "8", "RGBA:/tmp/.tmpP4WD5S/actual.rgba"]
[validation] magick ["/tmp/.tmpP4WD5S/保存 results/alpha-z8-1.avif", "-auto-orient", "-format", "%w %h", "info:"]
[validation] magick ["/tmp/.tmpP4WD5S/保存 results/alpha-z8-1-z8-2.avif", "-auto-orient", "-format", "%w %h", "info:"]
[validation] magick ["/tmp/.tmpP4WD5S/保存 results/alpha-z8-1-z8-2.avif", "-auto-orient", "-format", "%w %h", "info:"]
[validation] convert /tmp/.tmpP4WD5S/gradient.heic -> Png
[validation] ffmpeg ["-nostdin", "-v", "error", "-xerror", "-i", "/tmp/.tmpP4WD5S/保存 results/gradient-z8-1.png", "-f", "null", "-"]
[validation] magick ["/tmp/.tmpP4WD5S/gradient.heic", "-auto-orient", "-depth", "8", "RGBA:/tmp/.tmpP4WD5S/expected.rgba"]
[validation] magick ["/tmp/.tmpP4WD5S/保存 results/gradient-z8-1.png", "-auto-orient", "-depth", "8", "RGBA:/tmp/.tmpP4WD5S/actual.rgba"]
[validation] magick ["/tmp/.tmpP4WD5S/gradient.heic", "-auto-orient", "-format", "%w %h", "info:"]
[validation] magick ["/tmp/.tmpP4WD5S/保存 results/gradient-z8-1.png", "-auto-orient", "-format", "%w %h", "info:"]
[validation] magick ["/tmp/.tmpP4WD5S/保存 results/gradient-z8-1.png", "-auto-orient", "-format", "%w %h", "info:"]
[validation] convert /tmp/.tmpP4WD5S/gradient.heic -> Jpeg
[validation] ffmpeg ["-nostdin", "-v", "error", "-xerror", "-i", "/tmp/.tmpP4WD5S/保存 results/gradient-z8-1.jpg", "-f", "null", "-"]
[validation] magick ["/tmp/.tmpP4WD5S/gradient.heic", "-auto-orient", "-background", "white", "-alpha", "remove", "-alpha", "off", "-depth", "8", "RGBA:/tmp/.tmpP4WD5S/expected.rgba"]
[validation] magick ["/tmp/.tmpP4WD5S/保存 results/gradient-z8-1.jpg", "-auto-orient", "-depth", "8", "RGBA:/tmp/.tmpP4WD5S/actual.rgba"]
[validation] magick ["/tmp/.tmpP4WD5S/gradient.heic", "-auto-orient", "-format", "%w %h", "info:"]
[validation] magick ["/tmp/.tmpP4WD5S/保存 results/gradient-z8-1.jpg", "-auto-orient", "-format", "%w %h", "info:"]
[validation] magick ["/tmp/.tmpP4WD5S/保存 results/gradient-z8-1.jpg", "-auto-orient", "-format", "%w %h", "info:"]
[validation] convert /tmp/.tmpP4WD5S/gradient.heic -> Webp
[validation] ffmpeg ["-nostdin", "-v", "error", "-xerror", "-i", "/tmp/.tmpP4WD5S/保存 results/gradient-z8-1.webp", "-f", "null", "-"]
[validation] magick ["/tmp/.tmpP4WD5S/gradient.heic", "-auto-orient", "-depth", "8", "RGBA:/tmp/.tmpP4WD5S/expected.rgba"]
[validation] magick ["/tmp/.tmpP4WD5S/保存 results/gradient-z8-1.webp", "-auto-orient", "-depth", "8", "RGBA:/tmp/.tmpP4WD5S/actual.rgba"]
[validation] magick ["/tmp/.tmpP4WD5S/gradient.heic", "-auto-orient", "-format", "%w %h", "info:"]
[validation] magick ["/tmp/.tmpP4WD5S/保存 results/gradient-z8-1.webp", "-auto-orient", "-format", "%w %h", "info:"]
[validation] magick ["/tmp/.tmpP4WD5S/保存 results/gradient-z8-1.webp", "-auto-orient", "-format", "%w %h", "info:"]
[validation] convert /tmp/.tmpP4WD5S/gradient.heic -> Avif
[validation] ffmpeg ["-nostdin", "-v", "error", "-xerror", "-i", "/tmp/.tmpP4WD5S/保存 results/gradient-z8-1.avif", "-f", "null", "-"]
[validation] magick ["/tmp/.tmpP4WD5S/gradient.heic", "-auto-orient", "-depth", "8", "RGBA:/tmp/.tmpP4WD5S/expected.rgba"]
[validation] magick ["/tmp/.tmpP4WD5S/保存 results/gradient-z8-1.avif", "-auto-orient", "-depth", "8", "RGBA:/tmp/.tmpP4WD5S/actual.rgba"]
[validation] magick ["/tmp/.tmpP4WD5S/gradient.heic", "-auto-orient", "-format", "%w %h", "info:"]
[validation] magick ["/tmp/.tmpP4WD5S/保存 results/gradient-z8-1.avif", "-auto-orient", "-format", "%w %h", "info:"]
[validation] magick ["/tmp/.tmpP4WD5S/保存 results/gradient-z8-1.avif", "-auto-orient", "-format", "%w %h", "info:"]
[validation] convert /tmp/.tmpP4WD5S/alias.heif -> Png
[validation] ffmpeg ["-nostdin", "-v", "error", "-xerror", "-i", "/tmp/.tmpP4WD5S/保存 results/alias-z8-2.png", "-f", "null", "-"]
[validation] magick ["/tmp/.tmpP4WD5S/alias.heif", "-auto-orient", "-depth", "8", "RGBA:/tmp/.tmpP4WD5S/expected.rgba"]
[validation] magick ["/tmp/.tmpP4WD5S/保存 results/alias-z8-2.png", "-auto-orient", "-depth", "8", "RGBA:/tmp/.tmpP4WD5S/actual.rgba"]
[validation] magick ["/tmp/.tmpP4WD5S/alias.heif", "-auto-orient", "-format", "%w %h", "info:"]
[validation] magick ["/tmp/.tmpP4WD5S/保存 results/alias-z8-2.png", "-auto-orient", "-format", "%w %h", "info:"]
[validation] magick ["/tmp/.tmpP4WD5S/保存 results/alias-z8-2.png", "-auto-orient", "-format", "%w %h", "info:"]
[validation] convert /tmp/.tmpP4WD5S/alias.heif -> Jpeg
[validation] ffmpeg ["-nostdin", "-v", "error", "-xerror", "-i", "/tmp/.tmpP4WD5S/保存 results/alias-z8-2.jpg", "-f", "null", "-"]
[validation] magick ["/tmp/.tmpP4WD5S/alias.heif", "-auto-orient", "-background", "white", "-alpha", "remove", "-alpha", "off", "-depth", "8", "RGBA:/tmp/.tmpP4WD5S/expected.rgba"]
[validation] magick ["/tmp/.tmpP4WD5S/保存 results/alias-z8-2.jpg", "-auto-orient", "-depth", "8", "RGBA:/tmp/.tmpP4WD5S/actual.rgba"]
[validation] magick ["/tmp/.tmpP4WD5S/alias.heif", "-auto-orient", "-format", "%w %h", "info:"]
[validation] magick ["/tmp/.tmpP4WD5S/保存 results/alias-z8-2.jpg", "-auto-orient", "-format", "%w %h", "info:"]
[validation] magick ["/tmp/.tmpP4WD5S/保存 results/alias-z8-2.jpg", "-auto-orient", "-format", "%w %h", "info:"]
[validation] convert /tmp/.tmpP4WD5S/alias.heif -> Webp
[validation] ffmpeg ["-nostdin", "-v", "error", "-xerror", "-i", "/tmp/.tmpP4WD5S/保存 results/alias-z8-2.webp", "-f", "null", "-"]
[validation] magick ["/tmp/.tmpP4WD5S/alias.heif", "-auto-orient", "-depth", "8", "RGBA:/tmp/.tmpP4WD5S/expected.rgba"]
[validation] magick ["/tmp/.tmpP4WD5S/保存 results/alias-z8-2.webp", "-auto-orient", "-depth", "8", "RGBA:/tmp/.tmpP4WD5S/actual.rgba"]
[validation] magick ["/tmp/.tmpP4WD5S/alias.heif", "-auto-orient", "-format", "%w %h", "info:"]
[validation] magick ["/tmp/.tmpP4WD5S/保存 results/alias-z8-2.webp", "-auto-orient", "-format", "%w %h", "info:"]
[validation] magick ["/tmp/.tmpP4WD5S/保存 results/alias-z8-2.webp", "-auto-orient", "-format", "%w %h", "info:"]
[validation] convert /tmp/.tmpP4WD5S/alias.heif -> Avif
[validation] ffmpeg ["-nostdin", "-v", "error", "-xerror", "-i", "/tmp/.tmpP4WD5S/保存 results/alias-z8-2.avif", "-f", "null", "-"]
[validation] magick ["/tmp/.tmpP4WD5S/alias.heif", "-auto-orient", "-depth", "8", "RGBA:/tmp/.tmpP4WD5S/expected.rgba"]
[validation] magick ["/tmp/.tmpP4WD5S/保存 results/alias-z8-2.avif", "-auto-orient", "-depth", "8", "RGBA:/tmp/.tmpP4WD5S/actual.rgba"]
[validation] magick ["/tmp/.tmpP4WD5S/alias.heif", "-auto-orient", "-format", "%w %h", "info:"]
[validation] magick ["/tmp/.tmpP4WD5S/保存 results/alias-z8-2.avif", "-auto-orient", "-format", "%w %h", "info:"]
[validation] magick ["/tmp/.tmpP4WD5S/保存 results/alias-z8-2.avif", "-auto-orient", "-format", "%w %h", "info:"]
[validation] convert /tmp/.tmpP4WD5S/alias.jpeg -> Png
[validation] ffmpeg ["-nostdin", "-v", "error", "-xerror", "-i", "/tmp/.tmpP4WD5S/保存 results/alias-z8-3.png", "-f", "null", "-"]
[validation] magick ["/tmp/.tmpP4WD5S/alias.jpeg", "-auto-orient", "-depth", "8", "RGBA:/tmp/.tmpP4WD5S/expected.rgba"]
[validation] magick ["/tmp/.tmpP4WD5S/保存 results/alias-z8-3.png", "-auto-orient", "-depth", "8", "RGBA:/tmp/.tmpP4WD5S/actual.rgba"]
[validation] magick ["/tmp/.tmpP4WD5S/alias.jpeg", "-auto-orient", "-format", "%w %h", "info:"]
[validation] magick ["/tmp/.tmpP4WD5S/保存 results/alias-z8-3.png", "-auto-orient", "-format", "%w %h", "info:"]
[validation] magick ["/tmp/.tmpP4WD5S/保存 results/alias-z8-3.png", "-auto-orient", "-format", "%w %h", "info:"]
[validation] convert /tmp/.tmpP4WD5S/alias.jpeg -> Jpeg
[validation] ffmpeg ["-nostdin", "-v", "error", "-xerror", "-i", "/tmp/.tmpP4WD5S/保存 results/alias-z8-3.jpg", "-f", "null", "-"]
[validation] magick ["/tmp/.tmpP4WD5S/alias.jpeg", "-auto-orient", "-background", "white", "-alpha", "remove", "-alpha", "off", "-depth", "8", "RGBA:/tmp/.tmpP4WD5S/expected.rgba"]
[validation] magick ["/tmp/.tmpP4WD5S/保存 results/alias-z8-3.jpg", "-auto-orient", "-depth", "8", "RGBA:/tmp/.tmpP4WD5S/actual.rgba"]
[validation] magick ["/tmp/.tmpP4WD5S/alias.jpeg", "-auto-orient", "-format", "%w %h", "info:"]
[validation] magick ["/tmp/.tmpP4WD5S/保存 results/alias-z8-3.jpg", "-auto-orient", "-format", "%w %h", "info:"]
[validation] magick ["/tmp/.tmpP4WD5S/保存 results/alias-z8-3.jpg", "-auto-orient", "-format", "%w %h", "info:"]
[validation] convert /tmp/.tmpP4WD5S/alias.jpeg -> Webp
[validation] ffmpeg ["-nostdin", "-v", "error", "-xerror", "-i", "/tmp/.tmpP4WD5S/保存 results/alias-z8-3.webp", "-f", "null", "-"]
[validation] magick ["/tmp/.tmpP4WD5S/alias.jpeg", "-auto-orient", "-depth", "8", "RGBA:/tmp/.tmpP4WD5S/expected.rgba"]
[validation] magick ["/tmp/.tmpP4WD5S/保存 results/alias-z8-3.webp", "-auto-orient", "-depth", "8", "RGBA:/tmp/.tmpP4WD5S/actual.rgba"]
[validation] magick ["/tmp/.tmpP4WD5S/alias.jpeg", "-auto-orient", "-format", "%w %h", "info:"]
[validation] magick ["/tmp/.tmpP4WD5S/保存 results/alias-z8-3.webp", "-auto-orient", "-format", "%w %h", "info:"]
[validation] magick ["/tmp/.tmpP4WD5S/保存 results/alias-z8-3.webp", "-auto-orient", "-format", "%w %h", "info:"]
[validation] convert /tmp/.tmpP4WD5S/alias.jpeg -> Avif
[validation] ffmpeg ["-nostdin", "-v", "error", "-xerror", "-i", "/tmp/.tmpP4WD5S/保存 results/alias-z8-3.avif", "-f", "null", "-"]
[validation] magick ["/tmp/.tmpP4WD5S/alias.jpeg", "-auto-orient", "-depth", "8", "RGBA:/tmp/.tmpP4WD5S/expected.rgba"]
[validation] magick ["/tmp/.tmpP4WD5S/保存 results/alias-z8-3.avif", "-auto-orient", "-depth", "8", "RGBA:/tmp/.tmpP4WD5S/actual.rgba"]
[validation] magick ["/tmp/.tmpP4WD5S/alias.jpeg", "-auto-orient", "-format", "%w %h", "info:"]
[validation] magick ["/tmp/.tmpP4WD5S/保存 results/alias-z8-3.avif", "-auto-orient", "-format", "%w %h", "info:"]
[validation] magick ["/tmp/.tmpP4WD5S/保存 results/alias-z8-3.avif", "-auto-orient", "-format", "%w %h", "info:"]
[validation] magick ["/tmp/.tmpP4WD5S/alpha.png", "-depth", "16", "RGBA:/tmp/.tmpP4WD5S/before.rgba"]
[validation] magick ["/tmp/.tmpP4WD5S/保存 results/alpha-z8-2.png", "-depth", "16", "RGBA:/tmp/.tmpP4WD5S/after.rgba"]
[validation] magick ["/tmp/.tmpP4WD5S/alpha.png", "-profile", "/tmp/.tmpP4WD5S/metadata.xmp", "/tmp/.tmpP4WD5S/metadata.png"]
[validation] magick ["identify", "-format", "%[profiles]", "/tmp/.tmpP4WD5S/metadata.png"]
[validation] magick ["identify", "-format", "%[profiles]", "/tmp/.tmpP4WD5S/保存 results/metadata-z8-1.png"]
[validation] magick ["identify", "-format", "%[profiles]", "/tmp/.tmpP4WD5S/保存 results/metadata-z8-2.png"]
[validation] magick ["-size", "256x64", "gradient:black-white", "-depth", "16", "/tmp/.tmpP4WD5S/gradient16.png"]
[validation] magick ["/tmp/.tmpP4WD5S/gradient16.png", "-depth", "16", "RGBA:/tmp/.tmpP4WD5S/depth-before"]
[validation] magick ["/tmp/.tmpP4WD5S/保存 results/gradient16-z8-1.png", "-depth", "16", "RGBA:/tmp/.tmpP4WD5S/depth-after"]
[validation] magick ["-seed", "42", "-size", "256x256", "plasma:fractal", "-depth", "8", "/tmp/.tmpP4WD5S/calibration.png"]
[validation] ffmpeg ["-nostdin", "-v", "error", "-xerror", "-i", "/tmp/.tmpP4WD5S/保存 results/calibration-z8-1.avif", "-f", "null", "-"]
[validation] ffmpeg ["-nostdin", "-v", "error", "-xerror", "-i", "/tmp/.tmpP4WD5S/保存 results/calibration-z8-2.avif", "-f", "null", "-"]
[validation] ffmpeg ["-nostdin", "-v", "error", "-xerror", "-i", "/tmp/.tmpP4WD5S/保存 results/calibration-z8-3.avif", "-f", "null", "-"]
[validation] ffmpeg ["-nostdin", "-v", "error", "-xerror", "-i", "/tmp/.tmpP4WD5S/保存 results/calibration-z8-1.webp", "-f", "null", "-"]
[validation] ffmpeg ["-nostdin", "-v", "error", "-xerror", "-i", "/tmp/.tmpP4WD5S/保存 results/calibration-z8-2.webp", "-f", "null", "-"]
[validation] ffmpeg ["-nostdin", "-v", "error", "-xerror", "-i", "/tmp/.tmpP4WD5S/保存 results/calibration-z8-3.webp", "-f", "null", "-"]
[validation] ffmpeg ["-nostdin", "-v", "error", "-xerror", "-i", "/tmp/.tmpP4WD5S/保存 results/calibration-z8-1.jpg", "-f", "null", "-"]
[validation] ffmpeg ["-nostdin", "-v", "error", "-xerror", "-i", "/tmp/.tmpP4WD5S/保存 results/calibration-z8-2.jpg", "-f", "null", "-"]
[validation] ffmpeg ["-nostdin", "-v", "error", "-xerror", "-i", "/tmp/.tmpP4WD5S/保存 results/calibration-z8-3.jpg", "-f", "null", "-"]
[validation] ffmpeg ["-nostdin", "-v", "error", "-f", "lavfi", "-i", "aevalsrc=0.2*sin(2*PI*440*t)|0.2*sin(2*PI*880*t):s=48000:d=1", "-c:a", "libmp3lame", "/tmp/.tmpP4WD5S/source.mp3"]
[validation] ffmpeg ["-nostdin", "-v", "error", "-i", "/tmp/.tmpP4WD5S/source.mp3", "-c:a", "libvorbis", "/tmp/.tmpP4WD5S/source.ogg"]
[validation] ffmpeg ["-nostdin", "-v", "error", "-f", "lavfi", "-i", "color=c=red:s=16x16:r=10", "-i", "/tmp/.tmpP4WD5S/source.mp3", "-t", "0.3", "-c:v", "mpeg4", "-c:a", "aac", "/tmp/.tmpP4WD5S/video.mp4"]
[validation] ffmpeg ["-nostdin", "-v", "error", "-f", "lavfi", "-i", "color=c=red:s=16x16:r=10", "-i", "/tmp/.tmpP4WD5S/source.mp3", "-t", "0.3", "-c:v", "mpeg4", "-c:a", "aac", "/tmp/.tmpP4WD5S/video.mov"]
[validation] ffmpeg ["-nostdin", "-v", "error", "-f", "lavfi", "-i", "color=c=red:s=16x16:r=10", "-i", "/tmp/.tmpP4WD5S/source.mp3", "-t", "0.3", "-c:v", "ffv1", "-c:a", "flac", "/tmp/.tmpP4WD5S/video.mkv"]
[validation] ffmpeg ["-nostdin", "-v", "error", "-f", "lavfi", "-i", "color=c=red:s=16x16:r=10", "-i", "/tmp/.tmpP4WD5S/source.mp3", "-t", "0.3", "-c:v", "libvpx-vp9", "-c:a", "libopus", "/tmp/.tmpP4WD5S/video.webm"]
[validation] ffmpeg ["-nostdin", "-v", "error", "-xerror", "-i", "/tmp/.tmpP4WD5S/保存 results/source-z8-2.wav", "-f", "null", "-"]
[validation] ffprobe ["-v", "error", "-select_streams", "a:0", "-show_entries", "stream=channels,codec_name:format=duration", "-of", "json", "/tmp/.tmpP4WD5S/source.mp3"]
[validation] ffprobe ["-v", "error", "-select_streams", "a:0", "-show_entries", "stream=channels,codec_name:format=duration", "-of", "json", "/tmp/.tmpP4WD5S/保存 results/source-z8-2.wav"]
[validation] ffmpeg ["-nostdin", "-v", "error", "-i", "/tmp/.tmpP4WD5S/保存 results/source-z8-2.wav", "-map", "0:a:0", "-t", "2", "-ar", "48000", "-ac", "2", "-f", "f32le", "/tmp/.tmpyy5CI1/signal.f32"]
[validation] ffmpeg ["-nostdin", "-v", "error", "-xerror", "-i", "/tmp/.tmpP4WD5S/保存 results/source-z8-1.mp3", "-f", "null", "-"]
[validation] ffprobe ["-v", "error", "-select_streams", "a:0", "-show_entries", "stream=channels,codec_name:format=duration", "-of", "json", "/tmp/.tmpP4WD5S/source.mp3"]
[validation] ffprobe ["-v", "error", "-select_streams", "a:0", "-show_entries", "stream=channels,codec_name:format=duration", "-of", "json", "/tmp/.tmpP4WD5S/保存 results/source-z8-1.mp3"]
[validation] ffmpeg ["-nostdin", "-v", "error", "-i", "/tmp/.tmpP4WD5S/保存 results/source-z8-1.mp3", "-map", "0:a:0", "-t", "2", "-ar", "48000", "-ac", "2", "-f", "f32le", "/tmp/.tmpc9fjUL/signal.f32"]
[validation] ffmpeg ["-nostdin", "-v", "error", "-xerror", "-i", "/tmp/.tmpP4WD5S/保存 results/source-z8-2.flac", "-f", "null", "-"]
[validation] ffprobe ["-v", "error", "-select_streams", "a:0", "-show_entries", "stream=channels,codec_name:format=duration", "-of", "json", "/tmp/.tmpP4WD5S/source.mp3"]
[validation] ffprobe ["-v", "error", "-select_streams", "a:0", "-show_entries", "stream=channels,codec_name:format=duration", "-of", "json", "/tmp/.tmpP4WD5S/保存 results/source-z8-2.flac"]
[validation] ffmpeg ["-nostdin", "-v", "error", "-i", "/tmp/.tmpP4WD5S/保存 results/source-z8-2.flac", "-map", "0:a:0", "-t", "2", "-ar", "48000", "-ac", "2", "-f", "f32le", "/tmp/.tmpZvK29r/signal.f32"]
[validation] ffmpeg ["-nostdin", "-v", "error", "-xerror", "-i", "/tmp/.tmpP4WD5S/保存 results/source-z8-2.opus", "-f", "null", "-"]
[validation] ffprobe ["-v", "error", "-select_streams", "a:0", "-show_entries", "stream=channels,codec_name:format=duration", "-of", "json", "/tmp/.tmpP4WD5S/source.mp3"]
[validation] ffprobe ["-v", "error", "-select_streams", "a:0", "-show_entries", "stream=channels,codec_name:format=duration", "-of", "json", "/tmp/.tmpP4WD5S/保存 results/source-z8-2.opus"]
[validation] ffmpeg ["-nostdin", "-v", "error", "-i", "/tmp/.tmpP4WD5S/保存 results/source-z8-2.opus", "-map", "0:a:0", "-t", "2", "-ar", "48000", "-ac", "2", "-f", "f32le", "/tmp/.tmpo1G0fk/signal.f32"]
[validation] ffmpeg ["-nostdin", "-v", "error", "-xerror", "-i", "/tmp/.tmpP4WD5S/保存 results/source-z8-2.m4a", "-f", "null", "-"]
[validation] ffprobe ["-v", "error", "-select_streams", "a:0", "-show_entries", "stream=channels,codec_name:format=duration", "-of", "json", "/tmp/.tmpP4WD5S/source.mp3"]
[validation] ffprobe ["-v", "error", "-select_streams", "a:0", "-show_entries", "stream=channels,codec_name:format=duration", "-of", "json", "/tmp/.tmpP4WD5S/保存 results/source-z8-2.m4a"]
[validation] ffmpeg ["-nostdin", "-v", "error", "-i", "/tmp/.tmpP4WD5S/保存 results/source-z8-2.m4a", "-map", "0:a:0", "-t", "2", "-ar", "48000", "-ac", "2", "-f", "f32le", "/tmp/.tmpDrBJZM/signal.f32"]
[validation] ffmpeg ["-nostdin", "-v", "error", "-xerror", "-i", "/tmp/.tmpP4WD5S/保存 results/source-z8-1-z8-1.wav", "-f", "null", "-"]
[validation] ffprobe ["-v", "error", "-select_streams", "a:0", "-show_entries", "stream=channels,codec_name:format=duration", "-of", "json", "/tmp/.tmpP4WD5S/保存 results/source-z8-1.wav"]
[validation] ffprobe ["-v", "error", "-select_streams", "a:0", "-show_entries", "stream=channels,codec_name:format=duration", "-of", "json", "/tmp/.tmpP4WD5S/保存 results/source-z8-1-z8-1.wav"]
[validation] ffmpeg ["-nostdin", "-v", "error", "-i", "/tmp/.tmpP4WD5S/保存 results/source-z8-1-z8-1.wav", "-map", "0:a:0", "-t", "2", "-ar", "48000", "-ac", "2", "-f", "f32le", "/tmp/.tmpzoQg7w/signal.f32"]
[validation] ffmpeg ["-nostdin", "-v", "error", "-xerror", "-i", "/tmp/.tmpP4WD5S/保存 results/source-z8-1-z8-1.mp3", "-f", "null", "-"]
[validation] ffprobe ["-v", "error", "-select_streams", "a:0", "-show_entries", "stream=channels,codec_name:format=duration", "-of", "json", "/tmp/.tmpP4WD5S/保存 results/source-z8-1.wav"]
[validation] ffprobe ["-v", "error", "-select_streams", "a:0", "-show_entries", "stream=channels,codec_name:format=duration", "-of", "json", "/tmp/.tmpP4WD5S/保存 results/source-z8-1-z8-1.mp3"]
[validation] ffmpeg ["-nostdin", "-v", "error", "-i", "/tmp/.tmpP4WD5S/保存 results/source-z8-1-z8-1.mp3", "-map", "0:a:0", "-t", "2", "-ar", "48000", "-ac", "2", "-f", "f32le", "/tmp/.tmp80ehjz/signal.f32"]
[validation] ffmpeg ["-nostdin", "-v", "error", "-xerror", "-i", "/tmp/.tmpP4WD5S/保存 results/source-z8-1-z8-1.flac", "-f", "null", "-"]
[validation] ffprobe ["-v", "error", "-select_streams", "a:0", "-show_entries", "stream=channels,codec_name:format=duration", "-of", "json", "/tmp/.tmpP4WD5S/保存 results/source-z8-1.wav"]
[validation] ffprobe ["-v", "error", "-select_streams", "a:0", "-show_entries", "stream=channels,codec_name:format=duration", "-of", "json", "/tmp/.tmpP4WD5S/保存 results/source-z8-1-z8-1.flac"]
[validation] ffmpeg ["-nostdin", "-v", "error", "-i", "/tmp/.tmpP4WD5S/保存 results/source-z8-1-z8-1.flac", "-map", "0:a:0", "-t", "2", "-ar", "48000", "-ac", "2", "-f", "f32le", "/tmp/.tmpjAy8mE/signal.f32"]
[validation] ffmpeg ["-nostdin", "-v", "error", "-xerror", "-i", "/tmp/.tmpP4WD5S/保存 results/source-z8-1-z8-1.opus", "-f", "null", "-"]
[validation] ffprobe ["-v", "error", "-select_streams", "a:0", "-show_entries", "stream=channels,codec_name:format=duration", "-of", "json", "/tmp/.tmpP4WD5S/保存 results/source-z8-1.wav"]
[validation] ffprobe ["-v", "error", "-select_streams", "a:0", "-show_entries", "stream=channels,codec_name:format=duration", "-of", "json", "/tmp/.tmpP4WD5S/保存 results/source-z8-1-z8-1.opus"]
[validation] ffmpeg ["-nostdin", "-v", "error", "-i", "/tmp/.tmpP4WD5S/保存 results/source-z8-1-z8-1.opus", "-map", "0:a:0", "-t", "2", "-ar", "48000", "-ac", "2", "-f", "f32le", "/tmp/.tmpUMT5ZG/signal.f32"]
[validation] ffmpeg ["-nostdin", "-v", "error", "-xerror", "-i", "/tmp/.tmpP4WD5S/保存 results/source-z8-1-z8-1.m4a", "-f", "null", "-"]
[validation] ffprobe ["-v", "error", "-select_streams", "a:0", "-show_entries", "stream=channels,codec_name:format=duration", "-of", "json", "/tmp/.tmpP4WD5S/保存 results/source-z8-1.wav"]
[validation] ffprobe ["-v", "error", "-select_streams", "a:0", "-show_entries", "stream=channels,codec_name:format=duration", "-of", "json", "/tmp/.tmpP4WD5S/保存 results/source-z8-1-z8-1.m4a"]
[validation] ffmpeg ["-nostdin", "-v", "error", "-i", "/tmp/.tmpP4WD5S/保存 results/source-z8-1-z8-1.m4a", "-map", "0:a:0", "-t", "2", "-ar", "48000", "-ac", "2", "-f", "f32le", "/tmp/.tmpnjjZCf/signal.f32"]
[validation] ffmpeg ["-nostdin", "-v", "error", "-xerror", "-i", "/tmp/.tmpP4WD5S/保存 results/source-z8-1-z8-2.wav", "-f", "null", "-"]
[validation] ffprobe ["-v", "error", "-select_streams", "a:0", "-show_entries", "stream=channels,codec_name:format=duration", "-of", "json", "/tmp/.tmpP4WD5S/保存 results/source-z8-1.flac"]
[validation] ffprobe ["-v", "error", "-select_streams", "a:0", "-show_entries", "stream=channels,codec_name:format=duration", "-of", "json", "/tmp/.tmpP4WD5S/保存 results/source-z8-1-z8-2.wav"]
[validation] ffmpeg ["-nostdin", "-v", "error", "-i", "/tmp/.tmpP4WD5S/保存 results/source-z8-1-z8-2.wav", "-map", "0:a:0", "-t", "2", "-ar", "48000", "-ac", "2", "-f", "f32le", "/tmp/.tmpfctINw/signal.f32"]
[validation] ffmpeg ["-nostdin", "-v", "error", "-xerror", "-i", "/tmp/.tmpP4WD5S/保存 results/source-z8-1-z8-2.mp3", "-f", "null", "-"]
[validation] ffprobe ["-v", "error", "-select_streams", "a:0", "-show_entries", "stream=channels,codec_name:format=duration", "-of", "json", "/tmp/.tmpP4WD5S/保存 results/source-z8-1.flac"]
[validation] ffprobe ["-v", "error", "-select_streams", "a:0", "-show_entries", "stream=channels,codec_name:format=duration", "-of", "json", "/tmp/.tmpP4WD5S/保存 results/source-z8-1-z8-2.mp3"]
[validation] ffmpeg ["-nostdin", "-v", "error", "-i", "/tmp/.tmpP4WD5S/保存 results/source-z8-1-z8-2.mp3", "-map", "0:a:0", "-t", "2", "-ar", "48000", "-ac", "2", "-f", "f32le", "/tmp/.tmpR7lxr5/signal.f32"]
[validation] ffmpeg ["-nostdin", "-v", "error", "-xerror", "-i", "/tmp/.tmpP4WD5S/保存 results/source-z8-1-z8-2.flac", "-f", "null", "-"]
[validation] ffprobe ["-v", "error", "-select_streams", "a:0", "-show_entries", "stream=channels,codec_name:format=duration", "-of", "json", "/tmp/.tmpP4WD5S/保存 results/source-z8-1.flac"]
[validation] ffprobe ["-v", "error", "-select_streams", "a:0", "-show_entries", "stream=channels,codec_name:format=duration", "-of", "json", "/tmp/.tmpP4WD5S/保存 results/source-z8-1-z8-2.flac"]
[validation] ffmpeg ["-nostdin", "-v", "error", "-i", "/tmp/.tmpP4WD5S/保存 results/source-z8-1-z8-2.flac", "-map", "0:a:0", "-t", "2", "-ar", "48000", "-ac", "2", "-f", "f32le", "/tmp/.tmp2mA6pO/signal.f32"]
[validation] ffmpeg ["-nostdin", "-v", "error", "-xerror", "-i", "/tmp/.tmpP4WD5S/保存 results/source-z8-1-z8-2.opus", "-f", "null", "-"]
[validation] ffprobe ["-v", "error", "-select_streams", "a:0", "-show_entries", "stream=channels,codec_name:format=duration", "-of", "json", "/tmp/.tmpP4WD5S/保存 results/source-z8-1.flac"]
[validation] ffprobe ["-v", "error", "-select_streams", "a:0", "-show_entries", "stream=channels,codec_name:format=duration", "-of", "json", "/tmp/.tmpP4WD5S/保存 results/source-z8-1-z8-2.opus"]
[validation] ffmpeg ["-nostdin", "-v", "error", "-i", "/tmp/.tmpP4WD5S/保存 results/source-z8-1-z8-2.opus", "-map", "0:a:0", "-t", "2", "-ar", "48000", "-ac", "2", "-f", "f32le", "/tmp/.tmpfjFy7H/signal.f32"]
[validation] ffmpeg ["-nostdin", "-v", "error", "-xerror", "-i", "/tmp/.tmpP4WD5S/保存 results/source-z8-1-z8-2.m4a", "-f", "null", "-"]
[validation] ffprobe ["-v", "error", "-select_streams", "a:0", "-show_entries", "stream=channels,codec_name:format=duration", "-of", "json", "/tmp/.tmpP4WD5S/保存 results/source-z8-1.flac"]
[validation] ffprobe ["-v", "error", "-select_streams", "a:0", "-show_entries", "stream=channels,codec_name:format=duration", "-of", "json", "/tmp/.tmpP4WD5S/保存 results/source-z8-1-z8-2.m4a"]
[validation] ffmpeg ["-nostdin", "-v", "error", "-i", "/tmp/.tmpP4WD5S/保存 results/source-z8-1-z8-2.m4a", "-map", "0:a:0", "-t", "2", "-ar", "48000", "-ac", "2", "-f", "f32le", "/tmp/.tmpOHpNia/signal.f32"]
[validation] ffmpeg ["-nostdin", "-v", "error", "-xerror", "-i", "/tmp/.tmpP4WD5S/保存 results/source-z8-1-z8-3.wav", "-f", "null", "-"]
[validation] ffprobe ["-v", "error", "-select_streams", "a:0", "-show_entries", "stream=channels,codec_name:format=duration", "-of", "json", "/tmp/.tmpP4WD5S/保存 results/source-z8-1.opus"]
[validation] ffprobe ["-v", "error", "-select_streams", "a:0", "-show_entries", "stream=channels,codec_name:format=duration", "-of", "json", "/tmp/.tmpP4WD5S/保存 results/source-z8-1-z8-3.wav"]
[validation] ffmpeg ["-nostdin", "-v", "error", "-i", "/tmp/.tmpP4WD5S/保存 results/source-z8-1-z8-3.wav", "-map", "0:a:0", "-t", "2", "-ar", "48000", "-ac", "2", "-f", "f32le", "/tmp/.tmpMmBxQA/signal.f32"]
[validation] ffmpeg ["-nostdin", "-v", "error", "-xerror", "-i", "/tmp/.tmpP4WD5S/保存 results/source-z8-1-z8-3.mp3", "-f", "null", "-"]
[validation] ffprobe ["-v", "error", "-select_streams", "a:0", "-show_entries", "stream=channels,codec_name:format=duration", "-of", "json", "/tmp/.tmpP4WD5S/保存 results/source-z8-1.opus"]
[validation] ffprobe ["-v", "error", "-select_streams", "a:0", "-show_entries", "stream=channels,codec_name:format=duration", "-of", "json", "/tmp/.tmpP4WD5S/保存 results/source-z8-1-z8-3.mp3"]
[validation] ffmpeg ["-nostdin", "-v", "error", "-i", "/tmp/.tmpP4WD5S/保存 results/source-z8-1-z8-3.mp3", "-map", "0:a:0", "-t", "2", "-ar", "48000", "-ac", "2", "-f", "f32le", "/tmp/.tmpBUDseo/signal.f32"]
[validation] ffmpeg ["-nostdin", "-v", "error", "-xerror", "-i", "/tmp/.tmpP4WD5S/保存 results/source-z8-1-z8-3.flac", "-f", "null", "-"]
[validation] ffprobe ["-v", "error", "-select_streams", "a:0", "-show_entries", "stream=channels,codec_name:format=duration", "-of", "json", "/tmp/.tmpP4WD5S/保存 results/source-z8-1.opus"]
[validation] ffprobe ["-v", "error", "-select_streams", "a:0", "-show_entries", "stream=channels,codec_name:format=duration", "-of", "json", "/tmp/.tmpP4WD5S/保存 results/source-z8-1-z8-3.flac"]
[validation] ffmpeg ["-nostdin", "-v", "error", "-i", "/tmp/.tmpP4WD5S/保存 results/source-z8-1-z8-3.flac", "-map", "0:a:0", "-t", "2", "-ar", "48000", "-ac", "2", "-f", "f32le", "/tmp/.tmpBwdtHR/signal.f32"]
[validation] ffmpeg ["-nostdin", "-v", "error", "-xerror", "-i", "/tmp/.tmpP4WD5S/保存 results/source-z8-1-z8-3.opus", "-f", "null", "-"]
[validation] ffprobe ["-v", "error", "-select_streams", "a:0", "-show_entries", "stream=channels,codec_name:format=duration", "-of", "json", "/tmp/.tmpP4WD5S/保存 results/source-z8-1.opus"]
[validation] ffprobe ["-v", "error", "-select_streams", "a:0", "-show_entries", "stream=channels,codec_name:format=duration", "-of", "json", "/tmp/.tmpP4WD5S/保存 results/source-z8-1-z8-3.opus"]
[validation] ffmpeg ["-nostdin", "-v", "error", "-i", "/tmp/.tmpP4WD5S/保存 results/source-z8-1-z8-3.opus", "-map", "0:a:0", "-t", "2", "-ar", "48000", "-ac", "2", "-f", "f32le", "/tmp/.tmpcW54xy/signal.f32"]
[validation] ffmpeg ["-nostdin", "-v", "error", "-xerror", "-i", "/tmp/.tmpP4WD5S/保存 results/source-z8-1-z8-3.m4a", "-f", "null", "-"]
[validation] ffprobe ["-v", "error", "-select_streams", "a:0", "-show_entries", "stream=channels,codec_name:format=duration", "-of", "json", "/tmp/.tmpP4WD5S/保存 results/source-z8-1.opus"]
[validation] ffprobe ["-v", "error", "-select_streams", "a:0", "-show_entries", "stream=channels,codec_name:format=duration", "-of", "json", "/tmp/.tmpP4WD5S/保存 results/source-z8-1-z8-3.m4a"]
[validation] ffmpeg ["-nostdin", "-v", "error", "-i", "/tmp/.tmpP4WD5S/保存 results/source-z8-1-z8-3.m4a", "-map", "0:a:0", "-t", "2", "-ar", "48000", "-ac", "2", "-f", "f32le", "/tmp/.tmpT43EjT/signal.f32"]
[validation] ffmpeg ["-nostdin", "-v", "error", "-xerror", "-i", "/tmp/.tmpP4WD5S/保存 results/source-z8-1-z8-4.wav", "-f", "null", "-"]
[validation] ffprobe ["-v", "error", "-select_streams", "a:0", "-show_entries", "stream=channels,codec_name:format=duration", "-of", "json", "/tmp/.tmpP4WD5S/保存 results/source-z8-1.m4a"]
[validation] ffprobe ["-v", "error", "-select_streams", "a:0", "-show_entries", "stream=channels,codec_name:format=duration", "-of", "json", "/tmp/.tmpP4WD5S/保存 results/source-z8-1-z8-4.wav"]
[validation] ffmpeg ["-nostdin", "-v", "error", "-i", "/tmp/.tmpP4WD5S/保存 results/source-z8-1-z8-4.wav", "-map", "0:a:0", "-t", "2", "-ar", "48000", "-ac", "2", "-f", "f32le", "/tmp/.tmpIDQpjq/signal.f32"]
[validation] ffmpeg ["-nostdin", "-v", "error", "-xerror", "-i", "/tmp/.tmpP4WD5S/保存 results/source-z8-1-z8-4.mp3", "-f", "null", "-"]
[validation] ffprobe ["-v", "error", "-select_streams", "a:0", "-show_entries", "stream=channels,codec_name:format=duration", "-of", "json", "/tmp/.tmpP4WD5S/保存 results/source-z8-1.m4a"]
[validation] ffprobe ["-v", "error", "-select_streams", "a:0", "-show_entries", "stream=channels,codec_name:format=duration", "-of", "json", "/tmp/.tmpP4WD5S/保存 results/source-z8-1-z8-4.mp3"]
[validation] ffmpeg ["-nostdin", "-v", "error", "-i", "/tmp/.tmpP4WD5S/保存 results/source-z8-1-z8-4.mp3", "-map", "0:a:0", "-t", "2", "-ar", "48000", "-ac", "2", "-f", "f32le", "/tmp/.tmprtumWS/signal.f32"]
[validation] ffmpeg ["-nostdin", "-v", "error", "-xerror", "-i", "/tmp/.tmpP4WD5S/保存 results/source-z8-1-z8-4.flac", "-f", "null", "-"]
[validation] ffprobe ["-v", "error", "-select_streams", "a:0", "-show_entries", "stream=channels,codec_name:format=duration", "-of", "json", "/tmp/.tmpP4WD5S/保存 results/source-z8-1.m4a"]
[validation] ffprobe ["-v", "error", "-select_streams", "a:0", "-show_entries", "stream=channels,codec_name:format=duration", "-of", "json", "/tmp/.tmpP4WD5S/保存 results/source-z8-1-z8-4.flac"]
[validation] ffmpeg ["-nostdin", "-v", "error", "-i", "/tmp/.tmpP4WD5S/保存 results/source-z8-1-z8-4.flac", "-map", "0:a:0", "-t", "2", "-ar", "48000", "-ac", "2", "-f", "f32le", "/tmp/.tmpzDfyVt/signal.f32"]
[validation] ffmpeg ["-nostdin", "-v", "error", "-xerror", "-i", "/tmp/.tmpP4WD5S/保存 results/source-z8-1-z8-4.opus", "-f", "null", "-"]
[validation] ffprobe ["-v", "error", "-select_streams", "a:0", "-show_entries", "stream=channels,codec_name:format=duration", "-of", "json", "/tmp/.tmpP4WD5S/保存 results/source-z8-1.m4a"]
[validation] ffprobe ["-v", "error", "-select_streams", "a:0", "-show_entries", "stream=channels,codec_name:format=duration", "-of", "json", "/tmp/.tmpP4WD5S/保存 results/source-z8-1-z8-4.opus"]
[validation] ffmpeg ["-nostdin", "-v", "error", "-i", "/tmp/.tmpP4WD5S/保存 results/source-z8-1-z8-4.opus", "-map", "0:a:0", "-t", "2", "-ar", "48000", "-ac", "2", "-f", "f32le", "/tmp/.tmpHBUWYU/signal.f32"]
[validation] ffmpeg ["-nostdin", "-v", "error", "-xerror", "-i", "/tmp/.tmpP4WD5S/保存 results/source-z8-1-z8-4.m4a", "-f", "null", "-"]
[validation] ffprobe ["-v", "error", "-select_streams", "a:0", "-show_entries", "stream=channels,codec_name:format=duration", "-of", "json", "/tmp/.tmpP4WD5S/保存 results/source-z8-1.m4a"]
[validation] ffprobe ["-v", "error", "-select_streams", "a:0", "-show_entries", "stream=channels,codec_name:format=duration", "-of", "json", "/tmp/.tmpP4WD5S/保存 results/source-z8-1-z8-4.m4a"]
[validation] ffmpeg ["-nostdin", "-v", "error", "-i", "/tmp/.tmpP4WD5S/保存 results/source-z8-1-z8-4.m4a", "-map", "0:a:0", "-t", "2", "-ar", "48000", "-ac", "2", "-f", "f32le", "/tmp/.tmp8hmJc1/signal.f32"]
[validation] ffmpeg ["-nostdin", "-v", "error", "-xerror", "-i", "/tmp/.tmpP4WD5S/保存 results/source-z8-3.wav", "-f", "null", "-"]
[validation] ffprobe ["-v", "error", "-select_streams", "a:0", "-show_entries", "stream=channels,codec_name:format=duration", "-of", "json", "/tmp/.tmpP4WD5S/source.ogg"]
[validation] ffprobe ["-v", "error", "-select_streams", "a:0", "-show_entries", "stream=channels,codec_name:format=duration", "-of", "json", "/tmp/.tmpP4WD5S/保存 results/source-z8-3.wav"]
[validation] ffmpeg ["-nostdin", "-v", "error", "-i", "/tmp/.tmpP4WD5S/保存 results/source-z8-3.wav", "-map", "0:a:0", "-t", "2", "-ar", "48000", "-ac", "2", "-f", "f32le", "/tmp/.tmpltkf9B/signal.f32"]
[validation] ffmpeg ["-nostdin", "-v", "error", "-xerror", "-i", "/tmp/.tmpP4WD5S/保存 results/source-z8-2.mp3", "-f", "null", "-"]
[validation] ffprobe ["-v", "error", "-select_streams", "a:0", "-show_entries", "stream=channels,codec_name:format=duration", "-of", "json", "/tmp/.tmpP4WD5S/source.ogg"]
[validation] ffprobe ["-v", "error", "-select_streams", "a:0", "-show_entries", "stream=channels,codec_name:format=duration", "-of", "json", "/tmp/.tmpP4WD5S/保存 results/source-z8-2.mp3"]
[validation] ffmpeg ["-nostdin", "-v", "error", "-i", "/tmp/.tmpP4WD5S/保存 results/source-z8-2.mp3", "-map", "0:a:0", "-t", "2", "-ar", "48000", "-ac", "2", "-f", "f32le", "/tmp/.tmpB3Pi47/signal.f32"]
[validation] ffmpeg ["-nostdin", "-v", "error", "-xerror", "-i", "/tmp/.tmpP4WD5S/保存 results/source-z8-3.flac", "-f", "null", "-"]
[validation] ffprobe ["-v", "error", "-select_streams", "a:0", "-show_entries", "stream=channels,codec_name:format=duration", "-of", "json", "/tmp/.tmpP4WD5S/source.ogg"]
[validation] ffprobe ["-v", "error", "-select_streams", "a:0", "-show_entries", "stream=channels,codec_name:format=duration", "-of", "json", "/tmp/.tmpP4WD5S/保存 results/source-z8-3.flac"]
[validation] ffmpeg ["-nostdin", "-v", "error", "-i", "/tmp/.tmpP4WD5S/保存 results/source-z8-3.flac", "-map", "0:a:0", "-t", "2", "-ar", "48000", "-ac", "2", "-f", "f32le", "/tmp/.tmpdps8cW/signal.f32"]
[validation] ffmpeg ["-nostdin", "-v", "error", "-xerror", "-i", "/tmp/.tmpP4WD5S/保存 results/source-z8-3.opus", "-f", "null", "-"]
[validation] ffprobe ["-v", "error", "-select_streams", "a:0", "-show_entries", "stream=channels,codec_name:format=duration", "-of", "json", "/tmp/.tmpP4WD5S/source.ogg"]
[validation] ffprobe ["-v", "error", "-select_streams", "a:0", "-show_entries", "stream=channels,codec_name:format=duration", "-of", "json", "/tmp/.tmpP4WD5S/保存 results/source-z8-3.opus"]
[validation] ffmpeg ["-nostdin", "-v", "error", "-i", "/tmp/.tmpP4WD5S/保存 results/source-z8-3.opus", "-map", "0:a:0", "-t", "2", "-ar", "48000", "-ac", "2", "-f", "f32le", "/tmp/.tmplXZRjX/signal.f32"]
[validation] ffmpeg ["-nostdin", "-v", "error", "-xerror", "-i", "/tmp/.tmpP4WD5S/保存 results/source-z8-3.m4a", "-f", "null", "-"]
[validation] ffprobe ["-v", "error", "-select_streams", "a:0", "-show_entries", "stream=channels,codec_name:format=duration", "-of", "json", "/tmp/.tmpP4WD5S/source.ogg"]
[validation] ffprobe ["-v", "error", "-select_streams", "a:0", "-show_entries", "stream=channels,codec_name:format=duration", "-of", "json", "/tmp/.tmpP4WD5S/保存 results/source-z8-3.m4a"]
[validation] ffmpeg ["-nostdin", "-v", "error", "-i", "/tmp/.tmpP4WD5S/保存 results/source-z8-3.m4a", "-map", "0:a:0", "-t", "2", "-ar", "48000", "-ac", "2", "-f", "f32le", "/tmp/.tmpxBvlbJ/signal.f32"]
[validation] ffmpeg ["-nostdin", "-v", "error", "-xerror", "-i", "/tmp/.tmpP4WD5S/保存 results/video-z8-1.wav", "-f", "null", "-"]
[validation] ffprobe ["-v", "error", "-select_streams", "a:0", "-show_entries", "stream=channels,codec_name:format=duration", "-of", "json", "/tmp/.tmpP4WD5S/video.mp4"]
[validation] ffprobe ["-v", "error", "-select_streams", "a:0", "-show_entries", "stream=channels,codec_name:format=duration", "-of", "json", "/tmp/.tmpP4WD5S/保存 results/video-z8-1.wav"]
[validation] ffmpeg ["-nostdin", "-v", "error", "-i", "/tmp/.tmpP4WD5S/保存 results/video-z8-1.wav", "-map", "0:a:0", "-t", "2", "-ar", "48000", "-ac", "2", "-f", "f32le", "/tmp/.tmphlPGMJ/signal.f32"]
[validation] ffmpeg ["-nostdin", "-v", "error", "-xerror", "-i", "/tmp/.tmpP4WD5S/保存 results/video-z8-1.mp3", "-f", "null", "-"]
[validation] ffprobe ["-v", "error", "-select_streams", "a:0", "-show_entries", "stream=channels,codec_name:format=duration", "-of", "json", "/tmp/.tmpP4WD5S/video.mp4"]
[validation] ffprobe ["-v", "error", "-select_streams", "a:0", "-show_entries", "stream=channels,codec_name:format=duration", "-of", "json", "/tmp/.tmpP4WD5S/保存 results/video-z8-1.mp3"]
[validation] ffmpeg ["-nostdin", "-v", "error", "-i", "/tmp/.tmpP4WD5S/保存 results/video-z8-1.mp3", "-map", "0:a:0", "-t", "2", "-ar", "48000", "-ac", "2", "-f", "f32le", "/tmp/.tmpwDMbiL/signal.f32"]
[validation] ffmpeg ["-nostdin", "-v", "error", "-xerror", "-i", "/tmp/.tmpP4WD5S/保存 results/video-z8-1.flac", "-f", "null", "-"]
[validation] ffprobe ["-v", "error", "-select_streams", "a:0", "-show_entries", "stream=channels,codec_name:format=duration", "-of", "json", "/tmp/.tmpP4WD5S/video.mp4"]
[validation] ffprobe ["-v", "error", "-select_streams", "a:0", "-show_entries", "stream=channels,codec_name:format=duration", "-of", "json", "/tmp/.tmpP4WD5S/保存 results/video-z8-1.flac"]
[validation] ffmpeg ["-nostdin", "-v", "error", "-i", "/tmp/.tmpP4WD5S/保存 results/video-z8-1.flac", "-map", "0:a:0", "-t", "2", "-ar", "48000", "-ac", "2", "-f", "f32le", "/tmp/.tmpeJXepK/signal.f32"]
[validation] ffmpeg ["-nostdin", "-v", "error", "-xerror", "-i", "/tmp/.tmpP4WD5S/保存 results/video-z8-1.opus", "-f", "null", "-"]
[validation] ffprobe ["-v", "error", "-select_streams", "a:0", "-show_entries", "stream=channels,codec_name:format=duration", "-of", "json", "/tmp/.tmpP4WD5S/video.mp4"]
[validation] ffprobe ["-v", "error", "-select_streams", "a:0", "-show_entries", "stream=channels,codec_name:format=duration", "-of", "json", "/tmp/.tmpP4WD5S/保存 results/video-z8-1.opus"]
[validation] ffmpeg ["-nostdin", "-v", "error", "-i", "/tmp/.tmpP4WD5S/保存 results/video-z8-1.opus", "-map", "0:a:0", "-t", "2", "-ar", "48000", "-ac", "2", "-f", "f32le", "/tmp/.tmp08Ots6/signal.f32"]
[validation] ffmpeg ["-nostdin", "-v", "error", "-xerror", "-i", "/tmp/.tmpP4WD5S/保存 results/video-z8-1.m4a", "-f", "null", "-"]
[validation] ffprobe ["-v", "error", "-select_streams", "a:0", "-show_entries", "stream=channels,codec_name:format=duration", "-of", "json", "/tmp/.tmpP4WD5S/video.mp4"]
[validation] ffprobe ["-v", "error", "-select_streams", "a:0", "-show_entries", "stream=channels,codec_name:format=duration", "-of", "json", "/tmp/.tmpP4WD5S/保存 results/video-z8-1.m4a"]
[validation] ffmpeg ["-nostdin", "-v", "error", "-i", "/tmp/.tmpP4WD5S/保存 results/video-z8-1.m4a", "-map", "0:a:0", "-t", "2", "-ar", "48000", "-ac", "2", "-f", "f32le", "/tmp/.tmpINTvMZ/signal.f32"]
[validation] ffmpeg ["-nostdin", "-v", "error", "-xerror", "-i", "/tmp/.tmpP4WD5S/保存 results/video-z8-2.wav", "-f", "null", "-"]
[validation] ffprobe ["-v", "error", "-select_streams", "a:0", "-show_entries", "stream=channels,codec_name:format=duration", "-of", "json", "/tmp/.tmpP4WD5S/video.mov"]
[validation] ffprobe ["-v", "error", "-select_streams", "a:0", "-show_entries", "stream=channels,codec_name:format=duration", "-of", "json", "/tmp/.tmpP4WD5S/保存 results/video-z8-2.wav"]
[validation] ffmpeg ["-nostdin", "-v", "error", "-i", "/tmp/.tmpP4WD5S/保存 results/video-z8-2.wav", "-map", "0:a:0", "-t", "2", "-ar", "48000", "-ac", "2", "-f", "f32le", "/tmp/.tmpQhwjyB/signal.f32"]
[validation] ffmpeg ["-nostdin", "-v", "error", "-xerror", "-i", "/tmp/.tmpP4WD5S/保存 results/video-z8-2.mp3", "-f", "null", "-"]
[validation] ffprobe ["-v", "error", "-select_streams", "a:0", "-show_entries", "stream=channels,codec_name:format=duration", "-of", "json", "/tmp/.tmpP4WD5S/video.mov"]
[validation] ffprobe ["-v", "error", "-select_streams", "a:0", "-show_entries", "stream=channels,codec_name:format=duration", "-of", "json", "/tmp/.tmpP4WD5S/保存 results/video-z8-2.mp3"]
[validation] ffmpeg ["-nostdin", "-v", "error", "-i", "/tmp/.tmpP4WD5S/保存 results/video-z8-2.mp3", "-map", "0:a:0", "-t", "2", "-ar", "48000", "-ac", "2", "-f", "f32le", "/tmp/.tmpaBfDzH/signal.f32"]
[validation] ffmpeg ["-nostdin", "-v", "error", "-xerror", "-i", "/tmp/.tmpP4WD5S/保存 results/video-z8-2.flac", "-f", "null", "-"]
[validation] ffprobe ["-v", "error", "-select_streams", "a:0", "-show_entries", "stream=channels,codec_name:format=duration", "-of", "json", "/tmp/.tmpP4WD5S/video.mov"]
[validation] ffprobe ["-v", "error", "-select_streams", "a:0", "-show_entries", "stream=channels,codec_name:format=duration", "-of", "json", "/tmp/.tmpP4WD5S/保存 results/video-z8-2.flac"]
[validation] ffmpeg ["-nostdin", "-v", "error", "-i", "/tmp/.tmpP4WD5S/保存 results/video-z8-2.flac", "-map", "0:a:0", "-t", "2", "-ar", "48000", "-ac", "2", "-f", "f32le", "/tmp/.tmppmNWzl/signal.f32"]
[validation] ffmpeg ["-nostdin", "-v", "error", "-xerror", "-i", "/tmp/.tmpP4WD5S/保存 results/video-z8-2.opus", "-f", "null", "-"]
[validation] ffprobe ["-v", "error", "-select_streams", "a:0", "-show_entries", "stream=channels,codec_name:format=duration", "-of", "json", "/tmp/.tmpP4WD5S/video.mov"]
[validation] ffprobe ["-v", "error", "-select_streams", "a:0", "-show_entries", "stream=channels,codec_name:format=duration", "-of", "json", "/tmp/.tmpP4WD5S/保存 results/video-z8-2.opus"]
[validation] ffmpeg ["-nostdin", "-v", "error", "-i", "/tmp/.tmpP4WD5S/保存 results/video-z8-2.opus", "-map", "0:a:0", "-t", "2", "-ar", "48000", "-ac", "2", "-f", "f32le", "/tmp/.tmp94Jkvt/signal.f32"]
[validation] ffmpeg ["-nostdin", "-v", "error", "-xerror", "-i", "/tmp/.tmpP4WD5S/保存 results/video-z8-2.m4a", "-f", "null", "-"]
[validation] ffprobe ["-v", "error", "-select_streams", "a:0", "-show_entries", "stream=channels,codec_name:format=duration", "-of", "json", "/tmp/.tmpP4WD5S/video.mov"]
[validation] ffprobe ["-v", "error", "-select_streams", "a:0", "-show_entries", "stream=channels,codec_name:format=duration", "-of", "json", "/tmp/.tmpP4WD5S/保存 results/video-z8-2.m4a"]
[validation] ffmpeg ["-nostdin", "-v", "error", "-i", "/tmp/.tmpP4WD5S/保存 results/video-z8-2.m4a", "-map", "0:a:0", "-t", "2", "-ar", "48000", "-ac", "2", "-f", "f32le", "/tmp/.tmpwTTax4/signal.f32"]
[validation] ffmpeg ["-nostdin", "-v", "error", "-xerror", "-i", "/tmp/.tmpP4WD5S/保存 results/video-z8-3.wav", "-f", "null", "-"]
[validation] ffprobe ["-v", "error", "-select_streams", "a:0", "-show_entries", "stream=channels,codec_name:format=duration", "-of", "json", "/tmp/.tmpP4WD5S/video.mkv"]
[validation] ffprobe ["-v", "error", "-select_streams", "a:0", "-show_entries", "stream=channels,codec_name:format=duration", "-of", "json", "/tmp/.tmpP4WD5S/保存 results/video-z8-3.wav"]
[validation] ffmpeg ["-nostdin", "-v", "error", "-i", "/tmp/.tmpP4WD5S/保存 results/video-z8-3.wav", "-map", "0:a:0", "-t", "2", "-ar", "48000", "-ac", "2", "-f", "f32le", "/tmp/.tmpRCa6sr/signal.f32"]
[validation] ffmpeg ["-nostdin", "-v", "error", "-xerror", "-i", "/tmp/.tmpP4WD5S/保存 results/video-z8-3.mp3", "-f", "null", "-"]
[validation] ffprobe ["-v", "error", "-select_streams", "a:0", "-show_entries", "stream=channels,codec_name:format=duration", "-of", "json", "/tmp/.tmpP4WD5S/video.mkv"]
[validation] ffprobe ["-v", "error", "-select_streams", "a:0", "-show_entries", "stream=channels,codec_name:format=duration", "-of", "json", "/tmp/.tmpP4WD5S/保存 results/video-z8-3.mp3"]
[validation] ffmpeg ["-nostdin", "-v", "error", "-i", "/tmp/.tmpP4WD5S/保存 results/video-z8-3.mp3", "-map", "0:a:0", "-t", "2", "-ar", "48000", "-ac", "2", "-f", "f32le", "/tmp/.tmpl5iHAU/signal.f32"]
[validation] ffmpeg ["-nostdin", "-v", "error", "-xerror", "-i", "/tmp/.tmpP4WD5S/保存 results/video-z8-3.flac", "-f", "null", "-"]
[validation] ffprobe ["-v", "error", "-select_streams", "a:0", "-show_entries", "stream=channels,codec_name:format=duration", "-of", "json", "/tmp/.tmpP4WD5S/video.mkv"]
[validation] ffprobe ["-v", "error", "-select_streams", "a:0", "-show_entries", "stream=channels,codec_name:format=duration", "-of", "json", "/tmp/.tmpP4WD5S/保存 results/video-z8-3.flac"]
[validation] ffmpeg ["-nostdin", "-v", "error", "-i", "/tmp/.tmpP4WD5S/保存 results/video-z8-3.flac", "-map", "0:a:0", "-t", "2", "-ar", "48000", "-ac", "2", "-f", "f32le", "/tmp/.tmpOzeijI/signal.f32"]
[validation] ffmpeg ["-nostdin", "-v", "error", "-xerror", "-i", "/tmp/.tmpP4WD5S/保存 results/video-z8-3.opus", "-f", "null", "-"]
[validation] ffprobe ["-v", "error", "-select_streams", "a:0", "-show_entries", "stream=channels,codec_name:format=duration", "-of", "json", "/tmp/.tmpP4WD5S/video.mkv"]
[validation] ffprobe ["-v", "error", "-select_streams", "a:0", "-show_entries", "stream=channels,codec_name:format=duration", "-of", "json", "/tmp/.tmpP4WD5S/保存 results/video-z8-3.opus"]
[validation] ffmpeg ["-nostdin", "-v", "error", "-i", "/tmp/.tmpP4WD5S/保存 results/video-z8-3.opus", "-map", "0:a:0", "-t", "2", "-ar", "48000", "-ac", "2", "-f", "f32le", "/tmp/.tmpVDPXOc/signal.f32"]
[validation] ffmpeg ["-nostdin", "-v", "error", "-xerror", "-i", "/tmp/.tmpP4WD5S/保存 results/video-z8-3.m4a", "-f", "null", "-"]
[validation] ffprobe ["-v", "error", "-select_streams", "a:0", "-show_entries", "stream=channels,codec_name:format=duration", "-of", "json", "/tmp/.tmpP4WD5S/video.mkv"]
[validation] ffprobe ["-v", "error", "-select_streams", "a:0", "-show_entries", "stream=channels,codec_name:format=duration", "-of", "json", "/tmp/.tmpP4WD5S/保存 results/video-z8-3.m4a"]
[validation] ffmpeg ["-nostdin", "-v", "error", "-i", "/tmp/.tmpP4WD5S/保存 results/video-z8-3.m4a", "-map", "0:a:0", "-t", "2", "-ar", "48000", "-ac", "2", "-f", "f32le", "/tmp/.tmp390D5R/signal.f32"]
[validation] ffmpeg ["-nostdin", "-v", "error", "-xerror", "-i", "/tmp/.tmpP4WD5S/保存 results/video-z8-4.wav", "-f", "null", "-"]
[validation] ffprobe ["-v", "error", "-select_streams", "a:0", "-show_entries", "stream=channels,codec_name:format=duration", "-of", "json", "/tmp/.tmpP4WD5S/video.webm"]
[validation] ffprobe ["-v", "error", "-select_streams", "a:0", "-show_entries", "stream=channels,codec_name:format=duration", "-of", "json", "/tmp/.tmpP4WD5S/保存 results/video-z8-4.wav"]
[validation] ffmpeg ["-nostdin", "-v", "error", "-i", "/tmp/.tmpP4WD5S/保存 results/video-z8-4.wav", "-map", "0:a:0", "-t", "2", "-ar", "48000", "-ac", "2", "-f", "f32le", "/tmp/.tmpxLucmA/signal.f32"]
[validation] ffmpeg ["-nostdin", "-v", "error", "-xerror", "-i", "/tmp/.tmpP4WD5S/保存 results/video-z8-4.mp3", "-f", "null", "-"]
[validation] ffprobe ["-v", "error", "-select_streams", "a:0", "-show_entries", "stream=channels,codec_name:format=duration", "-of", "json", "/tmp/.tmpP4WD5S/video.webm"]
[validation] ffprobe ["-v", "error", "-select_streams", "a:0", "-show_entries", "stream=channels,codec_name:format=duration", "-of", "json", "/tmp/.tmpP4WD5S/保存 results/video-z8-4.mp3"]
[validation] ffmpeg ["-nostdin", "-v", "error", "-i", "/tmp/.tmpP4WD5S/保存 results/video-z8-4.mp3", "-map", "0:a:0", "-t", "2", "-ar", "48000", "-ac", "2", "-f", "f32le", "/tmp/.tmpQ0WBIF/signal.f32"]
[validation] ffmpeg ["-nostdin", "-v", "error", "-xerror", "-i", "/tmp/.tmpP4WD5S/保存 results/video-z8-4.flac", "-f", "null", "-"]
[validation] ffprobe ["-v", "error", "-select_streams", "a:0", "-show_entries", "stream=channels,codec_name:format=duration", "-of", "json", "/tmp/.tmpP4WD5S/video.webm"]
[validation] ffprobe ["-v", "error", "-select_streams", "a:0", "-show_entries", "stream=channels,codec_name:format=duration", "-of", "json", "/tmp/.tmpP4WD5S/保存 results/video-z8-4.flac"]
[validation] ffmpeg ["-nostdin", "-v", "error", "-i", "/tmp/.tmpP4WD5S/保存 results/video-z8-4.flac", "-map", "0:a:0", "-t", "2", "-ar", "48000", "-ac", "2", "-f", "f32le", "/tmp/.tmpgbvfl1/signal.f32"]
[validation] ffmpeg ["-nostdin", "-v", "error", "-xerror", "-i", "/tmp/.tmpP4WD5S/保存 results/video-z8-4.opus", "-f", "null", "-"]
[validation] ffprobe ["-v", "error", "-select_streams", "a:0", "-show_entries", "stream=channels,codec_name:format=duration", "-of", "json", "/tmp/.tmpP4WD5S/video.webm"]
[validation] ffprobe ["-v", "error", "-select_streams", "a:0", "-show_entries", "stream=channels,codec_name:format=duration", "-of", "json", "/tmp/.tmpP4WD5S/保存 results/video-z8-4.opus"]
[validation] ffmpeg ["-nostdin", "-v", "error", "-i", "/tmp/.tmpP4WD5S/保存 results/video-z8-4.opus", "-map", "0:a:0", "-t", "2", "-ar", "48000", "-ac", "2", "-f", "f32le", "/tmp/.tmppgGcBK/signal.f32"]
[validation] ffmpeg ["-nostdin", "-v", "error", "-xerror", "-i", "/tmp/.tmpP4WD5S/保存 results/video-z8-4.m4a", "-f", "null", "-"]
[validation] ffprobe ["-v", "error", "-select_streams", "a:0", "-show_entries", "stream=channels,codec_name:format=duration", "-of", "json", "/tmp/.tmpP4WD5S/video.webm"]
[validation] ffprobe ["-v", "error", "-select_streams", "a:0", "-show_entries", "stream=channels,codec_name:format=duration", "-of", "json", "/tmp/.tmpP4WD5S/保存 results/video-z8-4.m4a"]
[validation] ffmpeg ["-nostdin", "-v", "error", "-i", "/tmp/.tmpP4WD5S/保存 results/video-z8-4.m4a", "-map", "0:a:0", "-t", "2", "-ar", "48000", "-ac", "2", "-f", "f32le", "/tmp/.tmpJMWuoY/signal.f32"]
[validation] ffmpeg ["-nostdin", "-v", "error", "-xerror", "-i", "/tmp/.tmpP4WD5S/保存 results/三页 [0]-page-001-z8-1.png", "-f", "null", "-"]
[validation] magick ["identify", "-format", "%w %h", "/tmp/.tmpP4WD5S/保存 results/三页 [0]-page-001-z8-1.png"]
[validation] magick ["/tmp/.tmpP4WD5S/保存 results/三页 [0]-page-001-z8-1.png", "-auto-orient", "-depth", "8", "RGBA:/tmp/.tmpP4WD5S/pdf-font.rgba"]
[validation] ffmpeg ["-nostdin", "-v", "error", "-xerror", "-i", "/tmp/.tmpP4WD5S/保存 results/三页 [0]-page-002-z8-1.png", "-f", "null", "-"]
[validation] magick ["identify", "-format", "%w %h", "/tmp/.tmpP4WD5S/保存 results/三页 [0]-page-002-z8-1.png"]
[validation] magick ["/tmp/.tmpP4WD5S/保存 results/三页 [0]-page-002-z8-1.png", "-auto-orient", "-depth", "8", "RGBA:/tmp/.tmpP4WD5S/pdf-font.rgba"]
[validation] ffmpeg ["-nostdin", "-v", "error", "-xerror", "-i", "/tmp/.tmpP4WD5S/保存 results/三页 [0]-page-003-z8-1.png", "-f", "null", "-"]
[validation] magick ["identify", "-format", "%w %h", "/tmp/.tmpP4WD5S/保存 results/三页 [0]-page-003-z8-1.png"]
[validation] magick ["/tmp/.tmpP4WD5S/保存 results/三页 [0]-page-003-z8-1.png", "-auto-orient", "-depth", "8", "RGBA:/tmp/.tmpP4WD5S/pdf-font.rgba"]
[validation] ffmpeg ["-nostdin", "-v", "error", "-xerror", "-i", "/tmp/.tmpP4WD5S/保存 results/三页 [0]-page-001-z8-1.jpg", "-f", "null", "-"]
[validation] magick ["identify", "-format", "%w %h", "/tmp/.tmpP4WD5S/保存 results/三页 [0]-page-001-z8-1.jpg"]
[validation] magick ["/tmp/.tmpP4WD5S/保存 results/三页 [0]-page-001-z8-1.jpg", "-auto-orient", "-depth", "8", "RGBA:/tmp/.tmpP4WD5S/pdf-font.rgba"]
[validation] ffmpeg ["-nostdin", "-v", "error", "-xerror", "-i", "/tmp/.tmpP4WD5S/保存 results/三页 [0]-page-002-z8-1.jpg", "-f", "null", "-"]
[validation] magick ["identify", "-format", "%w %h", "/tmp/.tmpP4WD5S/保存 results/三页 [0]-page-002-z8-1.jpg"]
[validation] magick ["/tmp/.tmpP4WD5S/保存 results/三页 [0]-page-002-z8-1.jpg", "-auto-orient", "-depth", "8", "RGBA:/tmp/.tmpP4WD5S/pdf-font.rgba"]
[validation] ffmpeg ["-nostdin", "-v", "error", "-xerror", "-i", "/tmp/.tmpP4WD5S/保存 results/三页 [0]-page-003-z8-1.jpg", "-f", "null", "-"]
[validation] magick ["identify", "-format", "%w %h", "/tmp/.tmpP4WD5S/保存 results/三页 [0]-page-003-z8-1.jpg"]
[validation] magick ["/tmp/.tmpP4WD5S/保存 results/三页 [0]-page-003-z8-1.jpg", "-auto-orient", "-depth", "8", "RGBA:/tmp/.tmpP4WD5S/pdf-font.rgba"]
[validation] ffmpeg ["-nostdin", "-v", "error", "-xerror", "-i", "/tmp/.tmpP4WD5S/保存 results/三页 [0]-page-001-z8-1.webp", "-f", "null", "-"]
[validation] magick ["identify", "-format", "%w %h", "/tmp/.tmpP4WD5S/保存 results/三页 [0]-page-001-z8-1.webp"]
[validation] magick ["/tmp/.tmpP4WD5S/保存 results/三页 [0]-page-001-z8-1.webp", "-auto-orient", "-depth", "8", "RGBA:/tmp/.tmpP4WD5S/pdf-font.rgba"]
[validation] ffmpeg ["-nostdin", "-v", "error", "-xerror", "-i", "/tmp/.tmpP4WD5S/保存 results/三页 [0]-page-002-z8-1.webp", "-f", "null", "-"]
[validation] magick ["identify", "-format", "%w %h", "/tmp/.tmpP4WD5S/保存 results/三页 [0]-page-002-z8-1.webp"]
[validation] magick ["/tmp/.tmpP4WD5S/保存 results/三页 [0]-page-002-z8-1.webp", "-auto-orient", "-depth", "8", "RGBA:/tmp/.tmpP4WD5S/pdf-font.rgba"]
[validation] ffmpeg ["-nostdin", "-v", "error", "-xerror", "-i", "/tmp/.tmpP4WD5S/保存 results/三页 [0]-page-003-z8-1.webp", "-f", "null", "-"]
[validation] magick ["identify", "-format", "%w %h", "/tmp/.tmpP4WD5S/保存 results/三页 [0]-page-003-z8-1.webp"]
[validation] magick ["/tmp/.tmpP4WD5S/保存 results/三页 [0]-page-003-z8-1.webp", "-auto-orient", "-depth", "8", "RGBA:/tmp/.tmpP4WD5S/pdf-font.rgba"]
[validation] ffmpeg ["-nostdin", "-v", "error", "-xerror", "-i", "/tmp/.tmpP4WD5S/保存 results/三页 [0]-page-001-z8-1.avif", "-f", "null", "-"]
[validation] magick ["identify", "-format", "%w %h", "/tmp/.tmpP4WD5S/保存 results/三页 [0]-page-001-z8-1.avif"]
[validation] magick ["/tmp/.tmpP4WD5S/保存 results/三页 [0]-page-001-z8-1.avif", "-auto-orient", "-depth", "8", "RGBA:/tmp/.tmpP4WD5S/pdf-font.rgba"]
[validation] ffmpeg ["-nostdin", "-v", "error", "-xerror", "-i", "/tmp/.tmpP4WD5S/保存 results/三页 [0]-page-002-z8-1.avif", "-f", "null", "-"]
[validation] magick ["identify", "-format", "%w %h", "/tmp/.tmpP4WD5S/保存 results/三页 [0]-page-002-z8-1.avif"]
[validation] magick ["/tmp/.tmpP4WD5S/保存 results/三页 [0]-page-002-z8-1.avif", "-auto-orient", "-depth", "8", "RGBA:/tmp/.tmpP4WD5S/pdf-font.rgba"]
[validation] ffmpeg ["-nostdin", "-v", "error", "-xerror", "-i", "/tmp/.tmpP4WD5S/保存 results/三页 [0]-page-003-z8-1.avif", "-f", "null", "-"]
[validation] magick ["identify", "-format", "%w %h", "/tmp/.tmpP4WD5S/保存 results/三页 [0]-page-003-z8-1.avif"]
[validation] magick ["/tmp/.tmpP4WD5S/保存 results/三页 [0]-page-003-z8-1.avif", "-auto-orient", "-depth", "8", "RGBA:/tmp/.tmpP4WD5S/pdf-font.rgba"]
[validation] magick ["-size", "96x64", "gradient:red-blue", "-profile", "/tmp/.tmphjBt5q/display-p3.icc", "/tmp/.tmphjBt5q/icc.png"]
[validation] magick ["/tmp/.tmphjBt5q/results/icc-z8-1.png", "/tmp/.tmphjBt5q/output.icc"]
[validation] magick ["/tmp/.tmphjBt5q/results/icc-z8-2.png", "/tmp/.tmphjBt5q/output.icc"]
[validation] magick ["/tmp/.tmphjBt5q/results/icc-z8-1.jpg", "/tmp/.tmphjBt5q/output.icc"]
[validation] magick ["/tmp/.tmphjBt5q/results/icc-z8-2.jpg", "/tmp/.tmphjBt5q/output.icc"]
[validation] magick ["/tmp/.tmphjBt5q/results/icc-z8-1.webp", "/tmp/.tmphjBt5q/output.icc"]
[validation] magick ["/tmp/.tmphjBt5q/results/icc-z8-2.webp", "/tmp/.tmphjBt5q/output.icc"]
[validation] magick ["/tmp/.tmphjBt5q/results/icc-z8-1.avif", "/tmp/.tmphjBt5q/output.icc"]
[validation] magick ["/tmp/.tmphjBt5q/results/icc-z8-2.avif", "/tmp/.tmphjBt5q/output.icc"]
[validation] magick ["-size", "96x64", "gradient:red-blue", "/tmp/.tmphjBt5q/orientation.jpg"]
[validation] magick ["identify", "-format", "%[orientation]", "/tmp/.tmphjBt5q/orientation.jpg"]
[validation] magick ["/tmp/.tmphjBt5q/orientation.jpg", "-auto-orient", "-depth", "8", "RGBA:/tmp/.tmphjBt5q/expected.rgba"]
[validation] magick ["/tmp/.tmphjBt5q/results/orientation-z8-1.png", "-auto-orient", "-depth", "8", "RGBA:/tmp/.tmphjBt5q/actual.rgba"]
[validation] magick ["/tmp/.tmphjBt5q/orientation.jpg", "-auto-orient", "-format", "%w %h", "info:"]
[validation] magick ["/tmp/.tmphjBt5q/results/orientation-z8-1.png", "-auto-orient", "-format", "%w %h", "info:"]
[validation] magick ["/tmp/.tmphjBt5q/results/orientation-z8-1.png", "-auto-orient", "-format", "%w %h", "info:"]
[validation] magick ["/tmp/.tmphjBt5q/orientation.jpg", "-auto-orient", "-depth", "8", "RGBA:/tmp/.tmphjBt5q/expected.rgba"]
[validation] magick ["/tmp/.tmphjBt5q/results/orientation-z8-2.png", "-auto-orient", "-depth", "8", "RGBA:/tmp/.tmphjBt5q/actual.rgba"]
[validation] magick ["/tmp/.tmphjBt5q/orientation.jpg", "-auto-orient", "-format", "%w %h", "info:"]
[validation] magick ["/tmp/.tmphjBt5q/results/orientation-z8-2.png", "-auto-orient", "-format", "%w %h", "info:"]
[validation] magick ["/tmp/.tmphjBt5q/results/orientation-z8-2.png", "-auto-orient", "-format", "%w %h", "info:"]
[validation] magick ["/tmp/.tmphjBt5q/orientation.jpg", "-auto-orient", "-background", "white", "-alpha", "remove", "-alpha", "off", "-depth", "8", "RGBA:/tmp/.tmphjBt5q/expected.rgba"]
[validation] magick ["/tmp/.tmphjBt5q/results/orientation-z8-1.jpg", "-auto-orient", "-depth", "8", "RGBA:/tmp/.tmphjBt5q/actual.rgba"]
[validation] magick ["/tmp/.tmphjBt5q/orientation.jpg", "-auto-orient", "-format", "%w %h", "info:"]
[validation] magick ["/tmp/.tmphjBt5q/results/orientation-z8-1.jpg", "-auto-orient", "-format", "%w %h", "info:"]
[validation] magick ["/tmp/.tmphjBt5q/results/orientation-z8-1.jpg", "-auto-orient", "-format", "%w %h", "info:"]
[validation] magick ["/tmp/.tmphjBt5q/orientation.jpg", "-auto-orient", "-background", "white", "-alpha", "remove", "-alpha", "off", "-depth", "8", "RGBA:/tmp/.tmphjBt5q/expected.rgba"]
[validation] magick ["/tmp/.tmphjBt5q/results/orientation-z8-2.jpg", "-auto-orient", "-depth", "8", "RGBA:/tmp/.tmphjBt5q/actual.rgba"]
[validation] magick ["/tmp/.tmphjBt5q/orientation.jpg", "-auto-orient", "-format", "%w %h", "info:"]
[validation] magick ["/tmp/.tmphjBt5q/results/orientation-z8-2.jpg", "-auto-orient", "-format", "%w %h", "info:"]
[validation] magick ["/tmp/.tmphjBt5q/results/orientation-z8-2.jpg", "-auto-orient", "-format", "%w %h", "info:"]
[validation] magick ["/tmp/.tmphjBt5q/orientation.jpg", "-auto-orient", "-depth", "8", "RGBA:/tmp/.tmphjBt5q/expected.rgba"]
[validation] magick ["/tmp/.tmphjBt5q/results/orientation-z8-1.webp", "-auto-orient", "-depth", "8", "RGBA:/tmp/.tmphjBt5q/actual.rgba"]
[validation] magick ["/tmp/.tmphjBt5q/orientation.jpg", "-auto-orient", "-format", "%w %h", "info:"]
[validation] magick ["/tmp/.tmphjBt5q/results/orientation-z8-1.webp", "-auto-orient", "-format", "%w %h", "info:"]
[validation] magick ["/tmp/.tmphjBt5q/results/orientation-z8-1.webp", "-auto-orient", "-format", "%w %h", "info:"]
[validation] magick ["/tmp/.tmphjBt5q/orientation.jpg", "-auto-orient", "-depth", "8", "RGBA:/tmp/.tmphjBt5q/expected.rgba"]
[validation] magick ["/tmp/.tmphjBt5q/results/orientation-z8-2.webp", "-auto-orient", "-depth", "8", "RGBA:/tmp/.tmphjBt5q/actual.rgba"]
[validation] magick ["/tmp/.tmphjBt5q/orientation.jpg", "-auto-orient", "-format", "%w %h", "info:"]
[validation] magick ["/tmp/.tmphjBt5q/results/orientation-z8-2.webp", "-auto-orient", "-format", "%w %h", "info:"]
[validation] magick ["/tmp/.tmphjBt5q/results/orientation-z8-2.webp", "-auto-orient", "-format", "%w %h", "info:"]
[validation] magick ["/tmp/.tmphjBt5q/orientation.jpg", "-auto-orient", "-depth", "8", "RGBA:/tmp/.tmphjBt5q/expected.rgba"]
[validation] magick ["/tmp/.tmphjBt5q/results/orientation-z8-1.avif", "-auto-orient", "-depth", "8", "RGBA:/tmp/.tmphjBt5q/actual.rgba"]
[validation] magick ["/tmp/.tmphjBt5q/orientation.jpg", "-auto-orient", "-format", "%w %h", "info:"]
[validation] magick ["/tmp/.tmphjBt5q/results/orientation-z8-1.avif", "-auto-orient", "-format", "%w %h", "info:"]
[validation] magick ["/tmp/.tmphjBt5q/results/orientation-z8-1.avif", "-auto-orient", "-format", "%w %h", "info:"]
[validation] magick ["/tmp/.tmphjBt5q/orientation.jpg", "-auto-orient", "-depth", "8", "RGBA:/tmp/.tmphjBt5q/expected.rgba"]
[validation] magick ["/tmp/.tmphjBt5q/results/orientation-z8-2.avif", "-auto-orient", "-depth", "8", "RGBA:/tmp/.tmphjBt5q/actual.rgba"]
[validation] magick ["/tmp/.tmphjBt5q/orientation.jpg", "-auto-orient", "-format", "%w %h", "info:"]
[validation] magick ["/tmp/.tmphjBt5q/results/orientation-z8-2.avif", "-auto-orient", "-format", "%w %h", "info:"]
[validation] magick ["/tmp/.tmphjBt5q/results/orientation-z8-2.avif", "-auto-orient", "-format", "%w %h", "info:"]
[validation] magick ["/tmp/.tmphjBt5q/results/嵌入字体-page-001-z8-1.png", "-auto-orient", "-depth", "8", "RGBA:/tmp/.tmphjBt5q/font-reference.rgba"]
[validation] magick ["/tmp/.tmphjBt5q/results/嵌入字体-page-001-z8-1.png", "-auto-orient", "-depth", "8", "RGBA:/tmp/.tmphjBt5q/expected.rgba"]
[validation] magick ["/tmp/.tmphjBt5q/results/嵌入字体-page-001-z8-2.png", "-auto-orient", "-depth", "8", "RGBA:/tmp/.tmphjBt5q/actual.rgba"]
[validation] magick ["/tmp/.tmphjBt5q/results/嵌入字体-page-001-z8-1.png", "-auto-orient", "-format", "%w %h", "info:"]
[validation] magick ["/tmp/.tmphjBt5q/results/嵌入字体-page-001-z8-2.png", "-auto-orient", "-format", "%w %h", "info:"]
[validation] magick ["/tmp/.tmphjBt5q/results/嵌入字体-page-001-z8-2.png", "-auto-orient", "-format", "%w %h", "info:"]
[validation] magick ["/tmp/.tmphjBt5q/results/嵌入字体-page-001-z8-1.png", "-auto-orient", "-background", "white", "-alpha", "remove", "-alpha", "off", "-depth", "8", "RGBA:/tmp/.tmphjBt5q/expected.rgba"]
[validation] magick ["/tmp/.tmphjBt5q/results/嵌入字体-page-001-z8-1.jpg", "-auto-orient", "-depth", "8", "RGBA:/tmp/.tmphjBt5q/actual.rgba"]
[validation] magick ["/tmp/.tmphjBt5q/results/嵌入字体-page-001-z8-1.png", "-auto-orient", "-format", "%w %h", "info:"]
[validation] magick ["/tmp/.tmphjBt5q/results/嵌入字体-page-001-z8-1.jpg", "-auto-orient", "-format", "%w %h", "info:"]
[validation] magick ["/tmp/.tmphjBt5q/results/嵌入字体-page-001-z8-1.jpg", "-auto-orient", "-format", "%w %h", "info:"]
[validation] magick ["/tmp/.tmphjBt5q/results/嵌入字体-page-001-z8-1.png", "-auto-orient", "-depth", "8", "RGBA:/tmp/.tmphjBt5q/expected.rgba"]
[validation] magick ["/tmp/.tmphjBt5q/results/嵌入字体-page-001-z8-1.webp", "-auto-orient", "-depth", "8", "RGBA:/tmp/.tmphjBt5q/actual.rgba"]
[validation] magick ["/tmp/.tmphjBt5q/results/嵌入字体-page-001-z8-1.png", "-auto-orient", "-format", "%w %h", "info:"]
[validation] magick ["/tmp/.tmphjBt5q/results/嵌入字体-page-001-z8-1.webp", "-auto-orient", "-format", "%w %h", "info:"]
[validation] magick ["/tmp/.tmphjBt5q/results/嵌入字体-page-001-z8-1.webp", "-auto-orient", "-format", "%w %h", "info:"]
[validation] magick ["/tmp/.tmphjBt5q/results/嵌入字体-page-001-z8-1.png", "-auto-orient", "-depth", "8", "RGBA:/tmp/.tmphjBt5q/expected.rgba"]
[validation] magick ["/tmp/.tmphjBt5q/results/嵌入字体-page-001-z8-1.avif", "-auto-orient", "-depth", "8", "RGBA:/tmp/.tmphjBt5q/actual.rgba"]
[validation] magick ["/tmp/.tmphjBt5q/results/嵌入字体-page-001-z8-1.png", "-auto-orient", "-format", "%w %h", "info:"]
[validation] magick ["/tmp/.tmphjBt5q/results/嵌入字体-page-001-z8-1.avif", "-auto-orient", "-format", "%w %h", "info:"]
[validation] magick ["/tmp/.tmphjBt5q/results/嵌入字体-page-001-z8-1.avif", "-auto-orient", "-format", "%w %h", "info:"]
[validation] magick ["rose:", "/tmp/.tmphjBt5q/rose.png"]
[validation] magick ["-size", "128x96", "xc:none", "-fill", "red", "-draw", "rectangle 0,0 63,95", "/tmp/.tmphjBt5q/alpha.png"]
[validation] magick ["-size", "256x64", "gradient:black-white", "-depth", "16", "/tmp/.tmphjBt5q/gradient16.png"]
[validation] magick ["/tmp/.tmphjBt5q/rose.png", "-auto-orient", "-depth", "8", "RGBA:/tmp/.tmphjBt5q/expected.rgba"]
[validation] magick ["/tmp/.tmphjBt5q/results/rose-z8-1.avif", "-auto-orient", "-depth", "8", "RGBA:/tmp/.tmphjBt5q/actual.rgba"]
[validation] magick ["/tmp/.tmphjBt5q/rose.png", "-auto-orient", "-format", "%w %h", "info:"]
[validation] magick ["/tmp/.tmphjBt5q/results/rose-z8-1.avif", "-auto-orient", "-format", "%w %h", "info:"]
[validation] magick ["/tmp/.tmphjBt5q/results/rose-z8-1.avif", "-auto-orient", "-format", "%w %h", "info:"]
[validation] magick ["/tmp/.tmphjBt5q/rose.png", "-auto-orient", "-depth", "8", "RGBA:/tmp/.tmphjBt5q/expected.rgba"]
[validation] magick ["/tmp/.tmphjBt5q/results/rose-z8-2.avif", "-auto-orient", "-depth", "8", "RGBA:/tmp/.tmphjBt5q/actual.rgba"]
[validation] magick ["/tmp/.tmphjBt5q/rose.png", "-auto-orient", "-format", "%w %h", "info:"]
[validation] magick ["/tmp/.tmphjBt5q/results/rose-z8-2.avif", "-auto-orient", "-format", "%w %h", "info:"]
[validation] magick ["/tmp/.tmphjBt5q/results/rose-z8-2.avif", "-auto-orient", "-format", "%w %h", "info:"]
[validation] magick ["/tmp/.tmphjBt5q/rose.png", "-auto-orient", "-depth", "8", "RGBA:/tmp/.tmphjBt5q/expected.rgba"]
[validation] magick ["/tmp/.tmphjBt5q/results/rose-z8-3.avif", "-auto-orient", "-depth", "8", "RGBA:/tmp/.tmphjBt5q/actual.rgba"]
[validation] magick ["/tmp/.tmphjBt5q/rose.png", "-auto-orient", "-format", "%w %h", "info:"]
[validation] magick ["/tmp/.tmphjBt5q/results/rose-z8-3.avif", "-auto-orient", "-format", "%w %h", "info:"]
[validation] magick ["/tmp/.tmphjBt5q/results/rose-z8-3.avif", "-auto-orient", "-format", "%w %h", "info:"]
[validation] magick ["/tmp/.tmphjBt5q/rose.png", "-auto-orient", "-depth", "8", "RGBA:/tmp/.tmphjBt5q/expected.rgba"]
[validation] magick ["/tmp/.tmphjBt5q/results/rose-z8-4.avif", "-auto-orient", "-depth", "8", "RGBA:/tmp/.tmphjBt5q/actual.rgba"]
[validation] magick ["/tmp/.tmphjBt5q/rose.png", "-auto-orient", "-format", "%w %h", "info:"]
[validation] magick ["/tmp/.tmphjBt5q/results/rose-z8-4.avif", "-auto-orient", "-format", "%w %h", "info:"]
[validation] magick ["/tmp/.tmphjBt5q/results/rose-z8-4.avif", "-auto-orient", "-format", "%w %h", "info:"]
[validation] magick ["/tmp/.tmphjBt5q/rose.png", "-auto-orient", "-depth", "8", "RGBA:/tmp/.tmphjBt5q/expected.rgba"]
[validation] magick ["/tmp/.tmphjBt5q/results/rose-z8-5.avif", "-auto-orient", "-depth", "8", "RGBA:/tmp/.tmphjBt5q/actual.rgba"]
[validation] magick ["/tmp/.tmphjBt5q/rose.png", "-auto-orient", "-format", "%w %h", "info:"]
[validation] magick ["/tmp/.tmphjBt5q/results/rose-z8-5.avif", "-auto-orient", "-format", "%w %h", "info:"]
[validation] magick ["/tmp/.tmphjBt5q/results/rose-z8-5.avif", "-auto-orient", "-format", "%w %h", "info:"]
[validation] magick ["/tmp/.tmphjBt5q/rose.png", "-auto-orient", "-depth", "8", "RGBA:/tmp/.tmphjBt5q/expected.rgba"]
[validation] magick ["/tmp/.tmphjBt5q/results/rose-z8-6.avif", "-auto-orient", "-depth", "8", "RGBA:/tmp/.tmphjBt5q/actual.rgba"]
[validation] magick ["/tmp/.tmphjBt5q/rose.png", "-auto-orient", "-format", "%w %h", "info:"]
[validation] magick ["/tmp/.tmphjBt5q/results/rose-z8-6.avif", "-auto-orient", "-format", "%w %h", "info:"]
[validation] magick ["/tmp/.tmphjBt5q/results/rose-z8-6.avif", "-auto-orient", "-format", "%w %h", "info:"]
[validation] magick ["/tmp/.tmphjBt5q/rose.png", "-auto-orient", "-depth", "8", "RGBA:/tmp/.tmphjBt5q/expected.rgba"]
[validation] magick ["/tmp/.tmphjBt5q/results/rose-z8-7.avif", "-auto-orient", "-depth", "8", "RGBA:/tmp/.tmphjBt5q/actual.rgba"]
[validation] magick ["/tmp/.tmphjBt5q/rose.png", "-auto-orient", "-format", "%w %h", "info:"]
[validation] magick ["/tmp/.tmphjBt5q/results/rose-z8-7.avif", "-auto-orient", "-format", "%w %h", "info:"]
[validation] magick ["/tmp/.tmphjBt5q/results/rose-z8-7.avif", "-auto-orient", "-format", "%w %h", "info:"]
[validation] magick ["/tmp/.tmphjBt5q/rose.png", "-auto-orient", "-depth", "8", "RGBA:/tmp/.tmphjBt5q/expected.rgba"]
[validation] magick ["/tmp/.tmphjBt5q/results/rose-z8-8.avif", "-auto-orient", "-depth", "8", "RGBA:/tmp/.tmphjBt5q/actual.rgba"]
[validation] magick ["/tmp/.tmphjBt5q/rose.png", "-auto-orient", "-format", "%w %h", "info:"]
[validation] magick ["/tmp/.tmphjBt5q/results/rose-z8-8.avif", "-auto-orient", "-format", "%w %h", "info:"]
[validation] magick ["/tmp/.tmphjBt5q/results/rose-z8-8.avif", "-auto-orient", "-format", "%w %h", "info:"]
[validation] magick ["/tmp/.tmphjBt5q/rose.png", "-auto-orient", "-depth", "8", "RGBA:/tmp/.tmphjBt5q/expected.rgba"]
[validation] magick ["/tmp/.tmphjBt5q/results/rose-z8-9.avif", "-auto-orient", "-depth", "8", "RGBA:/tmp/.tmphjBt5q/actual.rgba"]
[validation] magick ["/tmp/.tmphjBt5q/rose.png", "-auto-orient", "-format", "%w %h", "info:"]
[validation] magick ["/tmp/.tmphjBt5q/results/rose-z8-9.avif", "-auto-orient", "-format", "%w %h", "info:"]
[validation] magick ["/tmp/.tmphjBt5q/results/rose-z8-9.avif", "-auto-orient", "-format", "%w %h", "info:"]
[validation] magick ["/tmp/.tmphjBt5q/rose.png", "-auto-orient", "-depth", "8", "RGBA:/tmp/.tmphjBt5q/expected.rgba"]
[validation] magick ["/tmp/.tmphjBt5q/results/rose-z8-10.avif", "-auto-orient", "-depth", "8", "RGBA:/tmp/.tmphjBt5q/actual.rgba"]
[validation] magick ["/tmp/.tmphjBt5q/rose.png", "-auto-orient", "-format", "%w %h", "info:"]
[validation] magick ["/tmp/.tmphjBt5q/results/rose-z8-10.avif", "-auto-orient", "-format", "%w %h", "info:"]
[validation] magick ["/tmp/.tmphjBt5q/results/rose-z8-10.avif", "-auto-orient", "-format", "%w %h", "info:"]
[validation] magick ["/tmp/.tmphjBt5q/rose.png", "-auto-orient", "-depth", "8", "RGBA:/tmp/.tmphjBt5q/expected.rgba"]
[validation] magick ["/tmp/.tmphjBt5q/results/rose-z8-11.avif", "-auto-orient", "-depth", "8", "RGBA:/tmp/.tmphjBt5q/actual.rgba"]
[validation] magick ["/tmp/.tmphjBt5q/rose.png", "-auto-orient", "-format", "%w %h", "info:"]
[validation] magick ["/tmp/.tmphjBt5q/results/rose-z8-11.avif", "-auto-orient", "-format", "%w %h", "info:"]
[validation] magick ["/tmp/.tmphjBt5q/results/rose-z8-11.avif", "-auto-orient", "-format", "%w %h", "info:"]
[validation] magick ["/tmp/.tmphjBt5q/rose.png", "-auto-orient", "-depth", "8", "RGBA:/tmp/.tmphjBt5q/expected.rgba"]
[validation] magick ["/tmp/.tmphjBt5q/results/rose-z8-12.avif", "-auto-orient", "-depth", "8", "RGBA:/tmp/.tmphjBt5q/actual.rgba"]
[validation] magick ["/tmp/.tmphjBt5q/rose.png", "-auto-orient", "-format", "%w %h", "info:"]
[validation] magick ["/tmp/.tmphjBt5q/results/rose-z8-12.avif", "-auto-orient", "-format", "%w %h", "info:"]
[validation] magick ["/tmp/.tmphjBt5q/results/rose-z8-12.avif", "-auto-orient", "-format", "%w %h", "info:"]
[validation] magick ["/tmp/.tmphjBt5q/rose.png", "-auto-orient", "-depth", "8", "RGBA:/tmp/.tmphjBt5q/expected.rgba"]
[validation] magick ["/tmp/.tmphjBt5q/results/rose-z8-13.avif", "-auto-orient", "-depth", "8", "RGBA:/tmp/.tmphjBt5q/actual.rgba"]
[validation] magick ["/tmp/.tmphjBt5q/rose.png", "-auto-orient", "-format", "%w %h", "info:"]
[validation] magick ["/tmp/.tmphjBt5q/results/rose-z8-13.avif", "-auto-orient", "-format", "%w %h", "info:"]
[validation] magick ["/tmp/.tmphjBt5q/results/rose-z8-13.avif", "-auto-orient", "-format", "%w %h", "info:"]
[validation] magick ["/tmp/.tmphjBt5q/rose.png", "-auto-orient", "-depth", "8", "RGBA:/tmp/.tmphjBt5q/expected.rgba"]
[validation] magick ["/tmp/.tmphjBt5q/results/rose-z8-14.avif", "-auto-orient", "-depth", "8", "RGBA:/tmp/.tmphjBt5q/actual.rgba"]
[validation] magick ["/tmp/.tmphjBt5q/rose.png", "-auto-orient", "-format", "%w %h", "info:"]
[validation] magick ["/tmp/.tmphjBt5q/results/rose-z8-14.avif", "-auto-orient", "-format", "%w %h", "info:"]
[validation] magick ["/tmp/.tmphjBt5q/results/rose-z8-14.avif", "-auto-orient", "-format", "%w %h", "info:"]
[validation] magick ["/tmp/.tmphjBt5q/rose.png", "-auto-orient", "-depth", "8", "RGBA:/tmp/.tmphjBt5q/expected.rgba"]
[validation] magick ["/tmp/.tmphjBt5q/results/rose-z8-15.avif", "-auto-orient", "-depth", "8", "RGBA:/tmp/.tmphjBt5q/actual.rgba"]
[validation] magick ["/tmp/.tmphjBt5q/rose.png", "-auto-orient", "-format", "%w %h", "info:"]
[validation] magick ["/tmp/.tmphjBt5q/results/rose-z8-15.avif", "-auto-orient", "-format", "%w %h", "info:"]
[validation] magick ["/tmp/.tmphjBt5q/results/rose-z8-15.avif", "-auto-orient", "-format", "%w %h", "info:"]
[validation] magick ["/tmp/.tmphjBt5q/rose.png", "-auto-orient", "-depth", "8", "RGBA:/tmp/.tmphjBt5q/expected.rgba"]
[validation] magick ["/tmp/.tmphjBt5q/results/rose-z8-1.webp", "-auto-orient", "-depth", "8", "RGBA:/tmp/.tmphjBt5q/actual.rgba"]
[validation] magick ["/tmp/.tmphjBt5q/rose.png", "-auto-orient", "-format", "%w %h", "info:"]
[validation] magick ["/tmp/.tmphjBt5q/results/rose-z8-1.webp", "-auto-orient", "-format", "%w %h", "info:"]
[validation] magick ["/tmp/.tmphjBt5q/results/rose-z8-1.webp", "-auto-orient", "-format", "%w %h", "info:"]
[validation] magick ["/tmp/.tmphjBt5q/rose.png", "-auto-orient", "-depth", "8", "RGBA:/tmp/.tmphjBt5q/expected.rgba"]
[validation] magick ["/tmp/.tmphjBt5q/results/rose-z8-2.webp", "-auto-orient", "-depth", "8", "RGBA:/tmp/.tmphjBt5q/actual.rgba"]
[validation] magick ["/tmp/.tmphjBt5q/rose.png", "-auto-orient", "-format", "%w %h", "info:"]
[validation] magick ["/tmp/.tmphjBt5q/results/rose-z8-2.webp", "-auto-orient", "-format", "%w %h", "info:"]
[validation] magick ["/tmp/.tmphjBt5q/results/rose-z8-2.webp", "-auto-orient", "-format", "%w %h", "info:"]
[validation] magick ["/tmp/.tmphjBt5q/rose.png", "-auto-orient", "-depth", "8", "RGBA:/tmp/.tmphjBt5q/expected.rgba"]
[validation] magick ["/tmp/.tmphjBt5q/results/rose-z8-3.webp", "-auto-orient", "-depth", "8", "RGBA:/tmp/.tmphjBt5q/actual.rgba"]
[validation] magick ["/tmp/.tmphjBt5q/rose.png", "-auto-orient", "-format", "%w %h", "info:"]
[validation] magick ["/tmp/.tmphjBt5q/results/rose-z8-3.webp", "-auto-orient", "-format", "%w %h", "info:"]
[validation] magick ["/tmp/.tmphjBt5q/results/rose-z8-3.webp", "-auto-orient", "-format", "%w %h", "info:"]
[validation] magick ["/tmp/.tmphjBt5q/rose.png", "-auto-orient", "-depth", "8", "RGBA:/tmp/.tmphjBt5q/expected.rgba"]
[validation] magick ["/tmp/.tmphjBt5q/results/rose-z8-4.webp", "-auto-orient", "-depth", "8", "RGBA:/tmp/.tmphjBt5q/actual.rgba"]
[validation] magick ["/tmp/.tmphjBt5q/rose.png", "-auto-orient", "-format", "%w %h", "info:"]
[validation] magick ["/tmp/.tmphjBt5q/results/rose-z8-4.webp", "-auto-orient", "-format", "%w %h", "info:"]
[validation] magick ["/tmp/.tmphjBt5q/results/rose-z8-4.webp", "-auto-orient", "-format", "%w %h", "info:"]
[validation] magick ["/tmp/.tmphjBt5q/rose.png", "-auto-orient", "-depth", "8", "RGBA:/tmp/.tmphjBt5q/expected.rgba"]
[validation] magick ["/tmp/.tmphjBt5q/results/rose-z8-5.webp", "-auto-orient", "-depth", "8", "RGBA:/tmp/.tmphjBt5q/actual.rgba"]
[validation] magick ["/tmp/.tmphjBt5q/rose.png", "-auto-orient", "-format", "%w %h", "info:"]
[validation] magick ["/tmp/.tmphjBt5q/results/rose-z8-5.webp", "-auto-orient", "-format", "%w %h", "info:"]
[validation] magick ["/tmp/.tmphjBt5q/results/rose-z8-5.webp", "-auto-orient", "-format", "%w %h", "info:"]
[validation] magick ["/tmp/.tmphjBt5q/rose.png", "-auto-orient", "-depth", "8", "RGBA:/tmp/.tmphjBt5q/expected.rgba"]
[validation] magick ["/tmp/.tmphjBt5q/results/rose-z8-6.webp", "-auto-orient", "-depth", "8", "RGBA:/tmp/.tmphjBt5q/actual.rgba"]
[validation] magick ["/tmp/.tmphjBt5q/rose.png", "-auto-orient", "-format", "%w %h", "info:"]
[validation] magick ["/tmp/.tmphjBt5q/results/rose-z8-6.webp", "-auto-orient", "-format", "%w %h", "info:"]
[validation] magick ["/tmp/.tmphjBt5q/results/rose-z8-6.webp", "-auto-orient", "-format", "%w %h", "info:"]
[validation] magick ["/tmp/.tmphjBt5q/rose.png", "-auto-orient", "-depth", "8", "RGBA:/tmp/.tmphjBt5q/expected.rgba"]
[validation] magick ["/tmp/.tmphjBt5q/results/rose-z8-7.webp", "-auto-orient", "-depth", "8", "RGBA:/tmp/.tmphjBt5q/actual.rgba"]
[validation] magick ["/tmp/.tmphjBt5q/rose.png", "-auto-orient", "-format", "%w %h", "info:"]
[validation] magick ["/tmp/.tmphjBt5q/results/rose-z8-7.webp", "-auto-orient", "-format", "%w %h", "info:"]
[validation] magick ["/tmp/.tmphjBt5q/results/rose-z8-7.webp", "-auto-orient", "-format", "%w %h", "info:"]
[validation] magick ["/tmp/.tmphjBt5q/rose.png", "-auto-orient", "-depth", "8", "RGBA:/tmp/.tmphjBt5q/expected.rgba"]
[validation] magick ["/tmp/.tmphjBt5q/results/rose-z8-8.webp", "-auto-orient", "-depth", "8", "RGBA:/tmp/.tmphjBt5q/actual.rgba"]
[validation] magick ["/tmp/.tmphjBt5q/rose.png", "-auto-orient", "-format", "%w %h", "info:"]
[validation] magick ["/tmp/.tmphjBt5q/results/rose-z8-8.webp", "-auto-orient", "-format", "%w %h", "info:"]
[validation] magick ["/tmp/.tmphjBt5q/results/rose-z8-8.webp", "-auto-orient", "-format", "%w %h", "info:"]
[validation] magick ["/tmp/.tmphjBt5q/rose.png", "-auto-orient", "-depth", "8", "RGBA:/tmp/.tmphjBt5q/expected.rgba"]
[validation] magick ["/tmp/.tmphjBt5q/results/rose-z8-9.webp", "-auto-orient", "-depth", "8", "RGBA:/tmp/.tmphjBt5q/actual.rgba"]
[validation] magick ["/tmp/.tmphjBt5q/rose.png", "-auto-orient", "-format", "%w %h", "info:"]
[validation] magick ["/tmp/.tmphjBt5q/results/rose-z8-9.webp", "-auto-orient", "-format", "%w %h", "info:"]
[validation] magick ["/tmp/.tmphjBt5q/results/rose-z8-9.webp", "-auto-orient", "-format", "%w %h", "info:"]
[validation] magick ["/tmp/.tmphjBt5q/rose.png", "-auto-orient", "-depth", "8", "RGBA:/tmp/.tmphjBt5q/expected.rgba"]
[validation] magick ["/tmp/.tmphjBt5q/results/rose-z8-10.webp", "-auto-orient", "-depth", "8", "RGBA:/tmp/.tmphjBt5q/actual.rgba"]
[validation] magick ["/tmp/.tmphjBt5q/rose.png", "-auto-orient", "-format", "%w %h", "info:"]
[validation] magick ["/tmp/.tmphjBt5q/results/rose-z8-10.webp", "-auto-orient", "-format", "%w %h", "info:"]
[validation] magick ["/tmp/.tmphjBt5q/results/rose-z8-10.webp", "-auto-orient", "-format", "%w %h", "info:"]
[validation] magick ["/tmp/.tmphjBt5q/rose.png", "-auto-orient", "-depth", "8", "RGBA:/tmp/.tmphjBt5q/expected.rgba"]
[validation] magick ["/tmp/.tmphjBt5q/results/rose-z8-11.webp", "-auto-orient", "-depth", "8", "RGBA:/tmp/.tmphjBt5q/actual.rgba"]
[validation] magick ["/tmp/.tmphjBt5q/rose.png", "-auto-orient", "-format", "%w %h", "info:"]
[validation] magick ["/tmp/.tmphjBt5q/results/rose-z8-11.webp", "-auto-orient", "-format", "%w %h", "info:"]
[validation] magick ["/tmp/.tmphjBt5q/results/rose-z8-11.webp", "-auto-orient", "-format", "%w %h", "info:"]
[validation] magick ["/tmp/.tmphjBt5q/rose.png", "-auto-orient", "-depth", "8", "RGBA:/tmp/.tmphjBt5q/expected.rgba"]
[validation] magick ["/tmp/.tmphjBt5q/results/rose-z8-12.webp", "-auto-orient", "-depth", "8", "RGBA:/tmp/.tmphjBt5q/actual.rgba"]
[validation] magick ["/tmp/.tmphjBt5q/rose.png", "-auto-orient", "-format", "%w %h", "info:"]
[validation] magick ["/tmp/.tmphjBt5q/results/rose-z8-12.webp", "-auto-orient", "-format", "%w %h", "info:"]
[validation] magick ["/tmp/.tmphjBt5q/results/rose-z8-12.webp", "-auto-orient", "-format", "%w %h", "info:"]
[validation] magick ["/tmp/.tmphjBt5q/rose.png", "-auto-orient", "-depth", "8", "RGBA:/tmp/.tmphjBt5q/expected.rgba"]
[validation] magick ["/tmp/.tmphjBt5q/results/rose-z8-13.webp", "-auto-orient", "-depth", "8", "RGBA:/tmp/.tmphjBt5q/actual.rgba"]
[validation] magick ["/tmp/.tmphjBt5q/rose.png", "-auto-orient", "-format", "%w %h", "info:"]
[validation] magick ["/tmp/.tmphjBt5q/results/rose-z8-13.webp", "-auto-orient", "-format", "%w %h", "info:"]
[validation] magick ["/tmp/.tmphjBt5q/results/rose-z8-13.webp", "-auto-orient", "-format", "%w %h", "info:"]
[validation] magick ["/tmp/.tmphjBt5q/rose.png", "-auto-orient", "-depth", "8", "RGBA:/tmp/.tmphjBt5q/expected.rgba"]
[validation] magick ["/tmp/.tmphjBt5q/results/rose-z8-14.webp", "-auto-orient", "-depth", "8", "RGBA:/tmp/.tmphjBt5q/actual.rgba"]
[validation] magick ["/tmp/.tmphjBt5q/rose.png", "-auto-orient", "-format", "%w %h", "info:"]
[validation] magick ["/tmp/.tmphjBt5q/results/rose-z8-14.webp", "-auto-orient", "-format", "%w %h", "info:"]
[validation] magick ["/tmp/.tmphjBt5q/results/rose-z8-14.webp", "-auto-orient", "-format", "%w %h", "info:"]
[validation] magick ["/tmp/.tmphjBt5q/rose.png", "-auto-orient", "-depth", "8", "RGBA:/tmp/.tmphjBt5q/expected.rgba"]
[validation] magick ["/tmp/.tmphjBt5q/results/rose-z8-15.webp", "-auto-orient", "-depth", "8", "RGBA:/tmp/.tmphjBt5q/actual.rgba"]
[validation] magick ["/tmp/.tmphjBt5q/rose.png", "-auto-orient", "-format", "%w %h", "info:"]
[validation] magick ["/tmp/.tmphjBt5q/results/rose-z8-15.webp", "-auto-orient", "-format", "%w %h", "info:"]
[validation] magick ["/tmp/.tmphjBt5q/results/rose-z8-15.webp", "-auto-orient", "-format", "%w %h", "info:"]
[validation] magick ["/tmp/.tmphjBt5q/rose.png", "-auto-orient", "-background", "white", "-alpha", "remove", "-alpha", "off", "-depth", "8", "RGBA:/tmp/.tmphjBt5q/expected.rgba"]
[validation] magick ["/tmp/.tmphjBt5q/results/rose-z8-1.jpg", "-auto-orient", "-depth", "8", "RGBA:/tmp/.tmphjBt5q/actual.rgba"]
[validation] magick ["/tmp/.tmphjBt5q/rose.png", "-auto-orient", "-format", "%w %h", "info:"]
[validation] magick ["/tmp/.tmphjBt5q/results/rose-z8-1.jpg", "-auto-orient", "-format", "%w %h", "info:"]
[validation] magick ["/tmp/.tmphjBt5q/results/rose-z8-1.jpg", "-auto-orient", "-format", "%w %h", "info:"]
[validation] magick ["/tmp/.tmphjBt5q/rose.png", "-auto-orient", "-background", "white", "-alpha", "remove", "-alpha", "off", "-depth", "8", "RGBA:/tmp/.tmphjBt5q/expected.rgba"]
[validation] magick ["/tmp/.tmphjBt5q/results/rose-z8-2.jpg", "-auto-orient", "-depth", "8", "RGBA:/tmp/.tmphjBt5q/actual.rgba"]
[validation] magick ["/tmp/.tmphjBt5q/rose.png", "-auto-orient", "-format", "%w %h", "info:"]
[validation] magick ["/tmp/.tmphjBt5q/results/rose-z8-2.jpg", "-auto-orient", "-format", "%w %h", "info:"]
[validation] magick ["/tmp/.tmphjBt5q/results/rose-z8-2.jpg", "-auto-orient", "-format", "%w %h", "info:"]
[validation] magick ["/tmp/.tmphjBt5q/rose.png", "-auto-orient", "-background", "white", "-alpha", "remove", "-alpha", "off", "-depth", "8", "RGBA:/tmp/.tmphjBt5q/expected.rgba"]
[validation] magick ["/tmp/.tmphjBt5q/results/rose-z8-3.jpg", "-auto-orient", "-depth", "8", "RGBA:/tmp/.tmphjBt5q/actual.rgba"]
[validation] magick ["/tmp/.tmphjBt5q/rose.png", "-auto-orient", "-format", "%w %h", "info:"]
[validation] magick ["/tmp/.tmphjBt5q/results/rose-z8-3.jpg", "-auto-orient", "-format", "%w %h", "info:"]
[validation] magick ["/tmp/.tmphjBt5q/results/rose-z8-3.jpg", "-auto-orient", "-format", "%w %h", "info:"]
[validation] magick ["/tmp/.tmphjBt5q/rose.png", "-auto-orient", "-background", "white", "-alpha", "remove", "-alpha", "off", "-depth", "8", "RGBA:/tmp/.tmphjBt5q/expected.rgba"]
[validation] magick ["/tmp/.tmphjBt5q/results/rose-z8-4.jpg", "-auto-orient", "-depth", "8", "RGBA:/tmp/.tmphjBt5q/actual.rgba"]
[validation] magick ["/tmp/.tmphjBt5q/rose.png", "-auto-orient", "-format", "%w %h", "info:"]
[validation] magick ["/tmp/.tmphjBt5q/results/rose-z8-4.jpg", "-auto-orient", "-format", "%w %h", "info:"]
[validation] magick ["/tmp/.tmphjBt5q/results/rose-z8-4.jpg", "-auto-orient", "-format", "%w %h", "info:"]
[validation] magick ["/tmp/.tmphjBt5q/rose.png", "-auto-orient", "-background", "white", "-alpha", "remove", "-alpha", "off", "-depth", "8", "RGBA:/tmp/.tmphjBt5q/expected.rgba"]
[validation] magick ["/tmp/.tmphjBt5q/results/rose-z8-5.jpg", "-auto-orient", "-depth", "8", "RGBA:/tmp/.tmphjBt5q/actual.rgba"]
[validation] magick ["/tmp/.tmphjBt5q/rose.png", "-auto-orient", "-format", "%w %h", "info:"]
[validation] magick ["/tmp/.tmphjBt5q/results/rose-z8-5.jpg", "-auto-orient", "-format", "%w %h", "info:"]
[validation] magick ["/tmp/.tmphjBt5q/results/rose-z8-5.jpg", "-auto-orient", "-format", "%w %h", "info:"]
[validation] magick ["/tmp/.tmphjBt5q/rose.png", "-auto-orient", "-background", "white", "-alpha", "remove", "-alpha", "off", "-depth", "8", "RGBA:/tmp/.tmphjBt5q/expected.rgba"]
[validation] magick ["/tmp/.tmphjBt5q/results/rose-z8-6.jpg", "-auto-orient", "-depth", "8", "RGBA:/tmp/.tmphjBt5q/actual.rgba"]
[validation] magick ["/tmp/.tmphjBt5q/rose.png", "-auto-orient", "-format", "%w %h", "info:"]
[validation] magick ["/tmp/.tmphjBt5q/results/rose-z8-6.jpg", "-auto-orient", "-format", "%w %h", "info:"]
[validation] magick ["/tmp/.tmphjBt5q/results/rose-z8-6.jpg", "-auto-orient", "-format", "%w %h", "info:"]
[validation] magick ["/tmp/.tmphjBt5q/rose.png", "-auto-orient", "-background", "white", "-alpha", "remove", "-alpha", "off", "-depth", "8", "RGBA:/tmp/.tmphjBt5q/expected.rgba"]
[validation] magick ["/tmp/.tmphjBt5q/results/rose-z8-7.jpg", "-auto-orient", "-depth", "8", "RGBA:/tmp/.tmphjBt5q/actual.rgba"]
[validation] magick ["/tmp/.tmphjBt5q/rose.png", "-auto-orient", "-format", "%w %h", "info:"]
[validation] magick ["/tmp/.tmphjBt5q/results/rose-z8-7.jpg", "-auto-orient", "-format", "%w %h", "info:"]
[validation] magick ["/tmp/.tmphjBt5q/results/rose-z8-7.jpg", "-auto-orient", "-format", "%w %h", "info:"]
[validation] magick ["/tmp/.tmphjBt5q/rose.png", "-auto-orient", "-background", "white", "-alpha", "remove", "-alpha", "off", "-depth", "8", "RGBA:/tmp/.tmphjBt5q/expected.rgba"]
[validation] magick ["/tmp/.tmphjBt5q/results/rose-z8-8.jpg", "-auto-orient", "-depth", "8", "RGBA:/tmp/.tmphjBt5q/actual.rgba"]
[validation] magick ["/tmp/.tmphjBt5q/rose.png", "-auto-orient", "-format", "%w %h", "info:"]
[validation] magick ["/tmp/.tmphjBt5q/results/rose-z8-8.jpg", "-auto-orient", "-format", "%w %h", "info:"]
[validation] magick ["/tmp/.tmphjBt5q/results/rose-z8-8.jpg", "-auto-orient", "-format", "%w %h", "info:"]
[validation] magick ["/tmp/.tmphjBt5q/rose.png", "-auto-orient", "-background", "white", "-alpha", "remove", "-alpha", "off", "-depth", "8", "RGBA:/tmp/.tmphjBt5q/expected.rgba"]
[validation] magick ["/tmp/.tmphjBt5q/results/rose-z8-9.jpg", "-auto-orient", "-depth", "8", "RGBA:/tmp/.tmphjBt5q/actual.rgba"]
[validation] magick ["/tmp/.tmphjBt5q/rose.png", "-auto-orient", "-format", "%w %h", "info:"]
[validation] magick ["/tmp/.tmphjBt5q/results/rose-z8-9.jpg", "-auto-orient", "-format", "%w %h", "info:"]
[validation] magick ["/tmp/.tmphjBt5q/results/rose-z8-9.jpg", "-auto-orient", "-format", "%w %h", "info:"]
[validation] magick ["/tmp/.tmphjBt5q/rose.png", "-auto-orient", "-background", "white", "-alpha", "remove", "-alpha", "off", "-depth", "8", "RGBA:/tmp/.tmphjBt5q/expected.rgba"]
[validation] magick ["/tmp/.tmphjBt5q/results/rose-z8-10.jpg", "-auto-orient", "-depth", "8", "RGBA:/tmp/.tmphjBt5q/actual.rgba"]
[validation] magick ["/tmp/.tmphjBt5q/rose.png", "-auto-orient", "-format", "%w %h", "info:"]
[validation] magick ["/tmp/.tmphjBt5q/results/rose-z8-10.jpg", "-auto-orient", "-format", "%w %h", "info:"]
[validation] magick ["/tmp/.tmphjBt5q/results/rose-z8-10.jpg", "-auto-orient", "-format", "%w %h", "info:"]
[validation] magick ["/tmp/.tmphjBt5q/rose.png", "-auto-orient", "-background", "white", "-alpha", "remove", "-alpha", "off", "-depth", "8", "RGBA:/tmp/.tmphjBt5q/expected.rgba"]
[validation] magick ["/tmp/.tmphjBt5q/results/rose-z8-11.jpg", "-auto-orient", "-depth", "8", "RGBA:/tmp/.tmphjBt5q/actual.rgba"]
[validation] magick ["/tmp/.tmphjBt5q/rose.png", "-auto-orient", "-format", "%w %h", "info:"]
[validation] magick ["/tmp/.tmphjBt5q/results/rose-z8-11.jpg", "-auto-orient", "-format", "%w %h", "info:"]
[validation] magick ["/tmp/.tmphjBt5q/results/rose-z8-11.jpg", "-auto-orient", "-format", "%w %h", "info:"]
[validation] magick ["/tmp/.tmphjBt5q/rose.png", "-auto-orient", "-background", "white", "-alpha", "remove", "-alpha", "off", "-depth", "8", "RGBA:/tmp/.tmphjBt5q/expected.rgba"]
[validation] magick ["/tmp/.tmphjBt5q/results/rose-z8-12.jpg", "-auto-orient", "-depth", "8", "RGBA:/tmp/.tmphjBt5q/actual.rgba"]
[validation] magick ["/tmp/.tmphjBt5q/rose.png", "-auto-orient", "-format", "%w %h", "info:"]
[validation] magick ["/tmp/.tmphjBt5q/results/rose-z8-12.jpg", "-auto-orient", "-format", "%w %h", "info:"]
[validation] magick ["/tmp/.tmphjBt5q/results/rose-z8-12.jpg", "-auto-orient", "-format", "%w %h", "info:"]
[validation] magick ["/tmp/.tmphjBt5q/rose.png", "-auto-orient", "-background", "white", "-alpha", "remove", "-alpha", "off", "-depth", "8", "RGBA:/tmp/.tmphjBt5q/expected.rgba"]
[validation] magick ["/tmp/.tmphjBt5q/results/rose-z8-13.jpg", "-auto-orient", "-depth", "8", "RGBA:/tmp/.tmphjBt5q/actual.rgba"]
[validation] magick ["/tmp/.tmphjBt5q/rose.png", "-auto-orient", "-format", "%w %h", "info:"]
[validation] magick ["/tmp/.tmphjBt5q/results/rose-z8-13.jpg", "-auto-orient", "-format", "%w %h", "info:"]
[validation] magick ["/tmp/.tmphjBt5q/results/rose-z8-13.jpg", "-auto-orient", "-format", "%w %h", "info:"]
[validation] magick ["/tmp/.tmphjBt5q/rose.png", "-auto-orient", "-background", "white", "-alpha", "remove", "-alpha", "off", "-depth", "8", "RGBA:/tmp/.tmphjBt5q/expected.rgba"]
[validation] magick ["/tmp/.tmphjBt5q/results/rose-z8-14.jpg", "-auto-orient", "-depth", "8", "RGBA:/tmp/.tmphjBt5q/actual.rgba"]
[validation] magick ["/tmp/.tmphjBt5q/rose.png", "-auto-orient", "-format", "%w %h", "info:"]
[validation] magick ["/tmp/.tmphjBt5q/results/rose-z8-14.jpg", "-auto-orient", "-format", "%w %h", "info:"]
[validation] magick ["/tmp/.tmphjBt5q/results/rose-z8-14.jpg", "-auto-orient", "-format", "%w %h", "info:"]
[validation] magick ["/tmp/.tmphjBt5q/rose.png", "-auto-orient", "-background", "white", "-alpha", "remove", "-alpha", "off", "-depth", "8", "RGBA:/tmp/.tmphjBt5q/expected.rgba"]
[validation] magick ["/tmp/.tmphjBt5q/results/rose-z8-15.jpg", "-auto-orient", "-depth", "8", "RGBA:/tmp/.tmphjBt5q/actual.rgba"]
[validation] magick ["/tmp/.tmphjBt5q/rose.png", "-auto-orient", "-format", "%w %h", "info:"]
[validation] magick ["/tmp/.tmphjBt5q/results/rose-z8-15.jpg", "-auto-orient", "-format", "%w %h", "info:"]
[validation] magick ["/tmp/.tmphjBt5q/results/rose-z8-15.jpg", "-auto-orient", "-format", "%w %h", "info:"]
[validation] magick ["/tmp/.tmphjBt5q/rose.png", "-auto-orient", "-depth", "8", "RGBA:/tmp/.tmphjBt5q/expected.rgba"]
[validation] magick ["/tmp/.tmphjBt5q/results/rose-z8-1.png", "-auto-orient", "-depth", "8", "RGBA:/tmp/.tmphjBt5q/actual.rgba"]
[validation] magick ["/tmp/.tmphjBt5q/rose.png", "-auto-orient", "-format", "%w %h", "info:"]
[validation] magick ["/tmp/.tmphjBt5q/results/rose-z8-1.png", "-auto-orient", "-format", "%w %h", "info:"]
[validation] magick ["/tmp/.tmphjBt5q/results/rose-z8-1.png", "-auto-orient", "-format", "%w %h", "info:"]
[validation] magick ["/tmp/.tmphjBt5q/rose.png", "-auto-orient", "-depth", "8", "RGBA:/tmp/.tmphjBt5q/expected.rgba"]
[validation] magick ["/tmp/.tmphjBt5q/results/rose-z8-2.png", "-auto-orient", "-depth", "8", "RGBA:/tmp/.tmphjBt5q/actual.rgba"]
[validation] magick ["/tmp/.tmphjBt5q/rose.png", "-auto-orient", "-format", "%w %h", "info:"]
[validation] magick ["/tmp/.tmphjBt5q/results/rose-z8-2.png", "-auto-orient", "-format", "%w %h", "info:"]
[validation] magick ["/tmp/.tmphjBt5q/results/rose-z8-2.png", "-auto-orient", "-format", "%w %h", "info:"]
[validation] magick ["/tmp/.tmphjBt5q/rose.png", "-auto-orient", "-depth", "8", "RGBA:/tmp/.tmphjBt5q/expected.rgba"]
[validation] magick ["/tmp/.tmphjBt5q/results/rose-z8-3.png", "-auto-orient", "-depth", "8", "RGBA:/tmp/.tmphjBt5q/actual.rgba"]
[validation] magick ["/tmp/.tmphjBt5q/rose.png", "-auto-orient", "-format", "%w %h", "info:"]
[validation] magick ["/tmp/.tmphjBt5q/results/rose-z8-3.png", "-auto-orient", "-format", "%w %h", "info:"]
[validation] magick ["/tmp/.tmphjBt5q/results/rose-z8-3.png", "-auto-orient", "-format", "%w %h", "info:"]
[validation] magick ["/tmp/.tmphjBt5q/rose.png", "-auto-orient", "-depth", "8", "RGBA:/tmp/.tmphjBt5q/expected.rgba"]
[validation] magick ["/tmp/.tmphjBt5q/results/rose-z8-4.png", "-auto-orient", "-depth", "8", "RGBA:/tmp/.tmphjBt5q/actual.rgba"]
[validation] magick ["/tmp/.tmphjBt5q/rose.png", "-auto-orient", "-format", "%w %h", "info:"]
[validation] magick ["/tmp/.tmphjBt5q/results/rose-z8-4.png", "-auto-orient", "-format", "%w %h", "info:"]
[validation] magick ["/tmp/.tmphjBt5q/results/rose-z8-4.png", "-auto-orient", "-format", "%w %h", "info:"]
[validation] magick ["/tmp/.tmphjBt5q/rose.png", "-auto-orient", "-depth", "8", "RGBA:/tmp/.tmphjBt5q/expected.rgba"]
[validation] magick ["/tmp/.tmphjBt5q/results/rose-z8-5.png", "-auto-orient", "-depth", "8", "RGBA:/tmp/.tmphjBt5q/actual.rgba"]
[validation] magick ["/tmp/.tmphjBt5q/rose.png", "-auto-orient", "-format", "%w %h", "info:"]
[validation] magick ["/tmp/.tmphjBt5q/results/rose-z8-5.png", "-auto-orient", "-format", "%w %h", "info:"]
[validation] magick ["/tmp/.tmphjBt5q/results/rose-z8-5.png", "-auto-orient", "-format", "%w %h", "info:"]
[validation] magick ["/tmp/.tmphjBt5q/rose.png", "-auto-orient", "-depth", "8", "RGBA:/tmp/.tmphjBt5q/expected.rgba"]
[validation] magick ["/tmp/.tmphjBt5q/results/rose-z8-6.png", "-auto-orient", "-depth", "8", "RGBA:/tmp/.tmphjBt5q/actual.rgba"]
[validation] magick ["/tmp/.tmphjBt5q/rose.png", "-auto-orient", "-format", "%w %h", "info:"]
[validation] magick ["/tmp/.tmphjBt5q/results/rose-z8-6.png", "-auto-orient", "-format", "%w %h", "info:"]
[validation] magick ["/tmp/.tmphjBt5q/results/rose-z8-6.png", "-auto-orient", "-format", "%w %h", "info:"]
[validation] magick ["/tmp/.tmphjBt5q/rose.png", "-auto-orient", "-depth", "8", "RGBA:/tmp/.tmphjBt5q/expected.rgba"]
[validation] magick ["/tmp/.tmphjBt5q/results/rose-z8-7.png", "-auto-orient", "-depth", "8", "RGBA:/tmp/.tmphjBt5q/actual.rgba"]
[validation] magick ["/tmp/.tmphjBt5q/rose.png", "-auto-orient", "-format", "%w %h", "info:"]
[validation] magick ["/tmp/.tmphjBt5q/results/rose-z8-7.png", "-auto-orient", "-format", "%w %h", "info:"]
[validation] magick ["/tmp/.tmphjBt5q/results/rose-z8-7.png", "-auto-orient", "-format", "%w %h", "info:"]
[validation] magick ["/tmp/.tmphjBt5q/rose.png", "-auto-orient", "-depth", "8", "RGBA:/tmp/.tmphjBt5q/expected.rgba"]
[validation] magick ["/tmp/.tmphjBt5q/results/rose-z8-8.png", "-auto-orient", "-depth", "8", "RGBA:/tmp/.tmphjBt5q/actual.rgba"]
[validation] magick ["/tmp/.tmphjBt5q/rose.png", "-auto-orient", "-format", "%w %h", "info:"]
[validation] magick ["/tmp/.tmphjBt5q/results/rose-z8-8.png", "-auto-orient", "-format", "%w %h", "info:"]
[validation] magick ["/tmp/.tmphjBt5q/results/rose-z8-8.png", "-auto-orient", "-format", "%w %h", "info:"]
[validation] magick ["/tmp/.tmphjBt5q/rose.png", "-auto-orient", "-depth", "8", "RGBA:/tmp/.tmphjBt5q/expected.rgba"]
[validation] magick ["/tmp/.tmphjBt5q/results/rose-z8-9.png", "-auto-orient", "-depth", "8", "RGBA:/tmp/.tmphjBt5q/actual.rgba"]
[validation] magick ["/tmp/.tmphjBt5q/rose.png", "-auto-orient", "-format", "%w %h", "info:"]
[validation] magick ["/tmp/.tmphjBt5q/results/rose-z8-9.png", "-auto-orient", "-format", "%w %h", "info:"]
[validation] magick ["/tmp/.tmphjBt5q/results/rose-z8-9.png", "-auto-orient", "-format", "%w %h", "info:"]
[validation] magick ["/tmp/.tmphjBt5q/rose.png", "-auto-orient", "-depth", "8", "RGBA:/tmp/.tmphjBt5q/expected.rgba"]
[validation] magick ["/tmp/.tmphjBt5q/results/rose-z8-10.png", "-auto-orient", "-depth", "8", "RGBA:/tmp/.tmphjBt5q/actual.rgba"]
[validation] magick ["/tmp/.tmphjBt5q/rose.png", "-auto-orient", "-format", "%w %h", "info:"]
[validation] magick ["/tmp/.tmphjBt5q/results/rose-z8-10.png", "-auto-orient", "-format", "%w %h", "info:"]
[validation] magick ["/tmp/.tmphjBt5q/results/rose-z8-10.png", "-auto-orient", "-format", "%w %h", "info:"]
[validation] magick ["/tmp/.tmphjBt5q/rose.png", "-auto-orient", "-depth", "8", "RGBA:/tmp/.tmphjBt5q/expected.rgba"]
[validation] magick ["/tmp/.tmphjBt5q/results/rose-z8-11.png", "-auto-orient", "-depth", "8", "RGBA:/tmp/.tmphjBt5q/actual.rgba"]
[validation] magick ["/tmp/.tmphjBt5q/rose.png", "-auto-orient", "-format", "%w %h", "info:"]
[validation] magick ["/tmp/.tmphjBt5q/results/rose-z8-11.png", "-auto-orient", "-format", "%w %h", "info:"]
[validation] magick ["/tmp/.tmphjBt5q/results/rose-z8-11.png", "-auto-orient", "-format", "%w %h", "info:"]
[validation] magick ["/tmp/.tmphjBt5q/rose.png", "-auto-orient", "-depth", "8", "RGBA:/tmp/.tmphjBt5q/expected.rgba"]
[validation] magick ["/tmp/.tmphjBt5q/results/rose-z8-12.png", "-auto-orient", "-depth", "8", "RGBA:/tmp/.tmphjBt5q/actual.rgba"]
[validation] magick ["/tmp/.tmphjBt5q/rose.png", "-auto-orient", "-format", "%w %h", "info:"]
[validation] magick ["/tmp/.tmphjBt5q/results/rose-z8-12.png", "-auto-orient", "-format", "%w %h", "info:"]
[validation] magick ["/tmp/.tmphjBt5q/results/rose-z8-12.png", "-auto-orient", "-format", "%w %h", "info:"]
[validation] magick ["/tmp/.tmphjBt5q/rose.png", "-auto-orient", "-depth", "8", "RGBA:/tmp/.tmphjBt5q/expected.rgba"]
[validation] magick ["/tmp/.tmphjBt5q/results/rose-z8-13.png", "-auto-orient", "-depth", "8", "RGBA:/tmp/.tmphjBt5q/actual.rgba"]
[validation] magick ["/tmp/.tmphjBt5q/rose.png", "-auto-orient", "-format", "%w %h", "info:"]
[validation] magick ["/tmp/.tmphjBt5q/results/rose-z8-13.png", "-auto-orient", "-format", "%w %h", "info:"]
[validation] magick ["/tmp/.tmphjBt5q/results/rose-z8-13.png", "-auto-orient", "-format", "%w %h", "info:"]
[validation] magick ["/tmp/.tmphjBt5q/rose.png", "-auto-orient", "-depth", "8", "RGBA:/tmp/.tmphjBt5q/expected.rgba"]
[validation] magick ["/tmp/.tmphjBt5q/results/rose-z8-14.png", "-auto-orient", "-depth", "8", "RGBA:/tmp/.tmphjBt5q/actual.rgba"]
[validation] magick ["/tmp/.tmphjBt5q/rose.png", "-auto-orient", "-format", "%w %h", "info:"]
[validation] magick ["/tmp/.tmphjBt5q/results/rose-z8-14.png", "-auto-orient", "-format", "%w %h", "info:"]
[validation] magick ["/tmp/.tmphjBt5q/results/rose-z8-14.png", "-auto-orient", "-format", "%w %h", "info:"]
[validation] magick ["/tmp/.tmphjBt5q/rose.png", "-auto-orient", "-depth", "8", "RGBA:/tmp/.tmphjBt5q/expected.rgba"]
[validation] magick ["/tmp/.tmphjBt5q/results/rose-z8-15.png", "-auto-orient", "-depth", "8", "RGBA:/tmp/.tmphjBt5q/actual.rgba"]
[validation] magick ["/tmp/.tmphjBt5q/rose.png", "-auto-orient", "-format", "%w %h", "info:"]
[validation] magick ["/tmp/.tmphjBt5q/results/rose-z8-15.png", "-auto-orient", "-format", "%w %h", "info:"]
[validation] magick ["/tmp/.tmphjBt5q/results/rose-z8-15.png", "-auto-orient", "-format", "%w %h", "info:"]
[validation] magick ["/tmp/.tmphjBt5q/alpha.png", "-auto-orient", "-depth", "8", "RGBA:/tmp/.tmphjBt5q/expected.rgba"]
[validation] magick ["/tmp/.tmphjBt5q/results/alpha-z8-1.avif", "-auto-orient", "-depth", "8", "RGBA:/tmp/.tmphjBt5q/actual.rgba"]
[validation] magick ["/tmp/.tmphjBt5q/alpha.png", "-auto-orient", "-format", "%w %h", "info:"]
[validation] magick ["/tmp/.tmphjBt5q/results/alpha-z8-1.avif", "-auto-orient", "-format", "%w %h", "info:"]
[validation] magick ["/tmp/.tmphjBt5q/results/alpha-z8-1.avif", "-auto-orient", "-format", "%w %h", "info:"]
[validation] magick ["/tmp/.tmphjBt5q/alpha.png", "-auto-orient", "-depth", "8", "RGBA:/tmp/.tmphjBt5q/expected.rgba"]
[validation] magick ["/tmp/.tmphjBt5q/results/alpha-z8-2.avif", "-auto-orient", "-depth", "8", "RGBA:/tmp/.tmphjBt5q/actual.rgba"]
[validation] magick ["/tmp/.tmphjBt5q/alpha.png", "-auto-orient", "-format", "%w %h", "info:"]
[validation] magick ["/tmp/.tmphjBt5q/results/alpha-z8-2.avif", "-auto-orient", "-format", "%w %h", "info:"]
[validation] magick ["/tmp/.tmphjBt5q/results/alpha-z8-2.avif", "-auto-orient", "-format", "%w %h", "info:"]
[validation] magick ["/tmp/.tmphjBt5q/alpha.png", "-auto-orient", "-depth", "8", "RGBA:/tmp/.tmphjBt5q/expected.rgba"]
[validation] magick ["/tmp/.tmphjBt5q/results/alpha-z8-3.avif", "-auto-orient", "-depth", "8", "RGBA:/tmp/.tmphjBt5q/actual.rgba"]
[validation] magick ["/tmp/.tmphjBt5q/alpha.png", "-auto-orient", "-format", "%w %h", "info:"]
[validation] magick ["/tmp/.tmphjBt5q/results/alpha-z8-3.avif", "-auto-orient", "-format", "%w %h", "info:"]
[validation] magick ["/tmp/.tmphjBt5q/results/alpha-z8-3.avif", "-auto-orient", "-format", "%w %h", "info:"]
[validation] magick ["/tmp/.tmphjBt5q/alpha.png", "-auto-orient", "-depth", "8", "RGBA:/tmp/.tmphjBt5q/expected.rgba"]
[validation] magick ["/tmp/.tmphjBt5q/results/alpha-z8-4.avif", "-auto-orient", "-depth", "8", "RGBA:/tmp/.tmphjBt5q/actual.rgba"]
[validation] magick ["/tmp/.tmphjBt5q/alpha.png", "-auto-orient", "-format", "%w %h", "info:"]
[validation] magick ["/tmp/.tmphjBt5q/results/alpha-z8-4.avif", "-auto-orient", "-format", "%w %h", "info:"]
[validation] magick ["/tmp/.tmphjBt5q/results/alpha-z8-4.avif", "-auto-orient", "-format", "%w %h", "info:"]
[validation] magick ["/tmp/.tmphjBt5q/alpha.png", "-auto-orient", "-depth", "8", "RGBA:/tmp/.tmphjBt5q/expected.rgba"]
[validation] magick ["/tmp/.tmphjBt5q/results/alpha-z8-5.avif", "-auto-orient", "-depth", "8", "RGBA:/tmp/.tmphjBt5q/actual.rgba"]
[validation] magick ["/tmp/.tmphjBt5q/alpha.png", "-auto-orient", "-format", "%w %h", "info:"]
[validation] magick ["/tmp/.tmphjBt5q/results/alpha-z8-5.avif", "-auto-orient", "-format", "%w %h", "info:"]
[validation] magick ["/tmp/.tmphjBt5q/results/alpha-z8-5.avif", "-auto-orient", "-format", "%w %h", "info:"]
[validation] magick ["/tmp/.tmphjBt5q/alpha.png", "-auto-orient", "-depth", "8", "RGBA:/tmp/.tmphjBt5q/expected.rgba"]
[validation] magick ["/tmp/.tmphjBt5q/results/alpha-z8-6.avif", "-auto-orient", "-depth", "8", "RGBA:/tmp/.tmphjBt5q/actual.rgba"]
[validation] magick ["/tmp/.tmphjBt5q/alpha.png", "-auto-orient", "-format", "%w %h", "info:"]
[validation] magick ["/tmp/.tmphjBt5q/results/alpha-z8-6.avif", "-auto-orient", "-format", "%w %h", "info:"]
[validation] magick ["/tmp/.tmphjBt5q/results/alpha-z8-6.avif", "-auto-orient", "-format", "%w %h", "info:"]
[validation] magick ["/tmp/.tmphjBt5q/alpha.png", "-auto-orient", "-depth", "8", "RGBA:/tmp/.tmphjBt5q/expected.rgba"]
[validation] magick ["/tmp/.tmphjBt5q/results/alpha-z8-7.avif", "-auto-orient", "-depth", "8", "RGBA:/tmp/.tmphjBt5q/actual.rgba"]
[validation] magick ["/tmp/.tmphjBt5q/alpha.png", "-auto-orient", "-format", "%w %h", "info:"]
[validation] magick ["/tmp/.tmphjBt5q/results/alpha-z8-7.avif", "-auto-orient", "-format", "%w %h", "info:"]
[validation] magick ["/tmp/.tmphjBt5q/results/alpha-z8-7.avif", "-auto-orient", "-format", "%w %h", "info:"]
[validation] magick ["/tmp/.tmphjBt5q/alpha.png", "-auto-orient", "-depth", "8", "RGBA:/tmp/.tmphjBt5q/expected.rgba"]
[validation] magick ["/tmp/.tmphjBt5q/results/alpha-z8-8.avif", "-auto-orient", "-depth", "8", "RGBA:/tmp/.tmphjBt5q/actual.rgba"]
[validation] magick ["/tmp/.tmphjBt5q/alpha.png", "-auto-orient", "-format", "%w %h", "info:"]
[validation] magick ["/tmp/.tmphjBt5q/results/alpha-z8-8.avif", "-auto-orient", "-format", "%w %h", "info:"]
[validation] magick ["/tmp/.tmphjBt5q/results/alpha-z8-8.avif", "-auto-orient", "-format", "%w %h", "info:"]
[validation] magick ["/tmp/.tmphjBt5q/alpha.png", "-auto-orient", "-depth", "8", "RGBA:/tmp/.tmphjBt5q/expected.rgba"]
[validation] magick ["/tmp/.tmphjBt5q/results/alpha-z8-9.avif", "-auto-orient", "-depth", "8", "RGBA:/tmp/.tmphjBt5q/actual.rgba"]
[validation] magick ["/tmp/.tmphjBt5q/alpha.png", "-auto-orient", "-format", "%w %h", "info:"]
[validation] magick ["/tmp/.tmphjBt5q/results/alpha-z8-9.avif", "-auto-orient", "-format", "%w %h", "info:"]
[validation] magick ["/tmp/.tmphjBt5q/results/alpha-z8-9.avif", "-auto-orient", "-format", "%w %h", "info:"]
[validation] magick ["/tmp/.tmphjBt5q/alpha.png", "-auto-orient", "-depth", "8", "RGBA:/tmp/.tmphjBt5q/expected.rgba"]
[validation] magick ["/tmp/.tmphjBt5q/results/alpha-z8-10.avif", "-auto-orient", "-depth", "8", "RGBA:/tmp/.tmphjBt5q/actual.rgba"]
[validation] magick ["/tmp/.tmphjBt5q/alpha.png", "-auto-orient", "-format", "%w %h", "info:"]
[validation] magick ["/tmp/.tmphjBt5q/results/alpha-z8-10.avif", "-auto-orient", "-format", "%w %h", "info:"]
[validation] magick ["/tmp/.tmphjBt5q/results/alpha-z8-10.avif", "-auto-orient", "-format", "%w %h", "info:"]
[validation] magick ["/tmp/.tmphjBt5q/alpha.png", "-auto-orient", "-depth", "8", "RGBA:/tmp/.tmphjBt5q/expected.rgba"]
[validation] magick ["/tmp/.tmphjBt5q/results/alpha-z8-11.avif", "-auto-orient", "-depth", "8", "RGBA:/tmp/.tmphjBt5q/actual.rgba"]
[validation] magick ["/tmp/.tmphjBt5q/alpha.png", "-auto-orient", "-format", "%w %h", "info:"]
[validation] magick ["/tmp/.tmphjBt5q/results/alpha-z8-11.avif", "-auto-orient", "-format", "%w %h", "info:"]
[validation] magick ["/tmp/.tmphjBt5q/results/alpha-z8-11.avif", "-auto-orient", "-format", "%w %h", "info:"]
[validation] magick ["/tmp/.tmphjBt5q/alpha.png", "-auto-orient", "-depth", "8", "RGBA:/tmp/.tmphjBt5q/expected.rgba"]
[validation] magick ["/tmp/.tmphjBt5q/results/alpha-z8-12.avif", "-auto-orient", "-depth", "8", "RGBA:/tmp/.tmphjBt5q/actual.rgba"]
[validation] magick ["/tmp/.tmphjBt5q/alpha.png", "-auto-orient", "-format", "%w %h", "info:"]
[validation] magick ["/tmp/.tmphjBt5q/results/alpha-z8-12.avif", "-auto-orient", "-format", "%w %h", "info:"]
[validation] magick ["/tmp/.tmphjBt5q/results/alpha-z8-12.avif", "-auto-orient", "-format", "%w %h", "info:"]
[validation] magick ["/tmp/.tmphjBt5q/alpha.png", "-auto-orient", "-depth", "8", "RGBA:/tmp/.tmphjBt5q/expected.rgba"]
[validation] magick ["/tmp/.tmphjBt5q/results/alpha-z8-13.avif", "-auto-orient", "-depth", "8", "RGBA:/tmp/.tmphjBt5q/actual.rgba"]
[validation] magick ["/tmp/.tmphjBt5q/alpha.png", "-auto-orient", "-format", "%w %h", "info:"]
[validation] magick ["/tmp/.tmphjBt5q/results/alpha-z8-13.avif", "-auto-orient", "-format", "%w %h", "info:"]
[validation] magick ["/tmp/.tmphjBt5q/results/alpha-z8-13.avif", "-auto-orient", "-format", "%w %h", "info:"]
[validation] magick ["/tmp/.tmphjBt5q/alpha.png", "-auto-orient", "-depth", "8", "RGBA:/tmp/.tmphjBt5q/expected.rgba"]
[validation] magick ["/tmp/.tmphjBt5q/results/alpha-z8-14.avif", "-auto-orient", "-depth", "8", "RGBA:/tmp/.tmphjBt5q/actual.rgba"]
[validation] magick ["/tmp/.tmphjBt5q/alpha.png", "-auto-orient", "-format", "%w %h", "info:"]
[validation] magick ["/tmp/.tmphjBt5q/results/alpha-z8-14.avif", "-auto-orient", "-format", "%w %h", "info:"]
[validation] magick ["/tmp/.tmphjBt5q/results/alpha-z8-14.avif", "-auto-orient", "-format", "%w %h", "info:"]
[validation] magick ["/tmp/.tmphjBt5q/alpha.png", "-auto-orient", "-depth", "8", "RGBA:/tmp/.tmphjBt5q/expected.rgba"]
[validation] magick ["/tmp/.tmphjBt5q/results/alpha-z8-15.avif", "-auto-orient", "-depth", "8", "RGBA:/tmp/.tmphjBt5q/actual.rgba"]
[validation] magick ["/tmp/.tmphjBt5q/alpha.png", "-auto-orient", "-format", "%w %h", "info:"]
[validation] magick ["/tmp/.tmphjBt5q/results/alpha-z8-15.avif", "-auto-orient", "-format", "%w %h", "info:"]
[validation] magick ["/tmp/.tmphjBt5q/results/alpha-z8-15.avif", "-auto-orient", "-format", "%w %h", "info:"]
[validation] magick ["/tmp/.tmphjBt5q/alpha.png", "-auto-orient", "-depth", "8", "RGBA:/tmp/.tmphjBt5q/expected.rgba"]
[validation] magick ["/tmp/.tmphjBt5q/results/alpha-z8-1.webp", "-auto-orient", "-depth", "8", "RGBA:/tmp/.tmphjBt5q/actual.rgba"]
[validation] magick ["/tmp/.tmphjBt5q/alpha.png", "-auto-orient", "-format", "%w %h", "info:"]
[validation] magick ["/tmp/.tmphjBt5q/results/alpha-z8-1.webp", "-auto-orient", "-format", "%w %h", "info:"]
[validation] magick ["/tmp/.tmphjBt5q/results/alpha-z8-1.webp", "-auto-orient", "-format", "%w %h", "info:"]
[validation] magick ["/tmp/.tmphjBt5q/alpha.png", "-auto-orient", "-depth", "8", "RGBA:/tmp/.tmphjBt5q/expected.rgba"]
[validation] magick ["/tmp/.tmphjBt5q/results/alpha-z8-2.webp", "-auto-orient", "-depth", "8", "RGBA:/tmp/.tmphjBt5q/actual.rgba"]
[validation] magick ["/tmp/.tmphjBt5q/alpha.png", "-auto-orient", "-format", "%w %h", "info:"]
[validation] magick ["/tmp/.tmphjBt5q/results/alpha-z8-2.webp", "-auto-orient", "-format", "%w %h", "info:"]
[validation] magick ["/tmp/.tmphjBt5q/results/alpha-z8-2.webp", "-auto-orient", "-format", "%w %h", "info:"]
[validation] magick ["/tmp/.tmphjBt5q/alpha.png", "-auto-orient", "-depth", "8", "RGBA:/tmp/.tmphjBt5q/expected.rgba"]
[validation] magick ["/tmp/.tmphjBt5q/results/alpha-z8-3.webp", "-auto-orient", "-depth", "8", "RGBA:/tmp/.tmphjBt5q/actual.rgba"]
[validation] magick ["/tmp/.tmphjBt5q/alpha.png", "-auto-orient", "-format", "%w %h", "info:"]
[validation] magick ["/tmp/.tmphjBt5q/results/alpha-z8-3.webp", "-auto-orient", "-format", "%w %h", "info:"]
[validation] magick ["/tmp/.tmphjBt5q/results/alpha-z8-3.webp", "-auto-orient", "-format", "%w %h", "info:"]
[validation] magick ["/tmp/.tmphjBt5q/alpha.png", "-auto-orient", "-depth", "8", "RGBA:/tmp/.tmphjBt5q/expected.rgba"]
[validation] magick ["/tmp/.tmphjBt5q/results/alpha-z8-4.webp", "-auto-orient", "-depth", "8", "RGBA:/tmp/.tmphjBt5q/actual.rgba"]
[validation] magick ["/tmp/.tmphjBt5q/alpha.png", "-auto-orient", "-format", "%w %h", "info:"]
[validation] magick ["/tmp/.tmphjBt5q/results/alpha-z8-4.webp", "-auto-orient", "-format", "%w %h", "info:"]
[validation] magick ["/tmp/.tmphjBt5q/results/alpha-z8-4.webp", "-auto-orient", "-format", "%w %h", "info:"]
[validation] magick ["/tmp/.tmphjBt5q/alpha.png", "-auto-orient", "-depth", "8", "RGBA:/tmp/.tmphjBt5q/expected.rgba"]
[validation] magick ["/tmp/.tmphjBt5q/results/alpha-z8-5.webp", "-auto-orient", "-depth", "8", "RGBA:/tmp/.tmphjBt5q/actual.rgba"]
[validation] magick ["/tmp/.tmphjBt5q/alpha.png", "-auto-orient", "-format", "%w %h", "info:"]
[validation] magick ["/tmp/.tmphjBt5q/results/alpha-z8-5.webp", "-auto-orient", "-format", "%w %h", "info:"]
[validation] magick ["/tmp/.tmphjBt5q/results/alpha-z8-5.webp", "-auto-orient", "-format", "%w %h", "info:"]
[validation] magick ["/tmp/.tmphjBt5q/alpha.png", "-auto-orient", "-depth", "8", "RGBA:/tmp/.tmphjBt5q/expected.rgba"]
[validation] magick ["/tmp/.tmphjBt5q/results/alpha-z8-6.webp", "-auto-orient", "-depth", "8", "RGBA:/tmp/.tmphjBt5q/actual.rgba"]
[validation] magick ["/tmp/.tmphjBt5q/alpha.png", "-auto-orient", "-format", "%w %h", "info:"]
[validation] magick ["/tmp/.tmphjBt5q/results/alpha-z8-6.webp", "-auto-orient", "-format", "%w %h", "info:"]
[validation] magick ["/tmp/.tmphjBt5q/results/alpha-z8-6.webp", "-auto-orient", "-format", "%w %h", "info:"]
[validation] magick ["/tmp/.tmphjBt5q/alpha.png", "-auto-orient", "-depth", "8", "RGBA:/tmp/.tmphjBt5q/expected.rgba"]
[validation] magick ["/tmp/.tmphjBt5q/results/alpha-z8-7.webp", "-auto-orient", "-depth", "8", "RGBA:/tmp/.tmphjBt5q/actual.rgba"]
[validation] magick ["/tmp/.tmphjBt5q/alpha.png", "-auto-orient", "-format", "%w %h", "info:"]
[validation] magick ["/tmp/.tmphjBt5q/results/alpha-z8-7.webp", "-auto-orient", "-format", "%w %h", "info:"]
[validation] magick ["/tmp/.tmphjBt5q/results/alpha-z8-7.webp", "-auto-orient", "-format", "%w %h", "info:"]
[validation] magick ["/tmp/.tmphjBt5q/alpha.png", "-auto-orient", "-depth", "8", "RGBA:/tmp/.tmphjBt5q/expected.rgba"]
[validation] magick ["/tmp/.tmphjBt5q/results/alpha-z8-8.webp", "-auto-orient", "-depth", "8", "RGBA:/tmp/.tmphjBt5q/actual.rgba"]
[validation] magick ["/tmp/.tmphjBt5q/alpha.png", "-auto-orient", "-format", "%w %h", "info:"]
[validation] magick ["/tmp/.tmphjBt5q/results/alpha-z8-8.webp", "-auto-orient", "-format", "%w %h", "info:"]
[validation] magick ["/tmp/.tmphjBt5q/results/alpha-z8-8.webp", "-auto-orient", "-format", "%w %h", "info:"]
[validation] magick ["/tmp/.tmphjBt5q/alpha.png", "-auto-orient", "-depth", "8", "RGBA:/tmp/.tmphjBt5q/expected.rgba"]
[validation] magick ["/tmp/.tmphjBt5q/results/alpha-z8-9.webp", "-auto-orient", "-depth", "8", "RGBA:/tmp/.tmphjBt5q/actual.rgba"]
[validation] magick ["/tmp/.tmphjBt5q/alpha.png", "-auto-orient", "-format", "%w %h", "info:"]
[validation] magick ["/tmp/.tmphjBt5q/results/alpha-z8-9.webp", "-auto-orient", "-format", "%w %h", "info:"]
[validation] magick ["/tmp/.tmphjBt5q/results/alpha-z8-9.webp", "-auto-orient", "-format", "%w %h", "info:"]
[validation] magick ["/tmp/.tmphjBt5q/alpha.png", "-auto-orient", "-depth", "8", "RGBA:/tmp/.tmphjBt5q/expected.rgba"]
[validation] magick ["/tmp/.tmphjBt5q/results/alpha-z8-10.webp", "-auto-orient", "-depth", "8", "RGBA:/tmp/.tmphjBt5q/actual.rgba"]
[validation] magick ["/tmp/.tmphjBt5q/alpha.png", "-auto-orient", "-format", "%w %h", "info:"]
[validation] magick ["/tmp/.tmphjBt5q/results/alpha-z8-10.webp", "-auto-orient", "-format", "%w %h", "info:"]
[validation] magick ["/tmp/.tmphjBt5q/results/alpha-z8-10.webp", "-auto-orient", "-format", "%w %h", "info:"]
[validation] magick ["/tmp/.tmphjBt5q/alpha.png", "-auto-orient", "-depth", "8", "RGBA:/tmp/.tmphjBt5q/expected.rgba"]
[validation] magick ["/tmp/.tmphjBt5q/results/alpha-z8-11.webp", "-auto-orient", "-depth", "8", "RGBA:/tmp/.tmphjBt5q/actual.rgba"]
[validation] magick ["/tmp/.tmphjBt5q/alpha.png", "-auto-orient", "-format", "%w %h", "info:"]
[validation] magick ["/tmp/.tmphjBt5q/results/alpha-z8-11.webp", "-auto-orient", "-format", "%w %h", "info:"]
[validation] magick ["/tmp/.tmphjBt5q/results/alpha-z8-11.webp", "-auto-orient", "-format", "%w %h", "info:"]
[validation] magick ["/tmp/.tmphjBt5q/alpha.png", "-auto-orient", "-depth", "8", "RGBA:/tmp/.tmphjBt5q/expected.rgba"]
[validation] magick ["/tmp/.tmphjBt5q/results/alpha-z8-12.webp", "-auto-orient", "-depth", "8", "RGBA:/tmp/.tmphjBt5q/actual.rgba"]
[validation] magick ["/tmp/.tmphjBt5q/alpha.png", "-auto-orient", "-format", "%w %h", "info:"]
[validation] magick ["/tmp/.tmphjBt5q/results/alpha-z8-12.webp", "-auto-orient", "-format", "%w %h", "info:"]
[validation] magick ["/tmp/.tmphjBt5q/results/alpha-z8-12.webp", "-auto-orient", "-format", "%w %h", "info:"]
[validation] magick ["/tmp/.tmphjBt5q/alpha.png", "-auto-orient", "-depth", "8", "RGBA:/tmp/.tmphjBt5q/expected.rgba"]
[validation] magick ["/tmp/.tmphjBt5q/results/alpha-z8-13.webp", "-auto-orient", "-depth", "8", "RGBA:/tmp/.tmphjBt5q/actual.rgba"]
[validation] magick ["/tmp/.tmphjBt5q/alpha.png", "-auto-orient", "-format", "%w %h", "info:"]
[validation] magick ["/tmp/.tmphjBt5q/results/alpha-z8-13.webp", "-auto-orient", "-format", "%w %h", "info:"]
[validation] magick ["/tmp/.tmphjBt5q/results/alpha-z8-13.webp", "-auto-orient", "-format", "%w %h", "info:"]
[validation] magick ["/tmp/.tmphjBt5q/alpha.png", "-auto-orient", "-depth", "8", "RGBA:/tmp/.tmphjBt5q/expected.rgba"]
[validation] magick ["/tmp/.tmphjBt5q/results/alpha-z8-14.webp", "-auto-orient", "-depth", "8", "RGBA:/tmp/.tmphjBt5q/actual.rgba"]
[validation] magick ["/tmp/.tmphjBt5q/alpha.png", "-auto-orient", "-format", "%w %h", "info:"]
[validation] magick ["/tmp/.tmphjBt5q/results/alpha-z8-14.webp", "-auto-orient", "-format", "%w %h", "info:"]
[validation] magick ["/tmp/.tmphjBt5q/results/alpha-z8-14.webp", "-auto-orient", "-format", "%w %h", "info:"]
[validation] magick ["/tmp/.tmphjBt5q/alpha.png", "-auto-orient", "-depth", "8", "RGBA:/tmp/.tmphjBt5q/expected.rgba"]
[validation] magick ["/tmp/.tmphjBt5q/results/alpha-z8-15.webp", "-auto-orient", "-depth", "8", "RGBA:/tmp/.tmphjBt5q/actual.rgba"]
[validation] magick ["/tmp/.tmphjBt5q/alpha.png", "-auto-orient", "-format", "%w %h", "info:"]
[validation] magick ["/tmp/.tmphjBt5q/results/alpha-z8-15.webp", "-auto-orient", "-format", "%w %h", "info:"]
[validation] magick ["/tmp/.tmphjBt5q/results/alpha-z8-15.webp", "-auto-orient", "-format", "%w %h", "info:"]
[validation] magick ["/tmp/.tmphjBt5q/alpha.png", "-auto-orient", "-background", "white", "-alpha", "remove", "-alpha", "off", "-depth", "8", "RGBA:/tmp/.tmphjBt5q/expected.rgba"]
[validation] magick ["/tmp/.tmphjBt5q/results/alpha-z8-1.jpg", "-auto-orient", "-depth", "8", "RGBA:/tmp/.tmphjBt5q/actual.rgba"]
[validation] magick ["/tmp/.tmphjBt5q/alpha.png", "-auto-orient", "-format", "%w %h", "info:"]
[validation] magick ["/tmp/.tmphjBt5q/results/alpha-z8-1.jpg", "-auto-orient", "-format", "%w %h", "info:"]
[validation] magick ["/tmp/.tmphjBt5q/results/alpha-z8-1.jpg", "-auto-orient", "-format", "%w %h", "info:"]
[validation] magick ["/tmp/.tmphjBt5q/alpha.png", "-auto-orient", "-background", "white", "-alpha", "remove", "-alpha", "off", "-depth", "8", "RGBA:/tmp/.tmphjBt5q/expected.rgba"]
[validation] magick ["/tmp/.tmphjBt5q/results/alpha-z8-2.jpg", "-auto-orient", "-depth", "8", "RGBA:/tmp/.tmphjBt5q/actual.rgba"]
[validation] magick ["/tmp/.tmphjBt5q/alpha.png", "-auto-orient", "-format", "%w %h", "info:"]
[validation] magick ["/tmp/.tmphjBt5q/results/alpha-z8-2.jpg", "-auto-orient", "-format", "%w %h", "info:"]
[validation] magick ["/tmp/.tmphjBt5q/results/alpha-z8-2.jpg", "-auto-orient", "-format", "%w %h", "info:"]
[validation] magick ["/tmp/.tmphjBt5q/alpha.png", "-auto-orient", "-background", "white", "-alpha", "remove", "-alpha", "off", "-depth", "8", "RGBA:/tmp/.tmphjBt5q/expected.rgba"]
[validation] magick ["/tmp/.tmphjBt5q/results/alpha-z8-3.jpg", "-auto-orient", "-depth", "8", "RGBA:/tmp/.tmphjBt5q/actual.rgba"]
[validation] magick ["/tmp/.tmphjBt5q/alpha.png", "-auto-orient", "-format", "%w %h", "info:"]
[validation] magick ["/tmp/.tmphjBt5q/results/alpha-z8-3.jpg", "-auto-orient", "-format", "%w %h", "info:"]
[validation] magick ["/tmp/.tmphjBt5q/results/alpha-z8-3.jpg", "-auto-orient", "-format", "%w %h", "info:"]
[validation] magick ["/tmp/.tmphjBt5q/alpha.png", "-auto-orient", "-background", "white", "-alpha", "remove", "-alpha", "off", "-depth", "8", "RGBA:/tmp/.tmphjBt5q/expected.rgba"]
[validation] magick ["/tmp/.tmphjBt5q/results/alpha-z8-4.jpg", "-auto-orient", "-depth", "8", "RGBA:/tmp/.tmphjBt5q/actual.rgba"]
[validation] magick ["/tmp/.tmphjBt5q/alpha.png", "-auto-orient", "-format", "%w %h", "info:"]
[validation] magick ["/tmp/.tmphjBt5q/results/alpha-z8-4.jpg", "-auto-orient", "-format", "%w %h", "info:"]
[validation] magick ["/tmp/.tmphjBt5q/results/alpha-z8-4.jpg", "-auto-orient", "-format", "%w %h", "info:"]
[validation] magick ["/tmp/.tmphjBt5q/alpha.png", "-auto-orient", "-background", "white", "-alpha", "remove", "-alpha", "off", "-depth", "8", "RGBA:/tmp/.tmphjBt5q/expected.rgba"]
[validation] magick ["/tmp/.tmphjBt5q/results/alpha-z8-5.jpg", "-auto-orient", "-depth", "8", "RGBA:/tmp/.tmphjBt5q/actual.rgba"]
[validation] magick ["/tmp/.tmphjBt5q/alpha.png", "-auto-orient", "-format", "%w %h", "info:"]
[validation] magick ["/tmp/.tmphjBt5q/results/alpha-z8-5.jpg", "-auto-orient", "-format", "%w %h", "info:"]
[validation] magick ["/tmp/.tmphjBt5q/results/alpha-z8-5.jpg", "-auto-orient", "-format", "%w %h", "info:"]
[validation] magick ["/tmp/.tmphjBt5q/alpha.png", "-auto-orient", "-background", "white", "-alpha", "remove", "-alpha", "off", "-depth", "8", "RGBA:/tmp/.tmphjBt5q/expected.rgba"]
[validation] magick ["/tmp/.tmphjBt5q/results/alpha-z8-6.jpg", "-auto-orient", "-depth", "8", "RGBA:/tmp/.tmphjBt5q/actual.rgba"]
[validation] magick ["/tmp/.tmphjBt5q/alpha.png", "-auto-orient", "-format", "%w %h", "info:"]
[validation] magick ["/tmp/.tmphjBt5q/results/alpha-z8-6.jpg", "-auto-orient", "-format", "%w %h", "info:"]
[validation] magick ["/tmp/.tmphjBt5q/results/alpha-z8-6.jpg", "-auto-orient", "-format", "%w %h", "info:"]
[validation] magick ["/tmp/.tmphjBt5q/alpha.png", "-auto-orient", "-background", "white", "-alpha", "remove", "-alpha", "off", "-depth", "8", "RGBA:/tmp/.tmphjBt5q/expected.rgba"]
[validation] magick ["/tmp/.tmphjBt5q/results/alpha-z8-7.jpg", "-auto-orient", "-depth", "8", "RGBA:/tmp/.tmphjBt5q/actual.rgba"]
[validation] magick ["/tmp/.tmphjBt5q/alpha.png", "-auto-orient", "-format", "%w %h", "info:"]
[validation] magick ["/tmp/.tmphjBt5q/results/alpha-z8-7.jpg", "-auto-orient", "-format", "%w %h", "info:"]
[validation] magick ["/tmp/.tmphjBt5q/results/alpha-z8-7.jpg", "-auto-orient", "-format", "%w %h", "info:"]
[validation] magick ["/tmp/.tmphjBt5q/alpha.png", "-auto-orient", "-background", "white", "-alpha", "remove", "-alpha", "off", "-depth", "8", "RGBA:/tmp/.tmphjBt5q/expected.rgba"]
[validation] magick ["/tmp/.tmphjBt5q/results/alpha-z8-8.jpg", "-auto-orient", "-depth", "8", "RGBA:/tmp/.tmphjBt5q/actual.rgba"]
[validation] magick ["/tmp/.tmphjBt5q/alpha.png", "-auto-orient", "-format", "%w %h", "info:"]
[validation] magick ["/tmp/.tmphjBt5q/results/alpha-z8-8.jpg", "-auto-orient", "-format", "%w %h", "info:"]
[validation] magick ["/tmp/.tmphjBt5q/results/alpha-z8-8.jpg", "-auto-orient", "-format", "%w %h", "info:"]
[validation] magick ["/tmp/.tmphjBt5q/alpha.png", "-auto-orient", "-background", "white", "-alpha", "remove", "-alpha", "off", "-depth", "8", "RGBA:/tmp/.tmphjBt5q/expected.rgba"]
[validation] magick ["/tmp/.tmphjBt5q/results/alpha-z8-9.jpg", "-auto-orient", "-depth", "8", "RGBA:/tmp/.tmphjBt5q/actual.rgba"]
[validation] magick ["/tmp/.tmphjBt5q/alpha.png", "-auto-orient", "-format", "%w %h", "info:"]
[validation] magick ["/tmp/.tmphjBt5q/results/alpha-z8-9.jpg", "-auto-orient", "-format", "%w %h", "info:"]
[validation] magick ["/tmp/.tmphjBt5q/results/alpha-z8-9.jpg", "-auto-orient", "-format", "%w %h", "info:"]
[validation] magick ["/tmp/.tmphjBt5q/alpha.png", "-auto-orient", "-background", "white", "-alpha", "remove", "-alpha", "off", "-depth", "8", "RGBA:/tmp/.tmphjBt5q/expected.rgba"]
[validation] magick ["/tmp/.tmphjBt5q/results/alpha-z8-10.jpg", "-auto-orient", "-depth", "8", "RGBA:/tmp/.tmphjBt5q/actual.rgba"]
[validation] magick ["/tmp/.tmphjBt5q/alpha.png", "-auto-orient", "-format", "%w %h", "info:"]
[validation] magick ["/tmp/.tmphjBt5q/results/alpha-z8-10.jpg", "-auto-orient", "-format", "%w %h", "info:"]
[validation] magick ["/tmp/.tmphjBt5q/results/alpha-z8-10.jpg", "-auto-orient", "-format", "%w %h", "info:"]
[validation] magick ["/tmp/.tmphjBt5q/alpha.png", "-auto-orient", "-background", "white", "-alpha", "remove", "-alpha", "off", "-depth", "8", "RGBA:/tmp/.tmphjBt5q/expected.rgba"]
[validation] magick ["/tmp/.tmphjBt5q/results/alpha-z8-11.jpg", "-auto-orient", "-depth", "8", "RGBA:/tmp/.tmphjBt5q/actual.rgba"]
[validation] magick ["/tmp/.tmphjBt5q/alpha.png", "-auto-orient", "-format", "%w %h", "info:"]
[validation] magick ["/tmp/.tmphjBt5q/results/alpha-z8-11.jpg", "-auto-orient", "-format", "%w %h", "info:"]
[validation] magick ["/tmp/.tmphjBt5q/results/alpha-z8-11.jpg", "-auto-orient", "-format", "%w %h", "info:"]
[validation] magick ["/tmp/.tmphjBt5q/alpha.png", "-auto-orient", "-background", "white", "-alpha", "remove", "-alpha", "off", "-depth", "8", "RGBA:/tmp/.tmphjBt5q/expected.rgba"]
[validation] magick ["/tmp/.tmphjBt5q/results/alpha-z8-12.jpg", "-auto-orient", "-depth", "8", "RGBA:/tmp/.tmphjBt5q/actual.rgba"]
[validation] magick ["/tmp/.tmphjBt5q/alpha.png", "-auto-orient", "-format", "%w %h", "info:"]
[validation] magick ["/tmp/.tmphjBt5q/results/alpha-z8-12.jpg", "-auto-orient", "-format", "%w %h", "info:"]
[validation] magick ["/tmp/.tmphjBt5q/results/alpha-z8-12.jpg", "-auto-orient", "-format", "%w %h", "info:"]
[validation] magick ["/tmp/.tmphjBt5q/alpha.png", "-auto-orient", "-background", "white", "-alpha", "remove", "-alpha", "off", "-depth", "8", "RGBA:/tmp/.tmphjBt5q/expected.rgba"]
[validation] magick ["/tmp/.tmphjBt5q/results/alpha-z8-13.jpg", "-auto-orient", "-depth", "8", "RGBA:/tmp/.tmphjBt5q/actual.rgba"]
[validation] magick ["/tmp/.tmphjBt5q/alpha.png", "-auto-orient", "-format", "%w %h", "info:"]
[validation] magick ["/tmp/.tmphjBt5q/results/alpha-z8-13.jpg", "-auto-orient", "-format", "%w %h", "info:"]
[validation] magick ["/tmp/.tmphjBt5q/results/alpha-z8-13.jpg", "-auto-orient", "-format", "%w %h", "info:"]
[validation] magick ["/tmp/.tmphjBt5q/alpha.png", "-auto-orient", "-background", "white", "-alpha", "remove", "-alpha", "off", "-depth", "8", "RGBA:/tmp/.tmphjBt5q/expected.rgba"]
[validation] magick ["/tmp/.tmphjBt5q/results/alpha-z8-14.jpg", "-auto-orient", "-depth", "8", "RGBA:/tmp/.tmphjBt5q/actual.rgba"]
[validation] magick ["/tmp/.tmphjBt5q/alpha.png", "-auto-orient", "-format", "%w %h", "info:"]
[validation] magick ["/tmp/.tmphjBt5q/results/alpha-z8-14.jpg", "-auto-orient", "-format", "%w %h", "info:"]
[validation] magick ["/tmp/.tmphjBt5q/results/alpha-z8-14.jpg", "-auto-orient", "-format", "%w %h", "info:"]
[validation] magick ["/tmp/.tmphjBt5q/alpha.png", "-auto-orient", "-background", "white", "-alpha", "remove", "-alpha", "off", "-depth", "8", "RGBA:/tmp/.tmphjBt5q/expected.rgba"]
[validation] magick ["/tmp/.tmphjBt5q/results/alpha-z8-15.jpg", "-auto-orient", "-depth", "8", "RGBA:/tmp/.tmphjBt5q/actual.rgba"]
[validation] magick ["/tmp/.tmphjBt5q/alpha.png", "-auto-orient", "-format", "%w %h", "info:"]
[validation] magick ["/tmp/.tmphjBt5q/results/alpha-z8-15.jpg", "-auto-orient", "-format", "%w %h", "info:"]
[validation] magick ["/tmp/.tmphjBt5q/results/alpha-z8-15.jpg", "-auto-orient", "-format", "%w %h", "info:"]
[validation] magick ["/tmp/.tmphjBt5q/alpha.png", "-auto-orient", "-depth", "8", "RGBA:/tmp/.tmphjBt5q/expected.rgba"]
[validation] magick ["/tmp/.tmphjBt5q/results/alpha-z8-1.png", "-auto-orient", "-depth", "8", "RGBA:/tmp/.tmphjBt5q/actual.rgba"]
[validation] magick ["/tmp/.tmphjBt5q/alpha.png", "-auto-orient", "-format", "%w %h", "info:"]
[validation] magick ["/tmp/.tmphjBt5q/results/alpha-z8-1.png", "-auto-orient", "-format", "%w %h", "info:"]
[validation] magick ["/tmp/.tmphjBt5q/results/alpha-z8-1.png", "-auto-orient", "-format", "%w %h", "info:"]
[validation] magick ["/tmp/.tmphjBt5q/alpha.png", "-auto-orient", "-depth", "8", "RGBA:/tmp/.tmphjBt5q/expected.rgba"]
[validation] magick ["/tmp/.tmphjBt5q/results/alpha-z8-2.png", "-auto-orient", "-depth", "8", "RGBA:/tmp/.tmphjBt5q/actual.rgba"]
[validation] magick ["/tmp/.tmphjBt5q/alpha.png", "-auto-orient", "-format", "%w %h", "info:"]
[validation] magick ["/tmp/.tmphjBt5q/results/alpha-z8-2.png", "-auto-orient", "-format", "%w %h", "info:"]
[validation] magick ["/tmp/.tmphjBt5q/results/alpha-z8-2.png", "-auto-orient", "-format", "%w %h", "info:"]
[validation] magick ["/tmp/.tmphjBt5q/alpha.png", "-auto-orient", "-depth", "8", "RGBA:/tmp/.tmphjBt5q/expected.rgba"]
[validation] magick ["/tmp/.tmphjBt5q/results/alpha-z8-3.png", "-auto-orient", "-depth", "8", "RGBA:/tmp/.tmphjBt5q/actual.rgba"]
[validation] magick ["/tmp/.tmphjBt5q/alpha.png", "-auto-orient", "-format", "%w %h", "info:"]
[validation] magick ["/tmp/.tmphjBt5q/results/alpha-z8-3.png", "-auto-orient", "-format", "%w %h", "info:"]
[validation] magick ["/tmp/.tmphjBt5q/results/alpha-z8-3.png", "-auto-orient", "-format", "%w %h", "info:"]
[validation] magick ["/tmp/.tmphjBt5q/alpha.png", "-auto-orient", "-depth", "8", "RGBA:/tmp/.tmphjBt5q/expected.rgba"]
[validation] magick ["/tmp/.tmphjBt5q/results/alpha-z8-4.png", "-auto-orient", "-depth", "8", "RGBA:/tmp/.tmphjBt5q/actual.rgba"]
[validation] magick ["/tmp/.tmphjBt5q/alpha.png", "-auto-orient", "-format", "%w %h", "info:"]
[validation] magick ["/tmp/.tmphjBt5q/results/alpha-z8-4.png", "-auto-orient", "-format", "%w %h", "info:"]
[validation] magick ["/tmp/.tmphjBt5q/results/alpha-z8-4.png", "-auto-orient", "-format", "%w %h", "info:"]
[validation] magick ["/tmp/.tmphjBt5q/alpha.png", "-auto-orient", "-depth", "8", "RGBA:/tmp/.tmphjBt5q/expected.rgba"]
[validation] magick ["/tmp/.tmphjBt5q/results/alpha-z8-5.png", "-auto-orient", "-depth", "8", "RGBA:/tmp/.tmphjBt5q/actual.rgba"]
[validation] magick ["/tmp/.tmphjBt5q/alpha.png", "-auto-orient", "-format", "%w %h", "info:"]
[validation] magick ["/tmp/.tmphjBt5q/results/alpha-z8-5.png", "-auto-orient", "-format", "%w %h", "info:"]
[validation] magick ["/tmp/.tmphjBt5q/results/alpha-z8-5.png", "-auto-orient", "-format", "%w %h", "info:"]
[validation] magick ["/tmp/.tmphjBt5q/alpha.png", "-auto-orient", "-depth", "8", "RGBA:/tmp/.tmphjBt5q/expected.rgba"]
[validation] magick ["/tmp/.tmphjBt5q/results/alpha-z8-6.png", "-auto-orient", "-depth", "8", "RGBA:/tmp/.tmphjBt5q/actual.rgba"]
[validation] magick ["/tmp/.tmphjBt5q/alpha.png", "-auto-orient", "-format", "%w %h", "info:"]
[validation] magick ["/tmp/.tmphjBt5q/results/alpha-z8-6.png", "-auto-orient", "-format", "%w %h", "info:"]
[validation] magick ["/tmp/.tmphjBt5q/results/alpha-z8-6.png", "-auto-orient", "-format", "%w %h", "info:"]
[validation] magick ["/tmp/.tmphjBt5q/alpha.png", "-auto-orient", "-depth", "8", "RGBA:/tmp/.tmphjBt5q/expected.rgba"]
[validation] magick ["/tmp/.tmphjBt5q/results/alpha-z8-7.png", "-auto-orient", "-depth", "8", "RGBA:/tmp/.tmphjBt5q/actual.rgba"]
[validation] magick ["/tmp/.tmphjBt5q/alpha.png", "-auto-orient", "-format", "%w %h", "info:"]
[validation] magick ["/tmp/.tmphjBt5q/results/alpha-z8-7.png", "-auto-orient", "-format", "%w %h", "info:"]
[validation] magick ["/tmp/.tmphjBt5q/results/alpha-z8-7.png", "-auto-orient", "-format", "%w %h", "info:"]
[validation] magick ["/tmp/.tmphjBt5q/alpha.png", "-auto-orient", "-depth", "8", "RGBA:/tmp/.tmphjBt5q/expected.rgba"]
[validation] magick ["/tmp/.tmphjBt5q/results/alpha-z8-8.png", "-auto-orient", "-depth", "8", "RGBA:/tmp/.tmphjBt5q/actual.rgba"]
[validation] magick ["/tmp/.tmphjBt5q/alpha.png", "-auto-orient", "-format", "%w %h", "info:"]
[validation] magick ["/tmp/.tmphjBt5q/results/alpha-z8-8.png", "-auto-orient", "-format", "%w %h", "info:"]
[validation] magick ["/tmp/.tmphjBt5q/results/alpha-z8-8.png", "-auto-orient", "-format", "%w %h", "info:"]
[validation] magick ["/tmp/.tmphjBt5q/alpha.png", "-auto-orient", "-depth", "8", "RGBA:/tmp/.tmphjBt5q/expected.rgba"]
[validation] magick ["/tmp/.tmphjBt5q/results/alpha-z8-9.png", "-auto-orient", "-depth", "8", "RGBA:/tmp/.tmphjBt5q/actual.rgba"]
[validation] magick ["/tmp/.tmphjBt5q/alpha.png", "-auto-orient", "-format", "%w %h", "info:"]
[validation] magick ["/tmp/.tmphjBt5q/results/alpha-z8-9.png", "-auto-orient", "-format", "%w %h", "info:"]
[validation] magick ["/tmp/.tmphjBt5q/results/alpha-z8-9.png", "-auto-orient", "-format", "%w %h", "info:"]
[validation] magick ["/tmp/.tmphjBt5q/alpha.png", "-auto-orient", "-depth", "8", "RGBA:/tmp/.tmphjBt5q/expected.rgba"]
[validation] magick ["/tmp/.tmphjBt5q/results/alpha-z8-10.png", "-auto-orient", "-depth", "8", "RGBA:/tmp/.tmphjBt5q/actual.rgba"]
[validation] magick ["/tmp/.tmphjBt5q/alpha.png", "-auto-orient", "-format", "%w %h", "info:"]
[validation] magick ["/tmp/.tmphjBt5q/results/alpha-z8-10.png", "-auto-orient", "-format", "%w %h", "info:"]
[validation] magick ["/tmp/.tmphjBt5q/results/alpha-z8-10.png", "-auto-orient", "-format", "%w %h", "info:"]
[validation] magick ["/tmp/.tmphjBt5q/alpha.png", "-auto-orient", "-depth", "8", "RGBA:/tmp/.tmphjBt5q/expected.rgba"]
[validation] magick ["/tmp/.tmphjBt5q/results/alpha-z8-11.png", "-auto-orient", "-depth", "8", "RGBA:/tmp/.tmphjBt5q/actual.rgba"]
[validation] magick ["/tmp/.tmphjBt5q/alpha.png", "-auto-orient", "-format", "%w %h", "info:"]
[validation] magick ["/tmp/.tmphjBt5q/results/alpha-z8-11.png", "-auto-orient", "-format", "%w %h", "info:"]
[validation] magick ["/tmp/.tmphjBt5q/results/alpha-z8-11.png", "-auto-orient", "-format", "%w %h", "info:"]
[validation] magick ["/tmp/.tmphjBt5q/alpha.png", "-auto-orient", "-depth", "8", "RGBA:/tmp/.tmphjBt5q/expected.rgba"]
[validation] magick ["/tmp/.tmphjBt5q/results/alpha-z8-12.png", "-auto-orient", "-depth", "8", "RGBA:/tmp/.tmphjBt5q/actual.rgba"]
[validation] magick ["/tmp/.tmphjBt5q/alpha.png", "-auto-orient", "-format", "%w %h", "info:"]
[validation] magick ["/tmp/.tmphjBt5q/results/alpha-z8-12.png", "-auto-orient", "-format", "%w %h", "info:"]
[validation] magick ["/tmp/.tmphjBt5q/results/alpha-z8-12.png", "-auto-orient", "-format", "%w %h", "info:"]
[validation] magick ["/tmp/.tmphjBt5q/alpha.png", "-auto-orient", "-depth", "8", "RGBA:/tmp/.tmphjBt5q/expected.rgba"]
[validation] magick ["/tmp/.tmphjBt5q/results/alpha-z8-13.png", "-auto-orient", "-depth", "8", "RGBA:/tmp/.tmphjBt5q/actual.rgba"]
[validation] magick ["/tmp/.tmphjBt5q/alpha.png", "-auto-orient", "-format", "%w %h", "info:"]
[validation] magick ["/tmp/.tmphjBt5q/results/alpha-z8-13.png", "-auto-orient", "-format", "%w %h", "info:"]
[validation] magick ["/tmp/.tmphjBt5q/results/alpha-z8-13.png", "-auto-orient", "-format", "%w %h", "info:"]
[validation] magick ["/tmp/.tmphjBt5q/alpha.png", "-auto-orient", "-depth", "8", "RGBA:/tmp/.tmphjBt5q/expected.rgba"]
[validation] magick ["/tmp/.tmphjBt5q/results/alpha-z8-14.png", "-auto-orient", "-depth", "8", "RGBA:/tmp/.tmphjBt5q/actual.rgba"]
[validation] magick ["/tmp/.tmphjBt5q/alpha.png", "-auto-orient", "-format", "%w %h", "info:"]
[validation] magick ["/tmp/.tmphjBt5q/results/alpha-z8-14.png", "-auto-orient", "-format", "%w %h", "info:"]
[validation] magick ["/tmp/.tmphjBt5q/results/alpha-z8-14.png", "-auto-orient", "-format", "%w %h", "info:"]
[validation] magick ["/tmp/.tmphjBt5q/alpha.png", "-auto-orient", "-depth", "8", "RGBA:/tmp/.tmphjBt5q/expected.rgba"]
[validation] magick ["/tmp/.tmphjBt5q/results/alpha-z8-15.png", "-auto-orient", "-depth", "8", "RGBA:/tmp/.tmphjBt5q/actual.rgba"]
[validation] magick ["/tmp/.tmphjBt5q/alpha.png", "-auto-orient", "-format", "%w %h", "info:"]
[validation] magick ["/tmp/.tmphjBt5q/results/alpha-z8-15.png", "-auto-orient", "-format", "%w %h", "info:"]
[validation] magick ["/tmp/.tmphjBt5q/results/alpha-z8-15.png", "-auto-orient", "-format", "%w %h", "info:"]
[validation] magick ["/tmp/.tmphjBt5q/gradient16.png", "-auto-orient", "-depth", "8", "RGBA:/tmp/.tmphjBt5q/expected.rgba"]
[validation] magick ["/tmp/.tmphjBt5q/results/gradient16-z8-1.avif", "-auto-orient", "-depth", "8", "RGBA:/tmp/.tmphjBt5q/actual.rgba"]
[validation] magick ["/tmp/.tmphjBt5q/gradient16.png", "-auto-orient", "-format", "%w %h", "info:"]
[validation] magick ["/tmp/.tmphjBt5q/results/gradient16-z8-1.avif", "-auto-orient", "-format", "%w %h", "info:"]
[validation] magick ["/tmp/.tmphjBt5q/results/gradient16-z8-1.avif", "-auto-orient", "-format", "%w %h", "info:"]
[validation] magick ["/tmp/.tmphjBt5q/gradient16.png", "-auto-orient", "-depth", "8", "RGBA:/tmp/.tmphjBt5q/expected.rgba"]
[validation] magick ["/tmp/.tmphjBt5q/results/gradient16-z8-2.avif", "-auto-orient", "-depth", "8", "RGBA:/tmp/.tmphjBt5q/actual.rgba"]
[validation] magick ["/tmp/.tmphjBt5q/gradient16.png", "-auto-orient", "-format", "%w %h", "info:"]
[validation] magick ["/tmp/.tmphjBt5q/results/gradient16-z8-2.avif", "-auto-orient", "-format", "%w %h", "info:"]
[validation] magick ["/tmp/.tmphjBt5q/results/gradient16-z8-2.avif", "-auto-orient", "-format", "%w %h", "info:"]
[validation] magick ["/tmp/.tmphjBt5q/gradient16.png", "-auto-orient", "-depth", "8", "RGBA:/tmp/.tmphjBt5q/expected.rgba"]
[validation] magick ["/tmp/.tmphjBt5q/results/gradient16-z8-3.avif", "-auto-orient", "-depth", "8", "RGBA:/tmp/.tmphjBt5q/actual.rgba"]
[validation] magick ["/tmp/.tmphjBt5q/gradient16.png", "-auto-orient", "-format", "%w %h", "info:"]
[validation] magick ["/tmp/.tmphjBt5q/results/gradient16-z8-3.avif", "-auto-orient", "-format", "%w %h", "info:"]
[validation] magick ["/tmp/.tmphjBt5q/results/gradient16-z8-3.avif", "-auto-orient", "-format", "%w %h", "info:"]
[validation] magick ["/tmp/.tmphjBt5q/gradient16.png", "-auto-orient", "-depth", "8", "RGBA:/tmp/.tmphjBt5q/expected.rgba"]
[validation] magick ["/tmp/.tmphjBt5q/results/gradient16-z8-4.avif", "-auto-orient", "-depth", "8", "RGBA:/tmp/.tmphjBt5q/actual.rgba"]
[validation] magick ["/tmp/.tmphjBt5q/gradient16.png", "-auto-orient", "-format", "%w %h", "info:"]
[validation] magick ["/tmp/.tmphjBt5q/results/gradient16-z8-4.avif", "-auto-orient", "-format", "%w %h", "info:"]
[validation] magick ["/tmp/.tmphjBt5q/results/gradient16-z8-4.avif", "-auto-orient", "-format", "%w %h", "info:"]
[validation] magick ["/tmp/.tmphjBt5q/gradient16.png", "-auto-orient", "-depth", "8", "RGBA:/tmp/.tmphjBt5q/expected.rgba"]
[validation] magick ["/tmp/.tmphjBt5q/results/gradient16-z8-5.avif", "-auto-orient", "-depth", "8", "RGBA:/tmp/.tmphjBt5q/actual.rgba"]
[validation] magick ["/tmp/.tmphjBt5q/gradient16.png", "-auto-orient", "-format", "%w %h", "info:"]
[validation] magick ["/tmp/.tmphjBt5q/results/gradient16-z8-5.avif", "-auto-orient", "-format", "%w %h", "info:"]
[validation] magick ["/tmp/.tmphjBt5q/results/gradient16-z8-5.avif", "-auto-orient", "-format", "%w %h", "info:"]
[validation] magick ["/tmp/.tmphjBt5q/gradient16.png", "-auto-orient", "-depth", "8", "RGBA:/tmp/.tmphjBt5q/expected.rgba"]
[validation] magick ["/tmp/.tmphjBt5q/results/gradient16-z8-6.avif", "-auto-orient", "-depth", "8", "RGBA:/tmp/.tmphjBt5q/actual.rgba"]
[validation] magick ["/tmp/.tmphjBt5q/gradient16.png", "-auto-orient", "-format", "%w %h", "info:"]
[validation] magick ["/tmp/.tmphjBt5q/results/gradient16-z8-6.avif", "-auto-orient", "-format", "%w %h", "info:"]
[validation] magick ["/tmp/.tmphjBt5q/results/gradient16-z8-6.avif", "-auto-orient", "-format", "%w %h", "info:"]
[validation] magick ["/tmp/.tmphjBt5q/gradient16.png", "-auto-orient", "-depth", "8", "RGBA:/tmp/.tmphjBt5q/expected.rgba"]
[validation] magick ["/tmp/.tmphjBt5q/results/gradient16-z8-7.avif", "-auto-orient", "-depth", "8", "RGBA:/tmp/.tmphjBt5q/actual.rgba"]
[validation] magick ["/tmp/.tmphjBt5q/gradient16.png", "-auto-orient", "-format", "%w %h", "info:"]
[validation] magick ["/tmp/.tmphjBt5q/results/gradient16-z8-7.avif", "-auto-orient", "-format", "%w %h", "info:"]
[validation] magick ["/tmp/.tmphjBt5q/results/gradient16-z8-7.avif", "-auto-orient", "-format", "%w %h", "info:"]
[validation] magick ["/tmp/.tmphjBt5q/gradient16.png", "-auto-orient", "-depth", "8", "RGBA:/tmp/.tmphjBt5q/expected.rgba"]
[validation] magick ["/tmp/.tmphjBt5q/results/gradient16-z8-8.avif", "-auto-orient", "-depth", "8", "RGBA:/tmp/.tmphjBt5q/actual.rgba"]
[validation] magick ["/tmp/.tmphjBt5q/gradient16.png", "-auto-orient", "-format", "%w %h", "info:"]
[validation] magick ["/tmp/.tmphjBt5q/results/gradient16-z8-8.avif", "-auto-orient", "-format", "%w %h", "info:"]
[validation] magick ["/tmp/.tmphjBt5q/results/gradient16-z8-8.avif", "-auto-orient", "-format", "%w %h", "info:"]
[validation] magick ["/tmp/.tmphjBt5q/gradient16.png", "-auto-orient", "-depth", "8", "RGBA:/tmp/.tmphjBt5q/expected.rgba"]
[validation] magick ["/tmp/.tmphjBt5q/results/gradient16-z8-9.avif", "-auto-orient", "-depth", "8", "RGBA:/tmp/.tmphjBt5q/actual.rgba"]
[validation] magick ["/tmp/.tmphjBt5q/gradient16.png", "-auto-orient", "-format", "%w %h", "info:"]
[validation] magick ["/tmp/.tmphjBt5q/results/gradient16-z8-9.avif", "-auto-orient", "-format", "%w %h", "info:"]
[validation] magick ["/tmp/.tmphjBt5q/results/gradient16-z8-9.avif", "-auto-orient", "-format", "%w %h", "info:"]
[validation] magick ["/tmp/.tmphjBt5q/gradient16.png", "-auto-orient", "-depth", "8", "RGBA:/tmp/.tmphjBt5q/expected.rgba"]
[validation] magick ["/tmp/.tmphjBt5q/results/gradient16-z8-10.avif", "-auto-orient", "-depth", "8", "RGBA:/tmp/.tmphjBt5q/actual.rgba"]
[validation] magick ["/tmp/.tmphjBt5q/gradient16.png", "-auto-orient", "-format", "%w %h", "info:"]
[validation] magick ["/tmp/.tmphjBt5q/results/gradient16-z8-10.avif", "-auto-orient", "-format", "%w %h", "info:"]
[validation] magick ["/tmp/.tmphjBt5q/results/gradient16-z8-10.avif", "-auto-orient", "-format", "%w %h", "info:"]
[validation] magick ["/tmp/.tmphjBt5q/gradient16.png", "-auto-orient", "-depth", "8", "RGBA:/tmp/.tmphjBt5q/expected.rgba"]
[validation] magick ["/tmp/.tmphjBt5q/results/gradient16-z8-11.avif", "-auto-orient", "-depth", "8", "RGBA:/tmp/.tmphjBt5q/actual.rgba"]
[validation] magick ["/tmp/.tmphjBt5q/gradient16.png", "-auto-orient", "-format", "%w %h", "info:"]
[validation] magick ["/tmp/.tmphjBt5q/results/gradient16-z8-11.avif", "-auto-orient", "-format", "%w %h", "info:"]
[validation] magick ["/tmp/.tmphjBt5q/results/gradient16-z8-11.avif", "-auto-orient", "-format", "%w %h", "info:"]
[validation] magick ["/tmp/.tmphjBt5q/gradient16.png", "-auto-orient", "-depth", "8", "RGBA:/tmp/.tmphjBt5q/expected.rgba"]
[validation] magick ["/tmp/.tmphjBt5q/results/gradient16-z8-12.avif", "-auto-orient", "-depth", "8", "RGBA:/tmp/.tmphjBt5q/actual.rgba"]
[validation] magick ["/tmp/.tmphjBt5q/gradient16.png", "-auto-orient", "-format", "%w %h", "info:"]
[validation] magick ["/tmp/.tmphjBt5q/results/gradient16-z8-12.avif", "-auto-orient", "-format", "%w %h", "info:"]
[validation] magick ["/tmp/.tmphjBt5q/results/gradient16-z8-12.avif", "-auto-orient", "-format", "%w %h", "info:"]
[validation] magick ["/tmp/.tmphjBt5q/gradient16.png", "-auto-orient", "-depth", "8", "RGBA:/tmp/.tmphjBt5q/expected.rgba"]
[validation] magick ["/tmp/.tmphjBt5q/results/gradient16-z8-13.avif", "-auto-orient", "-depth", "8", "RGBA:/tmp/.tmphjBt5q/actual.rgba"]
[validation] magick ["/tmp/.tmphjBt5q/gradient16.png", "-auto-orient", "-format", "%w %h", "info:"]
[validation] magick ["/tmp/.tmphjBt5q/results/gradient16-z8-13.avif", "-auto-orient", "-format", "%w %h", "info:"]
[validation] magick ["/tmp/.tmphjBt5q/results/gradient16-z8-13.avif", "-auto-orient", "-format", "%w %h", "info:"]
[validation] magick ["/tmp/.tmphjBt5q/gradient16.png", "-auto-orient", "-depth", "8", "RGBA:/tmp/.tmphjBt5q/expected.rgba"]
[validation] magick ["/tmp/.tmphjBt5q/results/gradient16-z8-14.avif", "-auto-orient", "-depth", "8", "RGBA:/tmp/.tmphjBt5q/actual.rgba"]
[validation] magick ["/tmp/.tmphjBt5q/gradient16.png", "-auto-orient", "-format", "%w %h", "info:"]
[validation] magick ["/tmp/.tmphjBt5q/results/gradient16-z8-14.avif", "-auto-orient", "-format", "%w %h", "info:"]
[validation] magick ["/tmp/.tmphjBt5q/results/gradient16-z8-14.avif", "-auto-orient", "-format", "%w %h", "info:"]
[validation] magick ["/tmp/.tmphjBt5q/gradient16.png", "-auto-orient", "-depth", "8", "RGBA:/tmp/.tmphjBt5q/expected.rgba"]
[validation] magick ["/tmp/.tmphjBt5q/results/gradient16-z8-15.avif", "-auto-orient", "-depth", "8", "RGBA:/tmp/.tmphjBt5q/actual.rgba"]
[validation] magick ["/tmp/.tmphjBt5q/gradient16.png", "-auto-orient", "-format", "%w %h", "info:"]
[validation] magick ["/tmp/.tmphjBt5q/results/gradient16-z8-15.avif", "-auto-orient", "-format", "%w %h", "info:"]
[validation] magick ["/tmp/.tmphjBt5q/results/gradient16-z8-15.avif", "-auto-orient", "-format", "%w %h", "info:"]
[validation] magick ["/tmp/.tmphjBt5q/gradient16.png", "-auto-orient", "-depth", "8", "RGBA:/tmp/.tmphjBt5q/expected.rgba"]
[validation] magick ["/tmp/.tmphjBt5q/results/gradient16-z8-1.webp", "-auto-orient", "-depth", "8", "RGBA:/tmp/.tmphjBt5q/actual.rgba"]
[validation] magick ["/tmp/.tmphjBt5q/gradient16.png", "-auto-orient", "-format", "%w %h", "info:"]
[validation] magick ["/tmp/.tmphjBt5q/results/gradient16-z8-1.webp", "-auto-orient", "-format", "%w %h", "info:"]
[validation] magick ["/tmp/.tmphjBt5q/results/gradient16-z8-1.webp", "-auto-orient", "-format", "%w %h", "info:"]
[validation] magick ["/tmp/.tmphjBt5q/gradient16.png", "-auto-orient", "-depth", "8", "RGBA:/tmp/.tmphjBt5q/expected.rgba"]
[validation] magick ["/tmp/.tmphjBt5q/results/gradient16-z8-2.webp", "-auto-orient", "-depth", "8", "RGBA:/tmp/.tmphjBt5q/actual.rgba"]
[validation] magick ["/tmp/.tmphjBt5q/gradient16.png", "-auto-orient", "-format", "%w %h", "info:"]
[validation] magick ["/tmp/.tmphjBt5q/results/gradient16-z8-2.webp", "-auto-orient", "-format", "%w %h", "info:"]
[validation] magick ["/tmp/.tmphjBt5q/results/gradient16-z8-2.webp", "-auto-orient", "-format", "%w %h", "info:"]
[validation] magick ["/tmp/.tmphjBt5q/gradient16.png", "-auto-orient", "-depth", "8", "RGBA:/tmp/.tmphjBt5q/expected.rgba"]
[validation] magick ["/tmp/.tmphjBt5q/results/gradient16-z8-3.webp", "-auto-orient", "-depth", "8", "RGBA:/tmp/.tmphjBt5q/actual.rgba"]
[validation] magick ["/tmp/.tmphjBt5q/gradient16.png", "-auto-orient", "-format", "%w %h", "info:"]
[validation] magick ["/tmp/.tmphjBt5q/results/gradient16-z8-3.webp", "-auto-orient", "-format", "%w %h", "info:"]
[validation] magick ["/tmp/.tmphjBt5q/results/gradient16-z8-3.webp", "-auto-orient", "-format", "%w %h", "info:"]
[validation] magick ["/tmp/.tmphjBt5q/gradient16.png", "-auto-orient", "-depth", "8", "RGBA:/tmp/.tmphjBt5q/expected.rgba"]
[validation] magick ["/tmp/.tmphjBt5q/results/gradient16-z8-4.webp", "-auto-orient", "-depth", "8", "RGBA:/tmp/.tmphjBt5q/actual.rgba"]
[validation] magick ["/tmp/.tmphjBt5q/gradient16.png", "-auto-orient", "-format", "%w %h", "info:"]
[validation] magick ["/tmp/.tmphjBt5q/results/gradient16-z8-4.webp", "-auto-orient", "-format", "%w %h", "info:"]
[validation] magick ["/tmp/.tmphjBt5q/results/gradient16-z8-4.webp", "-auto-orient", "-format", "%w %h", "info:"]
[validation] magick ["/tmp/.tmphjBt5q/gradient16.png", "-auto-orient", "-depth", "8", "RGBA:/tmp/.tmphjBt5q/expected.rgba"]
[validation] magick ["/tmp/.tmphjBt5q/results/gradient16-z8-5.webp", "-auto-orient", "-depth", "8", "RGBA:/tmp/.tmphjBt5q/actual.rgba"]
[validation] magick ["/tmp/.tmphjBt5q/gradient16.png", "-auto-orient", "-format", "%w %h", "info:"]
[validation] magick ["/tmp/.tmphjBt5q/results/gradient16-z8-5.webp", "-auto-orient", "-format", "%w %h", "info:"]
[validation] magick ["/tmp/.tmphjBt5q/results/gradient16-z8-5.webp", "-auto-orient", "-format", "%w %h", "info:"]
[validation] magick ["/tmp/.tmphjBt5q/gradient16.png", "-auto-orient", "-depth", "8", "RGBA:/tmp/.tmphjBt5q/expected.rgba"]
[validation] magick ["/tmp/.tmphjBt5q/results/gradient16-z8-6.webp", "-auto-orient", "-depth", "8", "RGBA:/tmp/.tmphjBt5q/actual.rgba"]
[validation] magick ["/tmp/.tmphjBt5q/gradient16.png", "-auto-orient", "-format", "%w %h", "info:"]
[validation] magick ["/tmp/.tmphjBt5q/results/gradient16-z8-6.webp", "-auto-orient", "-format", "%w %h", "info:"]
[validation] magick ["/tmp/.tmphjBt5q/results/gradient16-z8-6.webp", "-auto-orient", "-format", "%w %h", "info:"]
[validation] magick ["/tmp/.tmphjBt5q/gradient16.png", "-auto-orient", "-depth", "8", "RGBA:/tmp/.tmphjBt5q/expected.rgba"]
[validation] magick ["/tmp/.tmphjBt5q/results/gradient16-z8-7.webp", "-auto-orient", "-depth", "8", "RGBA:/tmp/.tmphjBt5q/actual.rgba"]
[validation] magick ["/tmp/.tmphjBt5q/gradient16.png", "-auto-orient", "-format", "%w %h", "info:"]
[validation] magick ["/tmp/.tmphjBt5q/results/gradient16-z8-7.webp", "-auto-orient", "-format", "%w %h", "info:"]
[validation] magick ["/tmp/.tmphjBt5q/results/gradient16-z8-7.webp", "-auto-orient", "-format", "%w %h", "info:"]
[validation] magick ["/tmp/.tmphjBt5q/gradient16.png", "-auto-orient", "-depth", "8", "RGBA:/tmp/.tmphjBt5q/expected.rgba"]
[validation] magick ["/tmp/.tmphjBt5q/results/gradient16-z8-8.webp", "-auto-orient", "-depth", "8", "RGBA:/tmp/.tmphjBt5q/actual.rgba"]
[validation] magick ["/tmp/.tmphjBt5q/gradient16.png", "-auto-orient", "-format", "%w %h", "info:"]
[validation] magick ["/tmp/.tmphjBt5q/results/gradient16-z8-8.webp", "-auto-orient", "-format", "%w %h", "info:"]
[validation] magick ["/tmp/.tmphjBt5q/results/gradient16-z8-8.webp", "-auto-orient", "-format", "%w %h", "info:"]
[validation] magick ["/tmp/.tmphjBt5q/gradient16.png", "-auto-orient", "-depth", "8", "RGBA:/tmp/.tmphjBt5q/expected.rgba"]
[validation] magick ["/tmp/.tmphjBt5q/results/gradient16-z8-9.webp", "-auto-orient", "-depth", "8", "RGBA:/tmp/.tmphjBt5q/actual.rgba"]
[validation] magick ["/tmp/.tmphjBt5q/gradient16.png", "-auto-orient", "-format", "%w %h", "info:"]
[validation] magick ["/tmp/.tmphjBt5q/results/gradient16-z8-9.webp", "-auto-orient", "-format", "%w %h", "info:"]
[validation] magick ["/tmp/.tmphjBt5q/results/gradient16-z8-9.webp", "-auto-orient", "-format", "%w %h", "info:"]
[validation] magick ["/tmp/.tmphjBt5q/gradient16.png", "-auto-orient", "-depth", "8", "RGBA:/tmp/.tmphjBt5q/expected.rgba"]
[validation] magick ["/tmp/.tmphjBt5q/results/gradient16-z8-10.webp", "-auto-orient", "-depth", "8", "RGBA:/tmp/.tmphjBt5q/actual.rgba"]
[validation] magick ["/tmp/.tmphjBt5q/gradient16.png", "-auto-orient", "-format", "%w %h", "info:"]
[validation] magick ["/tmp/.tmphjBt5q/results/gradient16-z8-10.webp", "-auto-orient", "-format", "%w %h", "info:"]
[validation] magick ["/tmp/.tmphjBt5q/results/gradient16-z8-10.webp", "-auto-orient", "-format", "%w %h", "info:"]
[validation] magick ["/tmp/.tmphjBt5q/gradient16.png", "-auto-orient", "-depth", "8", "RGBA:/tmp/.tmphjBt5q/expected.rgba"]
[validation] magick ["/tmp/.tmphjBt5q/results/gradient16-z8-11.webp", "-auto-orient", "-depth", "8", "RGBA:/tmp/.tmphjBt5q/actual.rgba"]
[validation] magick ["/tmp/.tmphjBt5q/gradient16.png", "-auto-orient", "-format", "%w %h", "info:"]
[validation] magick ["/tmp/.tmphjBt5q/results/gradient16-z8-11.webp", "-auto-orient", "-format", "%w %h", "info:"]
[validation] magick ["/tmp/.tmphjBt5q/results/gradient16-z8-11.webp", "-auto-orient", "-format", "%w %h", "info:"]
[validation] magick ["/tmp/.tmphjBt5q/gradient16.png", "-auto-orient", "-depth", "8", "RGBA:/tmp/.tmphjBt5q/expected.rgba"]
[validation] magick ["/tmp/.tmphjBt5q/results/gradient16-z8-12.webp", "-auto-orient", "-depth", "8", "RGBA:/tmp/.tmphjBt5q/actual.rgba"]
[validation] magick ["/tmp/.tmphjBt5q/gradient16.png", "-auto-orient", "-format", "%w %h", "info:"]
[validation] magick ["/tmp/.tmphjBt5q/results/gradient16-z8-12.webp", "-auto-orient", "-format", "%w %h", "info:"]
[validation] magick ["/tmp/.tmphjBt5q/results/gradient16-z8-12.webp", "-auto-orient", "-format", "%w %h", "info:"]
[validation] magick ["/tmp/.tmphjBt5q/gradient16.png", "-auto-orient", "-depth", "8", "RGBA:/tmp/.tmphjBt5q/expected.rgba"]
[validation] magick ["/tmp/.tmphjBt5q/results/gradient16-z8-13.webp", "-auto-orient", "-depth", "8", "RGBA:/tmp/.tmphjBt5q/actual.rgba"]
[validation] magick ["/tmp/.tmphjBt5q/gradient16.png", "-auto-orient", "-format", "%w %h", "info:"]
[validation] magick ["/tmp/.tmphjBt5q/results/gradient16-z8-13.webp", "-auto-orient", "-format", "%w %h", "info:"]
[validation] magick ["/tmp/.tmphjBt5q/results/gradient16-z8-13.webp", "-auto-orient", "-format", "%w %h", "info:"]
[validation] magick ["/tmp/.tmphjBt5q/gradient16.png", "-auto-orient", "-depth", "8", "RGBA:/tmp/.tmphjBt5q/expected.rgba"]
[validation] magick ["/tmp/.tmphjBt5q/results/gradient16-z8-14.webp", "-auto-orient", "-depth", "8", "RGBA:/tmp/.tmphjBt5q/actual.rgba"]
[validation] magick ["/tmp/.tmphjBt5q/gradient16.png", "-auto-orient", "-format", "%w %h", "info:"]
[validation] magick ["/tmp/.tmphjBt5q/results/gradient16-z8-14.webp", "-auto-orient", "-format", "%w %h", "info:"]
[validation] magick ["/tmp/.tmphjBt5q/results/gradient16-z8-14.webp", "-auto-orient", "-format", "%w %h", "info:"]
[validation] magick ["/tmp/.tmphjBt5q/gradient16.png", "-auto-orient", "-depth", "8", "RGBA:/tmp/.tmphjBt5q/expected.rgba"]
[validation] magick ["/tmp/.tmphjBt5q/results/gradient16-z8-15.webp", "-auto-orient", "-depth", "8", "RGBA:/tmp/.tmphjBt5q/actual.rgba"]
[validation] magick ["/tmp/.tmphjBt5q/gradient16.png", "-auto-orient", "-format", "%w %h", "info:"]
[validation] magick ["/tmp/.tmphjBt5q/results/gradient16-z8-15.webp", "-auto-orient", "-format", "%w %h", "info:"]
[validation] magick ["/tmp/.tmphjBt5q/results/gradient16-z8-15.webp", "-auto-orient", "-format", "%w %h", "info:"]
[validation] magick ["/tmp/.tmphjBt5q/gradient16.png", "-auto-orient", "-background", "white", "-alpha", "remove", "-alpha", "off", "-depth", "8", "RGBA:/tmp/.tmphjBt5q/expected.rgba"]
[validation] magick ["/tmp/.tmphjBt5q/results/gradient16-z8-1.jpg", "-auto-orient", "-depth", "8", "RGBA:/tmp/.tmphjBt5q/actual.rgba"]
[validation] magick ["/tmp/.tmphjBt5q/gradient16.png", "-auto-orient", "-format", "%w %h", "info:"]
[validation] magick ["/tmp/.tmphjBt5q/results/gradient16-z8-1.jpg", "-auto-orient", "-format", "%w %h", "info:"]
[validation] magick ["/tmp/.tmphjBt5q/results/gradient16-z8-1.jpg", "-auto-orient", "-format", "%w %h", "info:"]
[validation] magick ["/tmp/.tmphjBt5q/gradient16.png", "-auto-orient", "-background", "white", "-alpha", "remove", "-alpha", "off", "-depth", "8", "RGBA:/tmp/.tmphjBt5q/expected.rgba"]
[validation] magick ["/tmp/.tmphjBt5q/results/gradient16-z8-2.jpg", "-auto-orient", "-depth", "8", "RGBA:/tmp/.tmphjBt5q/actual.rgba"]
[validation] magick ["/tmp/.tmphjBt5q/gradient16.png", "-auto-orient", "-format", "%w %h", "info:"]
[validation] magick ["/tmp/.tmphjBt5q/results/gradient16-z8-2.jpg", "-auto-orient", "-format", "%w %h", "info:"]
[validation] magick ["/tmp/.tmphjBt5q/results/gradient16-z8-2.jpg", "-auto-orient", "-format", "%w %h", "info:"]
[validation] magick ["/tmp/.tmphjBt5q/gradient16.png", "-auto-orient", "-background", "white", "-alpha", "remove", "-alpha", "off", "-depth", "8", "RGBA:/tmp/.tmphjBt5q/expected.rgba"]
[validation] magick ["/tmp/.tmphjBt5q/results/gradient16-z8-3.jpg", "-auto-orient", "-depth", "8", "RGBA:/tmp/.tmphjBt5q/actual.rgba"]
[validation] magick ["/tmp/.tmphjBt5q/gradient16.png", "-auto-orient", "-format", "%w %h", "info:"]
[validation] magick ["/tmp/.tmphjBt5q/results/gradient16-z8-3.jpg", "-auto-orient", "-format", "%w %h", "info:"]
[validation] magick ["/tmp/.tmphjBt5q/results/gradient16-z8-3.jpg", "-auto-orient", "-format", "%w %h", "info:"]
[validation] magick ["/tmp/.tmphjBt5q/gradient16.png", "-auto-orient", "-background", "white", "-alpha", "remove", "-alpha", "off", "-depth", "8", "RGBA:/tmp/.tmphjBt5q/expected.rgba"]
[validation] magick ["/tmp/.tmphjBt5q/results/gradient16-z8-4.jpg", "-auto-orient", "-depth", "8", "RGBA:/tmp/.tmphjBt5q/actual.rgba"]
[validation] magick ["/tmp/.tmphjBt5q/gradient16.png", "-auto-orient", "-format", "%w %h", "info:"]
[validation] magick ["/tmp/.tmphjBt5q/results/gradient16-z8-4.jpg", "-auto-orient", "-format", "%w %h", "info:"]
[validation] magick ["/tmp/.tmphjBt5q/results/gradient16-z8-4.jpg", "-auto-orient", "-format", "%w %h", "info:"]
[validation] magick ["/tmp/.tmphjBt5q/gradient16.png", "-auto-orient", "-background", "white", "-alpha", "remove", "-alpha", "off", "-depth", "8", "RGBA:/tmp/.tmphjBt5q/expected.rgba"]
[validation] magick ["/tmp/.tmphjBt5q/results/gradient16-z8-5.jpg", "-auto-orient", "-depth", "8", "RGBA:/tmp/.tmphjBt5q/actual.rgba"]
[validation] magick ["/tmp/.tmphjBt5q/gradient16.png", "-auto-orient", "-format", "%w %h", "info:"]
[validation] magick ["/tmp/.tmphjBt5q/results/gradient16-z8-5.jpg", "-auto-orient", "-format", "%w %h", "info:"]
[validation] magick ["/tmp/.tmphjBt5q/results/gradient16-z8-5.jpg", "-auto-orient", "-format", "%w %h", "info:"]
[validation] magick ["/tmp/.tmphjBt5q/gradient16.png", "-auto-orient", "-background", "white", "-alpha", "remove", "-alpha", "off", "-depth", "8", "RGBA:/tmp/.tmphjBt5q/expected.rgba"]
[validation] magick ["/tmp/.tmphjBt5q/results/gradient16-z8-6.jpg", "-auto-orient", "-depth", "8", "RGBA:/tmp/.tmphjBt5q/actual.rgba"]
[validation] magick ["/tmp/.tmphjBt5q/gradient16.png", "-auto-orient", "-format", "%w %h", "info:"]
[validation] magick ["/tmp/.tmphjBt5q/results/gradient16-z8-6.jpg", "-auto-orient", "-format", "%w %h", "info:"]
[validation] magick ["/tmp/.tmphjBt5q/results/gradient16-z8-6.jpg", "-auto-orient", "-format", "%w %h", "info:"]
[validation] magick ["/tmp/.tmphjBt5q/gradient16.png", "-auto-orient", "-background", "white", "-alpha", "remove", "-alpha", "off", "-depth", "8", "RGBA:/tmp/.tmphjBt5q/expected.rgba"]
[validation] magick ["/tmp/.tmphjBt5q/results/gradient16-z8-7.jpg", "-auto-orient", "-depth", "8", "RGBA:/tmp/.tmphjBt5q/actual.rgba"]
[validation] magick ["/tmp/.tmphjBt5q/gradient16.png", "-auto-orient", "-format", "%w %h", "info:"]
[validation] magick ["/tmp/.tmphjBt5q/results/gradient16-z8-7.jpg", "-auto-orient", "-format", "%w %h", "info:"]
[validation] magick ["/tmp/.tmphjBt5q/results/gradient16-z8-7.jpg", "-auto-orient", "-format", "%w %h", "info:"]
[validation] magick ["/tmp/.tmphjBt5q/gradient16.png", "-auto-orient", "-background", "white", "-alpha", "remove", "-alpha", "off", "-depth", "8", "RGBA:/tmp/.tmphjBt5q/expected.rgba"]
[validation] magick ["/tmp/.tmphjBt5q/results/gradient16-z8-8.jpg", "-auto-orient", "-depth", "8", "RGBA:/tmp/.tmphjBt5q/actual.rgba"]
[validation] magick ["/tmp/.tmphjBt5q/gradient16.png", "-auto-orient", "-format", "%w %h", "info:"]
[validation] magick ["/tmp/.tmphjBt5q/results/gradient16-z8-8.jpg", "-auto-orient", "-format", "%w %h", "info:"]
[validation] magick ["/tmp/.tmphjBt5q/results/gradient16-z8-8.jpg", "-auto-orient", "-format", "%w %h", "info:"]
[validation] magick ["/tmp/.tmphjBt5q/gradient16.png", "-auto-orient", "-background", "white", "-alpha", "remove", "-alpha", "off", "-depth", "8", "RGBA:/tmp/.tmphjBt5q/expected.rgba"]
[validation] magick ["/tmp/.tmphjBt5q/results/gradient16-z8-9.jpg", "-auto-orient", "-depth", "8", "RGBA:/tmp/.tmphjBt5q/actual.rgba"]
[validation] magick ["/tmp/.tmphjBt5q/gradient16.png", "-auto-orient", "-format", "%w %h", "info:"]
[validation] magick ["/tmp/.tmphjBt5q/results/gradient16-z8-9.jpg", "-auto-orient", "-format", "%w %h", "info:"]
[validation] magick ["/tmp/.tmphjBt5q/results/gradient16-z8-9.jpg", "-auto-orient", "-format", "%w %h", "info:"]
[validation] magick ["/tmp/.tmphjBt5q/gradient16.png", "-auto-orient", "-background", "white", "-alpha", "remove", "-alpha", "off", "-depth", "8", "RGBA:/tmp/.tmphjBt5q/expected.rgba"]
[validation] magick ["/tmp/.tmphjBt5q/results/gradient16-z8-10.jpg", "-auto-orient", "-depth", "8", "RGBA:/tmp/.tmphjBt5q/actual.rgba"]
[validation] magick ["/tmp/.tmphjBt5q/gradient16.png", "-auto-orient", "-format", "%w %h", "info:"]
[validation] magick ["/tmp/.tmphjBt5q/results/gradient16-z8-10.jpg", "-auto-orient", "-format", "%w %h", "info:"]
[validation] magick ["/tmp/.tmphjBt5q/results/gradient16-z8-10.jpg", "-auto-orient", "-format", "%w %h", "info:"]
[validation] magick ["/tmp/.tmphjBt5q/gradient16.png", "-auto-orient", "-background", "white", "-alpha", "remove", "-alpha", "off", "-depth", "8", "RGBA:/tmp/.tmphjBt5q/expected.rgba"]
[validation] magick ["/tmp/.tmphjBt5q/results/gradient16-z8-11.jpg", "-auto-orient", "-depth", "8", "RGBA:/tmp/.tmphjBt5q/actual.rgba"]
[validation] magick ["/tmp/.tmphjBt5q/gradient16.png", "-auto-orient", "-format", "%w %h", "info:"]
[validation] magick ["/tmp/.tmphjBt5q/results/gradient16-z8-11.jpg", "-auto-orient", "-format", "%w %h", "info:"]
[validation] magick ["/tmp/.tmphjBt5q/results/gradient16-z8-11.jpg", "-auto-orient", "-format", "%w %h", "info:"]
[validation] magick ["/tmp/.tmphjBt5q/gradient16.png", "-auto-orient", "-background", "white", "-alpha", "remove", "-alpha", "off", "-depth", "8", "RGBA:/tmp/.tmphjBt5q/expected.rgba"]
[validation] magick ["/tmp/.tmphjBt5q/results/gradient16-z8-12.jpg", "-auto-orient", "-depth", "8", "RGBA:/tmp/.tmphjBt5q/actual.rgba"]
[validation] magick ["/tmp/.tmphjBt5q/gradient16.png", "-auto-orient", "-format", "%w %h", "info:"]
[validation] magick ["/tmp/.tmphjBt5q/results/gradient16-z8-12.jpg", "-auto-orient", "-format", "%w %h", "info:"]
[validation] magick ["/tmp/.tmphjBt5q/results/gradient16-z8-12.jpg", "-auto-orient", "-format", "%w %h", "info:"]
[validation] magick ["/tmp/.tmphjBt5q/gradient16.png", "-auto-orient", "-background", "white", "-alpha", "remove", "-alpha", "off", "-depth", "8", "RGBA:/tmp/.tmphjBt5q/expected.rgba"]
[validation] magick ["/tmp/.tmphjBt5q/results/gradient16-z8-13.jpg", "-auto-orient", "-depth", "8", "RGBA:/tmp/.tmphjBt5q/actual.rgba"]
[validation] magick ["/tmp/.tmphjBt5q/gradient16.png", "-auto-orient", "-format", "%w %h", "info:"]
[validation] magick ["/tmp/.tmphjBt5q/results/gradient16-z8-13.jpg", "-auto-orient", "-format", "%w %h", "info:"]
[validation] magick ["/tmp/.tmphjBt5q/results/gradient16-z8-13.jpg", "-auto-orient", "-format", "%w %h", "info:"]
[validation] magick ["/tmp/.tmphjBt5q/gradient16.png", "-auto-orient", "-background", "white", "-alpha", "remove", "-alpha", "off", "-depth", "8", "RGBA:/tmp/.tmphjBt5q/expected.rgba"]
[validation] magick ["/tmp/.tmphjBt5q/results/gradient16-z8-14.jpg", "-auto-orient", "-depth", "8", "RGBA:/tmp/.tmphjBt5q/actual.rgba"]
[validation] magick ["/tmp/.tmphjBt5q/gradient16.png", "-auto-orient", "-format", "%w %h", "info:"]
[validation] magick ["/tmp/.tmphjBt5q/results/gradient16-z8-14.jpg", "-auto-orient", "-format", "%w %h", "info:"]
[validation] magick ["/tmp/.tmphjBt5q/results/gradient16-z8-14.jpg", "-auto-orient", "-format", "%w %h", "info:"]
[validation] magick ["/tmp/.tmphjBt5q/gradient16.png", "-auto-orient", "-background", "white", "-alpha", "remove", "-alpha", "off", "-depth", "8", "RGBA:/tmp/.tmphjBt5q/expected.rgba"]
[validation] magick ["/tmp/.tmphjBt5q/results/gradient16-z8-15.jpg", "-auto-orient", "-depth", "8", "RGBA:/tmp/.tmphjBt5q/actual.rgba"]
[validation] magick ["/tmp/.tmphjBt5q/gradient16.png", "-auto-orient", "-format", "%w %h", "info:"]
[validation] magick ["/tmp/.tmphjBt5q/results/gradient16-z8-15.jpg", "-auto-orient", "-format", "%w %h", "info:"]
[validation] magick ["/tmp/.tmphjBt5q/results/gradient16-z8-15.jpg", "-auto-orient", "-format", "%w %h", "info:"]
[validation] magick ["/tmp/.tmphjBt5q/gradient16.png", "-auto-orient", "-depth", "8", "RGBA:/tmp/.tmphjBt5q/expected.rgba"]
[validation] magick ["/tmp/.tmphjBt5q/results/gradient16-z8-1.png", "-auto-orient", "-depth", "8", "RGBA:/tmp/.tmphjBt5q/actual.rgba"]
[validation] magick ["/tmp/.tmphjBt5q/gradient16.png", "-auto-orient", "-format", "%w %h", "info:"]
[validation] magick ["/tmp/.tmphjBt5q/results/gradient16-z8-1.png", "-auto-orient", "-format", "%w %h", "info:"]
[validation] magick ["/tmp/.tmphjBt5q/results/gradient16-z8-1.png", "-auto-orient", "-format", "%w %h", "info:"]
[validation] magick ["/tmp/.tmphjBt5q/gradient16.png", "-auto-orient", "-depth", "8", "RGBA:/tmp/.tmphjBt5q/expected.rgba"]
[validation] magick ["/tmp/.tmphjBt5q/results/gradient16-z8-2.png", "-auto-orient", "-depth", "8", "RGBA:/tmp/.tmphjBt5q/actual.rgba"]
[validation] magick ["/tmp/.tmphjBt5q/gradient16.png", "-auto-orient", "-format", "%w %h", "info:"]
[validation] magick ["/tmp/.tmphjBt5q/results/gradient16-z8-2.png", "-auto-orient", "-format", "%w %h", "info:"]
[validation] magick ["/tmp/.tmphjBt5q/results/gradient16-z8-2.png", "-auto-orient", "-format", "%w %h", "info:"]
[validation] magick ["/tmp/.tmphjBt5q/gradient16.png", "-auto-orient", "-depth", "8", "RGBA:/tmp/.tmphjBt5q/expected.rgba"]
[validation] magick ["/tmp/.tmphjBt5q/results/gradient16-z8-3.png", "-auto-orient", "-depth", "8", "RGBA:/tmp/.tmphjBt5q/actual.rgba"]
[validation] magick ["/tmp/.tmphjBt5q/gradient16.png", "-auto-orient", "-format", "%w %h", "info:"]
[validation] magick ["/tmp/.tmphjBt5q/results/gradient16-z8-3.png", "-auto-orient", "-format", "%w %h", "info:"]
[validation] magick ["/tmp/.tmphjBt5q/results/gradient16-z8-3.png", "-auto-orient", "-format", "%w %h", "info:"]
[validation] magick ["/tmp/.tmphjBt5q/gradient16.png", "-auto-orient", "-depth", "8", "RGBA:/tmp/.tmphjBt5q/expected.rgba"]
[validation] magick ["/tmp/.tmphjBt5q/results/gradient16-z8-4.png", "-auto-orient", "-depth", "8", "RGBA:/tmp/.tmphjBt5q/actual.rgba"]
[validation] magick ["/tmp/.tmphjBt5q/gradient16.png", "-auto-orient", "-format", "%w %h", "info:"]
[validation] magick ["/tmp/.tmphjBt5q/results/gradient16-z8-4.png", "-auto-orient", "-format", "%w %h", "info:"]
[validation] magick ["/tmp/.tmphjBt5q/results/gradient16-z8-4.png", "-auto-orient", "-format", "%w %h", "info:"]
[validation] magick ["/tmp/.tmphjBt5q/gradient16.png", "-auto-orient", "-depth", "8", "RGBA:/tmp/.tmphjBt5q/expected.rgba"]
[validation] magick ["/tmp/.tmphjBt5q/results/gradient16-z8-5.png", "-auto-orient", "-depth", "8", "RGBA:/tmp/.tmphjBt5q/actual.rgba"]
[validation] magick ["/tmp/.tmphjBt5q/gradient16.png", "-auto-orient", "-format", "%w %h", "info:"]
[validation] magick ["/tmp/.tmphjBt5q/results/gradient16-z8-5.png", "-auto-orient", "-format", "%w %h", "info:"]
[validation] magick ["/tmp/.tmphjBt5q/results/gradient16-z8-5.png", "-auto-orient", "-format", "%w %h", "info:"]
[validation] magick ["/tmp/.tmphjBt5q/gradient16.png", "-auto-orient", "-depth", "8", "RGBA:/tmp/.tmphjBt5q/expected.rgba"]
[validation] magick ["/tmp/.tmphjBt5q/results/gradient16-z8-6.png", "-auto-orient", "-depth", "8", "RGBA:/tmp/.tmphjBt5q/actual.rgba"]
[validation] magick ["/tmp/.tmphjBt5q/gradient16.png", "-auto-orient", "-format", "%w %h", "info:"]
[validation] magick ["/tmp/.tmphjBt5q/results/gradient16-z8-6.png", "-auto-orient", "-format", "%w %h", "info:"]
[validation] magick ["/tmp/.tmphjBt5q/results/gradient16-z8-6.png", "-auto-orient", "-format", "%w %h", "info:"]
[validation] magick ["/tmp/.tmphjBt5q/gradient16.png", "-auto-orient", "-depth", "8", "RGBA:/tmp/.tmphjBt5q/expected.rgba"]
[validation] magick ["/tmp/.tmphjBt5q/results/gradient16-z8-7.png", "-auto-orient", "-depth", "8", "RGBA:/tmp/.tmphjBt5q/actual.rgba"]
[validation] magick ["/tmp/.tmphjBt5q/gradient16.png", "-auto-orient", "-format", "%w %h", "info:"]
[validation] magick ["/tmp/.tmphjBt5q/results/gradient16-z8-7.png", "-auto-orient", "-format", "%w %h", "info:"]
[validation] magick ["/tmp/.tmphjBt5q/results/gradient16-z8-7.png", "-auto-orient", "-format", "%w %h", "info:"]
[validation] magick ["/tmp/.tmphjBt5q/gradient16.png", "-auto-orient", "-depth", "8", "RGBA:/tmp/.tmphjBt5q/expected.rgba"]
[validation] magick ["/tmp/.tmphjBt5q/results/gradient16-z8-8.png", "-auto-orient", "-depth", "8", "RGBA:/tmp/.tmphjBt5q/actual.rgba"]
[validation] magick ["/tmp/.tmphjBt5q/gradient16.png", "-auto-orient", "-format", "%w %h", "info:"]
[validation] magick ["/tmp/.tmphjBt5q/results/gradient16-z8-8.png", "-auto-orient", "-format", "%w %h", "info:"]
[validation] magick ["/tmp/.tmphjBt5q/results/gradient16-z8-8.png", "-auto-orient", "-format", "%w %h", "info:"]
[validation] magick ["/tmp/.tmphjBt5q/gradient16.png", "-auto-orient", "-depth", "8", "RGBA:/tmp/.tmphjBt5q/expected.rgba"]
[validation] magick ["/tmp/.tmphjBt5q/results/gradient16-z8-9.png", "-auto-orient", "-depth", "8", "RGBA:/tmp/.tmphjBt5q/actual.rgba"]
[validation] magick ["/tmp/.tmphjBt5q/gradient16.png", "-auto-orient", "-format", "%w %h", "info:"]
[validation] magick ["/tmp/.tmphjBt5q/results/gradient16-z8-9.png", "-auto-orient", "-format", "%w %h", "info:"]
[validation] magick ["/tmp/.tmphjBt5q/results/gradient16-z8-9.png", "-auto-orient", "-format", "%w %h", "info:"]
[validation] magick ["/tmp/.tmphjBt5q/gradient16.png", "-auto-orient", "-depth", "8", "RGBA:/tmp/.tmphjBt5q/expected.rgba"]
[validation] magick ["/tmp/.tmphjBt5q/results/gradient16-z8-10.png", "-auto-orient", "-depth", "8", "RGBA:/tmp/.tmphjBt5q/actual.rgba"]
[validation] magick ["/tmp/.tmphjBt5q/gradient16.png", "-auto-orient", "-format", "%w %h", "info:"]
[validation] magick ["/tmp/.tmphjBt5q/results/gradient16-z8-10.png", "-auto-orient", "-format", "%w %h", "info:"]
[validation] magick ["/tmp/.tmphjBt5q/results/gradient16-z8-10.png", "-auto-orient", "-format", "%w %h", "info:"]
[validation] magick ["/tmp/.tmphjBt5q/gradient16.png", "-auto-orient", "-depth", "8", "RGBA:/tmp/.tmphjBt5q/expected.rgba"]
[validation] magick ["/tmp/.tmphjBt5q/results/gradient16-z8-11.png", "-auto-orient", "-depth", "8", "RGBA:/tmp/.tmphjBt5q/actual.rgba"]
[validation] magick ["/tmp/.tmphjBt5q/gradient16.png", "-auto-orient", "-format", "%w %h", "info:"]
[validation] magick ["/tmp/.tmphjBt5q/results/gradient16-z8-11.png", "-auto-orient", "-format", "%w %h", "info:"]
[validation] magick ["/tmp/.tmphjBt5q/results/gradient16-z8-11.png", "-auto-orient", "-format", "%w %h", "info:"]
[validation] magick ["/tmp/.tmphjBt5q/gradient16.png", "-auto-orient", "-depth", "8", "RGBA:/tmp/.tmphjBt5q/expected.rgba"]
[validation] magick ["/tmp/.tmphjBt5q/results/gradient16-z8-12.png", "-auto-orient", "-depth", "8", "RGBA:/tmp/.tmphjBt5q/actual.rgba"]
[validation] magick ["/tmp/.tmphjBt5q/gradient16.png", "-auto-orient", "-format", "%w %h", "info:"]
[validation] magick ["/tmp/.tmphjBt5q/results/gradient16-z8-12.png", "-auto-orient", "-format", "%w %h", "info:"]
[validation] magick ["/tmp/.tmphjBt5q/results/gradient16-z8-12.png", "-auto-orient", "-format", "%w %h", "info:"]
[validation] magick ["/tmp/.tmphjBt5q/gradient16.png", "-auto-orient", "-depth", "8", "RGBA:/tmp/.tmphjBt5q/expected.rgba"]
[validation] magick ["/tmp/.tmphjBt5q/results/gradient16-z8-13.png", "-auto-orient", "-depth", "8", "RGBA:/tmp/.tmphjBt5q/actual.rgba"]
[validation] magick ["/tmp/.tmphjBt5q/gradient16.png", "-auto-orient", "-format", "%w %h", "info:"]
[validation] magick ["/tmp/.tmphjBt5q/results/gradient16-z8-13.png", "-auto-orient", "-format", "%w %h", "info:"]
[validation] magick ["/tmp/.tmphjBt5q/results/gradient16-z8-13.png", "-auto-orient", "-format", "%w %h", "info:"]
[validation] magick ["/tmp/.tmphjBt5q/gradient16.png", "-auto-orient", "-depth", "8", "RGBA:/tmp/.tmphjBt5q/expected.rgba"]
[validation] magick ["/tmp/.tmphjBt5q/results/gradient16-z8-14.png", "-auto-orient", "-depth", "8", "RGBA:/tmp/.tmphjBt5q/actual.rgba"]
[validation] magick ["/tmp/.tmphjBt5q/gradient16.png", "-auto-orient", "-format", "%w %h", "info:"]
[validation] magick ["/tmp/.tmphjBt5q/results/gradient16-z8-14.png", "-auto-orient", "-format", "%w %h", "info:"]
[validation] magick ["/tmp/.tmphjBt5q/results/gradient16-z8-14.png", "-auto-orient", "-format", "%w %h", "info:"]
[validation] magick ["/tmp/.tmphjBt5q/gradient16.png", "-auto-orient", "-depth", "8", "RGBA:/tmp/.tmphjBt5q/expected.rgba"]
[validation] magick ["/tmp/.tmphjBt5q/results/gradient16-z8-15.png", "-auto-orient", "-depth", "8", "RGBA:/tmp/.tmphjBt5q/actual.rgba"]
[validation] magick ["/tmp/.tmphjBt5q/gradient16.png", "-auto-orient", "-format", "%w %h", "info:"]
[validation] magick ["/tmp/.tmphjBt5q/results/gradient16-z8-15.png", "-auto-orient", "-format", "%w %h", "info:"]
[validation] magick ["/tmp/.tmphjBt5q/results/gradient16-z8-15.png", "-auto-orient", "-format", "%w %h", "info:"]
[validation] magick ["/tmp/.tmphjBt5q/gradient10.heic", "-auto-orient", "-depth", "8", "RGBA:/tmp/.tmphjBt5q/expected.rgba"]
[validation] magick ["/tmp/.tmphjBt5q/results/gradient10-z8-1.avif", "-auto-orient", "-depth", "8", "RGBA:/tmp/.tmphjBt5q/actual.rgba"]
[validation] magick ["/tmp/.tmphjBt5q/gradient10.heic", "-auto-orient", "-format", "%w %h", "info:"]
[validation] magick ["/tmp/.tmphjBt5q/results/gradient10-z8-1.avif", "-auto-orient", "-format", "%w %h", "info:"]
[validation] magick ["/tmp/.tmphjBt5q/results/gradient10-z8-1.avif", "-auto-orient", "-format", "%w %h", "info:"]
[validation] magick ["/tmp/.tmphjBt5q/gradient10.heic", "-auto-orient", "-depth", "8", "RGBA:/tmp/.tmphjBt5q/expected.rgba"]
[validation] magick ["/tmp/.tmphjBt5q/results/gradient10-z8-2.avif", "-auto-orient", "-depth", "8", "RGBA:/tmp/.tmphjBt5q/actual.rgba"]
[validation] magick ["/tmp/.tmphjBt5q/gradient10.heic", "-auto-orient", "-format", "%w %h", "info:"]
[validation] magick ["/tmp/.tmphjBt5q/results/gradient10-z8-2.avif", "-auto-orient", "-format", "%w %h", "info:"]
[validation] magick ["/tmp/.tmphjBt5q/results/gradient10-z8-2.avif", "-auto-orient", "-format", "%w %h", "info:"]
[validation] magick ["/tmp/.tmphjBt5q/gradient10.heic", "-auto-orient", "-depth", "8", "RGBA:/tmp/.tmphjBt5q/expected.rgba"]
[validation] magick ["/tmp/.tmphjBt5q/results/gradient10-z8-3.avif", "-auto-orient", "-depth", "8", "RGBA:/tmp/.tmphjBt5q/actual.rgba"]
[validation] magick ["/tmp/.tmphjBt5q/gradient10.heic", "-auto-orient", "-format", "%w %h", "info:"]
[validation] magick ["/tmp/.tmphjBt5q/results/gradient10-z8-3.avif", "-auto-orient", "-format", "%w %h", "info:"]
[validation] magick ["/tmp/.tmphjBt5q/results/gradient10-z8-3.avif", "-auto-orient", "-format", "%w %h", "info:"]
[validation] magick ["/tmp/.tmphjBt5q/gradient10.heic", "-auto-orient", "-depth", "8", "RGBA:/tmp/.tmphjBt5q/expected.rgba"]
[validation] magick ["/tmp/.tmphjBt5q/results/gradient10-z8-4.avif", "-auto-orient", "-depth", "8", "RGBA:/tmp/.tmphjBt5q/actual.rgba"]
[validation] magick ["/tmp/.tmphjBt5q/gradient10.heic", "-auto-orient", "-format", "%w %h", "info:"]
[validation] magick ["/tmp/.tmphjBt5q/results/gradient10-z8-4.avif", "-auto-orient", "-format", "%w %h", "info:"]
[validation] magick ["/tmp/.tmphjBt5q/results/gradient10-z8-4.avif", "-auto-orient", "-format", "%w %h", "info:"]
[validation] magick ["/tmp/.tmphjBt5q/gradient10.heic", "-auto-orient", "-depth", "8", "RGBA:/tmp/.tmphjBt5q/expected.rgba"]
[validation] magick ["/tmp/.tmphjBt5q/results/gradient10-z8-5.avif", "-auto-orient", "-depth", "8", "RGBA:/tmp/.tmphjBt5q/actual.rgba"]
[validation] magick ["/tmp/.tmphjBt5q/gradient10.heic", "-auto-orient", "-format", "%w %h", "info:"]
[validation] magick ["/tmp/.tmphjBt5q/results/gradient10-z8-5.avif", "-auto-orient", "-format", "%w %h", "info:"]
[validation] magick ["/tmp/.tmphjBt5q/results/gradient10-z8-5.avif", "-auto-orient", "-format", "%w %h", "info:"]
[validation] magick ["/tmp/.tmphjBt5q/gradient10.heic", "-auto-orient", "-depth", "8", "RGBA:/tmp/.tmphjBt5q/expected.rgba"]
[validation] magick ["/tmp/.tmphjBt5q/results/gradient10-z8-6.avif", "-auto-orient", "-depth", "8", "RGBA:/tmp/.tmphjBt5q/actual.rgba"]
[validation] magick ["/tmp/.tmphjBt5q/gradient10.heic", "-auto-orient", "-format", "%w %h", "info:"]
[validation] magick ["/tmp/.tmphjBt5q/results/gradient10-z8-6.avif", "-auto-orient", "-format", "%w %h", "info:"]
[validation] magick ["/tmp/.tmphjBt5q/results/gradient10-z8-6.avif", "-auto-orient", "-format", "%w %h", "info:"]
[validation] magick ["/tmp/.tmphjBt5q/gradient10.heic", "-auto-orient", "-depth", "8", "RGBA:/tmp/.tmphjBt5q/expected.rgba"]
[validation] magick ["/tmp/.tmphjBt5q/results/gradient10-z8-7.avif", "-auto-orient", "-depth", "8", "RGBA:/tmp/.tmphjBt5q/actual.rgba"]
[validation] magick ["/tmp/.tmphjBt5q/gradient10.heic", "-auto-orient", "-format", "%w %h", "info:"]
[validation] magick ["/tmp/.tmphjBt5q/results/gradient10-z8-7.avif", "-auto-orient", "-format", "%w %h", "info:"]
[validation] magick ["/tmp/.tmphjBt5q/results/gradient10-z8-7.avif", "-auto-orient", "-format", "%w %h", "info:"]
[validation] magick ["/tmp/.tmphjBt5q/gradient10.heic", "-auto-orient", "-depth", "8", "RGBA:/tmp/.tmphjBt5q/expected.rgba"]
[validation] magick ["/tmp/.tmphjBt5q/results/gradient10-z8-8.avif", "-auto-orient", "-depth", "8", "RGBA:/tmp/.tmphjBt5q/actual.rgba"]
[validation] magick ["/tmp/.tmphjBt5q/gradient10.heic", "-auto-orient", "-format", "%w %h", "info:"]
[validation] magick ["/tmp/.tmphjBt5q/results/gradient10-z8-8.avif", "-auto-orient", "-format", "%w %h", "info:"]
[validation] magick ["/tmp/.tmphjBt5q/results/gradient10-z8-8.avif", "-auto-orient", "-format", "%w %h", "info:"]
[validation] magick ["/tmp/.tmphjBt5q/gradient10.heic", "-auto-orient", "-depth", "8", "RGBA:/tmp/.tmphjBt5q/expected.rgba"]
[validation] magick ["/tmp/.tmphjBt5q/results/gradient10-z8-9.avif", "-auto-orient", "-depth", "8", "RGBA:/tmp/.tmphjBt5q/actual.rgba"]
[validation] magick ["/tmp/.tmphjBt5q/gradient10.heic", "-auto-orient", "-format", "%w %h", "info:"]
[validation] magick ["/tmp/.tmphjBt5q/results/gradient10-z8-9.avif", "-auto-orient", "-format", "%w %h", "info:"]
[validation] magick ["/tmp/.tmphjBt5q/results/gradient10-z8-9.avif", "-auto-orient", "-format", "%w %h", "info:"]
[validation] magick ["/tmp/.tmphjBt5q/gradient10.heic", "-auto-orient", "-depth", "8", "RGBA:/tmp/.tmphjBt5q/expected.rgba"]
[validation] magick ["/tmp/.tmphjBt5q/results/gradient10-z8-10.avif", "-auto-orient", "-depth", "8", "RGBA:/tmp/.tmphjBt5q/actual.rgba"]
[validation] magick ["/tmp/.tmphjBt5q/gradient10.heic", "-auto-orient", "-format", "%w %h", "info:"]
[validation] magick ["/tmp/.tmphjBt5q/results/gradient10-z8-10.avif", "-auto-orient", "-format", "%w %h", "info:"]
[validation] magick ["/tmp/.tmphjBt5q/results/gradient10-z8-10.avif", "-auto-orient", "-format", "%w %h", "info:"]
[validation] magick ["/tmp/.tmphjBt5q/gradient10.heic", "-auto-orient", "-depth", "8", "RGBA:/tmp/.tmphjBt5q/expected.rgba"]
[validation] magick ["/tmp/.tmphjBt5q/results/gradient10-z8-11.avif", "-auto-orient", "-depth", "8", "RGBA:/tmp/.tmphjBt5q/actual.rgba"]
[validation] magick ["/tmp/.tmphjBt5q/gradient10.heic", "-auto-orient", "-format", "%w %h", "info:"]
[validation] magick ["/tmp/.tmphjBt5q/results/gradient10-z8-11.avif", "-auto-orient", "-format", "%w %h", "info:"]
[validation] magick ["/tmp/.tmphjBt5q/results/gradient10-z8-11.avif", "-auto-orient", "-format", "%w %h", "info:"]
[validation] magick ["/tmp/.tmphjBt5q/gradient10.heic", "-auto-orient", "-depth", "8", "RGBA:/tmp/.tmphjBt5q/expected.rgba"]
[validation] magick ["/tmp/.tmphjBt5q/results/gradient10-z8-12.avif", "-auto-orient", "-depth", "8", "RGBA:/tmp/.tmphjBt5q/actual.rgba"]
[validation] magick ["/tmp/.tmphjBt5q/gradient10.heic", "-auto-orient", "-format", "%w %h", "info:"]
[validation] magick ["/tmp/.tmphjBt5q/results/gradient10-z8-12.avif", "-auto-orient", "-format", "%w %h", "info:"]
[validation] magick ["/tmp/.tmphjBt5q/results/gradient10-z8-12.avif", "-auto-orient", "-format", "%w %h", "info:"]
[validation] magick ["/tmp/.tmphjBt5q/gradient10.heic", "-auto-orient", "-depth", "8", "RGBA:/tmp/.tmphjBt5q/expected.rgba"]
[validation] magick ["/tmp/.tmphjBt5q/results/gradient10-z8-13.avif", "-auto-orient", "-depth", "8", "RGBA:/tmp/.tmphjBt5q/actual.rgba"]
[validation] magick ["/tmp/.tmphjBt5q/gradient10.heic", "-auto-orient", "-format", "%w %h", "info:"]
[validation] magick ["/tmp/.tmphjBt5q/results/gradient10-z8-13.avif", "-auto-orient", "-format", "%w %h", "info:"]
[validation] magick ["/tmp/.tmphjBt5q/results/gradient10-z8-13.avif", "-auto-orient", "-format", "%w %h", "info:"]
[validation] magick ["/tmp/.tmphjBt5q/gradient10.heic", "-auto-orient", "-depth", "8", "RGBA:/tmp/.tmphjBt5q/expected.rgba"]
[validation] magick ["/tmp/.tmphjBt5q/results/gradient10-z8-14.avif", "-auto-orient", "-depth", "8", "RGBA:/tmp/.tmphjBt5q/actual.rgba"]
[validation] magick ["/tmp/.tmphjBt5q/gradient10.heic", "-auto-orient", "-format", "%w %h", "info:"]
[validation] magick ["/tmp/.tmphjBt5q/results/gradient10-z8-14.avif", "-auto-orient", "-format", "%w %h", "info:"]
[validation] magick ["/tmp/.tmphjBt5q/results/gradient10-z8-14.avif", "-auto-orient", "-format", "%w %h", "info:"]
[validation] magick ["/tmp/.tmphjBt5q/gradient10.heic", "-auto-orient", "-depth", "8", "RGBA:/tmp/.tmphjBt5q/expected.rgba"]
[validation] magick ["/tmp/.tmphjBt5q/results/gradient10-z8-15.avif", "-auto-orient", "-depth", "8", "RGBA:/tmp/.tmphjBt5q/actual.rgba"]
[validation] magick ["/tmp/.tmphjBt5q/gradient10.heic", "-auto-orient", "-format", "%w %h", "info:"]
[validation] magick ["/tmp/.tmphjBt5q/results/gradient10-z8-15.avif", "-auto-orient", "-format", "%w %h", "info:"]
[validation] magick ["/tmp/.tmphjBt5q/results/gradient10-z8-15.avif", "-auto-orient", "-format", "%w %h", "info:"]
[validation] magick ["/tmp/.tmphjBt5q/gradient10.heic", "-auto-orient", "-depth", "8", "RGBA:/tmp/.tmphjBt5q/expected.rgba"]
[validation] magick ["/tmp/.tmphjBt5q/results/gradient10-z8-1.webp", "-auto-orient", "-depth", "8", "RGBA:/tmp/.tmphjBt5q/actual.rgba"]
[validation] magick ["/tmp/.tmphjBt5q/gradient10.heic", "-auto-orient", "-format", "%w %h", "info:"]
[validation] magick ["/tmp/.tmphjBt5q/results/gradient10-z8-1.webp", "-auto-orient", "-format", "%w %h", "info:"]
[validation] magick ["/tmp/.tmphjBt5q/results/gradient10-z8-1.webp", "-auto-orient", "-format", "%w %h", "info:"]
[validation] magick ["/tmp/.tmphjBt5q/gradient10.heic", "-auto-orient", "-depth", "8", "RGBA:/tmp/.tmphjBt5q/expected.rgba"]
[validation] magick ["/tmp/.tmphjBt5q/results/gradient10-z8-2.webp", "-auto-orient", "-depth", "8", "RGBA:/tmp/.tmphjBt5q/actual.rgba"]
[validation] magick ["/tmp/.tmphjBt5q/gradient10.heic", "-auto-orient", "-format", "%w %h", "info:"]
[validation] magick ["/tmp/.tmphjBt5q/results/gradient10-z8-2.webp", "-auto-orient", "-format", "%w %h", "info:"]
[validation] magick ["/tmp/.tmphjBt5q/results/gradient10-z8-2.webp", "-auto-orient", "-format", "%w %h", "info:"]
[validation] magick ["/tmp/.tmphjBt5q/gradient10.heic", "-auto-orient", "-depth", "8", "RGBA:/tmp/.tmphjBt5q/expected.rgba"]
[validation] magick ["/tmp/.tmphjBt5q/results/gradient10-z8-3.webp", "-auto-orient", "-depth", "8", "RGBA:/tmp/.tmphjBt5q/actual.rgba"]
[validation] magick ["/tmp/.tmphjBt5q/gradient10.heic", "-auto-orient", "-format", "%w %h", "info:"]
[validation] magick ["/tmp/.tmphjBt5q/results/gradient10-z8-3.webp", "-auto-orient", "-format", "%w %h", "info:"]
[validation] magick ["/tmp/.tmphjBt5q/results/gradient10-z8-3.webp", "-auto-orient", "-format", "%w %h", "info:"]
[validation] magick ["/tmp/.tmphjBt5q/gradient10.heic", "-auto-orient", "-depth", "8", "RGBA:/tmp/.tmphjBt5q/expected.rgba"]
[validation] magick ["/tmp/.tmphjBt5q/results/gradient10-z8-4.webp", "-auto-orient", "-depth", "8", "RGBA:/tmp/.tmphjBt5q/actual.rgba"]
[validation] magick ["/tmp/.tmphjBt5q/gradient10.heic", "-auto-orient", "-format", "%w %h", "info:"]
[validation] magick ["/tmp/.tmphjBt5q/results/gradient10-z8-4.webp", "-auto-orient", "-format", "%w %h", "info:"]
[validation] magick ["/tmp/.tmphjBt5q/results/gradient10-z8-4.webp", "-auto-orient", "-format", "%w %h", "info:"]
[validation] magick ["/tmp/.tmphjBt5q/gradient10.heic", "-auto-orient", "-depth", "8", "RGBA:/tmp/.tmphjBt5q/expected.rgba"]
[validation] magick ["/tmp/.tmphjBt5q/results/gradient10-z8-5.webp", "-auto-orient", "-depth", "8", "RGBA:/tmp/.tmphjBt5q/actual.rgba"]
[validation] magick ["/tmp/.tmphjBt5q/gradient10.heic", "-auto-orient", "-format", "%w %h", "info:"]
[validation] magick ["/tmp/.tmphjBt5q/results/gradient10-z8-5.webp", "-auto-orient", "-format", "%w %h", "info:"]
[validation] magick ["/tmp/.tmphjBt5q/results/gradient10-z8-5.webp", "-auto-orient", "-format", "%w %h", "info:"]
[validation] magick ["/tmp/.tmphjBt5q/gradient10.heic", "-auto-orient", "-depth", "8", "RGBA:/tmp/.tmphjBt5q/expected.rgba"]
[validation] magick ["/tmp/.tmphjBt5q/results/gradient10-z8-6.webp", "-auto-orient", "-depth", "8", "RGBA:/tmp/.tmphjBt5q/actual.rgba"]
[validation] magick ["/tmp/.tmphjBt5q/gradient10.heic", "-auto-orient", "-format", "%w %h", "info:"]
[validation] magick ["/tmp/.tmphjBt5q/results/gradient10-z8-6.webp", "-auto-orient", "-format", "%w %h", "info:"]
[validation] magick ["/tmp/.tmphjBt5q/results/gradient10-z8-6.webp", "-auto-orient", "-format", "%w %h", "info:"]
[validation] magick ["/tmp/.tmphjBt5q/gradient10.heic", "-auto-orient", "-depth", "8", "RGBA:/tmp/.tmphjBt5q/expected.rgba"]
[validation] magick ["/tmp/.tmphjBt5q/results/gradient10-z8-7.webp", "-auto-orient", "-depth", "8", "RGBA:/tmp/.tmphjBt5q/actual.rgba"]
[validation] magick ["/tmp/.tmphjBt5q/gradient10.heic", "-auto-orient", "-format", "%w %h", "info:"]
[validation] magick ["/tmp/.tmphjBt5q/results/gradient10-z8-7.webp", "-auto-orient", "-format", "%w %h", "info:"]
[validation] magick ["/tmp/.tmphjBt5q/results/gradient10-z8-7.webp", "-auto-orient", "-format", "%w %h", "info:"]
[validation] magick ["/tmp/.tmphjBt5q/gradient10.heic", "-auto-orient", "-depth", "8", "RGBA:/tmp/.tmphjBt5q/expected.rgba"]
[validation] magick ["/tmp/.tmphjBt5q/results/gradient10-z8-8.webp", "-auto-orient", "-depth", "8", "RGBA:/tmp/.tmphjBt5q/actual.rgba"]
[validation] magick ["/tmp/.tmphjBt5q/gradient10.heic", "-auto-orient", "-format", "%w %h", "info:"]
[validation] magick ["/tmp/.tmphjBt5q/results/gradient10-z8-8.webp", "-auto-orient", "-format", "%w %h", "info:"]
[validation] magick ["/tmp/.tmphjBt5q/results/gradient10-z8-8.webp", "-auto-orient", "-format", "%w %h", "info:"]
[validation] magick ["/tmp/.tmphjBt5q/gradient10.heic", "-auto-orient", "-depth", "8", "RGBA:/tmp/.tmphjBt5q/expected.rgba"]
[validation] magick ["/tmp/.tmphjBt5q/results/gradient10-z8-9.webp", "-auto-orient", "-depth", "8", "RGBA:/tmp/.tmphjBt5q/actual.rgba"]
[validation] magick ["/tmp/.tmphjBt5q/gradient10.heic", "-auto-orient", "-format", "%w %h", "info:"]
[validation] magick ["/tmp/.tmphjBt5q/results/gradient10-z8-9.webp", "-auto-orient", "-format", "%w %h", "info:"]
[validation] magick ["/tmp/.tmphjBt5q/results/gradient10-z8-9.webp", "-auto-orient", "-format", "%w %h", "info:"]
[validation] magick ["/tmp/.tmphjBt5q/gradient10.heic", "-auto-orient", "-depth", "8", "RGBA:/tmp/.tmphjBt5q/expected.rgba"]
[validation] magick ["/tmp/.tmphjBt5q/results/gradient10-z8-10.webp", "-auto-orient", "-depth", "8", "RGBA:/tmp/.tmphjBt5q/actual.rgba"]
[validation] magick ["/tmp/.tmphjBt5q/gradient10.heic", "-auto-orient", "-format", "%w %h", "info:"]
[validation] magick ["/tmp/.tmphjBt5q/results/gradient10-z8-10.webp", "-auto-orient", "-format", "%w %h", "info:"]
[validation] magick ["/tmp/.tmphjBt5q/results/gradient10-z8-10.webp", "-auto-orient", "-format", "%w %h", "info:"]
[validation] magick ["/tmp/.tmphjBt5q/gradient10.heic", "-auto-orient", "-depth", "8", "RGBA:/tmp/.tmphjBt5q/expected.rgba"]
[validation] magick ["/tmp/.tmphjBt5q/results/gradient10-z8-11.webp", "-auto-orient", "-depth", "8", "RGBA:/tmp/.tmphjBt5q/actual.rgba"]
[validation] magick ["/tmp/.tmphjBt5q/gradient10.heic", "-auto-orient", "-format", "%w %h", "info:"]
[validation] magick ["/tmp/.tmphjBt5q/results/gradient10-z8-11.webp", "-auto-orient", "-format", "%w %h", "info:"]
[validation] magick ["/tmp/.tmphjBt5q/results/gradient10-z8-11.webp", "-auto-orient", "-format", "%w %h", "info:"]
[validation] magick ["/tmp/.tmphjBt5q/gradient10.heic", "-auto-orient", "-depth", "8", "RGBA:/tmp/.tmphjBt5q/expected.rgba"]
[validation] magick ["/tmp/.tmphjBt5q/results/gradient10-z8-12.webp", "-auto-orient", "-depth", "8", "RGBA:/tmp/.tmphjBt5q/actual.rgba"]
[validation] magick ["/tmp/.tmphjBt5q/gradient10.heic", "-auto-orient", "-format", "%w %h", "info:"]
[validation] magick ["/tmp/.tmphjBt5q/results/gradient10-z8-12.webp", "-auto-orient", "-format", "%w %h", "info:"]
[validation] magick ["/tmp/.tmphjBt5q/results/gradient10-z8-12.webp", "-auto-orient", "-format", "%w %h", "info:"]
[validation] magick ["/tmp/.tmphjBt5q/gradient10.heic", "-auto-orient", "-depth", "8", "RGBA:/tmp/.tmphjBt5q/expected.rgba"]
[validation] magick ["/tmp/.tmphjBt5q/results/gradient10-z8-13.webp", "-auto-orient", "-depth", "8", "RGBA:/tmp/.tmphjBt5q/actual.rgba"]
[validation] magick ["/tmp/.tmphjBt5q/gradient10.heic", "-auto-orient", "-format", "%w %h", "info:"]
[validation] magick ["/tmp/.tmphjBt5q/results/gradient10-z8-13.webp", "-auto-orient", "-format", "%w %h", "info:"]
[validation] magick ["/tmp/.tmphjBt5q/results/gradient10-z8-13.webp", "-auto-orient", "-format", "%w %h", "info:"]
[validation] magick ["/tmp/.tmphjBt5q/gradient10.heic", "-auto-orient", "-depth", "8", "RGBA:/tmp/.tmphjBt5q/expected.rgba"]
[validation] magick ["/tmp/.tmphjBt5q/results/gradient10-z8-14.webp", "-auto-orient", "-depth", "8", "RGBA:/tmp/.tmphjBt5q/actual.rgba"]
[validation] magick ["/tmp/.tmphjBt5q/gradient10.heic", "-auto-orient", "-format", "%w %h", "info:"]
[validation] magick ["/tmp/.tmphjBt5q/results/gradient10-z8-14.webp", "-auto-orient", "-format", "%w %h", "info:"]
[validation] magick ["/tmp/.tmphjBt5q/results/gradient10-z8-14.webp", "-auto-orient", "-format", "%w %h", "info:"]
[validation] magick ["/tmp/.tmphjBt5q/gradient10.heic", "-auto-orient", "-depth", "8", "RGBA:/tmp/.tmphjBt5q/expected.rgba"]
[validation] magick ["/tmp/.tmphjBt5q/results/gradient10-z8-15.webp", "-auto-orient", "-depth", "8", "RGBA:/tmp/.tmphjBt5q/actual.rgba"]
[validation] magick ["/tmp/.tmphjBt5q/gradient10.heic", "-auto-orient", "-format", "%w %h", "info:"]
[validation] magick ["/tmp/.tmphjBt5q/results/gradient10-z8-15.webp", "-auto-orient", "-format", "%w %h", "info:"]
[validation] magick ["/tmp/.tmphjBt5q/results/gradient10-z8-15.webp", "-auto-orient", "-format", "%w %h", "info:"]
[validation] magick ["/tmp/.tmphjBt5q/gradient10.heic", "-auto-orient", "-background", "white", "-alpha", "remove", "-alpha", "off", "-depth", "8", "RGBA:/tmp/.tmphjBt5q/expected.rgba"]
[validation] magick ["/tmp/.tmphjBt5q/results/gradient10-z8-1.jpg", "-auto-orient", "-depth", "8", "RGBA:/tmp/.tmphjBt5q/actual.rgba"]
[validation] magick ["/tmp/.tmphjBt5q/gradient10.heic", "-auto-orient", "-format", "%w %h", "info:"]
[validation] magick ["/tmp/.tmphjBt5q/results/gradient10-z8-1.jpg", "-auto-orient", "-format", "%w %h", "info:"]
[validation] magick ["/tmp/.tmphjBt5q/results/gradient10-z8-1.jpg", "-auto-orient", "-format", "%w %h", "info:"]
[validation] magick ["/tmp/.tmphjBt5q/gradient10.heic", "-auto-orient", "-background", "white", "-alpha", "remove", "-alpha", "off", "-depth", "8", "RGBA:/tmp/.tmphjBt5q/expected.rgba"]
[validation] magick ["/tmp/.tmphjBt5q/results/gradient10-z8-2.jpg", "-auto-orient", "-depth", "8", "RGBA:/tmp/.tmphjBt5q/actual.rgba"]
[validation] magick ["/tmp/.tmphjBt5q/gradient10.heic", "-auto-orient", "-format", "%w %h", "info:"]
[validation] magick ["/tmp/.tmphjBt5q/results/gradient10-z8-2.jpg", "-auto-orient", "-format", "%w %h", "info:"]
[validation] magick ["/tmp/.tmphjBt5q/results/gradient10-z8-2.jpg", "-auto-orient", "-format", "%w %h", "info:"]
[validation] magick ["/tmp/.tmphjBt5q/gradient10.heic", "-auto-orient", "-background", "white", "-alpha", "remove", "-alpha", "off", "-depth", "8", "RGBA:/tmp/.tmphjBt5q/expected.rgba"]
[validation] magick ["/tmp/.tmphjBt5q/results/gradient10-z8-3.jpg", "-auto-orient", "-depth", "8", "RGBA:/tmp/.tmphjBt5q/actual.rgba"]
[validation] magick ["/tmp/.tmphjBt5q/gradient10.heic", "-auto-orient", "-format", "%w %h", "info:"]
[validation] magick ["/tmp/.tmphjBt5q/results/gradient10-z8-3.jpg", "-auto-orient", "-format", "%w %h", "info:"]
[validation] magick ["/tmp/.tmphjBt5q/results/gradient10-z8-3.jpg", "-auto-orient", "-format", "%w %h", "info:"]
[validation] magick ["/tmp/.tmphjBt5q/gradient10.heic", "-auto-orient", "-background", "white", "-alpha", "remove", "-alpha", "off", "-depth", "8", "RGBA:/tmp/.tmphjBt5q/expected.rgba"]
[validation] magick ["/tmp/.tmphjBt5q/results/gradient10-z8-4.jpg", "-auto-orient", "-depth", "8", "RGBA:/tmp/.tmphjBt5q/actual.rgba"]
[validation] magick ["/tmp/.tmphjBt5q/gradient10.heic", "-auto-orient", "-format", "%w %h", "info:"]
[validation] magick ["/tmp/.tmphjBt5q/results/gradient10-z8-4.jpg", "-auto-orient", "-format", "%w %h", "info:"]
[validation] magick ["/tmp/.tmphjBt5q/results/gradient10-z8-4.jpg", "-auto-orient", "-format", "%w %h", "info:"]
[validation] magick ["/tmp/.tmphjBt5q/gradient10.heic", "-auto-orient", "-background", "white", "-alpha", "remove", "-alpha", "off", "-depth", "8", "RGBA:/tmp/.tmphjBt5q/expected.rgba"]
[validation] magick ["/tmp/.tmphjBt5q/results/gradient10-z8-5.jpg", "-auto-orient", "-depth", "8", "RGBA:/tmp/.tmphjBt5q/actual.rgba"]
[validation] magick ["/tmp/.tmphjBt5q/gradient10.heic", "-auto-orient", "-format", "%w %h", "info:"]
[validation] magick ["/tmp/.tmphjBt5q/results/gradient10-z8-5.jpg", "-auto-orient", "-format", "%w %h", "info:"]
[validation] magick ["/tmp/.tmphjBt5q/results/gradient10-z8-5.jpg", "-auto-orient", "-format", "%w %h", "info:"]
[validation] magick ["/tmp/.tmphjBt5q/gradient10.heic", "-auto-orient", "-background", "white", "-alpha", "remove", "-alpha", "off", "-depth", "8", "RGBA:/tmp/.tmphjBt5q/expected.rgba"]
[validation] magick ["/tmp/.tmphjBt5q/results/gradient10-z8-6.jpg", "-auto-orient", "-depth", "8", "RGBA:/tmp/.tmphjBt5q/actual.rgba"]
[validation] magick ["/tmp/.tmphjBt5q/gradient10.heic", "-auto-orient", "-format", "%w %h", "info:"]
[validation] magick ["/tmp/.tmphjBt5q/results/gradient10-z8-6.jpg", "-auto-orient", "-format", "%w %h", "info:"]
[validation] magick ["/tmp/.tmphjBt5q/results/gradient10-z8-6.jpg", "-auto-orient", "-format", "%w %h", "info:"]
[validation] magick ["/tmp/.tmphjBt5q/gradient10.heic", "-auto-orient", "-background", "white", "-alpha", "remove", "-alpha", "off", "-depth", "8", "RGBA:/tmp/.tmphjBt5q/expected.rgba"]
[validation] magick ["/tmp/.tmphjBt5q/results/gradient10-z8-7.jpg", "-auto-orient", "-depth", "8", "RGBA:/tmp/.tmphjBt5q/actual.rgba"]
[validation] magick ["/tmp/.tmphjBt5q/gradient10.heic", "-auto-orient", "-format", "%w %h", "info:"]
[validation] magick ["/tmp/.tmphjBt5q/results/gradient10-z8-7.jpg", "-auto-orient", "-format", "%w %h", "info:"]
[validation] magick ["/tmp/.tmphjBt5q/results/gradient10-z8-7.jpg", "-auto-orient", "-format", "%w %h", "info:"]
[validation] magick ["/tmp/.tmphjBt5q/gradient10.heic", "-auto-orient", "-background", "white", "-alpha", "remove", "-alpha", "off", "-depth", "8", "RGBA:/tmp/.tmphjBt5q/expected.rgba"]
[validation] magick ["/tmp/.tmphjBt5q/results/gradient10-z8-8.jpg", "-auto-orient", "-depth", "8", "RGBA:/tmp/.tmphjBt5q/actual.rgba"]
[validation] magick ["/tmp/.tmphjBt5q/gradient10.heic", "-auto-orient", "-format", "%w %h", "info:"]
[validation] magick ["/tmp/.tmphjBt5q/results/gradient10-z8-8.jpg", "-auto-orient", "-format", "%w %h", "info:"]
[validation] magick ["/tmp/.tmphjBt5q/results/gradient10-z8-8.jpg", "-auto-orient", "-format", "%w %h", "info:"]
[validation] magick ["/tmp/.tmphjBt5q/gradient10.heic", "-auto-orient", "-background", "white", "-alpha", "remove", "-alpha", "off", "-depth", "8", "RGBA:/tmp/.tmphjBt5q/expected.rgba"]
[validation] magick ["/tmp/.tmphjBt5q/results/gradient10-z8-9.jpg", "-auto-orient", "-depth", "8", "RGBA:/tmp/.tmphjBt5q/actual.rgba"]
[validation] magick ["/tmp/.tmphjBt5q/gradient10.heic", "-auto-orient", "-format", "%w %h", "info:"]
[validation] magick ["/tmp/.tmphjBt5q/results/gradient10-z8-9.jpg", "-auto-orient", "-format", "%w %h", "info:"]
[validation] magick ["/tmp/.tmphjBt5q/results/gradient10-z8-9.jpg", "-auto-orient", "-format", "%w %h", "info:"]
[validation] magick ["/tmp/.tmphjBt5q/gradient10.heic", "-auto-orient", "-background", "white", "-alpha", "remove", "-alpha", "off", "-depth", "8", "RGBA:/tmp/.tmphjBt5q/expected.rgba"]
[validation] magick ["/tmp/.tmphjBt5q/results/gradient10-z8-10.jpg", "-auto-orient", "-depth", "8", "RGBA:/tmp/.tmphjBt5q/actual.rgba"]
[validation] magick ["/tmp/.tmphjBt5q/gradient10.heic", "-auto-orient", "-format", "%w %h", "info:"]
[validation] magick ["/tmp/.tmphjBt5q/results/gradient10-z8-10.jpg", "-auto-orient", "-format", "%w %h", "info:"]
[validation] magick ["/tmp/.tmphjBt5q/results/gradient10-z8-10.jpg", "-auto-orient", "-format", "%w %h", "info:"]
[validation] magick ["/tmp/.tmphjBt5q/gradient10.heic", "-auto-orient", "-background", "white", "-alpha", "remove", "-alpha", "off", "-depth", "8", "RGBA:/tmp/.tmphjBt5q/expected.rgba"]
[validation] magick ["/tmp/.tmphjBt5q/results/gradient10-z8-11.jpg", "-auto-orient", "-depth", "8", "RGBA:/tmp/.tmphjBt5q/actual.rgba"]
[validation] magick ["/tmp/.tmphjBt5q/gradient10.heic", "-auto-orient", "-format", "%w %h", "info:"]
[validation] magick ["/tmp/.tmphjBt5q/results/gradient10-z8-11.jpg", "-auto-orient", "-format", "%w %h", "info:"]
[validation] magick ["/tmp/.tmphjBt5q/results/gradient10-z8-11.jpg", "-auto-orient", "-format", "%w %h", "info:"]
[validation] magick ["/tmp/.tmphjBt5q/gradient10.heic", "-auto-orient", "-background", "white", "-alpha", "remove", "-alpha", "off", "-depth", "8", "RGBA:/tmp/.tmphjBt5q/expected.rgba"]
[validation] magick ["/tmp/.tmphjBt5q/results/gradient10-z8-12.jpg", "-auto-orient", "-depth", "8", "RGBA:/tmp/.tmphjBt5q/actual.rgba"]
[validation] magick ["/tmp/.tmphjBt5q/gradient10.heic", "-auto-orient", "-format", "%w %h", "info:"]
[validation] magick ["/tmp/.tmphjBt5q/results/gradient10-z8-12.jpg", "-auto-orient", "-format", "%w %h", "info:"]
[validation] magick ["/tmp/.tmphjBt5q/results/gradient10-z8-12.jpg", "-auto-orient", "-format", "%w %h", "info:"]
[validation] magick ["/tmp/.tmphjBt5q/gradient10.heic", "-auto-orient", "-background", "white", "-alpha", "remove", "-alpha", "off", "-depth", "8", "RGBA:/tmp/.tmphjBt5q/expected.rgba"]
[validation] magick ["/tmp/.tmphjBt5q/results/gradient10-z8-13.jpg", "-auto-orient", "-depth", "8", "RGBA:/tmp/.tmphjBt5q/actual.rgba"]
[validation] magick ["/tmp/.tmphjBt5q/gradient10.heic", "-auto-orient", "-format", "%w %h", "info:"]
[validation] magick ["/tmp/.tmphjBt5q/results/gradient10-z8-13.jpg", "-auto-orient", "-format", "%w %h", "info:"]
[validation] magick ["/tmp/.tmphjBt5q/results/gradient10-z8-13.jpg", "-auto-orient", "-format", "%w %h", "info:"]
[validation] magick ["/tmp/.tmphjBt5q/gradient10.heic", "-auto-orient", "-background", "white", "-alpha", "remove", "-alpha", "off", "-depth", "8", "RGBA:/tmp/.tmphjBt5q/expected.rgba"]
[validation] magick ["/tmp/.tmphjBt5q/results/gradient10-z8-14.jpg", "-auto-orient", "-depth", "8", "RGBA:/tmp/.tmphjBt5q/actual.rgba"]
[validation] magick ["/tmp/.tmphjBt5q/gradient10.heic", "-auto-orient", "-format", "%w %h", "info:"]
[validation] magick ["/tmp/.tmphjBt5q/results/gradient10-z8-14.jpg", "-auto-orient", "-format", "%w %h", "info:"]
[validation] magick ["/tmp/.tmphjBt5q/results/gradient10-z8-14.jpg", "-auto-orient", "-format", "%w %h", "info:"]
[validation] magick ["/tmp/.tmphjBt5q/gradient10.heic", "-auto-orient", "-background", "white", "-alpha", "remove", "-alpha", "off", "-depth", "8", "RGBA:/tmp/.tmphjBt5q/expected.rgba"]
[validation] magick ["/tmp/.tmphjBt5q/results/gradient10-z8-15.jpg", "-auto-orient", "-depth", "8", "RGBA:/tmp/.tmphjBt5q/actual.rgba"]
[validation] magick ["/tmp/.tmphjBt5q/gradient10.heic", "-auto-orient", "-format", "%w %h", "info:"]
[validation] magick ["/tmp/.tmphjBt5q/results/gradient10-z8-15.jpg", "-auto-orient", "-format", "%w %h", "info:"]
[validation] magick ["/tmp/.tmphjBt5q/results/gradient10-z8-15.jpg", "-auto-orient", "-format", "%w %h", "info:"]
[validation] magick ["/tmp/.tmphjBt5q/gradient10.heic", "-auto-orient", "-depth", "8", "RGBA:/tmp/.tmphjBt5q/expected.rgba"]
[validation] magick ["/tmp/.tmphjBt5q/results/gradient10-z8-1.png", "-auto-orient", "-depth", "8", "RGBA:/tmp/.tmphjBt5q/actual.rgba"]
[validation] magick ["/tmp/.tmphjBt5q/gradient10.heic", "-auto-orient", "-format", "%w %h", "info:"]
[validation] magick ["/tmp/.tmphjBt5q/results/gradient10-z8-1.png", "-auto-orient", "-format", "%w %h", "info:"]
[validation] magick ["/tmp/.tmphjBt5q/results/gradient10-z8-1.png", "-auto-orient", "-format", "%w %h", "info:"]
[validation] magick ["/tmp/.tmphjBt5q/gradient10.heic", "-auto-orient", "-depth", "8", "RGBA:/tmp/.tmphjBt5q/expected.rgba"]
[validation] magick ["/tmp/.tmphjBt5q/results/gradient10-z8-2.png", "-auto-orient", "-depth", "8", "RGBA:/tmp/.tmphjBt5q/actual.rgba"]
[validation] magick ["/tmp/.tmphjBt5q/gradient10.heic", "-auto-orient", "-format", "%w %h", "info:"]
[validation] magick ["/tmp/.tmphjBt5q/results/gradient10-z8-2.png", "-auto-orient", "-format", "%w %h", "info:"]
[validation] magick ["/tmp/.tmphjBt5q/results/gradient10-z8-2.png", "-auto-orient", "-format", "%w %h", "info:"]
[validation] magick ["/tmp/.tmphjBt5q/gradient10.heic", "-auto-orient", "-depth", "8", "RGBA:/tmp/.tmphjBt5q/expected.rgba"]
[validation] magick ["/tmp/.tmphjBt5q/results/gradient10-z8-3.png", "-auto-orient", "-depth", "8", "RGBA:/tmp/.tmphjBt5q/actual.rgba"]
[validation] magick ["/tmp/.tmphjBt5q/gradient10.heic", "-auto-orient", "-format", "%w %h", "info:"]
[validation] magick ["/tmp/.tmphjBt5q/results/gradient10-z8-3.png", "-auto-orient", "-format", "%w %h", "info:"]
[validation] magick ["/tmp/.tmphjBt5q/results/gradient10-z8-3.png", "-auto-orient", "-format", "%w %h", "info:"]
[validation] magick ["/tmp/.tmphjBt5q/gradient10.heic", "-auto-orient", "-depth", "8", "RGBA:/tmp/.tmphjBt5q/expected.rgba"]
[validation] magick ["/tmp/.tmphjBt5q/results/gradient10-z8-4.png", "-auto-orient", "-depth", "8", "RGBA:/tmp/.tmphjBt5q/actual.rgba"]
[validation] magick ["/tmp/.tmphjBt5q/gradient10.heic", "-auto-orient", "-format", "%w %h", "info:"]
[validation] magick ["/tmp/.tmphjBt5q/results/gradient10-z8-4.png", "-auto-orient", "-format", "%w %h", "info:"]
[validation] magick ["/tmp/.tmphjBt5q/results/gradient10-z8-4.png", "-auto-orient", "-format", "%w %h", "info:"]
[validation] magick ["/tmp/.tmphjBt5q/gradient10.heic", "-auto-orient", "-depth", "8", "RGBA:/tmp/.tmphjBt5q/expected.rgba"]
[validation] magick ["/tmp/.tmphjBt5q/results/gradient10-z8-5.png", "-auto-orient", "-depth", "8", "RGBA:/tmp/.tmphjBt5q/actual.rgba"]
[validation] magick ["/tmp/.tmphjBt5q/gradient10.heic", "-auto-orient", "-format", "%w %h", "info:"]
[validation] magick ["/tmp/.tmphjBt5q/results/gradient10-z8-5.png", "-auto-orient", "-format", "%w %h", "info:"]
[validation] magick ["/tmp/.tmphjBt5q/results/gradient10-z8-5.png", "-auto-orient", "-format", "%w %h", "info:"]
[validation] magick ["/tmp/.tmphjBt5q/gradient10.heic", "-auto-orient", "-depth", "8", "RGBA:/tmp/.tmphjBt5q/expected.rgba"]
[validation] magick ["/tmp/.tmphjBt5q/results/gradient10-z8-6.png", "-auto-orient", "-depth", "8", "RGBA:/tmp/.tmphjBt5q/actual.rgba"]
[validation] magick ["/tmp/.tmphjBt5q/gradient10.heic", "-auto-orient", "-format", "%w %h", "info:"]
[validation] magick ["/tmp/.tmphjBt5q/results/gradient10-z8-6.png", "-auto-orient", "-format", "%w %h", "info:"]
[validation] magick ["/tmp/.tmphjBt5q/results/gradient10-z8-6.png", "-auto-orient", "-format", "%w %h", "info:"]
[validation] magick ["/tmp/.tmphjBt5q/gradient10.heic", "-auto-orient", "-depth", "8", "RGBA:/tmp/.tmphjBt5q/expected.rgba"]
[validation] magick ["/tmp/.tmphjBt5q/results/gradient10-z8-7.png", "-auto-orient", "-depth", "8", "RGBA:/tmp/.tmphjBt5q/actual.rgba"]
[validation] magick ["/tmp/.tmphjBt5q/gradient10.heic", "-auto-orient", "-format", "%w %h", "info:"]
[validation] magick ["/tmp/.tmphjBt5q/results/gradient10-z8-7.png", "-auto-orient", "-format", "%w %h", "info:"]
[validation] magick ["/tmp/.tmphjBt5q/results/gradient10-z8-7.png", "-auto-orient", "-format", "%w %h", "info:"]
[validation] magick ["/tmp/.tmphjBt5q/gradient10.heic", "-auto-orient", "-depth", "8", "RGBA:/tmp/.tmphjBt5q/expected.rgba"]
[validation] magick ["/tmp/.tmphjBt5q/results/gradient10-z8-8.png", "-auto-orient", "-depth", "8", "RGBA:/tmp/.tmphjBt5q/actual.rgba"]
[validation] magick ["/tmp/.tmphjBt5q/gradient10.heic", "-auto-orient", "-format", "%w %h", "info:"]
[validation] magick ["/tmp/.tmphjBt5q/results/gradient10-z8-8.png", "-auto-orient", "-format", "%w %h", "info:"]
[validation] magick ["/tmp/.tmphjBt5q/results/gradient10-z8-8.png", "-auto-orient", "-format", "%w %h", "info:"]
[validation] magick ["/tmp/.tmphjBt5q/gradient10.heic", "-auto-orient", "-depth", "8", "RGBA:/tmp/.tmphjBt5q/expected.rgba"]
[validation] magick ["/tmp/.tmphjBt5q/results/gradient10-z8-9.png", "-auto-orient", "-depth", "8", "RGBA:/tmp/.tmphjBt5q/actual.rgba"]
[validation] magick ["/tmp/.tmphjBt5q/gradient10.heic", "-auto-orient", "-format", "%w %h", "info:"]
[validation] magick ["/tmp/.tmphjBt5q/results/gradient10-z8-9.png", "-auto-orient", "-format", "%w %h", "info:"]
[validation] magick ["/tmp/.tmphjBt5q/results/gradient10-z8-9.png", "-auto-orient", "-format", "%w %h", "info:"]
[validation] magick ["/tmp/.tmphjBt5q/gradient10.heic", "-auto-orient", "-depth", "8", "RGBA:/tmp/.tmphjBt5q/expected.rgba"]
[validation] magick ["/tmp/.tmphjBt5q/results/gradient10-z8-10.png", "-auto-orient", "-depth", "8", "RGBA:/tmp/.tmphjBt5q/actual.rgba"]
[validation] magick ["/tmp/.tmphjBt5q/gradient10.heic", "-auto-orient", "-format", "%w %h", "info:"]
[validation] magick ["/tmp/.tmphjBt5q/results/gradient10-z8-10.png", "-auto-orient", "-format", "%w %h", "info:"]
[validation] magick ["/tmp/.tmphjBt5q/results/gradient10-z8-10.png", "-auto-orient", "-format", "%w %h", "info:"]
[validation] magick ["/tmp/.tmphjBt5q/gradient10.heic", "-auto-orient", "-depth", "8", "RGBA:/tmp/.tmphjBt5q/expected.rgba"]
[validation] magick ["/tmp/.tmphjBt5q/results/gradient10-z8-11.png", "-auto-orient", "-depth", "8", "RGBA:/tmp/.tmphjBt5q/actual.rgba"]
[validation] magick ["/tmp/.tmphjBt5q/gradient10.heic", "-auto-orient", "-format", "%w %h", "info:"]
[validation] magick ["/tmp/.tmphjBt5q/results/gradient10-z8-11.png", "-auto-orient", "-format", "%w %h", "info:"]
[validation] magick ["/tmp/.tmphjBt5q/results/gradient10-z8-11.png", "-auto-orient", "-format", "%w %h", "info:"]
[validation] magick ["/tmp/.tmphjBt5q/gradient10.heic", "-auto-orient", "-depth", "8", "RGBA:/tmp/.tmphjBt5q/expected.rgba"]
[validation] magick ["/tmp/.tmphjBt5q/results/gradient10-z8-12.png", "-auto-orient", "-depth", "8", "RGBA:/tmp/.tmphjBt5q/actual.rgba"]
[validation] magick ["/tmp/.tmphjBt5q/gradient10.heic", "-auto-orient", "-format", "%w %h", "info:"]
[validation] magick ["/tmp/.tmphjBt5q/results/gradient10-z8-12.png", "-auto-orient", "-format", "%w %h", "info:"]
[validation] magick ["/tmp/.tmphjBt5q/results/gradient10-z8-12.png", "-auto-orient", "-format", "%w %h", "info:"]
[validation] magick ["/tmp/.tmphjBt5q/gradient10.heic", "-auto-orient", "-depth", "8", "RGBA:/tmp/.tmphjBt5q/expected.rgba"]
[validation] magick ["/tmp/.tmphjBt5q/results/gradient10-z8-13.png", "-auto-orient", "-depth", "8", "RGBA:/tmp/.tmphjBt5q/actual.rgba"]
[validation] magick ["/tmp/.tmphjBt5q/gradient10.heic", "-auto-orient", "-format", "%w %h", "info:"]
[validation] magick ["/tmp/.tmphjBt5q/results/gradient10-z8-13.png", "-auto-orient", "-format", "%w %h", "info:"]
[validation] magick ["/tmp/.tmphjBt5q/results/gradient10-z8-13.png", "-auto-orient", "-format", "%w %h", "info:"]
[validation] magick ["/tmp/.tmphjBt5q/gradient10.heic", "-auto-orient", "-depth", "8", "RGBA:/tmp/.tmphjBt5q/expected.rgba"]
[validation] magick ["/tmp/.tmphjBt5q/results/gradient10-z8-14.png", "-auto-orient", "-depth", "8", "RGBA:/tmp/.tmphjBt5q/actual.rgba"]
[validation] magick ["/tmp/.tmphjBt5q/gradient10.heic", "-auto-orient", "-format", "%w %h", "info:"]
[validation] magick ["/tmp/.tmphjBt5q/results/gradient10-z8-14.png", "-auto-orient", "-format", "%w %h", "info:"]
[validation] magick ["/tmp/.tmphjBt5q/results/gradient10-z8-14.png", "-auto-orient", "-format", "%w %h", "info:"]
[validation] magick ["/tmp/.tmphjBt5q/gradient10.heic", "-auto-orient", "-depth", "8", "RGBA:/tmp/.tmphjBt5q/expected.rgba"]
[validation] magick ["/tmp/.tmphjBt5q/results/gradient10-z8-15.png", "-auto-orient", "-depth", "8", "RGBA:/tmp/.tmphjBt5q/actual.rgba"]
[validation] magick ["/tmp/.tmphjBt5q/gradient10.heic", "-auto-orient", "-format", "%w %h", "info:"]
[validation] magick ["/tmp/.tmphjBt5q/results/gradient10-z8-15.png", "-auto-orient", "-format", "%w %h", "info:"]
[validation] magick ["/tmp/.tmphjBt5q/results/gradient10-z8-15.png", "-auto-orient", "-format", "%w %h", "info:"]
Unchanged build inputs: 454 files
node:internal/modules/package_json_reader:314
  throw new ERR_MODULE_NOT_FOUND(packageName, fileURLToPath(base), null);
        ^

Error [ERR_MODULE_NOT_FOUND]: Cannot find package 'yaml' imported from /work/scripts/lib/desktop-snap.mjs
    at Object.getPackageJSONURL (node:internal/modules/package_json_reader:314:9)
    at packageResolve (node:internal/modules/esm/resolve:768:81)
    at moduleResolve (node:internal/modules/esm/resolve:855:18)
    at defaultResolve (node:internal/modules/esm/resolve:985:11)
    at #cachedDefaultResolve (node:internal/modules/esm/loader:731:20)
    at ModuleLoader.resolve (node:internal/modules/esm/loader:708:38)
    at ModuleLoader.getModuleJobForImport (node:internal/modules/esm/loader:310:38)
    at ModuleJob._link (node:internal/modules/esm/module_job:182:49) {
  code: 'ERR_MODULE_NOT_FOUND'
}

Node.js v22.22.2
