#0 building with "z8-source-phase3" instance using docker-container driver

#1 [internal] booting buildkit
#1 starting container buildx_buildkit_z8-source-phase30
#1 starting container buildx_buildkit_z8-source-phase30 0.6s done
#1 DONE 0.6s

#2 [internal] load build definition from Dockerfile
#2 transferring dockerfile: 5.95kB done
#2 DONE 0.0s

#3 [internal] load metadata for docker.io/emscripten/emsdk@sha256:c1e807a6e03ac5bd5b37bae2ace3c46c08579e2ddeb951037a3b8dac7067f2cc
#3 DONE 1.2s

#4 [internal] load .dockerignore
#4 transferring context: 2B done
#4 DONE 0.0s

#5 [emsdk-base 1/2] FROM docker.io/emscripten/emsdk@sha256:c1e807a6e03ac5bd5b37bae2ace3c46c08579e2ddeb951037a3b8dac7067f2cc
#5 resolve docker.io/emscripten/emsdk@sha256:c1e807a6e03ac5bd5b37bae2ace3c46c08579e2ddeb951037a3b8dac7067f2cc done
#5 DONE 0.0s

#6 [internal] load build context
#6 transferring context: 1.35MB 0.4s done
#6 DONE 0.5s

#7 [lame-builder 1/3] COPY sources/ffmpegwasm__lame/ /src/
#7 CACHED

#8 [emsdk-base 2/2] RUN apt-get update &&       apt-get install -y pkg-config autoconf automake libtool ragel
#8 CACHED

#9 [lame-builder 2/3] COPY build/lame.sh /src/build.sh
#9 CACHED

#10 [zlib-builder 2/3] COPY build/zlib.sh /src/build.sh
#10 CACHED

#11 [zlib-builder 1/3] COPY sources/ffmpegwasm__zlib/ /src/
#11 CACHED

#12 [zlib-builder 3/3] RUN bash -x /src/build.sh
#12 CACHED

#13 [fribidi-builder 2/3] COPY build/fribidi.sh /src/build.sh
#13 CACHED

#14 [fribidi-builder 1/3] COPY sources/fribidi__fribidi/ /src/
#14 CACHED

#15 [libvpx-builder 1/3] COPY sources/ffmpegwasm__libvpx/ /src/
#15 CACHED

#16 [libvpx-builder 2/3] COPY build/libvpx.sh /src/build.sh
#16 CACHED

#17 [x265-builder 1/3] COPY sources/ffmpegwasm__x265/ /src/
#17 CACHED

#18 [x265-builder 2/3] COPY build/x265.sh /src/build.sh
#18 CACHED

#19 [zimg-builder 2/4] COPY sources/sekrit-twc__zimg/ /src/
#19 CACHED

#20 [zimg-builder 1/4] RUN apt-get update && apt-get install -y git
#20 CACHED

#21 [fribidi-builder 3/3] RUN bash -x /src/build.sh
#21 CACHED

#22 [harfbuzz-builder 2/3] COPY build/harfbuzz.sh /src/build.sh
#22 CACHED

#23 [harfbuzz-builder 1/3] COPY sources/harfbuzz__harfbuzz/ /src/
#23 CACHED

#24 [harfbuzz-builder 3/3] RUN bash -x /src/build.sh
#24 CACHED

#25 [freetype2-builder 1/3] COPY sources/ffmpegwasm__freetype2/ /src/
#25 CACHED

#26 [freetype2-builder 2/3] COPY build/freetype2.sh /src/build.sh
#26 CACHED

#27 [freetype2-builder 3/3] RUN bash -x /src/build.sh
#27 CACHED

#28 [opus-builder 2/3] COPY build/opus.sh /src/build.sh
#28 CACHED

#29 [opus-builder 1/3] COPY sources/ffmpegwasm__opus/ /src/
#29 CACHED

#30 [opus-builder 3/3] RUN bash -x /src/build.sh
#30 CACHED

#31 [libvpx-builder 3/3] RUN bash -x /src/build.sh
#31 CACHED

#32 [x265-builder 3/3] RUN bash -x /src/build.sh
#32 CACHED

#33 [zimg-builder 3/4] COPY build/zimg.sh /src/build.sh
#33 CACHED

#34 [ffmpeg-base  1/12] RUN embuilder build sdl2 sdl2-mt
#34 CACHED

#35 [ffmpeg-base  2/12] COPY sources/FFmpeg__FFmpeg/ /src/
#35 CACHED

#36 [x264-builder 2/3] COPY build/x264.sh /src/build.sh
#36 CACHED

#37 [x264-builder 1/3] COPY sources/ffmpegwasm__x264/ /src/
#37 CACHED

#38 [x264-builder 3/3] RUN bash -x /src/build.sh
#38 CACHED

#39 [ogg-builder 1/3] COPY sources/ffmpegwasm__Ogg/ /src/
#39 CACHED

#40 [ogg-builder 2/3] COPY build/ogg.sh /src/build.sh
#40 CACHED

#41 [ogg-builder 3/3] RUN bash -x /src/build.sh
#41 CACHED

#42 [vorbis-builder 1/4] COPY --from=ogg-builder /opt /opt
#42 CACHED

#43 [zimg-builder 4/4] RUN bash -x /src/build.sh
#43 ...

#8 [emsdk-base 2/2] RUN apt-get update &&       apt-get install -y pkg-config autoconf automake libtool ragel
#8 CACHED

#44 [lame-builder 3/3] RUN bash -x /src/build.sh
#44 0.286 + set -euo pipefail
#44 0.287 + CONF_FLAGS=(--prefix=$INSTALL_DIR --host=i686-linux --disable-shared --disable-frontend --disable-analyzer-hooks --disable-dependency-tracking --disable-gtktest)
#44 0.290 + CFLAGS='-I/opt/include  -O3 -msimd128'
#44 0.290 + emconfigure ./configure --prefix=/opt --host=i686-linux --disable-shared --disable-frontend --disable-analyzer-hooks --disable-dependency-tracking --disable-gtktest
#44 0.485 configure: ./configure --prefix=/opt --host=i686-linux --disable-shared --disable-frontend --disable-analyzer-hooks --disable-dependency-tracking --disable-gtktest
#44 1.618 checking build system type... x86_64-unknown-linux-gnu
#44 2.141 checking host system type... i686-pc-linux-gnu
#44 2.277 checking for a BSD-compatible install... /usr/bin/install -c
#44 2.365 checking whether build environment is sane... yes
#44 2.457 checking for i686-linux-strip... no
#44 2.457 checking for strip... strip
#44 2.458 checking for a thread-safe mkdir -p... /usr/bin/mkdir -p
#44 2.472 checking for gawk... no
#44 2.473 checking for mawk... mawk
#44 2.473 checking whether make sets $(MAKE)... yes
#44 2.646 checking whether make supports nested variables... yes
#44 2.762 checking whether to enable maintainer-specific portions of Makefiles... no
#44 2.774 checking for style of include used by make... GNU
#44 2.822 checking for i686-linux-gcc... /emsdk/upstream/emscripten/emcc
#44 3.891 checking whether the C compiler works... yes
#44 8.070 checking for C compiler default output file name... a.out
#44 8.080 checking for suffix of executables... 
#44 ...

#43 [zimg-builder 4/4] RUN bash -x /src/build.sh
#43 0.213 + set -euo pipefail
#43 0.213 + CONF_FLAGS=(--prefix=$INSTALL_DIR --host=x86_64-linux-gnu --disable-shared --enable-static --disable-dependency-tracking --disable-simd)
#43 0.213 + emconfigure ./autogen.sh
#43 0.413 configure: ./autogen.sh
#43 0.555 autoreconf: export WARNINGS=
#43 0.570 autoreconf: Entering directory '.'
#43 0.571 autoreconf: configure.ac: not using Gettext
#43 1.574 autoreconf: running: aclocal --force -I m4
#43 2.820 autoreconf: configure.ac: tracing
#43 3.993 autoreconf: running: libtoolize --copy --force
#43 4.993 libtoolize: putting auxiliary files in '.'.
#43 4.993 libtoolize: copying file './ltmain.sh'
#43 5.358 libtoolize: putting macros in AC_CONFIG_MACRO_DIRS, 'm4'.
#43 5.358 libtoolize: copying file 'm4/libtool.m4'
#43 5.673 libtoolize: copying file 'm4/ltoptions.m4'
#43 5.988 libtoolize: copying file 'm4/ltsugar.m4'
#43 6.297 libtoolize: copying file 'm4/ltversion.m4'
#43 6.612 libtoolize: copying file 'm4/lt~obsolete.m4'
#43 6.939 autoreconf: configure.ac: not using Intltool
#43 6.939 autoreconf: configure.ac: not using Gtkdoc
#43 6.939 autoreconf: running: aclocal --force -I m4
#43 8.131 autoreconf: running: /usr/bin/autoconf --force
#43 8.667 configure.ac:36: warning: $as_echo is obsolete; use AS_ECHO(["message"]) instead
#43 8.667 lib/m4sugar/m4sh.m4:692: _AS_IF_ELSE is expanded from...
#43 8.667 lib/m4sugar/m4sh.m4:699: AS_IF is expanded from...
#43 8.667 ./lib/autoconf/general.m4:2249: AC_CACHE_VAL is expanded from...
#43 8.667 ./lib/autoconf/general.m4:2270: AC_CACHE_CHECK is expanded from...
#43 8.667 m4/ax_pthread.m4:88: AX_PTHREAD is expanded from...
#43 8.667 configure.ac:36: the top level
#43 8.773 autoreconf: configure.ac: not using Autoheader
#43 8.773 autoreconf: running: automake --add-missing --copy --force-missing
#43 10.97 configure.ac:10: installing './compile'
#43 10.98 configure.ac:10: installing './config.guess'
#43 11.00 configure.ac:10: installing './config.sub'
#43 11.01 configure.ac:7: installing './install-sh'
#43 11.02 configure.ac:7: installing './missing'
#43 11.08 Makefile.am: installing './depcomp'
#43 ...

#44 [lame-builder 3/3] RUN bash -x /src/build.sh
#44 8.080 checking for suffix of executables... 
#44 11.13 checking whether we are cross compiling... no
#44 16.55 checking for suffix of object files... 
#44 ...

#43 [zimg-builder 4/4] RUN bash -x /src/build.sh
#43 11.20 parallel-tests: installing './test-driver'
#43 11.24 autoreconf: Leaving directory '.'
#43 11.27 + emconfigure ./configure --prefix=/opt --host=x86_64-linux-gnu --disable-shared --enable-static --disable-dependency-tracking --disable-simd
#43 11.40 configure: ./configure --prefix=/opt --host=x86_64-linux-gnu --disable-shared --enable-static --disable-dependency-tracking --disable-simd
#43 12.31 checking for a BSD-compatible install... /usr/bin/install -c
#43 12.40 checking whether build environment is sane... yes
#43 12.49 checking for x86_64-linux-gnu-strip... x86_64-linux-gnu-strip
#43 12.49 checking for a race-free mkdir -p... /usr/bin/mkdir -p
#43 12.50 checking for gawk... no
#43 12.50 checking for mawk... mawk
#43 12.50 checking whether make sets $(MAKE)... yes
#43 12.62 checking whether make supports nested variables... yes
#43 12.69 checking whether make supports nested variables... (cached) yes
#43 12.74 checking build system type... x86_64-pc-linux-gnu
#43 13.18 checking host system type... x86_64-pc-linux-gnu
#43 13.23 checking how to print strings... printf
#43 13.24 checking whether make supports the include directive... yes (GNU style)
#43 13.33 checking for x86_64-linux-gnu-gcc... /emsdk/upstream/emscripten/emcc
#43 14.86 checking whether the C compiler works... 
#43 ...

#44 [lame-builder 3/3] RUN bash -x /src/build.sh
#44 16.55 checking for suffix of object files... o
#44 17.27 checking whether we are using the GNU C compiler... yes
#44 17.92 checking whether /emsdk/upstream/emscripten/emcc accepts -g... yes
#44 18.50 checking for /emsdk/upstream/emscripten/emcc option to accept ISO C89... none needed
#44 19.34 checking whether /emsdk/upstream/emscripten/emcc understands -c and -o together... yes
#44 20.32 checking dependency style of /emsdk/upstream/emscripten/emcc... none
#44 20.32 checking how to run the C preprocessor... /emsdk/upstream/emscripten/emcc -E
#44 22.03 checking for grep that handles long lines and -e... /usr/bin/grep
#44 22.04 checking for egrep... /usr/bin/grep -E
#44 22.06 checking for ANSI C header files... yes
#44 27.01 checking for sys/types.h... yes
#44 27.58 checking for sys/stat.h... yes
#44 28.14 checking for stdlib.h... yes
#44 28.70 checking for string.h... yes
#44 ...

#43 [zimg-builder 4/4] RUN bash -x /src/build.sh
#43 14.86 checking whether the C compiler works... yes
#43 19.12 checking for C compiler default output file name... a.out
#43 19.14 checking for suffix of executables... 
#43 22.30 checking whether we are cross compiling... no
#43 27.02 checking for suffix of object files... o
#43 27.60 checking whether the compiler supports GNU C... yes
#43 28.14 checking whether /emsdk/upstream/emscripten/emcc accepts -g... yes
#43 28.63 checking for /emsdk/upstream/emscripten/emcc option to enable C11 features... 
#43 ...

#44 [lame-builder 3/3] RUN bash -x /src/build.sh
#44 29.25 checking for memory.h... yes
#44 29.81 checking for strings.h... yes
#44 30.35 checking for inttypes.h... yes
#44 30.90 checking for stdint.h... yes
#44 31.47 checking for unistd.h... yes
#44 32.00 checking minix/config.h usability... no
#44 32.52 checking minix/config.h presence... no
#44 32.96 checking for minix/config.h... no
#44 32.96 checking whether it is safe to define __EXTENSIONS__... yes
#44 33.59 checking for library containing strerror... none required
#44 36.75 checking how to print strings... printf
#44 36.75 checking for a sed that does not truncate output... /usr/bin/sed
#44 36.79 checking for fgrep... /usr/bin/grep -F
#44 36.81 checking for ld used by /emsdk/upstream/emscripten/emcc... /emsdk/upstream/emscripten/emcc
#44 37.05 checking if the linker (/emsdk/upstream/emscripten/emcc) is GNU ld... yes
#44 37.32 checking for BSD- or MS-compatible name lister (nm)... /emsdk/upstream/bin/llvm-nm
#44 37.32 checking the name lister (/emsdk/upstream/bin/llvm-nm) interface... BSD nm
#44 37.90 checking whether ln -s works... yes
#44 37.90 checking the maximum length of command line arguments... 1572864
#44 37.95 checking how to convert x86_64-unknown-linux-gnu file names to i686-pc-linux-gnu format... func_convert_file_noop
#44 37.95 checking how to convert x86_64-unknown-linux-gnu file names to toolchain format... func_convert_file_noop
#44 37.95 checking for /emsdk/upstream/emscripten/emcc option to reload object files... -r
#44 37.95 checking for i686-linux-objdump... no
#44 37.95 checking for objdump... objdump
#44 37.96 checking how to recognize dependent libraries... pass_all
#44 37.96 checking for i686-linux-dlltool... no
#44 37.96 checking for dlltool... no
#44 37.96 checking how to associate runtime and link libraries... printf %s\n
#44 37.96 checking for i686-linux-ar... /emsdk/upstream/emscripten/emar
#44 37.96 checking for archiver @FILE support... @
#44 38.94 checking for i686-linux-strip... strip
#44 38.94 checking for i686-linux-ranlib... /emsdk/upstream/emscripten/emranlib
#44 38.94 checking command to parse /emsdk/upstream/bin/llvm-nm output from /emsdk/upstream/emscripten/emcc object... 
#44 ...

#43 [zimg-builder 4/4] RUN bash -x /src/build.sh
#43 28.63 checking for /emsdk/upstream/emscripten/emcc option to enable C11 features... none needed
#43 29.57 checking whether /emsdk/upstream/emscripten/emcc understands -c and -o together... yes
#43 30.47 checking dependency style of /emsdk/upstream/emscripten/emcc... none
#43 30.47 checking for a sed that does not truncate output... /usr/bin/sed
#43 30.51 checking for grep that handles long lines and -e... /usr/bin/grep
#43 30.53 checking for egrep... /usr/bin/grep -E
#43 30.54 checking for fgrep... /usr/bin/grep -F
#43 30.56 checking for ld used by /emsdk/upstream/emscripten/emcc... /emsdk/upstream/emscripten/emcc
#43 30.79 checking if the linker (/emsdk/upstream/emscripten/emcc) is GNU ld... yes
#43 31.02 checking for BSD- or MS-compatible name lister (nm)... /emsdk/upstream/bin/llvm-nm
#43 31.02 checking the name lister (/emsdk/upstream/bin/llvm-nm) interface... BSD nm
#43 31.54 checking whether ln -s works... yes
#43 31.54 checking the maximum length of command line arguments... 1572864
#43 31.59 checking how to convert x86_64-pc-linux-gnu file names to x86_64-pc-linux-gnu format... func_convert_file_noop
#43 31.59 checking how to convert x86_64-pc-linux-gnu file names to toolchain format... func_convert_file_noop
#43 31.59 checking for /emsdk/upstream/emscripten/emcc option to reload object files... -r
#43 31.59 checking for x86_64-linux-gnu-objdump... x86_64-linux-gnu-objdump
#43 31.59 checking how to recognize dependent libraries... pass_all
#43 31.59 checking for x86_64-linux-gnu-dlltool... no
#43 31.59 checking for dlltool... no
#43 31.59 checking how to associate runtime and link libraries... printf %s\n
#43 31.59 checking for x86_64-linux-gnu-ar... /emsdk/upstream/emscripten/emar
#43 31.59 checking for archiver @FILE support... @
#43 32.50 checking for x86_64-linux-gnu-strip... (cached) x86_64-linux-gnu-strip
#43 32.50 checking for x86_64-linux-gnu-ranlib... /emsdk/upstream/emscripten/emranlib
#43 32.50 checking command to parse /emsdk/upstream/bin/llvm-nm output from /emsdk/upstream/emscripten/emcc object... ok
#43 36.33 checking for sysroot... no
#43 36.33 checking for a working dd... /usr/bin/dd
#43 36.38 checking how to truncate binary pipes... /usr/bin/dd bs=4096 count=1
#43 36.89 checking for x86_64-linux-gnu-mt... no
#43 36.89 checking for mt... no
#43 36.89 checking if : is a manifest tool... no
#43 36.93 checking for stdio.h... yes
#43 37.46 checking for stdlib.h... yes
#43 38.01 checking for string.h... yes
#43 38.53 checking for inttypes.h... yes
#43 39.06 checking for stdint.h... yes
#43 39.57 checking for strings.h... yes
#43 40.09 checking for sys/stat.h... yes
#43 40.57 checking for sys/types.h... yes
#43 41.08 checking for unistd.h... yes
#43 41.57 checking for dlfcn.h... yes
#43 42.07 checking for objdir... .libs
#43 ...

#44 [lame-builder 3/3] RUN bash -x /src/build.sh
#44 38.94 checking command to parse /emsdk/upstream/bin/llvm-nm output from /emsdk/upstream/emscripten/emcc object... ok
#44 42.59 checking for sysroot... no
#44 42.59 checking for a working dd... /usr/bin/dd
#44 42.64 checking how to truncate binary pipes... /usr/bin/dd bs=4096 count=1
#44 42.69 checking for i686-linux-mt... no
#44 42.69 checking for mt... no
#44 42.69 checking if : is a manifest tool... no
#44 42.73 checking for dlfcn.h... yes
#44 43.24 checking for objdir... .libs
#44 46.68 checking if /emsdk/upstream/emscripten/emcc supports -fno-rtti -fno-exceptions... yes
#44 47.18 checking for /emsdk/upstream/emscripten/emcc option to produce PIC... -fPIC -DPIC
#44 47.18 checking if /emsdk/upstream/emscripten/emcc PIC flag -fPIC -DPIC works... yes
#44 47.85 checking if /emsdk/upstream/emscripten/emcc static flag -static works... yes
#44 50.91 checking if /emsdk/upstream/emscripten/emcc supports -c -o file.o... yes
#44 51.51 checking if /emsdk/upstream/emscripten/emcc supports -c -o file.o... (cached) yes
#44 51.51 checking whether the /emsdk/upstream/emscripten/emcc linker (/emsdk/upstream/emscripten/emcc) supports shared libraries... emcc (Emscripten gcc/clang-like replacement + linker emulating GNU ld) 3.1.40 (5c27e79dd0a9c4e27ef2326841698cdd4f6b5784)
#44 51.91 clang version 17.0.0 (https://github.com/llvm/llvm-project 2922e7cd9334797c24a317d41275f1258ef9ddd3)
#44 51.91 Target: wasm32-unknown-emscripten
#44 51.91 Thread model: posix
#44 51.91 InstalledDir: /emsdk/upstream/bin
#44 52.36 yes
#44 52.36 checking dynamic linker characteristics... 
#44 ...

#43 [zimg-builder 4/4] RUN bash -x /src/build.sh
#43 45.48 checking if /emsdk/upstream/emscripten/emcc supports -fno-rtti -fno-exceptions... yes
#43 45.98 checking for /emsdk/upstream/emscripten/emcc option to produce PIC... -fPIC -DPIC
#43 45.98 checking if /emsdk/upstream/emscripten/emcc PIC flag -fPIC -DPIC works... yes
#43 46.48 checking if /emsdk/upstream/emscripten/emcc static flag -static works... yes
#43 49.69 checking if /emsdk/upstream/emscripten/emcc supports -c -o file.o... yes
#43 50.27 checking if /emsdk/upstream/emscripten/emcc supports -c -o file.o... (cached) yes
#43 50.27 checking whether the /emsdk/upstream/emscripten/emcc linker (/emsdk/upstream/emscripten/emcc) supports shared libraries... emcc (Emscripten gcc/clang-like replacement + linker emulating GNU ld) 3.1.40 (5c27e79dd0a9c4e27ef2326841698cdd4f6b5784)
#43 50.68 clang version 17.0.0 (https://github.com/llvm/llvm-project 2922e7cd9334797c24a317d41275f1258ef9ddd3)
#43 50.68 Target: wasm32-unknown-emscripten
#43 50.68 Thread model: posix
#43 50.68 InstalledDir: /emsdk/upstream/bin
#43 51.13 yes
#43 51.13 checking dynamic linker characteristics... GNU/Linux ld.so
#43 57.07 checking how to hardcode library paths into programs... immediate
#43 57.07 checking whether stripping libraries is possible... yes
#43 57.08 checking if libtool supports shared libraries... yes
#43 57.08 checking whether to build shared libraries... no
#43 57.08 checking whether to build static libraries... yes
#43 58.03 checking whether the compiler supports GNU C++... 
#43 ...

#44 [lame-builder 3/3] RUN bash -x /src/build.sh
#44 52.36 checking dynamic linker characteristics... GNU/Linux ld.so
#44 58.24 checking how to hardcode library paths into programs... immediate
#44 58.24 checking whether stripping libraries is possible... yes
#44 58.26 checking if libtool supports shared libraries... yes
#44 58.26 checking whether to build shared libraries... no
#44 58.26 checking whether to build static libraries... yes
#44 58.26 checking for i686-linux-gcc... (cached) /emsdk/upstream/emscripten/emcc
#44 59.26 checking whether we are using the GNU C compiler... (cached) yes
#44 59.26 checking whether /emsdk/upstream/emscripten/emcc accepts -g... (cached) yes
#44 59.26 checking for /emsdk/upstream/emscripten/emcc option to accept ISO C89... (cached) none needed
#44 59.26 checking whether /emsdk/upstream/emscripten/emcc understands -c and -o together... (cached) yes
#44 59.26 checking dependency style of /emsdk/upstream/emscripten/emcc... (cached) none
#44 59.26 checking compiler... gcc
#44 59.45 checking version of GCC... unknown compiler version pattern
#44 59.63 checking dmalloc.h usability... no
#44 60.14 checking dmalloc.h presence... no
#44 60.57 checking for dmalloc.h... no
#44 60.57 checking for ANSI C header files... (cached) yes
#44 60.59 checking errno.h usability... yes
#44 61.09 checking errno.h presence... yes
#44 61.47 checking for errno.h... yes
#44 61.53 checking fcntl.h usability... yes
#44 62.04 checking fcntl.h presence... yes
#44 62.41 checking for fcntl.h... yes
#44 62.46 checking limits.h usability... yes
#44 62.97 checking limits.h presence... yes
#44 63.37 checking for limits.h... yes
#44 63.42 checking for stdint.h... (cached) yes
#44 63.47 checking for string.h... (cached) yes
#44 63.53 checking sys/soundcard.h usability... no
#44 64.06 checking sys/soundcard.h presence... no
#44 64.48 checking for sys/soundcard.h... no
#44 64.51 checking sys/time.h usability... yes
#44 65.00 checking sys/time.h presence... yes
#44 65.37 checking for sys/time.h... yes
#44 65.43 checking for unistd.h... (cached) yes
#44 65.48 checking linux/soundcard.h usability... no
#44 66.01 checking linux/soundcard.h presence... no
#44 66.44 checking for linux/soundcard.h... no
#44 66.44 checking working SSE intrinsics... no
#44 66.99 checking for an ANSI C-conforming const... yes
#44 67.63 checking for inline... inline
#44 68.12 checking whether byte ordering is bigendian... 
#44 ...

#43 [zimg-builder 4/4] RUN bash -x /src/build.sh
#43 58.03 checking whether the compiler supports GNU C++... yes
#43 58.57 checking whether /emsdk/upstream/emscripten/em++ accepts -g... yes
#43 59.05 checking for /emsdk/upstream/emscripten/em++ option to enable C++11 features... none needed
#43 60.00 checking dependency style of /emsdk/upstream/emscripten/em++... none
#43 60.00 checking how to run the C++ preprocessor... /emsdk/upstream/emscripten/em++ -E
#43 64.94 checking for ld used by /emsdk/upstream/emscripten/em++... /emsdk/upstream/emscripten/emcc
#43 65.16 checking if the linker (/emsdk/upstream/emscripten/emcc) is GNU ld... yes
#43 65.61 em++: error: no input files
#43 65.62 checking whether the /emsdk/upstream/emscripten/em++ linker (/emsdk/upstream/emscripten/emcc) supports shared libraries... yes
#43 69.23 checking for /emsdk/upstream/emscripten/em++ option to produce PIC... -fPIC -DPIC
#43 69.23 checking if /emsdk/upstream/emscripten/em++ PIC flag -fPIC -DPIC works... yes
#43 69.75 checking if /emsdk/upstream/emscripten/em++ static flag -static works... 
#43 ...

#44 [lame-builder 3/3] RUN bash -x /src/build.sh
#44 68.12 checking whether byte ordering is bigendian... no
#44 69.83 checking for special C compiler options needed for large files... no
#44 69.83 checking for _FILE_OFFSET_BITS value needed for large files... no
#44 70.48 checking size of short... 
#44 ...

#43 [zimg-builder 4/4] RUN bash -x /src/build.sh
#43 69.75 checking if /emsdk/upstream/emscripten/em++ static flag -static works... yes
#43 72.92 checking if /emsdk/upstream/emscripten/em++ supports -c -o file.o... yes
#43 73.50 checking if /emsdk/upstream/emscripten/em++ supports -c -o file.o... (cached) yes
#43 73.50 checking whether the /emsdk/upstream/emscripten/em++ linker (/emsdk/upstream/emscripten/emcc) supports shared libraries... yes
#43 73.50 checking dynamic linker characteristics... (cached) GNU/Linux ld.so
#43 73.55 checking how to hardcode library paths into programs... immediate
#43 73.55 checking whether C++ compiler accepts -std=c++14... yes
#43 74.07 checking whether C compiler accepts -fvisibility=hidden... yes
#43 74.62 checking how to run the C preprocessor... /emsdk/upstream/emscripten/emcc -E
#43 76.26 checking whether /emsdk/upstream/emscripten/emcc is Clang... yes
#43 76.63 checking whether Clang needs flag to prevent "argument unused" warning when linking with -pthread... no
#43 85.40 checking for joinable pthread attribute... 
#43 ...

#44 [lame-builder 3/3] RUN bash -x /src/build.sh
#44 70.48 checking size of short... 2
#44 75.44 checking size of unsigned short... 2
#44 80.25 checking size of int... 4
#44 84.97 checking size of unsigned int... 
#44 ...

#43 [zimg-builder 4/4] RUN bash -x /src/build.sh
#43 85.40 checking for joinable pthread attribute... PTHREAD_CREATE_JOINABLE
#43 89.52 checking whether more special flags are required for pthreads... no
#43 89.52 checking for PTHREAD_PRIO_INHERIT... yes
#43 93.76 checking that generated files are newer than configure... done
#43 93.76 configure: creating ./config.status
#43 98.82 config.status: creating Makefile
#43 98.94 config.status: creating zimg.pc
#43 99.05 config.status: executing depfiles commands
#43 99.07 config.status: executing libtool commands
#43 99.37 + emmake make install -j2
#43 99.50 make: make install -j2
#43 99.62 make[1]: Entering directory '/src'
#43 99.64   CXX      dummy.lo
#43 ...

#44 [lame-builder 3/3] RUN bash -x /src/build.sh
#44 84.97 checking size of unsigned int... 4
#44 89.75 checking size of long... 4
#44 94.57 checking size of unsigned long... 4
#44 99.37 checking size of long long... 
#44 ...

#43 [zimg-builder 4/4] RUN bash -x /src/build.sh
#43 100.4   CXX      src/zimg/api/libzimg_internal_la-zimg.lo
#43 101.1   CXX      src/zimg/colorspace/libzimg_internal_la-colorspace.lo
#43 103.4   CXX      src/zimg/colorspace/libzimg_internal_la-colorspace_param.lo
#43 103.5   CXX      src/zimg/colorspace/libzimg_internal_la-gamma.lo
#43 105.7   CXX      src/zimg/colorspace/libzimg_internal_la-graph.lo
#43 105.7   CXX      src/zimg/colorspace/libzimg_internal_la-matrix3.lo
#43 107.9   CXX      src/zimg/colorspace/libzimg_internal_la-operation.lo
#43 108.8   CXX      src/zimg/colorspace/libzimg_internal_la-operation_impl.lo
#43 110.0   CXX      src/zimg/common/libzimg_internal_la-cpuinfo.lo
#43 111.2   CXX      src/zimg/common/libzimg_internal_la-libm_wrapper.lo
#43 111.7   CXX      src/zimg/common/libzimg_internal_la-matrix.lo
#43 112.9   CXX      src/zimg/depth/libzimg_internal_la-blue.lo
#43 ...

#44 [lame-builder 3/3] RUN bash -x /src/build.sh
#44 99.37 checking size of long long... 8
#44 104.1 checking size of unsigned long long... 8
#44 108.8 checking size of float... 4
#44 113.5 checking size of double... 
#44 ...

#43 [zimg-builder 4/4] RUN bash -x /src/build.sh
#43 114.4   CXX      src/zimg/depth/libzimg_internal_la-depth_convert.lo
#43 114.6   CXX      src/zimg/depth/libzimg_internal_la-depth.lo
#43 116.8   CXX      src/zimg/depth/libzimg_internal_la-dither.lo
#43 116.8   CXX      src/zimg/depth/libzimg_internal_la-quantize.lo
#43 119.0   CXX      src/zimg/graph/libzimg_internal_la-basic_filter.lo
#43 119.5   CXX      src/zimg/graph/libzimg_internal_la-filtergraph.lo
#43 ...

#44 [lame-builder 3/3] RUN bash -x /src/build.sh
#44 113.5 checking size of double... 8
#44 118.2 checking for long double with more range or precision than double... yes
#44 118.9 checking for uint8_t... yes
#44 120.0 checking for int8_t... yes
#44 121.1 checking for uint16_t... yes
#44 122.2 checking for int16_t... yes
#44 123.4 checking for uint32_t... yes
#44 124.5 checking for int32_t... yes
#44 125.6 checking for uint64_t... yes
#44 126.7 checking for int64_t... yes
#44 127.8 checking for IEEE854 compliant 80 bit floats... yes
#44 131.1 checking for ieee854_float80_t... 
#44 ...

#43 [zimg-builder 4/4] RUN bash -x /src/build.sh
#43 121.5   CXX      src/zimg/graph/libzimg_internal_la-graphbuilder.lo
#43 122.3   CXX      src/zimg/graph/libzimg_internal_la-graphnode.lo
#43 124.2   CXX      src/zimg/resize/libzimg_internal_la-filter.lo
#43 125.0   CXX      src/zimg/resize/libzimg_internal_la-resize.lo
#43 126.8   CXX      src/zimg/resize/libzimg_internal_la-resize_impl.lo
#43 127.4   CXX      src/zimg/unresize/libzimg_internal_la-bilinear.lo
#43 129.4   CXX      src/zimg/unresize/libzimg_internal_la-unresize.lo
#43 129.9   CXX      src/zimg/unresize/libzimg_internal_la-unresize_impl.lo
#43 ...

#44 [lame-builder 3/3] RUN bash -x /src/build.sh
#44 131.1 checking for ieee854_float80_t... no
#44 131.6 checking for ieee754_float64_t... no
#44 132.2 checking for ieee754_float32_t... no
#44 132.7 checking for size_t... yes
#44 133.8 checking whether time.h and sys/time.h may both be included... yes
#44 134.4 checking for working alloca.h... 
#44 ...

#43 [zimg-builder 4/4] RUN bash -x /src/build.sh
#43 132.6   CXXLD    libzimg_internal.la
#43 134.0   CXXLD    libzimg.la
#43 135.9 make[2]: Entering directory '/src'
#43 136.0  /usr/bin/mkdir -p '/opt/lib'
#43 136.0  /usr/bin/mkdir -p '/opt/share/doc/zimg'
#43 136.0  /bin/bash ./libtool   --mode=install /usr/bin/install -c   libzimg.la '/opt/lib'
#43 136.0  /usr/bin/install -c -m 644 ChangeLog COPYING README.md '/opt/share/doc/zimg'
#43 136.0  /usr/bin/mkdir -p '/opt/share/doc/zimg/example'
#43 136.1 libtool: install: /usr/bin/install -c .libs/libzimg.lai /opt/lib/libzimg.la
#43 136.1  /usr/bin/install -c -m 644 doc/example/api_example.cpp doc/example/api_example_c.c doc/example/hdr_example.cpp doc/example/interlace_example.cpp doc/example/tile_example.cpp doc/example/Makefile '/opt/share/doc/zimg/example'
#43 136.1 libtool: install: /usr/bin/install -c .libs/libzimg.a /opt/lib/libzimg.a
#43 136.1 libtool: install: chmod 644 /opt/lib/libzimg.a
#43 136.1 libtool: install: /emsdk/upstream/emscripten/emranlib /opt/lib/libzimg.a
#43 136.1  /usr/bin/mkdir -p '/opt/share/doc/zimg/example/misc'
#43 136.1  /usr/bin/install -c -m 644 src/testcommon/aligned_malloc.h src/testcommon/argparse.cpp src/testcommon/argparse.h src/testcommon/mmap.cpp src/testcommon/mmap.h src/testcommon/win32_bitmap.cpp src/testcommon/win32_bitmap.h '/opt/share/doc/zimg/example/misc'
#43 136.2  /usr/bin/mkdir -p '/opt/include'
#43 136.2  /usr/bin/install -c -m 644 src/zimg/api/zimg.h src/zimg/api/zimg++.hpp '/opt/include'
#43 136.3  /usr/bin/mkdir -p '/opt/lib/pkgconfig'
#43 136.3  /usr/bin/install -c -m 644 zimg.pc '/opt/lib/pkgconfig'
#43 136.3 libtool: finish: PATH="/emsdk/upstream/emscripten/cache/sysroot/bin:/emsdk:/emsdk/upstream/emscripten:/emsdk/upstream/bin:/emsdk/node/15.14.0_64bit/bin:/usr/local/sbin:/usr/local/bin:/usr/sbin:/usr/bin:/sbin:/bin:/sbin" ldconfig -n /opt/lib
#43 136.4 ----------------------------------------------------------------------
#43 136.4 Libraries have been installed in:
#43 136.4    /opt/lib
#43 136.4 
#43 136.4 If you ever happen to want to link against installed libraries
#43 136.4 in a given directory, LIBDIR, you must either use libtool, and
#43 136.4 specify the full pathname of the library, or use the '-LLIBDIR'
#43 136.4 flag during linking and do at least one of the following:
#43 136.4    - add LIBDIR to the 'LD_LIBRARY_PATH' environment variable
#43 136.4      during execution
#43 136.4    - add LIBDIR to the 'LD_RUN_PATH' environment variable
#43 136.4      during linking
#43 136.4    - use the '-Wl,-rpath -Wl,LIBDIR' linker flag
#43 136.4    - have your system administrator add LIBDIR to '/etc/ld.so.conf'
#43 136.4 
#43 136.4 See any operating system documentation about shared libraries for
#43 136.4 more information, such as the ld(1) and ld.so(8) manual pages.
#43 136.4 ----------------------------------------------------------------------
#43 136.4 make[2]: Leaving directory '/src'
#43 136.4 make[1]: Leaving directory '/src'
#43 DONE 136.4s

#45 [vorbis-builder 2/4] COPY sources/ffmpegwasm__vorbis/ /src/
#45 DONE 0.2s

#46 [theora-builder 2/4] COPY sources/ffmpegwasm__theora/ /src/
#46 DONE 0.1s

#44 [lame-builder 3/3] RUN bash -x /src/build.sh
#44 134.4 checking for working alloca.h... 
#44 ...

#47 [libass-builder 1/6] COPY --from=freetype2-builder /opt /opt
#47 DONE 0.1s

#48 [ffmpeg-base  3/12] COPY --from=x264-builder /opt /opt
#48 DONE 0.1s

#49 [libwebp-builder 1/4] COPY --from=zlib-builder /opt /opt
#49 DONE 0.0s

#50 [vorbis-builder 3/4] COPY build/vorbis.sh /src/build.sh
#50 DONE 0.0s

#51 [theora-builder 3/4] COPY build/theora.sh /src/build.sh
#51 DONE 0.0s

#44 [lame-builder 3/3] RUN bash -x /src/build.sh
#44 134.4 checking for working alloca.h... 
#44 ...

#52 [libass-builder 2/6] COPY --from=fribidi-builder /opt /opt
#52 DONE 0.1s

#53 [ffmpeg-base  4/12] COPY --from=x265-builder /opt /opt
#53 DONE 0.0s

#54 [libwebp-builder 2/4] COPY sources/ffmpegwasm__libwebp/ /src/
#54 DONE 0.2s

#44 [lame-builder 3/3] RUN bash -x /src/build.sh
#44 134.4 checking for working alloca.h... yes
#44 137.5 checking for alloca... yes
#44 140.6 checking for gettimeofday... 
#44 ...

#55 [vorbis-builder 4/4] RUN bash -x /src/build.sh
#55 0.080 + set -euo pipefail
#55 0.081 + sed -i s#-mno-ieee-fp##g configure.ac
#55 0.102 + CONF_FLAGS=(--prefix=$INSTALL_DIR --host=i686-linux --enable-shared=no --enable-docs=no --enable-examples=no --enable-fast-install=no --disable-oggtest --disable-dependency-tracking)
#55 0.105 + emconfigure ./autogen.sh --prefix=/opt --host=i686-linux --enable-shared=no --enable-docs=no --enable-examples=no --enable-fast-install=no --disable-oggtest --disable-dependency-tracking
#55 0.244 configure: ./autogen.sh --prefix=/opt --host=i686-linux --enable-shared=no --enable-docs=no --enable-examples=no --enable-fast-install=no --disable-oggtest --disable-dependency-tracking
#55 0.276 checking for autoconf... 
#55 0.457 checking for automake 1.11 or later... automake
#55 0.849 checking for aclocal 1.11 or later... aclocal
#55 1.147 checking for libtool... libtoolize
#55 1.821 Generating configuration files for vorbis, please wait....
#55 1.822   aclocal -I m4
#55 2.576   libtoolize --automake
#55 3.743   autoheader
#55 4.314   automake --add-missing 
#55 6.275 configure.ac:14: warning: AM_INIT_AUTOMAKE: two- and three-arguments forms are deprecated.  For more info, see:
#55 6.275 configure.ac:14: https://www.gnu.org/software/automake/manual/automake.html#Modernize-AM_005fINIT_005fAUTOMAKE-invocation
#55 6.280 configure.ac:56: installing './compile'
#55 6.280 configure.ac:12: installing './config.guess'
#55 6.280 configure.ac:12: installing './config.sub'
#55 6.281 configure.ac:14: installing './install-sh'
#55 6.281 configure.ac:14: installing './missing'
#55 6.345 examples/Makefile.am:5: warning: 'INCLUDES' is the old name for 'AM_CPPFLAGS' (or '*_CPPFLAGS')
#55 6.350 examples/Makefile.am: installing './depcomp'
#55 6.381 lib/Makefile.am:5: warning: 'INCLUDES' is the old name for 'AM_CPPFLAGS' (or '*_CPPFLAGS')
#55 ...

#44 [lame-builder 3/3] RUN bash -x /src/build.sh
#44 140.6 checking for gettimeofday... yes
#44 143.7 checking for strtol... yes
#44 146.8 checking for socket... 
#44 ...

#55 [vorbis-builder 4/4] RUN bash -x /src/build.sh
#55 6.452 test/Makefile.am:5: warning: 'INCLUDES' is the old name for 'AM_CPPFLAGS' (or '*_CPPFLAGS')
#55 6.466 vq/Makefile.am:3: warning: 'INCLUDES' is the old name for 'AM_CPPFLAGS' (or '*_CPPFLAGS')
#55 6.487   autoconf
#55 6.946 configure.ac:14: warning: AM_INIT_AUTOMAKE: two- and three-arguments forms are deprecated.
#55 6.946 ./lib/autoconf/general.m4:2434: AC_DIAGNOSE is expanded from...
#55 6.946 aclocal.m4:9483: AM_INIT_AUTOMAKE is expanded from...
#55 6.946 configure.ac:14: the top level
#55 6.946 configure.ac:16: warning: 'AM_CONFIG_HEADER': this macro is obsolete.
#55 6.946 configure.ac:16: You should use the 'AC_CONFIG_HEADERS' macro instead.
#55 6.946 ./lib/autoconf/general.m4:2434: AC_DIAGNOSE is expanded from...
#55 6.946 aclocal.m4:9835: AM_CONFIG_HEADER is expanded from...
#55 6.946 configure.ac:16: the top level
#55 6.946 configure.ac:62: warning: The macro `AC_LIBTOOL_WIN32_DLL' is obsolete.
#55 6.946 configure.ac:62: You should run autoupdate.
#55 6.946 aclocal.m4:8540: AC_LIBTOOL_WIN32_DLL is expanded from...
#55 6.946 configure.ac:62: the top level
#55 6.946 configure.ac:62: warning: AC_LIBTOOL_WIN32_DLL: Remove this warning and the call to _LT_SET_OPTION when you
#55 6.946 configure.ac:62: put the 'win32-dll' option into LT_INIT's first parameter.
#55 6.946 ./lib/autoconf/general.m4:2434: AC_DIAGNOSE is expanded from...
#55 6.946 aclocal.m4:8540: AC_LIBTOOL_WIN32_DLL is expanded from...
#55 6.946 configure.ac:62: the top level
#55 6.946 configure.ac:63: warning: The macro `AC_PROG_LIBTOOL' is obsolete.
#55 6.946 configure.ac:63: You should run autoupdate.
#55 6.946 aclocal.m4:121: AC_PROG_LIBTOOL is expanded from...
#55 6.946 configure.ac:63: the top level
#55 6.946 configure.ac:79: warning: The macro `AC_HELP_STRING' is obsolete.
#55 6.946 configure.ac:79: You should run autoupdate.
#55 6.946 ./lib/autoconf/general.m4:204: AC_HELP_STRING is expanded from...
#55 6.946 configure.ac:79: the top level
#55 6.946 configure.ac:192: warning: The macro `AC_TRY_COMPILE' is obsolete.
#55 6.946 configure.ac:192: You should run autoupdate.
#55 6.946 ./lib/autoconf/general.m4:2847: AC_TRY_COMPILE is expanded from...
#55 6.946 configure.ac:192: the top level
#55 6.946 configure.ac:215: warning: The macro `AC_TRY_LINK' is obsolete.
#55 6.946 configure.ac:215: You should run autoupdate.
#55 6.946 ./lib/autoconf/general.m4:2920: AC_TRY_LINK is expanded from...
#55 6.946 m4/add_cflags.m4:5: AC_ADD_CFLAGS is expanded from...
#55 6.946 configure.ac:215: the top level
#55 6.946 configure.ac:248: warning: The macro `AC_HELP_STRING' is obsolete.
#55 6.946 configure.ac:248: You should run autoupdate.
#55 6.946 ./lib/autoconf/general.m4:204: AC_HELP_STRING is expanded from...
#55 6.946 m4/ogg.m4:8: XIPH_PATH_OGG is expanded from...
#55 6.946 configure.ac:248: the top level
#55 6.946 configure.ac:248: warning: The macro `AC_TRY_RUN' is obsolete.
#55 6.946 configure.ac:248: You should run autoupdate.
#55 6.946 ./lib/autoconf/general.m4:2997: AC_TRY_RUN is expanded from...
#55 6.946 m4/ogg.m4:8: XIPH_PATH_OGG is expanded from...
#55 6.946 configure.ac:248: the top level
#55 6.947 configure.ac:248: warning: The macro `AC_TRY_LINK' is obsolete.
#55 6.947 configure.ac:248: You should run autoupdate.
#55 6.947 ./lib/autoconf/general.m4:2920: AC_TRY_LINK is expanded from...
#55 6.947 m4/ogg.m4:8: XIPH_PATH_OGG is expanded from...
#55 6.947 configure.ac:248: the top level
#55 6.947 configure.ac:275: warning: AC_OUTPUT should be used without arguments.
#55 6.947 configure.ac:275: You should run autoupdate.
#55 8.223 checking build system type... x86_64-pc-linux-gnu
#55 8.668 checking host system type... i686-pc-linux-gnu
#55 8.740 checking target system type... i686-pc-linux-gnu
#55 8.740 checking for a BSD-compatible install... /usr/bin/install -c
#55 8.822 checking whether build environment is sane... yes
#55 8.912 checking for i686-linux-strip... no
#55 8.912 checking for strip... strip
#55 8.912 checking for a race-free mkdir -p... /usr/bin/mkdir -p
#55 8.927 checking for gawk... no
#55 8.927 checking for mawk... mawk
#55 8.928 checking whether make sets $(MAKE)... yes
#55 9.042 checking whether make supports nested variables... yes
#55 9.112 checking whether to enable maintainer-specific portions of Makefiles... yes
#55 9.112 checking for i686-linux-gcc... /emsdk/upstream/emscripten/emcc
#55 10.42 checking whether the C compiler works... 
#55 ...

#44 [lame-builder 3/3] RUN bash -x /src/build.sh
#44 146.8 checking for socket... yes
#44 149.9 checking termcap.h usability... no
#44 150.4 checking termcap.h presence... no
#44 150.8 checking for termcap.h... no
#44 150.8 checking ncurses/termcap.h usability... no
#44 151.3 checking ncurses/termcap.h presence... no
#44 151.8 checking for ncurses/termcap.h... no
#44 151.8 checking for initscr in -ltermcap... no
#44 152.5 checking for initscr in -lcurses... no
#44 153.2 checking for initscr in -lncurses... no
#44 153.9 checking for ld used by /emsdk/upstream/emscripten/emcc... /emsdk/upstream/emscripten/emcc
#44 154.2 checking if the linker (/emsdk/upstream/emscripten/emcc) is GNU ld... yes
#44 154.4 checking for shared library run path origin... done
#44 155.2 checking for iconv... yes
#44 158.5 checking for working iconv... 
#44 ...

#55 [vorbis-builder 4/4] RUN bash -x /src/build.sh
#55 10.42 checking whether the C compiler works... yes
#55 13.69 checking for C compiler default output file name... a.out
#55 13.70 checking for suffix of executables... 
#55 16.68 checking whether we are cross compiling... no
#55 21.29 checking for suffix of object files... o
#55 21.84 checking whether the compiler supports GNU C... yes
#55 22.39 checking whether /emsdk/upstream/emscripten/emcc accepts -g... yes
#55 22.91 checking for /emsdk/upstream/emscripten/emcc option to enable C11 features... none needed
#55 23.85 checking whether /emsdk/upstream/emscripten/emcc understands -c and -o together... yes
#55 24.76 checking whether make supports the include directive... yes (GNU style)
#55 24.84 checking dependency style of /emsdk/upstream/emscripten/emcc... none
#55 24.84 checking how to run the C preprocessor... 
#55 ...

#44 [lame-builder 3/3] RUN bash -x /src/build.sh
#44 158.5 checking for working iconv... yes
#44 162.2 checking for iconv declaration... 
#44 162.8          extern size_t iconv (iconv_t cd, char * *inbuf, size_t *inbytesleft, char * *outbuf, size_t *outbytesleft);
#44 162.8 checking for cos in -lm... yes
#44 165.8 checking for cos in -lffm... no
#44 166.5 checking for cos in -lcpml... no
#44 167.2 checking for gtk-config... no
#44 167.2 checking for GTK - version >= 1.2.0... no
#44 167.2 *** The gtk-config script installed by GTK could not be found
#44 167.2 *** If GTK was installed in PREFIX, make sure PREFIX/bin is in
#44 167.2 *** your path, or set the GTK_CONFIG environment variable to the
#44 167.2 *** full path to gtk-config.
#44 167.2 checking use of ElectricFence malloc debugging... no
#44 167.2 checking use of file io... lame
#44 167.2 checking use of analyzer hooks... no
#44 167.2 checking use of mpg123 decoder... yes (Layer 1, 2, 3)
#44 167.2 checking if the lame frontend should be build... no
#44 167.2 checking if mp3x is requested... no
#44 167.2 configure: WARNING: can't build mp3x because of disabled analyzer hooks
#44 167.2 checking if mp3rtp is requested... no
#44 167.2 checking if dynamic linking of the frontends is requested... no
#44 167.6 checking glibc mathinline bug... no
#44 167.6 checking for termcap... no
#44 167.6 checking if I have to build the internal vector lib... no
#44 167.6 checking for nasm... no
#44 167.6 checking for additional optimizations... no
#44 167.6 checking for debug options... no
#44 167.7 checking that generated files are newer than configure... done
#44 167.7 configure: creating ./config.status
#44 ...

#55 [vorbis-builder 4/4] RUN bash -x /src/build.sh
#55 24.84 checking how to run the C preprocessor... /emsdk/upstream/emscripten/emcc -E
#55 26.44 checking for inline... inline
#55 26.91 checking how to print strings... printf
#55 26.92 checking for a sed that does not truncate output... /usr/bin/sed
#55 26.96 checking for grep that handles long lines and -e... /usr/bin/grep
#55 26.97 checking for egrep... /usr/bin/grep -E
#55 26.99 checking for fgrep... /usr/bin/grep -F
#55 27.01 checking for ld used by /emsdk/upstream/emscripten/emcc... /emsdk/upstream/emscripten/emcc
#55 27.24 checking if the linker (/emsdk/upstream/emscripten/emcc) is GNU ld... yes
#55 27.48 checking for BSD- or MS-compatible name lister (nm)... /emsdk/upstream/bin/llvm-nm
#55 27.48 checking the name lister (/emsdk/upstream/bin/llvm-nm) interface... BSD nm
#55 27.98 checking whether ln -s works... yes
#55 27.98 checking the maximum length of command line arguments... 1572864
#55 28.03 checking how to convert x86_64-pc-linux-gnu file names to i686-pc-linux-gnu format... func_convert_file_noop
#55 28.03 checking how to convert x86_64-pc-linux-gnu file names to toolchain format... func_convert_file_noop
#55 28.03 checking for /emsdk/upstream/emscripten/emcc option to reload object files... -r
#55 28.03 checking for i686-linux-objdump... objdump
#55 28.03 checking how to recognize dependent libraries... pass_all
#55 28.03 checking for i686-linux-dlltool... dlltool
#55 28.03 checking how to associate runtime and link libraries... printf %s\n
#55 28.03 checking for i686-linux-ar... /emsdk/upstream/emscripten/emar
#55 28.03 checking for archiver @FILE support... @
#55 28.92 checking for i686-linux-strip... strip
#55 28.92 checking for i686-linux-ranlib... /emsdk/upstream/emscripten/emranlib
#55 28.92 checking command to parse /emsdk/upstream/bin/llvm-nm output from /emsdk/upstream/emscripten/emcc object... ok
#55 32.57 checking for sysroot... no
#55 32.57 checking for a working dd... /usr/bin/dd
#55 32.62 checking how to truncate binary pipes... /usr/bin/dd bs=4096 count=1
#55 32.66 checking for i686-linux-mt... no
#55 32.66 checking for mt... no
#55 32.66 checking if : is a manifest tool... no
#55 32.71 checking for stdio.h... yes
#55 33.18 checking for stdlib.h... yes
#55 33.67 checking for string.h... yes
#55 34.16 checking for inttypes.h... 
#55 ...

#44 [lame-builder 3/3] RUN bash -x /src/build.sh
#44 171.6 config.status: creating Makefile
#44 171.7 config.status: creating libmp3lame/Makefile
#44 171.8 config.status: creating libmp3lame/i386/Makefile
#44 172.0 config.status: creating libmp3lame/vector/Makefile
#44 172.1 config.status: creating frontend/Makefile
#44 172.3 config.status: creating mpglib/Makefile
#44 172.4 config.status: creating doc/Makefile
#44 172.6 config.status: creating doc/html/Makefile
#44 172.7 config.status: creating doc/man/Makefile
#44 172.9 config.status: creating include/Makefile
#44 173.0 config.status: creating Dll/Makefile
#44 173.2 config.status: creating misc/Makefile
#44 173.4 config.status: creating dshow/Makefile
#44 173.5 config.status: creating ACM/Makefile
#44 173.7 config.status: creating ACM/ADbg/Makefile
#44 173.8 config.status: creating ACM/ddk/Makefile
#44 173.9 config.status: creating ACM/tinyxml/Makefile
#44 174.1 config.status: creating lame.spec
#44 174.2 config.status: creating mac/Makefile
#44 174.4 config.status: creating macosx/Makefile
#44 174.5 config.status: creating macosx/English.lproj/Makefile
#44 174.7 config.status: creating macosx/LAME.xcodeproj/Makefile
#44 174.8 config.status: creating vc_solution/Makefile
#44 175.0 config.status: creating config.h
#44 175.1 config.status: executing depfiles commands
#44 175.1 config.status: executing libtool commands
#44 175.3 + emmake make install -j2
#44 175.4 make: make install -j2
#44 175.5 Making install in mpglib
#44 175.5 make[1]: Entering directory '/src/mpglib'
#44 175.5 /bin/bash ../libtool  --tag=CC   --mode=compile /emsdk/upstream/emscripten/emcc -DHAVE_CONFIG_H  -I. -I.. -I../include -I. -I../libmp3lame -I..    -I/opt/include  -O3 -msimd128 -c -o common.lo common.c
#44 175.5 /bin/bash ../libtool  --tag=CC   --mode=compile /emsdk/upstream/emscripten/emcc -DHAVE_CONFIG_H  -I. -I.. -I../include -I. -I../libmp3lame -I..    -I/opt/include  -O3 -msimd128 -c -o dct64_i386.lo dct64_i386.c
#44 175.7 libtool: compile:  /emsdk/upstream/emscripten/emcc -DHAVE_CONFIG_H -I. -I.. -I../include -I. -I../libmp3lame -I.. -I/opt/include -O3 -msimd128 -c dct64_i386.c -o dct64_i386.o
#44 175.7 libtool: compile:  /emsdk/upstream/emscripten/emcc -DHAVE_CONFIG_H -I. -I.. -I../include -I. -I../libmp3lame -I.. -I/opt/include -O3 -msimd128 -c common.c -o common.o
#44 176.4 /bin/bash ../libtool  --tag=CC   --mode=compile /emsdk/upstream/emscripten/emcc -DHAVE_CONFIG_H  -I. -I.. -I../include -I. -I../libmp3lame -I..    -I/opt/include  -O3 -msimd128 -c -o decode_i386.lo decode_i386.c
#44 176.5 libtool: compile:  /emsdk/upstream/emscripten/emcc -DHAVE_CONFIG_H -I. -I.. -I../include -I. -I../libmp3lame -I.. -I/opt/include -O3 -msimd128 -c decode_i386.c -o decode_i386.o
#44 176.6 /bin/bash ../libtool  --tag=CC   --mode=compile /emsdk/upstream/emscripten/emcc -DHAVE_CONFIG_H  -I. -I.. -I../include -I. -I../libmp3lame -I..    -I/opt/include  -O3 -msimd128 -c -o interface.lo interface.c
#44 176.7 libtool: compile:  /emsdk/upstream/emscripten/emcc -DHAVE_CONFIG_H -I. -I.. -I../include -I. -I../libmp3lame -I.. -I/opt/include -O3 -msimd128 -c interface.c -o interface.o
#44 177.4 /bin/bash ../libtool  --tag=CC   --mode=compile /emsdk/upstream/emscripten/emcc -DHAVE_CONFIG_H  -I. -I.. -I../include -I. -I../libmp3lame -I..    -I/opt/include  -O3 -msimd128 -c -o layer1.lo layer1.c
#44 177.5 libtool: compile:  /emsdk/upstream/emscripten/emcc -DHAVE_CONFIG_H -I. -I.. -I../include -I. -I../libmp3lame -I.. -I/opt/include -O3 -msimd128 -c layer1.c -o layer1.o
#44 177.7 /bin/bash ../libtool  --tag=CC   --mode=compile /emsdk/upstream/emscripten/emcc -DHAVE_CONFIG_H  -I. -I.. -I../include -I. -I../libmp3lame -I..    -I/opt/include  -O3 -msimd128 -c -o layer2.lo layer2.c
#44 177.8 libtool: compile:  /emsdk/upstream/emscripten/emcc -DHAVE_CONFIG_H -I. -I.. -I../include -I. -I../libmp3lame -I.. -I/opt/include -O3 -msimd128 -c layer2.c -o layer2.o
#44 178.5 /bin/bash ../libtool  --tag=CC   --mode=compile /emsdk/upstream/emscripten/emcc -DHAVE_CONFIG_H  -I. -I.. -I../include -I. -I../libmp3lame -I..    -I/opt/include  -O3 -msimd128 -c -o layer3.lo layer3.c
#44 178.6 libtool: compile:  /emsdk/upstream/emscripten/emcc -DHAVE_CONFIG_H -I. -I.. -I../include -I. -I../libmp3lame -I.. -I/opt/include -O3 -msimd128 -c layer3.c -o layer3.o
#44 179.0 /bin/bash ../libtool  --tag=CC   --mode=compile /emsdk/upstream/emscripten/emcc -DHAVE_CONFIG_H  -I. -I.. -I../include -I. -I../libmp3lame -I..    -I/opt/include  -O3 -msimd128 -c -o tabinit.lo tabinit.c
#44 179.1 libtool: compile:  /emsdk/upstream/emscripten/emcc -DHAVE_CONFIG_H -I. -I.. -I../include -I. -I../libmp3lame -I.. -I/opt/include -O3 -msimd128 -c tabinit.c -o tabinit.o
#44 180.2 /bin/bash ../libtool  --tag=CC   --mode=link /emsdk/upstream/emscripten/emcc  -I/opt/include  -O3 -msimd128  -L/opt/lib  -I/opt/include  -O3 -msimd128  -o libmpgdecoder.la  common.lo dct64_i386.lo decode_i386.lo interface.lo layer1.lo layer2.lo layer3.lo tabinit.lo  
#44 180.6 libtool: link: /emsdk/upstream/emscripten/emar cru .libs/libmpgdecoder.a  common.o dct64_i386.o decode_i386.o interface.o layer1.o layer2.o layer3.o tabinit.o
#44 180.8 libtool: link: /emsdk/upstream/emscripten/emranlib .libs/libmpgdecoder.a
#44 181.1 libtool: link: ( cd ".libs" && rm -f "libmpgdecoder.la" && ln -s "../libmpgdecoder.la" "libmpgdecoder.la" )
#44 181.1 make[2]: Entering directory '/src/mpglib'
#44 181.1 make[2]: Nothing to be done for 'install-exec-am'.
#44 181.1 make[2]: Nothing to be done for 'install-data-am'.
#44 181.1 make[2]: Leaving directory '/src/mpglib'
#44 181.1 make[1]: Leaving directory '/src/mpglib'
#44 181.1 Making install in libmp3lame
#44 181.2 make[1]: Entering directory '/src/libmp3lame'
#44 181.2 Making install in i386
#44 181.3 make[2]: Entering directory '/src/libmp3lame/i386'
#44 181.3 Makefile:622: warning: ignoring prerequisites on suffix rule definition
#44 181.3 Makefile:619: warning: ignoring prerequisites on suffix rule definition
#44 181.3 Makefile:622: warning: ignoring prerequisites on suffix rule definition
#44 181.3 make[3]: Entering directory '/src/libmp3lame/i386'
#44 181.3 Makefile:619: warning: ignoring prerequisites on suffix rule definition
#44 181.3 make[3]: Nothing to be done for 'install-exec-am'.
#44 181.3 make[3]: Nothing to be done for 'install-data-am'.
#44 181.3 make[3]: Leaving directory '/src/libmp3lame/i386'
#44 181.3 make[2]: Leaving directory '/src/libmp3lame/i386'
#44 181.3 Making install in vector
#44 181.4 make[2]: Entering directory '/src/libmp3lame/vector'
#44 181.5 make[3]: Entering directory '/src/libmp3lame/vector'
#44 181.5 make[3]: Nothing to be done for 'install-exec-am'.
#44 181.5 make[3]: Nothing to be done for 'install-data-am'.
#44 181.5 make[3]: Leaving directory '/src/libmp3lame/vector'
#44 181.5 make[2]: Leaving directory '/src/libmp3lame/vector'
#44 181.5 make[2]: Entering directory '/src/libmp3lame'
#44 181.5 /bin/bash ../libtool  --tag=CC   --mode=compile /emsdk/upstream/emscripten/emcc -DHAVE_CONFIG_H  -I. -I.. -I../include -I. -I../mpglib -I..    -I/opt/include  -O3 -msimd128 -c -o VbrTag.lo VbrTag.c
#44 181.5 /bin/bash ../libtool  --tag=CC   --mode=compile /emsdk/upstream/emscripten/emcc -DHAVE_CONFIG_H  -I. -I.. -I../include -I. -I../mpglib -I..    -I/opt/include  -O3 -msimd128 -c -o bitstream.lo bitstream.c
#44 181.7 libtool: compile:  /emsdk/upstream/emscripten/emcc -DHAVE_CONFIG_H -I. -I.. -I../include -I. -I../mpglib -I.. -I/opt/include -O3 -msimd128 -c VbrTag.c -o VbrTag.o
#44 181.7 libtool: compile:  /emsdk/upstream/emscripten/emcc -DHAVE_CONFIG_H -I. -I.. -I../include -I. -I../mpglib -I.. -I/opt/include -O3 -msimd128 -c bitstream.c -o bitstream.o
#44 ...

#55 [vorbis-builder 4/4] RUN bash -x /src/build.sh
#55 34.16 checking for inttypes.h... yes
#55 34.65 checking for stdint.h... yes
#55 35.14 checking for strings.h... yes
#55 35.62 checking for sys/stat.h... yes
#55 36.09 checking for sys/types.h... yes
#55 36.60 checking for unistd.h... yes
#55 37.11 checking for dlfcn.h... yes
#55 37.62 checking for objdir... .libs
#55 41.04 checking if /emsdk/upstream/emscripten/emcc supports -fno-rtti -fno-exceptions... yes
#55 41.52 checking for /emsdk/upstream/emscripten/emcc option to produce PIC... -fPIC -DPIC
#55 41.52 checking if /emsdk/upstream/emscripten/emcc PIC flag -fPIC -DPIC works... yes
#55 42.01 checking if /emsdk/upstream/emscripten/emcc static flag -static works... 
#55 ...

#44 [lame-builder 3/3] RUN bash -x /src/build.sh
#44 182.2 VbrTag.c:263:5: warning: shifting a negative signed value is undefined [-Wshift-negative-value]
#44 182.2     SHIFT_IN_BITS_VALUE(buffer[0], 8u, 0xffu);
#44 182.2     ^~~~~~~~~~~~~~~~~~~~~~~~~~~~~~~~~~~~~~~~~
#44 182.2 VbrTag.c:254:68: note: expanded from macro 'SHIFT_IN_BITS_VALUE'
#44 182.2 #define SHIFT_IN_BITS_VALUE(x,n,v) ( x = (x << (n)) | ( (v) & ~(-1 << (n)) ) )
#44 182.2                                                                 ~~ ^
#44 182.2 VbrTag.c:265:5: warning: shifting a negative signed value is undefined [-Wshift-negative-value]
#44 182.2     SHIFT_IN_BITS_VALUE(buffer[1], 3u, 7);
#44 182.2     ^~~~~~~~~~~~~~~~~~~~~~~~~~~~~~~~~~~~~
#44 182.2 VbrTag.c:254:68: note: expanded from macro 'SHIFT_IN_BITS_VALUE'
#44 182.2 #define SHIFT_IN_BITS_VALUE(x,n,v) ( x = (x << (n)) | ( (v) & ~(-1 << (n)) ) )
#44 182.2                                                                 ~~ ^
#44 182.2 VbrTag.c:266:5: warning: shifting a negative signed value is undefined [-Wshift-negative-value]
#44 182.2     SHIFT_IN_BITS_VALUE(buffer[1], 1u, (cfg->samplerate_out < 16000) ? 0 : 1);
#44 182.2     ^~~~~~~~~~~~~~~~~~~~~~~~~~~~~~~~~~~~~~~~~~~~~~~~~~~~~~~~~~~~~~~~~~~~~~~~~
#44 182.2 VbrTag.c:254:68: note: expanded from macro 'SHIFT_IN_BITS_VALUE'
#44 182.2 #define SHIFT_IN_BITS_VALUE(x,n,v) ( x = (x << (n)) | ( (v) & ~(-1 << (n)) ) )
#44 182.2                                                                 ~~ ^
#44 182.2 VbrTag.c:267:5: warning: shifting a negative signed value is undefined [-Wshift-negative-value]
#44 182.2     SHIFT_IN_BITS_VALUE(buffer[1], 1u, cfg->version);
#44 182.2     ^~~~~~~~~~~~~~~~~~~~~~~~~~~~~~~~~~~~~~~~~~~~~~~~
#44 182.2 VbrTag.c:254:68: note: expanded from macro 'SHIFT_IN_BITS_VALUE'
#44 182.2 #define SHIFT_IN_BITS_VALUE(x,n,v) ( x = (x << (n)) | ( (v) & ~(-1 << (n)) ) )
#44 182.2                                                                 ~~ ^
#44 182.2 VbrTag.c:268:5: warning: shifting a negative signed value is undefined [-Wshift-negative-value]
#44 182.2     SHIFT_IN_BITS_VALUE(buffer[1], 2u, 4 - 3);
#44 182.2     ^~~~~~~~~~~~~~~~~~~~~~~~~~~~~~~~~~~~~~~~~
#44 182.2 VbrTag.c:254:68: note: expanded from macro 'SHIFT_IN_BITS_VALUE'
#44 182.2 #define SHIFT_IN_BITS_VALUE(x,n,v) ( x = (x << (n)) | ( (v) & ~(-1 << (n)) ) )
#44 182.2                                                                 ~~ ^
#44 182.2 VbrTag.c:269:5: warning: shifting a negative signed value is undefined [-Wshift-negative-value]
#44 182.2     SHIFT_IN_BITS_VALUE(buffer[1], 1u, (!cfg->error_protection) ? 1 : 0);
#44 182.2     ^~~~~~~~~~~~~~~~~~~~~~~~~~~~~~~~~~~~~~~~~~~~~~~~~~~~~~~~~~~~~~~~~~~~
#44 182.2 VbrTag.c:254:68: note: expanded from macro 'SHIFT_IN_BITS_VALUE'
#44 182.2 #define SHIFT_IN_BITS_VALUE(x,n,v) ( x = (x << (n)) | ( (v) & ~(-1 << (n)) ) )
#44 182.2                                                                 ~~ ^
#44 182.2 VbrTag.c:271:5: warning: shifting a negative signed value is undefined [-Wshift-negative-value]
#44 182.2     SHIFT_IN_BITS_VALUE(buffer[2], 4u, eov->bitrate_index);
#44 182.2     ^~~~~~~~~~~~~~~~~~~~~~~~~~~~~~~~~~~~~~~~~~~~~~~~~~~~~~
#44 182.2 VbrTag.c:254:68: note: expanded from macro 'SHIFT_IN_BITS_VALUE'
#44 182.2 #define SHIFT_IN_BITS_VALUE(x,n,v) ( x = (x << (n)) | ( (v) & ~(-1 << (n)) ) )
#44 182.2                                                                 ~~ ^
#44 182.2 VbrTag.c:272:5: warning: shifting a negative signed value is undefined [-Wshift-negative-value]
#44 182.2     SHIFT_IN_BITS_VALUE(buffer[2], 2u, cfg->samplerate_index);
#44 182.2     ^~~~~~~~~~~~~~~~~~~~~~~~~~~~~~~~~~~~~~~~~~~~~~~~~~~~~~~~~
#44 182.2 VbrTag.c:254:68: note: expanded from macro 'SHIFT_IN_BITS_VALUE'
#44 182.2 #define SHIFT_IN_BITS_VALUE(x,n,v) ( x = (x << (n)) | ( (v) & ~(-1 << (n)) ) )
#44 182.2                                                                 ~~ ^
#44 182.2 VbrTag.c:273:5: warning: shifting a negative signed value is undefined [-Wshift-negative-value]
#44 182.2     SHIFT_IN_BITS_VALUE(buffer[2], 1u, 0);
#44 182.2     ^~~~~~~~~~~~~~~~~~~~~~~~~~~~~~~~~~~~~
#44 182.2 VbrTag.c:254:68: note: expanded from macro 'SHIFT_IN_BITS_VALUE'
#44 182.2 #define SHIFT_IN_BITS_VALUE(x,n,v) ( x = (x << (n)) | ( (v) & ~(-1 << (n)) ) )
#44 182.2                                                                 ~~ ^
#44 182.2 VbrTag.c:274:5: warning: shifting a negative signed value is undefined [-Wshift-negative-value]
#44 182.2     SHIFT_IN_BITS_VALUE(buffer[2], 1u, cfg->extension);
#44 182.2     ^~~~~~~~~~~~~~~~~~~~~~~~~~~~~~~~~~~~~~~~~~~~~~~~~~
#44 182.2 VbrTag.c:254:68: note: expanded from macro 'SHIFT_IN_BITS_VALUE'
#44 182.2 #define SHIFT_IN_BITS_VALUE(x,n,v) ( x = (x << (n)) | ( (v) & ~(-1 << (n)) ) )
#44 182.2                                                                 ~~ ^
#44 182.2 VbrTag.c:276:5: warning: shifting a negative signed value is undefined [-Wshift-negative-value]
#44 182.2     SHIFT_IN_BITS_VALUE(buffer[3], 2u, cfg->mode);
#44 182.2     ^~~~~~~~~~~~~~~~~~~~~~~~~~~~~~~~~~~~~~~~~~~~~
#44 182.2 VbrTag.c:254:68: note: expanded from macro 'SHIFT_IN_BITS_VALUE'
#44 182.2 #define SHIFT_IN_BITS_VALUE(x,n,v) ( x = (x << (n)) | ( (v) & ~(-1 << (n)) ) )
#44 182.2                                                                 ~~ ^
#44 182.2 VbrTag.c:277:5: warning: shifting a negative signed value is undefined [-Wshift-negative-value]
#44 182.2     SHIFT_IN_BITS_VALUE(buffer[3], 2u, eov->mode_ext);
#44 182.2     ^~~~~~~~~~~~~~~~~~~~~~~~~~~~~~~~~~~~~~~~~~~~~~~~~
#44 182.2 VbrTag.c:254:68: note: expanded from macro 'SHIFT_IN_BITS_VALUE'
#44 182.2 #define SHIFT_IN_BITS_VALUE(x,n,v) ( x = (x << (n)) | ( (v) & ~(-1 << (n)) ) )
#44 182.2                                                                 ~~ ^
#44 182.2 VbrTag.c:278:5: warning: shifting a negative signed value is undefined [-Wshift-negative-value]
#44 182.2     SHIFT_IN_BITS_VALUE(buffer[3], 1u, cfg->copyright);
#44 182.2     ^~~~~~~~~~~~~~~~~~~~~~~~~~~~~~~~~~~~~~~~~~~~~~~~~~
#44 182.2 VbrTag.c:254:68: note: expanded from macro 'SHIFT_IN_BITS_VALUE'
#44 182.2 #define SHIFT_IN_BITS_VALUE(x,n,v) ( x = (x << (n)) | ( (v) & ~(-1 << (n)) ) )
#44 182.2                                                                 ~~ ^
#44 182.2 VbrTag.c:279:5: warning: shifting a negative signed value is undefined [-Wshift-negative-value]
#44 182.2     SHIFT_IN_BITS_VALUE(buffer[3], 1u, cfg->original);
#44 182.2     ^~~~~~~~~~~~~~~~~~~~~~~~~~~~~~~~~~~~~~~~~~~~~~~~~
#44 182.2 VbrTag.c:254:68: note: expanded from macro 'SHIFT_IN_BITS_VALUE'
#44 182.2 #define SHIFT_IN_BITS_VALUE(x,n,v) ( x = (x << (n)) | ( (v) & ~(-1 << (n)) ) )
#44 182.2                                                                 ~~ ^
#44 182.2 VbrTag.c:280:5: warning: shifting a negative signed value is undefined [-Wshift-negative-value]
#44 182.2     SHIFT_IN_BITS_VALUE(buffer[3], 2u, cfg->emphasis);
#44 182.2     ^~~~~~~~~~~~~~~~~~~~~~~~~~~~~~~~~~~~~~~~~~~~~~~~~
#44 182.2 VbrTag.c:254:68: note: expanded from macro 'SHIFT_IN_BITS_VALUE'
#44 182.2 #define SHIFT_IN_BITS_VALUE(x,n,v) ( x = (x << (n)) | ( (v) & ~(-1 << (n)) ) )
#44 182.2                                                                 ~~ ^
#44 182.2 VbrTag.c:430:23: warning: comparison of array 'pTagData->toc' not equal to a null pointer is always true [-Wtautological-pointer-compare]
#44 182.2         if (pTagData->toc != NULL) {
#44 182.2             ~~~~~~~~~~^~~    ~~~~
#44 182.8 16 warnings generated.
#44 182.9 /bin/bash ../libtool  --tag=CC   --mode=compile /emsdk/upstream/emscripten/emcc -DHAVE_CONFIG_H  -I. -I.. -I../include -I. -I../mpglib -I..    -I/opt/include  -O3 -msimd128 -c -o encoder.lo encoder.c
#44 183.0 libtool: compile:  /emsdk/upstream/emscripten/emcc -DHAVE_CONFIG_H -I. -I.. -I../include -I. -I../mpglib -I.. -I/opt/include -O3 -msimd128 -c encoder.c -o encoder.o
#44 183.1 /bin/bash ../libtool  --tag=CC   --mode=compile /emsdk/upstream/emscripten/emcc -DHAVE_CONFIG_H  -I. -I.. -I../include -I. -I../mpglib -I..    -I/opt/include  -O3 -msimd128 -c -o fft.lo fft.c
#44 183.3 libtool: compile:  /emsdk/upstream/emscripten/emcc -DHAVE_CONFIG_H -I. -I.. -I../include -I. -I../mpglib -I.. -I/opt/include -O3 -msimd128 -c fft.c -o fft.o
#44 184.2 /bin/bash ../libtool  --tag=CC   --mode=compile /emsdk/upstream/emscripten/emcc -DHAVE_CONFIG_H  -I. -I.. -I../include -I. -I../mpglib -I..    -I/opt/include  -O3 -msimd128 -c -o gain_analysis.lo gain_analysis.c
#44 184.3 /bin/bash ../libtool  --tag=CC   --mode=compile /emsdk/upstream/emscripten/emcc -DHAVE_CONFIG_H  -I. -I.. -I../include -I. -I../mpglib -I..    -I/opt/include  -O3 -msimd128 -c -o id3tag.lo id3tag.c
#44 184.3 libtool: compile:  /emsdk/upstream/emscripten/emcc -DHAVE_CONFIG_H -I. -I.. -I../include -I. -I../mpglib -I.. -I/opt/include -O3 -msimd128 -c gain_analysis.c -o gain_analysis.o
#44 184.5 libtool: compile:  /emsdk/upstream/emscripten/emcc -DHAVE_CONFIG_H -I. -I.. -I../include -I. -I../mpglib -I.. -I/opt/include -O3 -msimd128 -c id3tag.c -o id3tag.o
#44 185.6 /bin/bash ../libtool  --tag=CC   --mode=compile /emsdk/upstream/emscripten/emcc -DHAVE_CONFIG_H  -I. -I.. -I../include -I. -I../mpglib -I..    -I/opt/include  -O3 -msimd128 -c -o lame.lo lame.c
#44 185.7 libtool: compile:  /emsdk/upstream/emscripten/emcc -DHAVE_CONFIG_H -I. -I.. -I../include -I. -I../mpglib -I.. -I/opt/include -O3 -msimd128 -c lame.c -o lame.o
#44 186.1 /bin/bash ../libtool  --tag=CC   --mode=compile /emsdk/upstream/emscripten/emcc -DHAVE_CONFIG_H  -I. -I.. -I../include -I. -I../mpglib -I..    -I/opt/include  -O3 -msimd128 -c -o newmdct.lo newmdct.c
#44 186.2 libtool: compile:  /emsdk/upstream/emscripten/emcc -DHAVE_CONFIG_H -I. -I.. -I../include -I. -I../mpglib -I.. -I/opt/include -O3 -msimd128 -c newmdct.c -o newmdct.o
#44 186.2 lame.c:641:13: warning: using floating point absolute value function 'fabs' when argument is of integer type [-Wabsolute-value]
#44 186.2         if (EQ(gfp->compression_ratio, 0))
#44 186.2             ^
#44 186.2 ./machine.h:170:12: note: expanded from macro 'EQ'
#44 186.2 (fabs(a) > fabs(b)) \
#44 186.2            ^
#44 186.2 lame.c:641:13: note: use function 'abs' instead
#44 186.2 ./machine.h:170:12: note: expanded from macro 'EQ'
#44 186.2 (fabs(a) > fabs(b)) \
#44 186.2            ^
#44 186.2 lame.c:641:13: warning: using floating point absolute value function 'fabs' when argument is of integer type [-Wabsolute-value]
#44 186.2         if (EQ(gfp->compression_ratio, 0))
#44 186.2             ^
#44 186.2 ./machine.h:172:23: note: expanded from macro 'EQ'
#44 186.2  : (fabs((a)-(b)) <= (fabs(b) * 1e-6f)))
#44 186.2                       ^
#44 186.2 lame.c:641:13: note: use function 'abs' instead
#44 186.2 ./machine.h:172:23: note: expanded from macro 'EQ'
#44 186.2  : (fabs((a)-(b)) <= (fabs(b) * 1e-6f)))
#44 186.2                       ^
#44 186.3 lame.c:1606:13: warning: using floating point absolute value function 'fabs' when argument is of integer type [-Wabsolute-value]
#44 186.3         if (NEQ(RadioGain, GAIN_NOT_ENOUGH_SAMPLES)) {
#44 186.3             ^
#44 186.3 ./machine.h:177:20: note: expanded from macro 'NEQ'
#44 186.3 #define NEQ(a,b) (!EQ(a,b))
#44 186.3                    ^
#44 186.3 ./machine.h:170:12: note: expanded from macro 'EQ'
#44 186.3 (fabs(a) > fabs(b)) \
#44 186.3            ^
#44 186.3 lame.c:1606:13: note: use function 'abs' instead
#44 186.3 ./machine.h:177:20: note: expanded from macro 'NEQ'
#44 186.3 #define NEQ(a,b) (!EQ(a,b))
#44 186.3                    ^
#44 186.3 ./machine.h:170:12: note: expanded from macro 'EQ'
#44 186.3 (fabs(a) > fabs(b)) \
#44 186.3            ^
#44 186.3 lame.c:1606:13: warning: using floating point absolute value function 'fabs' when argument is of integer type [-Wabsolute-value]
#44 186.3         if (NEQ(RadioGain, GAIN_NOT_ENOUGH_SAMPLES)) {
#44 186.3             ^
#44 186.3 ./machine.h:177:20: note: expanded from macro 'NEQ'
#44 186.3 #define NEQ(a,b) (!EQ(a,b))
#44 186.3                    ^
#44 186.3 ./machine.h:172:23: note: expanded from macro 'EQ'
#44 186.3  : (fabs((a)-(b)) <= (fabs(b) * 1e-6f)))
#44 186.3                       ^
#44 186.3 lame.c:1606:13: note: use function 'abs' instead
#44 186.3 ./machine.h:177:20: note: expanded from macro 'NEQ'
#44 186.3 #define NEQ(a,b) (!EQ(a,b))
#44 186.3                    ^
#44 186.3 ./machine.h:172:23: note: expanded from macro 'EQ'
#44 186.3  : (fabs((a)-(b)) <= (fabs(b) * 1e-6f)))
#44 186.3                       ^
#44 187.2 4 warnings generated.
#44 187.3 /bin/bash ../libtool  --tag=CC   --mode=compile /emsdk/upstream/emscripten/emcc -DHAVE_CONFIG_H  -I. -I.. -I../include -I. -I../mpglib -I..    -I/opt/include  -O3 -msimd128 -c -o presets.lo presets.c
#44 187.4 libtool: compile:  /emsdk/upstream/emscripten/emcc -DHAVE_CONFIG_H -I. -I.. -I../include -I. -I../mpglib -I.. -I/opt/include -O3 -msimd128 -c presets.c -o presets.o
#44 187.5 /bin/bash ../libtool  --tag=CC   --mode=compile /emsdk/upstream/emscripten/emcc -DHAVE_CONFIG_H  -I. -I.. -I../include -I. -I../mpglib -I..    -I/opt/include  -O3 -msimd128 -c -o psymodel.lo psymodel.c
#44 187.6 libtool: compile:  /emsdk/upstream/emscripten/emcc -DHAVE_CONFIG_H -I. -I.. -I../include -I. -I../mpglib -I.. -I/opt/include -O3 -msimd128 -c psymodel.c -o psymodel.o
#44 188.0 presets.c:170:5: warning: using floating point absolute value function 'fabs' when argument is of integer type [-Wabsolute-value]
#44 188.0     SET_OPTION(quant_comp, set->quant_comp, -1);
#44 188.0     ^
#44 188.0 presets.c:36:16: note: expanded from macro 'SET_OPTION'
#44 188.0     else if (!(fabs(lame_get_##opt(gfp) - def) > 0)) \
#44 188.0                ^
#44 188.0 presets.c:170:5: note: use function 'abs' instead
#44 188.0 presets.c:36:16: note: expanded from macro 'SET_OPTION'
#44 188.0     else if (!(fabs(lame_get_##opt(gfp) - def) > 0)) \
#44 188.0                ^
#44 188.0 presets.c:171:5: warning: using floating point absolute value function 'fabs' when argument is of integer type [-Wabsolute-value]
#44 188.0     SET_OPTION(quant_comp_short, set->quant_comp_s, -1);
#44 188.0     ^
#44 188.0 presets.c:36:16: note: expanded from macro 'SET_OPTION'
#44 188.0     else if (!(fabs(lame_get_##opt(gfp) - def) > 0)) \
#44 188.0                ^
#44 188.0 presets.c:171:5: note: use function 'abs' instead
#44 188.0 presets.c:36:16: note: expanded from macro 'SET_OPTION'
#44 188.0     else if (!(fabs(lame_get_##opt(gfp) - def) > 0)) \
#44 188.0                ^
#44 188.0 presets.c:284:5: warning: using floating point absolute value function 'fabs' when argument is of integer type [-Wabsolute-value]
#44 188.0     SET_OPTION(quant_comp, abr_switch_map[r].quant_comp, -1);
#44 188.0     ^
#44 188.0 presets.c:36:16: note: expanded from macro 'SET_OPTION'
#44 188.0     else if (!(fabs(lame_get_##opt(gfp) - def) > 0)) \
#44 188.0                ^
#44 188.0 presets.c:284:5: note: use function 'abs' instead
#44 188.0 presets.c:36:16: note: expanded from macro 'SET_OPTION'
#44 188.0     else if (!(fabs(lame_get_##opt(gfp) - def) > 0)) \
#44 188.0                ^
#44 188.0 presets.c:285:5: warning: using floating point absolute value function 'fabs' when argument is of integer type [-Wabsolute-value]
#44 188.0     SET_OPTION(quant_comp_short, abr_switch_map[r].quant_comp_s, -1);
#44 188.0     ^
#44 188.0 presets.c:36:16: note: expanded from macro 'SET_OPTION'
#44 188.0     else if (!(fabs(lame_get_##opt(gfp) - def) > 0)) \
#44 188.0                ^
#44 188.0 presets.c:285:5: note: use function 'abs' instead
#44 188.0 presets.c:36:16: note: expanded from macro 'SET_OPTION'
#44 188.0     else if (!(fabs(lame_get_##opt(gfp) - def) > 0)) \
#44 188.0                ^
#44 188.5 4 warnings generated.
#44 188.6 /bin/bash ../libtool  --tag=CC   --mode=compile /emsdk/upstream/emscripten/emcc -DHAVE_CONFIG_H  -I. -I.. -I../include -I. -I../mpglib -I..    -I/opt/include  -O3 -msimd128 -c -o quantize.lo quantize.c
#44 188.7 libtool: compile:  /emsdk/upstream/emscripten/emcc -DHAVE_CONFIG_H -I. -I.. -I../include -I. -I../mpglib -I.. -I/opt/include -O3 -msimd128 -c quantize.c -o quantize.o
#44 189.4 /bin/bash ../libtool  --tag=CC   --mode=compile /emsdk/upstream/emscripten/emcc -DHAVE_CONFIG_H  -I. -I.. -I../include -I. -I../mpglib -I..    -I/opt/include  -O3 -msimd128 -c -o quantize_pvt.lo quantize_pvt.c
#44 189.5 libtool: compile:  /emsdk/upstream/emscripten/emcc -DHAVE_CONFIG_H -I. -I.. -I../include -I. -I../mpglib -I.. -I/opt/include -O3 -msimd128 -c quantize_pvt.c -o quantize_pvt.o
#44 190.2 /bin/bash ../libtool  --tag=CC   --mode=compile /emsdk/upstream/emscripten/emcc -DHAVE_CONFIG_H  -I. -I.. -I../include -I. -I../mpglib -I..    -I/opt/include  -O3 -msimd128 -c -o reservoir.lo reservoir.c
#44 190.3 libtool: compile:  /emsdk/upstream/emscripten/emcc -DHAVE_CONFIG_H -I. -I.. -I../include -I. -I../mpglib -I.. -I/opt/include -O3 -msimd128 -c reservoir.c -o reservoir.o
#44 190.8 /bin/bash ../libtool  --tag=CC   --mode=compile /emsdk/upstream/emscripten/emcc -DHAVE_CONFIG_H  -I. -I.. -I../include -I. -I../mpglib -I..    -I/opt/include  -O3 -msimd128 -c -o set_get.lo set_get.c
#44 190.9 libtool: compile:  /emsdk/upstream/emscripten/emcc -DHAVE_CONFIG_H -I. -I.. -I../include -I. -I../mpglib -I.. -I/opt/include -O3 -msimd128 -c set_get.c -o set_get.o
#44 191.2 /bin/bash ../libtool  --tag=CC   --mode=compile /emsdk/upstream/emscripten/emcc -DHAVE_CONFIG_H  -I. -I.. -I../include -I. -I../mpglib -I..    -I/opt/include  -O3 -msimd128 -c -o tables.lo tables.c
#44 191.4 libtool: compile:  /emsdk/upstream/emscripten/emcc -DHAVE_CONFIG_H -I. -I.. -I../include -I. -I../mpglib -I.. -I/opt/include -O3 -msimd128 -c tables.c -o tables.o
#44 191.4 set_get.c:1726:72: warning: using floating point absolute value function 'fabs' when argument is of integer type [-Wabsolute-value]
#44 191.4         assert((0 <= gfp->interChRatio && gfp->interChRatio <= 1.0) || EQ(gfp->interChRatio, -1));
#44 191.4                                                                        ^
#44 191.4 ./machine.h:170:12: note: expanded from macro 'EQ'
#44 191.4 (fabs(a) > fabs(b)) \
#44 191.4            ^
#44 191.4 set_get.c:1726:72: note: use function 'abs' instead
#44 191.4 ./machine.h:170:12: note: expanded from macro 'EQ'
#44 191.4 (fabs(a) > fabs(b)) \
#44 191.4            ^
#44 191.4 set_get.c:1726:72: warning: using floating point absolute value function 'fabs' when argument is of integer type [-Wabsolute-value]
#44 191.4         assert((0 <= gfp->interChRatio && gfp->interChRatio <= 1.0) || EQ(gfp->interChRatio, -1));
#44 191.4                                                                        ^
#44 191.4 ./machine.h:172:23: note: expanded from macro 'EQ'
#44 191.4  : (fabs((a)-(b)) <= (fabs(b) * 1e-6f)))
#44 191.4                       ^
#44 191.4 set_get.c:1726:72: note: use function 'abs' instead
#44 191.4 ./machine.h:172:23: note: expanded from macro 'EQ'
#44 191.4  : (fabs((a)-(b)) <= (fabs(b) * 1e-6f)))
#44 191.4                       ^
#44 191.9 2 warnings generated.
#44 192.0 /bin/bash ../libtool  --tag=CC   --mode=compile /emsdk/upstream/emscripten/emcc -DHAVE_CONFIG_H  -I. -I.. -I../include -I. -I../mpglib -I..    -I/opt/include  -O3 -msimd128 -c -o takehiro.lo takehiro.c
#44 192.1 libtool: compile:  /emsdk/upstream/emscripten/emcc -DHAVE_CONFIG_H -I. -I.. -I../include -I. -I../mpglib -I.. -I/opt/include -O3 -msimd128 -c takehiro.c -o takehiro.o
#44 192.1 /bin/bash ../libtool  --tag=CC   --mode=compile /emsdk/upstream/emscripten/emcc -DHAVE_CONFIG_H  -I. -I.. -I../include -I. -I../mpglib -I..    -I/opt/include  -O3 -msimd128 -c -o util.lo util.c
#44 192.3 libtool: compile:  /emsdk/upstream/emscripten/emcc -DHAVE_CONFIG_H -I. -I.. -I../include -I. -I../mpglib -I.. -I/opt/include -O3 -msimd128 -c util.c -o util.o
#44 ...

#55 [vorbis-builder 4/4] RUN bash -x /src/build.sh
#55 42.01 checking if /emsdk/upstream/emscripten/emcc static flag -static works... yes
#55 45.35 checking if /emsdk/upstream/emscripten/emcc supports -c -o file.o... yes
#55 46.05 checking if /emsdk/upstream/emscripten/emcc supports -c -o file.o... (cached) yes
#55 46.05 checking whether the /emsdk/upstream/emscripten/emcc linker (/emsdk/upstream/emscripten/emcc) supports shared libraries... emcc (Emscripten gcc/clang-like replacement + linker emulating GNU ld) 3.1.40 (5c27e79dd0a9c4e27ef2326841698cdd4f6b5784)
#55 46.50 clang version 17.0.0 (https://github.com/llvm/llvm-project 2922e7cd9334797c24a317d41275f1258ef9ddd3)
#55 46.50 Target: wasm32-unknown-emscripten
#55 46.50 Thread model: posix
#55 46.50 InstalledDir: /emsdk/upstream/bin
#55 47.00 yes
#55 47.00 checking dynamic linker characteristics... GNU/Linux ld.so
#55 53.97 checking how to hardcode library paths into programs... immediate
#55 53.97 checking whether stripping libraries is possible... yes
#55 53.99 checking if libtool supports shared libraries... yes
#55 53.99 checking whether to build shared libraries... no
#55 53.99 checking whether to build static libraries... yes
#55 53.99 checking GCC version... 3.1.40
#55 54.61 checking if /emsdk/upstream/emscripten/emcc accepts -Wdeclaration-after-statement... 
#55 ...

#44 [lame-builder 3/3] RUN bash -x /src/build.sh
#44 193.5 /bin/bash ../libtool  --tag=CC   --mode=compile /emsdk/upstream/emscripten/emcc -DHAVE_CONFIG_H  -I. -I.. -I../include -I. -I../mpglib -I..    -I/opt/include  -O3 -msimd128 -c -o vbrquantize.lo vbrquantize.c
#44 193.5 /bin/bash ../libtool  --tag=CC   --mode=compile /emsdk/upstream/emscripten/emcc -DHAVE_CONFIG_H  -I. -I.. -I../include -I. -I../mpglib -I..    -I/opt/include  -O3 -msimd128 -c -o version.lo version.c
#44 193.7 libtool: compile:  /emsdk/upstream/emscripten/emcc -DHAVE_CONFIG_H -I. -I.. -I../include -I. -I../mpglib -I.. -I/opt/include -O3 -msimd128 -c version.c -o version.o
#44 193.7 libtool: compile:  /emsdk/upstream/emscripten/emcc -DHAVE_CONFIG_H -I. -I.. -I../include -I. -I../mpglib -I.. -I/opt/include -O3 -msimd128 -c vbrquantize.c -o vbrquantize.o
#44 194.4 /bin/bash ../libtool  --tag=CC   --mode=compile /emsdk/upstream/emscripten/emcc -DHAVE_CONFIG_H  -I. -I.. -I../include -I. -I../mpglib -I..    -I/opt/include  -O3 -msimd128 -c -o mpglib_interface.lo mpglib_interface.c
#44 194.6 libtool: compile:  /emsdk/upstream/emscripten/emcc -DHAVE_CONFIG_H -I. -I.. -I../include -I. -I../mpglib -I.. -I/opt/include -O3 -msimd128 -c mpglib_interface.c -o mpglib_interface.o
#44 195.8 /bin/bash ../libtool  --tag=CC   --mode=link /emsdk/upstream/emscripten/emcc  -I/opt/include  -O3 -msimd128 -version-info 0:0 -export-symbols ../include/libmp3lame.sym -no-undefined -L/opt/lib  -I/opt/include  -O3 -msimd128  -o libmp3lame.la -rpath /opt/lib VbrTag.lo bitstream.lo encoder.lo fft.lo gain_analysis.lo id3tag.lo lame.lo newmdct.lo presets.lo psymodel.lo quantize.lo quantize_pvt.lo reservoir.lo set_get.lo tables.lo takehiro.lo util.lo vbrquantize.lo version.lo mpglib_interface.lo   ../mpglib/libmpgdecoder.la -lm 
#44 196.4 libtool: link: (cd .libs/libmp3lame.lax/libmpgdecoder.a && /emsdk/upstream/emscripten/emar x "/src/libmp3lame/../mpglib/.libs/libmpgdecoder.a")
#44 196.9 libtool: link: /emsdk/upstream/emscripten/emar cru .libs/libmp3lame.a  VbrTag.o bitstream.o encoder.o fft.o gain_analysis.o id3tag.o lame.o newmdct.o presets.o psymodel.o quantize.o quantize_pvt.o reservoir.o set_get.o tables.o takehiro.o util.o vbrquantize.o version.o mpglib_interface.o  .libs/libmp3lame.lax/libmpgdecoder.a/common.o .libs/libmp3lame.lax/libmpgdecoder.a/dct64_i386.o .libs/libmp3lame.lax/libmpgdecoder.a/decode_i386.o .libs/libmp3lame.lax/libmpgdecoder.a/interface.o .libs/libmp3lame.lax/libmpgdecoder.a/layer1.o .libs/libmp3lame.lax/libmpgdecoder.a/layer2.o .libs/libmp3lame.lax/libmpgdecoder.a/layer3.o .libs/libmp3lame.lax/libmpgdecoder.a/tabinit.o 
#44 197.1 libtool: link: /emsdk/upstream/emscripten/emranlib .libs/libmp3lame.a
#44 197.3 libtool: link: rm -fr .libs/libmp3lame.lax
#44 197.3 libtool: link: ( cd ".libs" && rm -f "libmp3lame.la" && ln -s "../libmp3lame.la" "libmp3lame.la" )
#44 197.4 make[3]: Entering directory '/src/libmp3lame'
#44 197.4 make[3]: Nothing to be done for 'install-data-am'.
#44 197.5  /usr/bin/mkdir -p '/opt/lib'
#44 197.5  /bin/bash ../libtool   --mode=install /usr/bin/install -c   libmp3lame.la '/opt/lib'
#44 197.6 libtool: install: /usr/bin/install -c .libs/libmp3lame.lai /opt/lib/libmp3lame.la
#44 197.6 libtool: install: /usr/bin/install -c .libs/libmp3lame.a /opt/lib/libmp3lame.a
#44 197.6 libtool: install: chmod 644 /opt/lib/libmp3lame.a
#44 197.6 libtool: install: /emsdk/upstream/emscripten/emranlib /opt/lib/libmp3lame.a
#44 197.9 libtool: finish: PATH="/emsdk/upstream/emscripten/cache/sysroot/bin:/emsdk:/emsdk/upstream/emscripten:/emsdk/upstream/bin:/emsdk/node/15.14.0_64bit/bin:/usr/local/sbin:/usr/local/bin:/usr/sbin:/usr/bin:/sbin:/bin:/sbin" ldconfig -n /opt/lib
#44 197.9 ----------------------------------------------------------------------
#44 197.9 Libraries have been installed in:
#44 197.9    /opt/lib
#44 197.9 
#44 197.9 If you ever happen to want to link against installed libraries
#44 197.9 in a given directory, LIBDIR, you must either use libtool, and
#44 197.9 specify the full pathname of the library, or use the '-LLIBDIR'
#44 197.9 flag during linking and do at least one of the following:
#44 197.9    - add LIBDIR to the 'LD_LIBRARY_PATH' environment variable
#44 197.9      during execution
#44 197.9    - add LIBDIR to the 'LD_RUN_PATH' environment variable
#44 197.9      during linking
#44 197.9    - use the '-Wl,-rpath -Wl,LIBDIR' linker flag
#44 197.9    - have your system administrator add LIBDIR to '/etc/ld.so.conf'
#44 197.9 
#44 197.9 See any operating system documentation about shared libraries for
#44 197.9 more information, such as the ld(1) and ld.so(8) manual pages.
#44 197.9 ----------------------------------------------------------------------
#44 197.9 make[3]: Leaving directory '/src/libmp3lame'
#44 197.9 make[2]: Leaving directory '/src/libmp3lame'
#44 198.0 make[1]: Leaving directory '/src/libmp3lame'
#44 198.0 Making install in frontend
#44 198.0 make[1]: Entering directory '/src/frontend'
#44 198.0 make[2]: Entering directory '/src/frontend'
#44 198.0 make[2]: Nothing to be done for 'install-data-am'.
#44 198.1 make[2]: Leaving directory '/src/frontend'
#44 198.1 make[1]: Leaving directory '/src/frontend'
#44 198.1 Making install in Dll
#44 198.1 make[1]: Entering directory '/src/Dll'
#44 198.2 make[2]: Entering directory '/src/Dll'
#44 198.2 make[2]: Nothing to be done for 'install-exec-am'.
#44 198.2 make[2]: Nothing to be done for 'install-data-am'.
#44 198.2 make[2]: Leaving directory '/src/Dll'
#44 198.2 make[1]: Leaving directory '/src/Dll'
#44 198.2 Making install in doc
#44 198.2 make[1]: Entering directory '/src/doc'
#44 198.3 Making install in html
#44 198.3 make[2]: Entering directory '/src/doc/html'
#44 198.4 make[3]: Entering directory '/src/doc/html'
#44 198.4 make[3]: Nothing to be done for 'install-exec-am'.
#44 198.4  /usr/bin/mkdir -p '/opt/share/doc/lame/html'
#44 198.4  /usr/bin/install -c -m 644 about.html abr.html cbr.html contact.html contributors.html detailed.html history.html index.html introduction.html links.html list.html ms_stereo.html usage.html vbr.html '/opt/share/doc/lame/html'
#44 198.5 make[3]: Leaving directory '/src/doc/html'
#44 198.5 make[2]: Leaving directory '/src/doc/html'
#44 198.5 Making install in man
#44 198.5 make[2]: Entering directory '/src/doc/man'
#44 198.5 make[3]: Entering directory '/src/doc/man'
#44 198.5 make[3]: Nothing to be done for 'install-exec-am'.
#44 198.6  /usr/bin/mkdir -p '/opt/share/man/man1'
#44 198.7  /usr/bin/install -c -m 644 lame.1 '/opt/share/man/man1'
#44 198.7 make[3]: Leaving directory '/src/doc/man'
#44 198.7 make[2]: Leaving directory '/src/doc/man'
#44 198.7 make[2]: Entering directory '/src/doc'
#44 198.8 make[3]: Entering directory '/src/doc'
#44 198.8 make[3]: Nothing to be done for 'install-exec-am'.
#44 198.8 make[3]: Nothing to be done for 'install-data-am'.
#44 198.8 make[3]: Leaving directory '/src/doc'
#44 198.8 make[2]: Leaving directory '/src/doc'
#44 198.8 make[1]: Leaving directory '/src/doc'
#44 198.8 Making install in include
#44 198.8 make[1]: Entering directory '/src/include'
#44 198.8 make[2]: Entering directory '/src/include'
#44 198.8 make[2]: Nothing to be done for 'install-exec-am'.
#44 198.9  /usr/bin/mkdir -p '/opt/include/lame'
#44 198.9  /usr/bin/install -c -m 644 lame.h '/opt/include/lame'
#44 199.0 make[2]: Leaving directory '/src/include'
#44 199.0 make[1]: Leaving directory '/src/include'
#44 199.0 Making install in misc
#44 199.0 make[1]: Entering directory '/src/misc'
#44 199.0 make[2]: Entering directory '/src/misc'
#44 199.0 make[2]: Nothing to be done for 'install-exec-am'.
#44 199.0 make[2]: Nothing to be done for 'install-data-am'.
#44 199.0 make[2]: Leaving directory '/src/misc'
#44 199.0 make[1]: Leaving directory '/src/misc'
#44 199.0 Making install in dshow
#44 199.1 make[1]: Entering directory '/src/dshow'
#44 199.1 make[2]: Entering directory '/src/dshow'
#44 199.1 make[2]: Nothing to be done for 'install-exec-am'.
#44 199.1 make[2]: Nothing to be done for 'install-data-am'.
#44 199.1 make[2]: Leaving directory '/src/dshow'
#44 199.1 make[1]: Leaving directory '/src/dshow'
#44 199.1 Making install in ACM
#44 199.2 make[1]: Entering directory '/src/ACM'
#44 199.2 Making install in ADbg
#44 199.3 make[2]: Entering directory '/src/ACM/ADbg'
#44 199.3 make[3]: Entering directory '/src/ACM/ADbg'
#44 199.3 make[3]: Nothing to be done for 'install-exec-am'.
#44 199.3 make[3]: Nothing to be done for 'install-data-am'.
#44 199.3 make[3]: Leaving directory '/src/ACM/ADbg'
#44 199.3 make[2]: Leaving directory '/src/ACM/ADbg'
#44 199.3 Making install in ddk
#44 199.3 make[2]: Entering directory '/src/ACM/ddk'
#44 199.4 make[3]: Entering directory '/src/ACM/ddk'
#44 199.4 make[3]: Nothing to be done for 'install-exec-am'.
#44 199.4 make[3]: Nothing to be done for 'install-data-am'.
#44 199.4 make[3]: Leaving directory '/src/ACM/ddk'
#44 199.4 make[2]: Leaving directory '/src/ACM/ddk'
#44 199.4 Making install in tinyxml
#44 199.4 make[2]: Entering directory '/src/ACM/tinyxml'
#44 199.5 make[3]: Entering directory '/src/ACM/tinyxml'
#44 199.5 make[3]: Nothing to be done for 'install-exec-am'.
#44 199.5 make[3]: Nothing to be done for 'install-data-am'.
#44 199.5 make[3]: Leaving directory '/src/ACM/tinyxml'
#44 199.5 make[2]: Leaving directory '/src/ACM/tinyxml'
#44 199.5 make[2]: Entering directory '/src/ACM'
#44 199.6 make[3]: Entering directory '/src/ACM'
#44 199.6 make[3]: Nothing to be done for 'install-exec-am'.
#44 199.6 make[3]: Nothing to be done for 'install-data-am'.
#44 199.6 make[3]: Leaving directory '/src/ACM'
#44 199.6 make[2]: Leaving directory '/src/ACM'
#44 199.6 make[1]: Leaving directory '/src/ACM'
#44 199.6 Making install in mac
#44 199.6 make[1]: Entering directory '/src/mac'
#44 199.7 make[2]: Entering directory '/src/mac'
#44 199.7 make[2]: Nothing to be done for 'install-exec-am'.
#44 199.7 make[2]: Nothing to be done for 'install-data-am'.
#44 199.7 make[2]: Leaving directory '/src/mac'
#44 199.7 make[1]: Leaving directory '/src/mac'
#44 199.7 Making install in macosx
#44 199.7 make[1]: Entering directory '/src/macosx'
#44 199.8 Making install in English.lproj
#44 199.8 make[2]: Entering directory '/src/macosx/English.lproj'
#44 199.8 make[3]: Entering directory '/src/macosx/English.lproj'
#44 199.8 make[3]: Nothing to be done for 'install-exec-am'.
#44 199.8 make[3]: Nothing to be done for 'install-data-am'.
#44 199.8 make[3]: Leaving directory '/src/macosx/English.lproj'
#44 199.8 make[2]: Leaving directory '/src/macosx/English.lproj'
#44 199.8 Making install in LAME.xcodeproj
#44 199.9 make[2]: Entering directory '/src/macosx/LAME.xcodeproj'
#44 199.9 make[3]: Entering directory '/src/macosx/LAME.xcodeproj'
#44 199.9 make[3]: Nothing to be done for 'install-exec-am'.
#44 199.9 make[3]: Nothing to be done for 'install-data-am'.
#44 199.9 make[3]: Leaving directory '/src/macosx/LAME.xcodeproj'
#44 199.9 make[2]: Leaving directory '/src/macosx/LAME.xcodeproj'
#44 200.0 make[2]: Entering directory '/src/macosx'
#44 200.0 make[3]: Entering directory '/src/macosx'
#44 200.0 make[3]: Nothing to be done for 'install-exec-am'.
#44 200.0 make[3]: Nothing to be done for 'install-data-am'.
#44 200.0 make[3]: Leaving directory '/src/macosx'
#44 200.0 make[2]: Leaving directory '/src/macosx'
#44 200.0 make[1]: Leaving directory '/src/macosx'
#44 200.0 Making install in vc_solution
#44 200.0 make[1]: Entering directory '/src/vc_solution'
#44 200.1 make[2]: Entering directory '/src/vc_solution'
#44 200.1 make[2]: Nothing to be done for 'install-exec-am'.
#44 200.1 make[2]: Nothing to be done for 'install-data-am'.
#44 200.1 make[2]: Leaving directory '/src/vc_solution'
#44 200.1 make[1]: Leaving directory '/src/vc_solution'
#44 200.1 make[1]: Entering directory '/src'
#44 200.2 make[2]: Entering directory '/src'
#44 200.2 make[2]: Nothing to be done for 'install-exec-am'.
#44 200.2 make[2]: Nothing to be done for 'install-data-am'.
#44 200.2 make[2]: Leaving directory '/src'
#44 200.2 make[1]: Leaving directory '/src'
#44 DONE 200.9s

#56 [theora-builder 4/4] RUN bash -x /src/build.sh
#56 0.108 + set -euo pipefail
#56 0.109 + CONF_FLAGS=(--prefix=$INSTALL_DIR --host=i686-linux --enable-shared=no --enable-docs=no --enable-fast-install=no --disable-spec --disable-asm --disable-examples --disable-oggtest --disable-vorbistest --disable-sdltest)
#56 0.113 + emconfigure ./autogen.sh --prefix=/opt --host=i686-linux --enable-shared=no --enable-docs=no --enable-fast-install=no --disable-spec --disable-asm --disable-examples --disable-oggtest --disable-vorbistest --disable-sdltest
#56 0.334 configure: ./autogen.sh --prefix=/opt --host=i686-linux --enable-shared=no --enable-docs=no --enable-fast-install=no --disable-spec --disable-asm --disable-examples --disable-oggtest --disable-vorbistest --disable-sdltest
#56 0.372 checking for autoconf... 
#56 0.592 checking for automake 1.6 or later... automake
#56 1.046 checking for aclocal 1.6 or later... aclocal
#56 1.418 checking for libtool... libtoolize
#56 2.199 Generating configuration files for theora, please wait....
#56 2.199   aclocal -I m4
#56 2.950   libtoolize --automake --force
#56 4.130   autoheader
#56 4.736   automake --add-missing 
#56 ...

#55 [vorbis-builder 4/4] RUN bash -x /src/build.sh
#55 54.61 checking if /emsdk/upstream/emscripten/emcc accepts -Wdeclaration-after-statement... yes
#55 58.37 checking for memory.h... yes
#55 59.02 checking for cos in -lm... yes
#55 62.72 checking for pthread_create in -lpthread... yes
#55 66.47 checking for i686-linux-pkg-config... no
#55 66.47 checking for pkg-config... /usr/bin/pkg-config
#55 66.47 checking pkg-config is at least version 0.9.0... yes
#55 66.49 checking for OGG... yes
#55 66.57 checking for size_t... yes
#55 67.79 checking for working alloca.h... 
#55 ...

#56 [theora-builder 4/4] RUN bash -x /src/build.sh
#56 6.732 configure.ac:55: installing './compile'
#56 6.732 configure.ac:9: installing './config.guess'
#56 6.732 configure.ac:9: installing './config.sub'
#56 6.732 configure.ac:14: installing './install-sh'
#56 6.732 configure.ac:14: installing './missing'
#56 6.772 doc/spec/Makefile.am: installing './depcomp'
#56 6.785 examples/Makefile.am:3: warning: 'INCLUDES' is the old name for 'AM_CPPFLAGS' (or '*_CPPFLAGS')
#56 6.828 lib/Makefile.am:1: warning: 'INCLUDES' is the old name for 'AM_CPPFLAGS' (or '*_CPPFLAGS')
#56 6.831 lib/Makefile.am:90: warning: source file 'x86/mmxidct.c' is in a subdirectory,
#56 6.831 lib/Makefile.am:90: but option 'subdir-objects' is disabled
#56 6.832 automake: warning: possible forward-incompatibility.
#56 6.832 automake: At least one source file is in a subdirectory, but the 'subdir-objects'
#56 6.832 automake: automake option hasn't been enabled.  For now, the corresponding output
#56 6.832 automake: object file(s) will be placed in the top-level directory.  However, this
#56 6.832 automake: behavior may change in a future Automake major version, with object
#56 6.832 automake: files being placed in the same subdirectory as the corresponding sources.
#56 6.832 automake: You are advised to start using 'subdir-objects' option throughout your
#56 6.832 automake: project, to avoid future incompatibilities.
#56 6.832 lib/Makefile.am:90: warning: source file 'x86/mmxfrag.c' is in a subdirectory,
#56 6.832 lib/Makefile.am:90: but option 'subdir-objects' is disabled
#56 6.832 lib/Makefile.am:90: warning: source file 'x86/mmxstate.c' is in a subdirectory,
#56 6.832 lib/Makefile.am:90: but option 'subdir-objects' is disabled
#56 6.832 lib/Makefile.am:90: warning: source file 'x86/x86state.c' is in a subdirectory,
#56 6.832 lib/Makefile.am:90: but option 'subdir-objects' is disabled
#56 6.833 lib/Makefile.am:30: warning: source file 'x86/mmxencfrag.c' is in a subdirectory,
#56 6.833 lib/Makefile.am:30: but option 'subdir-objects' is disabled
#56 6.833 lib/Makefile.am:30: warning: source file 'x86/mmxfdct.c' is in a subdirectory,
#56 6.833 lib/Makefile.am:30: but option 'subdir-objects' is disabled
#56 6.833 lib/Makefile.am:30: warning: source file 'x86/x86enc.c' is in a subdirectory,
#56 6.833 lib/Makefile.am:30: but option 'subdir-objects' is disabled
#56 6.833 lib/Makefile.am:35: warning: source file 'x86/sse2fdct.c' is in a subdirectory,
#56 6.833 lib/Makefile.am:35: but option 'subdir-objects' is disabled
#56 6.837 lib/Makefile.am:38: warning: source file 'x86/mmxfrag.c' is in a subdirectory,
#56 6.837 lib/Makefile.am:38: but option 'subdir-objects' is disabled
#56 6.837 lib/Makefile.am:38: warning: source file 'x86/mmxidct.c' is in a subdirectory,
#56 6.837 lib/Makefile.am:38: but option 'subdir-objects' is disabled
#56 6.837 lib/Makefile.am:38: warning: source file 'x86/mmxstate.c' is in a subdirectory,
#56 6.837 lib/Makefile.am:38: but option 'subdir-objects' is disabled
#56 6.837 lib/Makefile.am:38: warning: source file 'x86/x86state.c' is in a subdirectory,
#56 6.837 lib/Makefile.am:38: but option 'subdir-objects' is disabled
#56 6.870 tests/Makefile.am:1: warning: 'INCLUDES' is the old name for 'AM_CPPFLAGS' (or '*_CPPFLAGS')
#56 6.891 parallel-tests: installing './test-driver'
#56 6.913   autoconf
#56 7.380 configure.ac:12: warning: 'AM_CONFIG_HEADER': this macro is obsolete.
#56 7.380 configure.ac:12: You should use the 'AC_CONFIG_HEADERS' macro instead.
#56 7.380 ./lib/autoconf/general.m4:2434: AC_DIAGNOSE is expanded from...
#56 7.380 aclocal.m4:9835: AM_CONFIG_HEADER is expanded from...
#56 7.380 configure.ac:12: the top level
#56 7.380 configure.ac:60: warning: The macro `AC_LIBTOOL_WIN32_DLL' is obsolete.
#56 7.380 configure.ac:60: You should run autoupdate.
#56 7.380 aclocal.m4:8540: AC_LIBTOOL_WIN32_DLL is expanded from...
#56 7.380 configure.ac:60: the top level
#56 7.380 configure.ac:60: warning: AC_LIBTOOL_WIN32_DLL: Remove this warning and the call to _LT_SET_OPTION when you
#56 7.380 configure.ac:60: put the 'win32-dll' option into LT_INIT's first parameter.
#56 7.380 ./lib/autoconf/general.m4:2434: AC_DIAGNOSE is expanded from...
#56 7.380 aclocal.m4:8540: AC_LIBTOOL_WIN32_DLL is expanded from...
#56 7.380 configure.ac:60: the top level
#56 7.380 configure.ac:61: warning: The macro `AM_PROG_LIBTOOL' is obsolete.
#56 7.380 configure.ac:61: You should run autoupdate.
#56 7.380 aclocal.m4:122: AM_PROG_LIBTOOL is expanded from...
#56 7.380 configure.ac:61: the top level
#56 7.380 configure.ac:208: warning: The macro `AC_PROG_LD' is obsolete.
#56 7.380 configure.ac:208: You should run autoupdate.
#56 7.380 aclocal.m4:3355: AC_PROG_LD is expanded from...
#56 7.380 configure.ac:208: the top level
#56 7.380 configure.ac:276: warning: The macro `AC_HELP_STRING' is obsolete.
#56 7.380 configure.ac:276: You should run autoupdate.
#56 7.380 ./lib/autoconf/general.m4:204: AC_HELP_STRING is expanded from...
#56 7.380 m4/ogg.m4:8: XIPH_PATH_OGG is expanded from...
#56 7.380 configure.ac:276: the top level
#56 7.380 configure.ac:276: warning: The macro `AC_TRY_RUN' is obsolete.
#56 7.380 configure.ac:276: You should run autoupdate.
#56 7.380 ./lib/autoconf/general.m4:2997: AC_TRY_RUN is expanded from...
#56 7.380 m4/ogg.m4:8: XIPH_PATH_OGG is expanded from...
#56 7.380 configure.ac:276: the top level
#56 7.381 configure.ac:276: warning: The macro `AC_TRY_LINK' is obsolete.
#56 7.381 configure.ac:276: You should run autoupdate.
#56 7.381 ./lib/autoconf/general.m4:2920: AC_TRY_LINK is expanded from...
#56 7.381 m4/ogg.m4:8: XIPH_PATH_OGG is expanded from...
#56 7.381 configure.ac:276: the top level
#56 7.381 configure.ac:310: warning: The macro `AC_TRY_RUN' is obsolete.
#56 7.381 configure.ac:310: You should run autoupdate.
#56 7.381 ./lib/autoconf/general.m4:2997: AC_TRY_RUN is expanded from...
#56 7.381 m4/vorbis.m4:9: XIPH_PATH_VORBIS is expanded from...
#56 7.381 configure.ac:310: the top level
#56 7.381 configure.ac:310: warning: The macro `AC_TRY_LINK' is obsolete.
#56 7.381 configure.ac:310: You should run autoupdate.
#56 7.381 ./lib/autoconf/general.m4:2920: AC_TRY_LINK is expanded from...
#56 7.381 m4/vorbis.m4:9: XIPH_PATH_VORBIS is expanded from...
#56 7.381 configure.ac:310: the top level
#56 7.381 configure.ac:316: warning: The macro `AC_TRY_RUN' is obsolete.
#56 7.381 configure.ac:316: You should run autoupdate.
#56 7.381 ./lib/autoconf/general.m4:2997: AC_TRY_RUN is expanded from...
#56 7.381 m4/sdl.m4:11: AM_PATH_SDL is expanded from...
#56 7.381 configure.ac:316: the top level
#56 7.381 configure.ac:316: warning: The macro `AC_TRY_LINK' is obsolete.
#56 7.381 configure.ac:316: You should run autoupdate.
#56 7.381 ./lib/autoconf/general.m4:2920: AC_TRY_LINK is expanded from...
#56 7.381 m4/sdl.m4:11: AM_PATH_SDL is expanded from...
#56 7.381 configure.ac:316: the top level
#56 7.381 configure.ac:452: warning: AC_OUTPUT should be used without arguments.
#56 7.381 configure.ac:452: You should run autoupdate.
#56 8.477 configure: WARNING: unrecognized options: --enable-docs
#56 8.828 checking build system type... x86_64-pc-linux-gnu
#56 9.288 checking host system type... i686-pc-linux-gnu
#56 9.358 checking target system type... i686-pc-linux-gnu
#56 9.358 checking for a BSD-compatible install... /usr/bin/install -c
#56 9.441 checking whether build environment is sane... yes
#56 9.530 checking for i686-linux-strip... no
#56 9.530 checking for strip... strip
#56 9.531 checking for a race-free mkdir -p... /usr/bin/mkdir -p
#56 9.546 checking for gawk... no
#56 9.547 checking for mawk... mawk
#56 9.547 checking whether make sets $(MAKE)... yes
#56 9.658 checking whether make supports nested variables... yes
#56 9.729 checking whether to enable maintainer-specific portions of Makefiles... yes
#56 9.730 checking for i686-linux-gcc... /emsdk/upstream/emscripten/emcc
#56 11.08 checking whether the C compiler works... yes
#56 14.49 checking for C compiler default output file name... a.out
#56 14.50 checking for suffix of executables... 
#56 ...

#55 [vorbis-builder 4/4] RUN bash -x /src/build.sh
#55 67.79 checking for working alloca.h... yes
#55 70.88 checking for alloca... yes
#55 70.88 checking for working memcmp... no
#55 74.63 checking that generated files are newer than configure... done
#55 74.63 configure: creating ./config.status
#55 78.63 config.status: creating Makefile
#55 78.76 config.status: creating m4/Makefile
#55 78.91 config.status: creating lib/Makefile
#55 79.07 config.status: creating lib/modes/Makefile
#55 79.23 config.status: creating lib/books/Makefile
#55 79.38 config.status: creating lib/books/coupled/Makefile
#55 79.53 config.status: creating lib/books/uncoupled/Makefile
#55 79.69 config.status: creating lib/books/floor/Makefile
#55 79.85 config.status: creating doc/Makefile
#55 80.01 config.status: creating doc/vorbisfile/Makefile
#55 80.19 config.status: creating doc/vorbisenc/Makefile
#55 80.34 config.status: creating doc/libvorbis/Makefile
#55 80.49 config.status: creating doc/Doxyfile
#55 80.65 config.status: creating include/Makefile
#55 80.80 config.status: creating include/vorbis/Makefile
#55 80.95 config.status: creating examples/Makefile
#55 ...

#56 [theora-builder 4/4] RUN bash -x /src/build.sh
#56 14.50 checking for suffix of executables... 
#56 17.68 checking whether we are cross compiling... 
#56 ...

#55 [vorbis-builder 4/4] RUN bash -x /src/build.sh
#55 81.11 config.status: creating test/Makefile
#55 81.26 config.status: creating vq/Makefile
#55 81.42 config.status: creating libvorbis.spec
#55 81.55 config.status: creating vorbis.pc
#55 81.68 config.status: creating vorbisenc.pc
#55 81.81 config.status: creating vorbisfile.pc
#55 81.94 config.status: creating vorbis-uninstalled.pc
#55 82.09 config.status: creating vorbisenc-uninstalled.pc
#55 82.22 config.status: creating vorbisfile-uninstalled.pc
#55 82.35 config.status: creating config.h
#55 82.44 config.status: executing depfiles commands
#55 82.45 config.status: executing libtool commands
#55 82.75 
#55 82.78 + emmake make install -j2
#55 82.93 make: make install -j2
#55 83.01 Making install in m4
#55 83.04 make[1]: Entering directory '/src/m4'
#55 83.09 make[2]: Entering directory '/src/m4'
#55 83.09 make[2]: Nothing to be done for 'install-exec-am'.
#55 83.09 make[2]: Nothing to be done for 'install-data-am'.
#55 83.09 make[2]: Leaving directory '/src/m4'
#55 83.09 make[1]: Leaving directory '/src/m4'
#55 83.09 Making install in include
#55 83.12 make[1]: Entering directory '/src/include'
#55 83.17 Making install in vorbis
#55 83.20 make[2]: Entering directory '/src/include/vorbis'
#55 83.25 make[3]: Entering directory '/src/include/vorbis'
#55 83.25 make[3]: Nothing to be done for 'install-exec-am'.
#55 83.29  /usr/bin/mkdir -p '/opt/include/vorbis'
#55 83.33  /usr/bin/install -c -m 644 codec.h vorbisfile.h vorbisenc.h '/opt/include/vorbis'
#55 83.35 make[3]: Leaving directory '/src/include/vorbis'
#55 83.35 make[2]: Leaving directory '/src/include/vorbis'
#55 83.37 make[2]: Entering directory '/src/include'
#55 83.42 make[3]: Entering directory '/src/include'
#55 83.42 make[3]: Nothing to be done for 'install-exec-am'.
#55 83.42 make[3]: Nothing to be done for 'install-data-am'.
#55 83.42 make[3]: Leaving directory '/src/include'
#55 83.42 make[2]: Leaving directory '/src/include'
#55 83.42 make[1]: Leaving directory '/src/include'
#55 83.43 Making install in vq
#55 83.46 make[1]: Entering directory '/src/vq'
#55 83.51 make[2]: Entering directory '/src/vq'
#55 83.51 make[2]: Nothing to be done for 'install-exec-am'.
#55 83.51 make[2]: Nothing to be done for 'install-data-am'.
#55 83.51 make[2]: Leaving directory '/src/vq'
#55 83.51 make[1]: Leaving directory '/src/vq'
#55 83.51 Making install in lib
#55 83.54 make[1]: Entering directory '/src/lib'
#55 83.60 Making install in modes
#55 83.63 make[2]: Entering directory '/src/lib/modes'
#55 83.67 make[3]: Entering directory '/src/lib/modes'
#55 83.67 make[3]: Nothing to be done for 'install-exec-am'.
#55 83.67 make[3]: Nothing to be done for 'install-data-am'.
#55 83.67 make[3]: Leaving directory '/src/lib/modes'
#55 83.68 make[2]: Leaving directory '/src/lib/modes'
#55 83.68 Making install in books
#55 83.71 make[2]: Entering directory '/src/lib/books'
#55 83.76 Making install in coupled
#55 83.79 make[3]: Entering directory '/src/lib/books/coupled'
#55 83.84 make[4]: Entering directory '/src/lib/books/coupled'
#55 83.84 make[4]: Nothing to be done for 'install-exec-am'.
#55 83.84 make[4]: Nothing to be done for 'install-data-am'.
#55 83.84 make[4]: Leaving directory '/src/lib/books/coupled'
#55 83.84 make[3]: Leaving directory '/src/lib/books/coupled'
#55 83.84 Making install in uncoupled
#55 83.87 make[3]: Entering directory '/src/lib/books/uncoupled'
#55 83.92 make[4]: Entering directory '/src/lib/books/uncoupled'
#55 83.92 make[4]: Nothing to be done for 'install-exec-am'.
#55 83.92 make[4]: Nothing to be done for 'install-data-am'.
#55 83.92 make[4]: Leaving directory '/src/lib/books/uncoupled'
#55 83.92 make[3]: Leaving directory '/src/lib/books/uncoupled'
#55 83.93 Making install in floor
#55 83.96 make[3]: Entering directory '/src/lib/books/floor'
#55 84.00 make[4]: Entering directory '/src/lib/books/floor'
#55 84.00 make[4]: Nothing to be done for 'install-exec-am'.
#55 84.00 make[4]: Nothing to be done for 'install-data-am'.
#55 84.00 make[4]: Leaving directory '/src/lib/books/floor'
#55 84.01 make[3]: Leaving directory '/src/lib/books/floor'
#55 84.04 make[3]: Entering directory '/src/lib/books'
#55 84.08 make[4]: Entering directory '/src/lib/books'
#55 84.08 make[4]: Nothing to be done for 'install-exec-am'.
#55 84.08 make[4]: Nothing to be done for 'install-data-am'.
#55 84.08 make[4]: Leaving directory '/src/lib/books'
#55 84.08 make[3]: Leaving directory '/src/lib/books'
#55 84.09 make[2]: Leaving directory '/src/lib/books'
#55 84.12 make[2]: Entering directory '/src/lib'
#55 84.12 /emsdk/upstream/emscripten/emcc -DHAVE_CONFIG_H -I. -I.. -I../include -I/opt/include   -D_V_SELFTEST -O20 -ffast-math  -D_REENTRANT -fsigned-char -Wdeclaration-after-statement -I/opt/include  -O3 -msimd128 -DUSE_MEMORY_H -c -o test_sharedbook-sharedbook.o `test -f 'sharedbook.c' || echo './'`sharedbook.c
#55 84.12 /bin/bash ../libtool  --tag=CC   --mode=compile /emsdk/upstream/emscripten/emcc -DHAVE_CONFIG_H -I. -I.. -I../include -I/opt/include    -O20 -ffast-math  -D_REENTRANT -fsigned-char -Wdeclaration-after-statement -I/opt/include  -O3 -msimd128 -DUSE_MEMORY_H -c -o mdct.lo mdct.c
#55 84.25 libtool: compile:  /emsdk/upstream/emscripten/emcc -DHAVE_CONFIG_H -I. -I.. -I../include -I/opt/include -O20 -ffast-math -D_REENTRANT -fsigned-char -Wdeclaration-after-statement -I/opt/include -O3 -msimd128 -DUSE_MEMORY_H -c mdct.c -o mdct.o
#55 84.33 emcc:WARNING: optimization level '-O20' is not supported; using '-O3' instead
#55 84.44 emcc:WARNING: optimization level '-O20' is not supported; using '-O3' instead
#55 85.42 /bin/bash ../libtool  --tag=CC   --mode=compile /emsdk/upstream/emscripten/emcc -DHAVE_CONFIG_H -I. -I.. -I../include -I/opt/include    -O20 -ffast-math  -D_REENTRANT -fsigned-char -Wdeclaration-after-statement -I/opt/include  -O3 -msimd128 -DUSE_MEMORY_H -c -o smallft.lo smallft.c
#55 85.47 /bin/bash ../libtool  --tag=CC   --mode=compile /emsdk/upstream/emscripten/emcc -DHAVE_CONFIG_H -I. -I.. -I../include -I/opt/include    -O20 -ffast-math  -D_REENTRANT -fsigned-char -Wdeclaration-after-statement -I/opt/include  -O3 -msimd128 -DUSE_MEMORY_H -c -o block.lo block.c
#55 85.57 libtool: compile:  /emsdk/upstream/emscripten/emcc -DHAVE_CONFIG_H -I. -I.. -I../include -I/opt/include -O20 -ffast-math -D_REENTRANT -fsigned-char -Wdeclaration-after-statement -I/opt/include -O3 -msimd128 -DUSE_MEMORY_H -c smallft.c -o smallft.o
#55 85.60 libtool: compile:  /emsdk/upstream/emscripten/emcc -DHAVE_CONFIG_H -I. -I.. -I../include -I/opt/include -O20 -ffast-math -D_REENTRANT -fsigned-char -Wdeclaration-after-statement -I/opt/include -O3 -msimd128 -DUSE_MEMORY_H -c block.c -o block.o
#55 85.75 emcc:WARNING: optimization level '-O20' is not supported; using '-O3' instead
#55 85.78 emcc:WARNING: optimization level '-O20' is not supported; using '-O3' instead
#55 ...

#56 [theora-builder 4/4] RUN bash -x /src/build.sh
#56 17.68 checking whether we are cross compiling... no
#56 22.84 checking for suffix of object files... o
#56 23.47 checking whether the compiler supports GNU C... yes
#56 24.09 checking whether /emsdk/upstream/emscripten/emcc accepts -g... yes
#56 24.65 checking for /emsdk/upstream/emscripten/emcc option to enable C11 features... none needed
#56 25.93 checking whether /emsdk/upstream/emscripten/emcc understands -c and -o together... yes
#56 27.23 checking whether make supports the include directive... yes (GNU style)
#56 27.34 checking dependency style of /emsdk/upstream/emscripten/emcc... gcc3
#56 28.14 checking how to run the C preprocessor... /emsdk/upstream/emscripten/emcc -E
#56 30.02 checking how to print strings... printf
#56 30.03 checking for a sed that does not truncate output... /usr/bin/sed
#56 30.07 checking for grep that handles long lines and -e... /usr/bin/grep
#56 30.09 checking for egrep... /usr/bin/grep -E
#56 30.11 checking for fgrep... /usr/bin/grep -F
#56 30.12 checking for ld used by /emsdk/upstream/emscripten/emcc... /emsdk/upstream/emscripten/emcc
#56 30.37 checking if the linker (/emsdk/upstream/emscripten/emcc) is GNU ld... yes
#56 30.61 checking for BSD- or MS-compatible name lister (nm)... /emsdk/upstream/bin/llvm-nm
#56 30.62 checking the name lister (/emsdk/upstream/bin/llvm-nm) interface... BSD nm
#56 31.17 checking whether ln -s works... yes
#56 31.17 checking the maximum length of command line arguments... 1572864
#56 31.24 checking how to convert x86_64-pc-linux-gnu file names to i686-pc-linux-gnu format... func_convert_file_noop
#56 31.24 checking how to convert x86_64-pc-linux-gnu file names to toolchain format... func_convert_file_noop
#56 31.24 checking for /emsdk/upstream/emscripten/emcc option to reload object files... -r
#56 31.24 checking for i686-linux-objdump... objdump
#56 31.24 checking how to recognize dependent libraries... pass_all
#56 31.24 checking for i686-linux-dlltool... dlltool
#56 31.24 checking how to associate runtime and link libraries... printf %s\n
#56 31.24 checking for i686-linux-ar... /emsdk/upstream/emscripten/emar
#56 31.24 checking for archiver @FILE support... @
#56 32.18 checking for i686-linux-strip... strip
#56 32.18 checking for i686-linux-ranlib... /emsdk/upstream/emscripten/emranlib
#56 32.18 checking command to parse /emsdk/upstream/bin/llvm-nm output from /emsdk/upstream/emscripten/emcc object... 
#56 ...

#55 [vorbis-builder 4/4] RUN bash -x /src/build.sh
#55 86.83 /bin/bash ../libtool  --tag=CC   --mode=compile /emsdk/upstream/emscripten/emcc -DHAVE_CONFIG_H -I. -I.. -I../include -I/opt/include    -O20 -ffast-math  -D_REENTRANT -fsigned-char -Wdeclaration-after-statement -I/opt/include  -O3 -msimd128 -DUSE_MEMORY_H -c -o envelope.lo envelope.c
#55 86.96 libtool: compile:  /emsdk/upstream/emscripten/emcc -DHAVE_CONFIG_H -I. -I.. -I../include -I/opt/include -O20 -ffast-math -D_REENTRANT -fsigned-char -Wdeclaration-after-statement -I/opt/include -O3 -msimd128 -DUSE_MEMORY_H -c envelope.c -o envelope.o
#55 87.03 /bin/bash ../libtool  --tag=CC   --mode=compile /emsdk/upstream/emscripten/emcc -DHAVE_CONFIG_H -I. -I.. -I../include -I/opt/include    -O20 -ffast-math  -D_REENTRANT -fsigned-char -Wdeclaration-after-statement -I/opt/include  -O3 -msimd128 -DUSE_MEMORY_H -c -o window.lo window.c
#55 87.18 libtool: compile:  /emsdk/upstream/emscripten/emcc -DHAVE_CONFIG_H -I. -I.. -I../include -I/opt/include -O20 -ffast-math -D_REENTRANT -fsigned-char -Wdeclaration-after-statement -I/opt/include -O3 -msimd128 -DUSE_MEMORY_H -c window.c -o window.o
#55 87.18 emcc:WARNING: optimization level '-O20' is not supported; using '-O3' instead
#55 87.36 emcc:WARNING: optimization level '-O20' is not supported; using '-O3' instead
#55 88.17 /bin/bash ../libtool  --tag=CC   --mode=compile /emsdk/upstream/emscripten/emcc -DHAVE_CONFIG_H -I. -I.. -I../include -I/opt/include    -O20 -ffast-math  -D_REENTRANT -fsigned-char -Wdeclaration-after-statement -I/opt/include  -O3 -msimd128 -DUSE_MEMORY_H -c -o lsp.lo lsp.c
#55 88.17 /bin/bash ../libtool  --tag=CC   --mode=compile /emsdk/upstream/emscripten/emcc -DHAVE_CONFIG_H -I. -I.. -I../include -I/opt/include    -O20 -ffast-math  -D_REENTRANT -fsigned-char -Wdeclaration-after-statement -I/opt/include  -O3 -msimd128 -DUSE_MEMORY_H -c -o lpc.lo lpc.c
#55 88.30 libtool: compile:  /emsdk/upstream/emscripten/emcc -DHAVE_CONFIG_H -I. -I.. -I../include -I/opt/include -O20 -ffast-math -D_REENTRANT -fsigned-char -Wdeclaration-after-statement -I/opt/include -O3 -msimd128 -DUSE_MEMORY_H -c lsp.c -o lsp.o
#55 88.31 libtool: compile:  /emsdk/upstream/emscripten/emcc -DHAVE_CONFIG_H -I. -I.. -I../include -I/opt/include -O20 -ffast-math -D_REENTRANT -fsigned-char -Wdeclaration-after-statement -I/opt/include -O3 -msimd128 -DUSE_MEMORY_H -c lpc.c -o lpc.o
#55 88.50 emcc:WARNING: optimization level '-O20' is not supported; using '-O3' instead
#55 88.51 emcc:WARNING: optimization level '-O20' is not supported; using '-O3' instead
#55 89.53 /bin/bash ../libtool  --tag=CC   --mode=compile /emsdk/upstream/emscripten/emcc -DHAVE_CONFIG_H -I. -I.. -I../include -I/opt/include    -O20 -ffast-math  -D_REENTRANT -fsigned-char -Wdeclaration-after-statement -I/opt/include  -O3 -msimd128 -DUSE_MEMORY_H -c -o analysis.lo analysis.c
#55 89.68 libtool: compile:  /emsdk/upstream/emscripten/emcc -DHAVE_CONFIG_H -I. -I.. -I../include -I/opt/include -O20 -ffast-math -D_REENTRANT -fsigned-char -Wdeclaration-after-statement -I/opt/include -O3 -msimd128 -DUSE_MEMORY_H -c analysis.c -o analysis.o
#55 89.77 /bin/bash ../libtool  --tag=CC   --mode=compile /emsdk/upstream/emscripten/emcc -DHAVE_CONFIG_H -I. -I.. -I../include -I/opt/include    -O20 -ffast-math  -D_REENTRANT -fsigned-char -Wdeclaration-after-statement -I/opt/include  -O3 -msimd128 -DUSE_MEMORY_H -c -o synthesis.lo synthesis.c
#55 89.87 emcc:WARNING: optimization level '-O20' is not supported; using '-O3' instead
#55 89.92 libtool: compile:  /emsdk/upstream/emscripten/emcc -DHAVE_CONFIG_H -I. -I.. -I../include -I/opt/include -O20 -ffast-math -D_REENTRANT -fsigned-char -Wdeclaration-after-statement -I/opt/include -O3 -msimd128 -DUSE_MEMORY_H -c synthesis.c -o synthesis.o
#55 90.25 emcc:WARNING: optimization level '-O20' is not supported; using '-O3' instead
#55 90.81 /bin/bash ../libtool  --tag=CC   --mode=compile /emsdk/upstream/emscripten/emcc -DHAVE_CONFIG_H -I. -I.. -I../include -I/opt/include    -O20 -ffast-math  -D_REENTRANT -fsigned-char -Wdeclaration-after-statement -I/opt/include  -O3 -msimd128 -DUSE_MEMORY_H -c -o psy.lo psy.c
#55 90.99 libtool: compile:  /emsdk/upstream/emscripten/emcc -DHAVE_CONFIG_H -I. -I.. -I../include -I/opt/include -O20 -ffast-math -D_REENTRANT -fsigned-char -Wdeclaration-after-statement -I/opt/include -O3 -msimd128 -DUSE_MEMORY_H -c psy.c -o psy.o
#55 91.18 emcc:WARNING: optimization level '-O20' is not supported; using '-O3' instead
#55 91.31 /bin/bash ../libtool  --tag=CC   --mode=compile /emsdk/upstream/emscripten/emcc -DHAVE_CONFIG_H -I. -I.. -I../include -I/opt/include    -O20 -ffast-math  -D_REENTRANT -fsigned-char -Wdeclaration-after-statement -I/opt/include  -O3 -msimd128 -DUSE_MEMORY_H -c -o info.lo info.c
#55 91.45 libtool: compile:  /emsdk/upstream/emscripten/emcc -DHAVE_CONFIG_H -I. -I.. -I../include -I/opt/include -O20 -ffast-math -D_REENTRANT -fsigned-char -Wdeclaration-after-statement -I/opt/include -O3 -msimd128 -DUSE_MEMORY_H -c info.c -o info.o
#55 91.65 emcc:WARNING: optimization level '-O20' is not supported; using '-O3' instead
#55 92.64 /bin/bash ../libtool  --tag=CC   --mode=compile /emsdk/upstream/emscripten/emcc -DHAVE_CONFIG_H -I. -I.. -I../include -I/opt/include    -O20 -ffast-math  -D_REENTRANT -fsigned-char -Wdeclaration-after-statement -I/opt/include  -O3 -msimd128 -DUSE_MEMORY_H -c -o floor1.lo floor1.c
#55 92.72 /bin/bash ../libtool  --tag=CC   --mode=compile /emsdk/upstream/emscripten/emcc -DHAVE_CONFIG_H -I. -I.. -I../include -I/opt/include    -O20 -ffast-math  -D_REENTRANT -fsigned-char -Wdeclaration-after-statement -I/opt/include  -O3 -msimd128 -DUSE_MEMORY_H -c -o floor0.lo floor0.c
#55 92.78 libtool: compile:  /emsdk/upstream/emscripten/emcc -DHAVE_CONFIG_H -I. -I.. -I../include -I/opt/include -O20 -ffast-math -D_REENTRANT -fsigned-char -Wdeclaration-after-statement -I/opt/include -O3 -msimd128 -DUSE_MEMORY_H -c floor1.c -o floor1.o
#55 92.86 libtool: compile:  /emsdk/upstream/emscripten/emcc -DHAVE_CONFIG_H -I. -I.. -I../include -I/opt/include -O20 -ffast-math -D_REENTRANT -fsigned-char -Wdeclaration-after-statement -I/opt/include -O3 -msimd128 -DUSE_MEMORY_H -c floor0.c -o floor0.o
#55 92.97 emcc:WARNING: optimization level '-O20' is not supported; using '-O3' instead
#55 93.05 emcc:WARNING: optimization level '-O20' is not supported; using '-O3' instead
#55 93.85 /bin/bash ../libtool  --tag=CC   --mode=compile /emsdk/upstream/emscripten/emcc -DHAVE_CONFIG_H -I. -I.. -I../include -I/opt/include    -O20 -ffast-math  -D_REENTRANT -fsigned-char -Wdeclaration-after-statement -I/opt/include  -O3 -msimd128 -DUSE_MEMORY_H -c -o res0.lo res0.c
#55 93.97 libtool: compile:  /emsdk/upstream/emscripten/emcc -DHAVE_CONFIG_H -I. -I.. -I../include -I/opt/include -O20 -ffast-math -D_REENTRANT -fsigned-char -Wdeclaration-after-statement -I/opt/include -O3 -msimd128 -DUSE_MEMORY_H -c res0.c -o res0.o
#55 94.05 /bin/bash ../libtool  --tag=CC   --mode=compile /emsdk/upstream/emscripten/emcc -DHAVE_CONFIG_H -I. -I.. -I../include -I/opt/include    -O20 -ffast-math  -D_REENTRANT -fsigned-char -Wdeclaration-after-statement -I/opt/include  -O3 -msimd128 -DUSE_MEMORY_H -c -o mapping0.lo mapping0.c
#55 94.15 emcc:WARNING: optimization level '-O20' is not supported; using '-O3' instead
#55 94.18 libtool: compile:  /emsdk/upstream/emscripten/emcc -DHAVE_CONFIG_H -I. -I.. -I../include -I/opt/include -O20 -ffast-math -D_REENTRANT -fsigned-char -Wdeclaration-after-statement -I/opt/include -O3 -msimd128 -DUSE_MEMORY_H -c mapping0.c -o mapping0.o
#55 94.36 emcc:WARNING: optimization level '-O20' is not supported; using '-O3' instead
#55 95.23 /bin/bash ../libtool  --tag=CC   --mode=compile /emsdk/upstream/emscripten/emcc -DHAVE_CONFIG_H -I. -I.. -I../include -I/opt/include    -O20 -ffast-math  -D_REENTRANT -fsigned-char -Wdeclaration-after-statement -I/opt/include  -O3 -msimd128 -DUSE_MEMORY_H -c -o registry.lo registry.c
#55 95.29 /bin/bash ../libtool  --tag=CC   --mode=compile /emsdk/upstream/emscripten/emcc -DHAVE_CONFIG_H -I. -I.. -I../include -I/opt/include    -O20 -ffast-math  -D_REENTRANT -fsigned-char -Wdeclaration-after-statement -I/opt/include  -O3 -msimd128 -DUSE_MEMORY_H -c -o codebook.lo codebook.c
#55 95.35 libtool: compile:  /emsdk/upstream/emscripten/emcc -DHAVE_CONFIG_H -I. -I.. -I../include -I/opt/include -O20 -ffast-math -D_REENTRANT -fsigned-char -Wdeclaration-after-statement -I/opt/include -O3 -msimd128 -DUSE_MEMORY_H -c registry.c -o registry.o
#55 95.41 libtool: compile:  /emsdk/upstream/emscripten/emcc -DHAVE_CONFIG_H -I. -I.. -I../include -I/opt/include -O20 -ffast-math -D_REENTRANT -fsigned-char -Wdeclaration-after-statement -I/opt/include -O3 -msimd128 -DUSE_MEMORY_H -c codebook.c -o codebook.o
#55 95.53 emcc:WARNING: optimization level '-O20' is not supported; using '-O3' instead
#55 95.61 emcc:WARNING: optimization level '-O20' is not supported; using '-O3' instead
#55 95.97 /bin/bash ../libtool  --tag=CC   --mode=compile /emsdk/upstream/emscripten/emcc -DHAVE_CONFIG_H -I. -I.. -I../include -I/opt/include    -O20 -ffast-math  -D_REENTRANT -fsigned-char -Wdeclaration-after-statement -I/opt/include  -O3 -msimd128 -DUSE_MEMORY_H -c -o sharedbook.lo sharedbook.c
#55 96.09 libtool: compile:  /emsdk/upstream/emscripten/emcc -DHAVE_CONFIG_H -I. -I.. -I../include -I/opt/include -O20 -ffast-math -D_REENTRANT -fsigned-char -Wdeclaration-after-statement -I/opt/include -O3 -msimd128 -DUSE_MEMORY_H -c sharedbook.c -o sharedbook.o
#55 96.26 emcc:WARNING: optimization level '-O20' is not supported; using '-O3' instead
#55 96.53 /bin/bash ../libtool  --tag=CC   --mode=compile /emsdk/upstream/emscripten/emcc -DHAVE_CONFIG_H -I. -I.. -I../include -I/opt/include    -O20 -ffast-math  -D_REENTRANT -fsigned-char -Wdeclaration-after-statement -I/opt/include  -O3 -msimd128 -DUSE_MEMORY_H -c -o lookup.lo lookup.c
#55 96.65 libtool: compile:  /emsdk/upstream/emscripten/emcc -DHAVE_CONFIG_H -I. -I.. -I../include -I/opt/include -O20 -ffast-math -D_REENTRANT -fsigned-char -Wdeclaration-after-statement -I/opt/include -O3 -msimd128 -DUSE_MEMORY_H -c lookup.c -o lookup.o
#55 96.83 emcc:WARNING: optimization level '-O20' is not supported; using '-O3' instead
#55 97.16 /bin/bash ../libtool  --tag=CC   --mode=compile /emsdk/upstream/emscripten/emcc -DHAVE_CONFIG_H -I. -I.. -I../include -I/opt/include    -O20 -ffast-math  -D_REENTRANT -fsigned-char -Wdeclaration-after-statement -I/opt/include  -O3 -msimd128 -DUSE_MEMORY_H -c -o bitrate.lo bitrate.c
#55 97.23 /bin/bash ../libtool  --tag=CC   --mode=compile /emsdk/upstream/emscripten/emcc -DHAVE_CONFIG_H -I. -I.. -I../include -I/opt/include    -O20 -ffast-math  -D_REENTRANT -fsigned-char -Wdeclaration-after-statement -I/opt/include  -O3 -msimd128 -DUSE_MEMORY_H -c -o vorbisfile.lo vorbisfile.c
#55 97.29 libtool: compile:  /emsdk/upstream/emscripten/emcc -DHAVE_CONFIG_H -I. -I.. -I../include -I/opt/include -O20 -ffast-math -D_REENTRANT -fsigned-char -Wdeclaration-after-statement -I/opt/include -O3 -msimd128 -DUSE_MEMORY_H -c bitrate.c -o bitrate.o
#55 97.35 libtool: compile:  /emsdk/upstream/emscripten/emcc -DHAVE_CONFIG_H -I. -I.. -I../include -I/opt/include -O20 -ffast-math -D_REENTRANT -fsigned-char -Wdeclaration-after-statement -I/opt/include -O3 -msimd128 -DUSE_MEMORY_H -c vorbisfile.c -o vorbisfile.o
#55 97.46 emcc:WARNING: optimization level '-O20' is not supported; using '-O3' instead
#55 97.52 emcc:WARNING: optimization level '-O20' is not supported; using '-O3' instead
#55 98.21 /bin/bash ../libtool  --tag=CC   --mode=compile /emsdk/upstream/emscripten/emcc -DHAVE_CONFIG_H -I. -I.. -I../include -I/opt/include    -O20 -ffast-math  -D_REENTRANT -fsigned-char -Wdeclaration-after-statement -I/opt/include  -O3 -msimd128 -DUSE_MEMORY_H -c -o vorbisenc.lo vorbisenc.c
#55 98.33 libtool: compile:  /emsdk/upstream/emscripten/emcc -DHAVE_CONFIG_H -I. -I.. -I../include -I/opt/include -O20 -ffast-math -D_REENTRANT -fsigned-char -Wdeclaration-after-statement -I/opt/include -O3 -msimd128 -DUSE_MEMORY_H -c vorbisenc.c -o vorbisenc.o
#55 98.50 emcc:WARNING: optimization level '-O20' is not supported; using '-O3' instead
#55 98.69 /bin/bash ../libtool  --tag=CC   --mode=link /emsdk/upstream/emscripten/emcc -D_V_SELFTEST -O20 -ffast-math  -D_REENTRANT -fsigned-char -Wdeclaration-after-statement -I/opt/include  -O3 -msimd128 -DUSE_MEMORY_H  -L/opt/lib  -I/opt/include  -O3 -msimd128  -o test_sharedbook test_sharedbook-sharedbook.o -lm 
#55 98.94 libtool: link: /emsdk/upstream/emscripten/emcc -D_V_SELFTEST -O20 -ffast-math -D_REENTRANT -fsigned-char -Wdeclaration-after-statement -I/opt/include -O3 -msimd128 -DUSE_MEMORY_H -I/opt/include -O3 -msimd128 -o test_sharedbook test_sharedbook-sharedbook.o  -L/opt/lib -lm
#55 99.11 emcc:WARNING: optimization level '-O20' is not supported; using '-O3' instead
#55 99.18 cache:INFO: generating system asset: symbol_lists/c671e735705c05caea46adf846f6443dc2c89615.json... (this will be cached in "/emsdk/upstream/emscripten/cache/symbol_lists/c671e735705c05caea46adf846f6443dc2c89615.json" for subsequent builds)
#55 ...

#56 [theora-builder 4/4] RUN bash -x /src/build.sh
#56 32.18 checking command to parse /emsdk/upstream/bin/llvm-nm output from /emsdk/upstream/emscripten/emcc object... ok
#56 36.00 checking for sysroot... no
#56 36.00 checking for a working dd... /usr/bin/dd
#56 36.05 checking how to truncate binary pipes... /usr/bin/dd bs=4096 count=1
#56 36.10 checking for i686-linux-mt... no
#56 36.10 checking for mt... no
#56 36.10 checking if : is a manifest tool... no
#56 36.14 checking for stdio.h... yes
#56 36.64 checking for stdlib.h... yes
#56 37.13 checking for string.h... yes
#56 37.63 checking for inttypes.h... yes
#56 38.11 checking for stdint.h... yes
#56 38.59 checking for strings.h... yes
#56 39.06 checking for sys/stat.h... yes
#56 39.55 checking for sys/types.h... yes
#56 40.08 checking for unistd.h... yes
#56 40.60 checking for dlfcn.h... 
#56 ...

#55 [vorbis-builder 4/4] RUN bash -x /src/build.sh
#55 99.55 cache:INFO:  - ok
#55 99.85 /bin/bash ../libtool  --tag=CC   --mode=link /emsdk/upstream/emscripten/emcc  -O20 -ffast-math  -D_REENTRANT -fsigned-char -Wdeclaration-after-statement -I/opt/include  -O3 -msimd128 -DUSE_MEMORY_H -no-undefined -version-info 4:6:4 -L/opt/lib  -I/opt/include  -O3 -msimd128  -o libvorbis.la -rpath /opt/lib mdct.lo smallft.lo block.lo envelope.lo window.lo lsp.lo lpc.lo analysis.lo synthesis.lo psy.lo info.lo floor1.lo floor0.lo res0.lo mapping0.lo registry.lo codebook.lo sharedbook.lo lookup.lo bitrate.lo -lm -L/opt/lib -logg 
#55 100.2 libtool: link: /emsdk/upstream/emscripten/emar cr .libs/libvorbis.a  mdct.o smallft.o block.o envelope.o window.o lsp.o lpc.o analysis.o synthesis.o psy.o info.o floor1.o floor0.o res0.o mapping0.o registry.o codebook.o sharedbook.o lookup.o bitrate.o
#55 100.4 libtool: link: /emsdk/upstream/emscripten/emranlib .libs/libvorbis.a
#55 100.6 libtool: link: ( cd ".libs" && rm -f "libvorbis.la" && ln -s "../libvorbis.la" "libvorbis.la" )
#55 100.7 /bin/bash ../libtool  --tag=CC   --mode=link /emsdk/upstream/emscripten/emcc  -O20 -ffast-math  -D_REENTRANT -fsigned-char -Wdeclaration-after-statement -I/opt/include  -O3 -msimd128 -DUSE_MEMORY_H -no-undefined -version-info 6:5:3 -L/opt/lib  -I/opt/include  -O3 -msimd128  -o libvorbisfile.la -rpath /opt/lib vorbisfile.lo libvorbis.la -L/opt/lib -logg 
#55 101.0 libtool: link: /emsdk/upstream/emscripten/emar cr .libs/libvorbisfile.a  vorbisfile.o
#55 101.2 libtool: link: /emsdk/upstream/emscripten/emranlib .libs/libvorbisfile.a
#55 101.5 libtool: link: ( cd ".libs" && rm -f "libvorbisfile.la" && ln -s "../libvorbisfile.la" "libvorbisfile.la" )
#55 101.5 /bin/bash ../libtool  --tag=CC   --mode=link /emsdk/upstream/emscripten/emcc  -O20 -ffast-math  -D_REENTRANT -fsigned-char -Wdeclaration-after-statement -I/opt/include  -O3 -msimd128 -DUSE_MEMORY_H -no-undefined -version-info 2:9:0 -L/opt/lib  -I/opt/include  -O3 -msimd128  -o libvorbisenc.la -rpath /opt/lib vorbisenc.lo libvorbis.la -L/opt/lib -logg 
#55 101.9 libtool: link: /emsdk/upstream/emscripten/emar cr .libs/libvorbisenc.a  vorbisenc.o
#55 102.0 libtool: link: /emsdk/upstream/emscripten/emranlib .libs/libvorbisenc.a
#55 102.3 libtool: link: ( cd ".libs" && rm -f "libvorbisenc.la" && ln -s "../libvorbisenc.la" "libvorbisenc.la" )
#55 102.4 make[3]: Entering directory '/src/lib'
#55 102.4 make[3]: Nothing to be done for 'install-data-am'.
#55 102.4  /usr/bin/mkdir -p '/opt/lib'
#55 102.4  /bin/bash ../libtool   --mode=install /usr/bin/install -c   libvorbis.la libvorbisfile.la libvorbisenc.la '/opt/lib'
#55 102.5 libtool: install: /usr/bin/install -c .libs/libvorbis.lai /opt/lib/libvorbis.la
#55 102.5 libtool: install: /usr/bin/install -c .libs/libvorbisfile.lai /opt/lib/libvorbisfile.la
#55 102.6 libtool: install: /usr/bin/install -c .libs/libvorbisenc.lai /opt/lib/libvorbisenc.la
#55 102.6 libtool: install: /usr/bin/install -c .libs/libvorbis.a /opt/lib/libvorbis.a
#55 102.6 libtool: install: chmod 644 /opt/lib/libvorbis.a
#55 102.6 libtool: install: /emsdk/upstream/emscripten/emranlib /opt/lib/libvorbis.a
#55 102.7 libtool: install: /usr/bin/install -c .libs/libvorbisfile.a /opt/lib/libvorbisfile.a
#55 102.8 libtool: install: chmod 644 /opt/lib/libvorbisfile.a
#55 102.8 libtool: install: /emsdk/upstream/emscripten/emranlib /opt/lib/libvorbisfile.a
#55 102.9 libtool: install: /usr/bin/install -c .libs/libvorbisenc.a /opt/lib/libvorbisenc.a
#55 102.9 libtool: install: chmod 644 /opt/lib/libvorbisenc.a
#55 102.9 libtool: install: /emsdk/upstream/emscripten/emranlib /opt/lib/libvorbisenc.a
#55 103.2 libtool: finish: PATH="/emsdk/upstream/emscripten/cache/sysroot/bin:/emsdk:/emsdk/upstream/emscripten:/emsdk/upstream/bin:/emsdk/node/15.14.0_64bit/bin:/usr/local/sbin:/usr/local/bin:/usr/sbin:/usr/bin:/sbin:/bin:/sbin" ldconfig -n /opt/lib
#55 103.2 ----------------------------------------------------------------------
#55 103.2 Libraries have been installed in:
#55 103.2    /opt/lib
#55 103.2 
#55 103.2 If you ever happen to want to link against installed libraries
#55 103.2 in a given directory, LIBDIR, you must either use libtool, and
#55 103.2 specify the full pathname of the library, or use the '-LLIBDIR'
#55 103.2 flag during linking and do at least one of the following:
#55 103.2    - add LIBDIR to the 'LD_LIBRARY_PATH' environment variable
#55 103.2      during execution
#55 103.2    - add LIBDIR to the 'LD_RUN_PATH' environment variable
#55 103.2      during linking
#55 103.2    - use the '-Wl,-rpath -Wl,LIBDIR' linker flag
#55 103.2    - have your system administrator add LIBDIR to '/etc/ld.so.conf'
#55 103.2 
#55 103.2 See any operating system documentation about shared libraries for
#55 103.2 more information, such as the ld(1) and ld.so(8) manual pages.
#55 103.2 ----------------------------------------------------------------------
#55 103.2 make[3]: Leaving directory '/src/lib'
#55 103.2 make[2]: Leaving directory '/src/lib'
#55 103.2 make[1]: Leaving directory '/src/lib'
#55 103.2 Making install in test
#55 103.3 make[1]: Entering directory '/src/test'
#55 103.3 make[2]: Entering directory '/src/test'
#55 103.3 make[2]: Nothing to be done for 'install-exec-am'.
#55 103.3 make[2]: Nothing to be done for 'install-data-am'.
#55 103.3 make[2]: Leaving directory '/src/test'
#55 103.3 make[1]: Leaving directory '/src/test'
#55 103.3 Making install in doc
#55 103.4 make[1]: Entering directory '/src/doc'
#55 103.4 Making install in libvorbis
#55 103.4 make[2]: Entering directory '/src/doc/libvorbis'
#55 103.5 make[3]: Entering directory '/src/doc/libvorbis'
#55 103.5 make[3]: Nothing to be done for 'install-exec-am'.
#55 103.5  /usr/bin/mkdir -p '/opt/share/doc/libvorbis-1.3.3/libvorbis'
#55 103.6  /usr/bin/install -c -m 644 index.html reference.html style.css vorbis_comment.html vorbis_info.html vorbis_analysis_blockout.html vorbis_analysis_buffer.html vorbis_analysis_headerout.html vorbis_analysis_init.html vorbis_analysis_wrote.html vorbis_analysis.html vorbis_bitrate_addblock.html vorbis_bitrate_flushpacket.html vorbis_block_init.html vorbis_block_clear.html vorbis_dsp_clear.html vorbis_granule_time.html vorbis_version_string.html vorbis_info_blocksize.html vorbis_info_clear.html vorbis_info_init.html vorbis_comment_add.html vorbis_comment_add_tag.html vorbis_comment_clear.html vorbis_comment_init.html vorbis_comment_query.html vorbis_comment_query_count.html vorbis_commentheader_out.html vorbis_packet_blocksize.html vorbis_synthesis.html vorbis_synthesis_blockin.html vorbis_synthesis_halfrate.html vorbis_synthesis_halfrate_p.html vorbis_synthesis_headerin.html vorbis_synthesis_idheader.html vorbis_synthesis_init.html vorbis_synthesis_lapout.html vorbis_synthesis_pcmout.html vorbis_synthesis_read.html vorbis_synthesis_restart.html '/opt/share/doc/libvorbis-1.3.3/libvorbis'
#55 103.6  /usr/bin/install -c -m 644 vorbis_synthesis_trackonly.html vorbis_block.html vorbis_dsp_state.html return.html overview.html '/opt/share/doc/libvorbis-1.3.3/libvorbis'
#55 103.6 make[3]: Leaving directory '/src/doc/libvorbis'
#55 103.6 make[2]: Leaving directory '/src/doc/libvorbis'
#55 103.6 Making install in vorbisfile
#55 103.6 make[2]: Entering directory '/src/doc/vorbisfile'
#55 103.7 make[3]: Entering directory '/src/doc/vorbisfile'
#55 103.7 make[3]: Nothing to be done for 'install-exec-am'.
#55 103.7  /usr/bin/mkdir -p '/opt/share/doc/libvorbis-1.3.3/vorbisfile'
#55 103.7  /usr/bin/install -c -m 644 OggVorbis_File.html callbacks.html chaining_example_c.html chainingexample.html crosslap.html datastructures.html decoding.html example.html exampleindex.html fileinfo.html index.html initialization.html ov_bitrate.html ov_bitrate_instant.html ov_callbacks.html ov_clear.html ov_comment.html ov_crosslap.html ov_fopen.html ov_info.html ov_open.html ov_open_callbacks.html ov_pcm_seek.html ov_pcm_seek_lap.html ov_pcm_seek_page.html ov_pcm_seek_page_lap.html ov_pcm_tell.html ov_pcm_total.html ov_raw_seek.html ov_raw_seek_lap.html ov_raw_tell.html ov_raw_total.html ov_read.html ov_read_float.html ov_read_filter.html ov_seekable.html ov_serialnumber.html ov_streams.html ov_test.html ov_test_callbacks.html '/opt/share/doc/libvorbis-1.3.3/vorbisfile'
#55 103.8  /usr/bin/install -c -m 644 ov_test_open.html ov_time_seek.html ov_time_seek_lap.html ov_time_seek_page.html ov_time_seek_page_lap.html ov_time_tell.html ov_time_total.html overview.html reference.html seekexample.html seeking.html seeking_example_c.html seeking_test_c.html seekingexample.html style.css threads.html vorbisfile_example_c.html '/opt/share/doc/libvorbis-1.3.3/vorbisfile'
#55 103.8 make[3]: Leaving directory '/src/doc/vorbisfile'
#55 103.8 make[2]: Leaving directory '/src/doc/vorbisfile'
#55 103.8 Making install in vorbisenc
#55 103.8 make[2]: Entering directory '/src/doc/vorbisenc'
#55 103.8 make[3]: Entering directory '/src/doc/vorbisenc'
#55 103.8 make[3]: Nothing to be done for 'install-exec-am'.
#55 103.9  /usr/bin/mkdir -p '/opt/share/doc/libvorbis-1.3.3/vorbisenc'
#55 103.9  /usr/bin/install -c -m 644 changes.html examples.html index.html ovectl_ratemanage2_arg.html ovectl_ratemanage_arg.html overview.html reference.html style.css vorbis_encode_ctl.html vorbis_encode_init.html vorbis_encode_setup_init.html vorbis_encode_setup_managed.html vorbis_encode_setup_vbr.html vorbis_encode_init_vbr.html '/opt/share/doc/libvorbis-1.3.3/vorbisenc'
#55 103.9 make[3]: Leaving directory '/src/doc/vorbisenc'
#55 103.9 make[2]: Leaving directory '/src/doc/vorbisenc'
#55 104.0 make[2]: Entering directory '/src/doc'
#55 104.0 echo "*** Warning: Doxygen not found; documentation will not be built."
#55 104.0 *** Warning: Doxygen not found; documentation will not be built.
#55 104.0 touch doxygen-build.stamp
#55 104.1 make[3]: Entering directory '/src/doc'
#55 104.1 make[3]: Nothing to be done for 'install-exec-am'.
#55 104.1 /bin/bash /src/install-sh -d /opt/share/doc/libvorbis-1.3.3
#55 104.1  /usr/bin/mkdir -p '/opt/share/doc/libvorbis-1.3.3'
#55 104.1 if test -d vorbis; then \
#55 104.1   for dir in vorbis/*; do \
#55 104.1     if test -d $dir; then \
#55 104.1       b=`basename $dir`; \
#55 104.1       /bin/bash /src/install-sh -d /opt/share/doc/libvorbis-1.3.3/$b; \
#55 104.1       for f in $dir/*; do \
#55 104.1 	/usr/bin/install -c -m 644 $f /opt/share/doc/libvorbis-1.3.3/$b; \
#55 104.1       done \
#55 104.1     fi \
#55 104.1   done \
#55 104.1 fi
#55 104.1  /usr/bin/install -c -m 644 rfc5215.xml rfc5215.txt eightphase.png evenlsp.png fish_xiph_org.png floor1_inverse_dB_table.html floorval.png fourphase.png framing.html helper.html index.html lspmap.png oddlsp.png oggstream.html programming.html squarepolar.png stereo.html stream.png v-comment.html vorbis-clip.txt vorbis-errors.txt vorbis-fidelity.html vorbis.html vorbisword2.png wait.png white-xifish.png doxygen-build.stamp '/opt/share/doc/libvorbis-1.3.3'
#55 104.2 make[3]: Leaving directory '/src/doc'
#55 104.2 make[2]: Leaving directory '/src/doc'
#55 104.2 make[1]: Leaving directory '/src/doc'
#55 104.2 make[1]: Entering directory '/src'
#55 104.3 make[2]: Entering directory '/src'
#55 104.3 make[2]: Nothing to be done for 'install-exec-am'.
#55 104.3  /usr/bin/mkdir -p '/opt/share/aclocal'
#55 104.3  /usr/bin/mkdir -p '/opt/lib/pkgconfig'
#55 104.3  /usr/bin/install -c -m 644 vorbis.m4 '/opt/share/aclocal'
#55 104.3  /usr/bin/install -c -m 644 vorbis.pc vorbisenc.pc vorbisfile.pc '/opt/lib/pkgconfig'
#55 104.4 make[2]: Leaving directory '/src'
#55 104.4 make[1]: Leaving directory '/src'
#55 DONE 104.4s

#57 [libass-builder 3/6] COPY --from=harfbuzz-builder /opt /opt
#57 DONE 0.1s

#58 [ffmpeg-base  5/12] COPY --from=libvpx-builder /opt /opt
#58 DONE 0.1s

#59 [libwebp-builder 3/4] COPY build/libwebp.sh /src/build.sh
#59 DONE 0.1s

#56 [theora-builder 4/4] RUN bash -x /src/build.sh
#56 40.60 checking for dlfcn.h... yes
#56 41.14 checking for objdir... .libs
#56 ...

#60 [libass-builder 4/6] COPY sources/libass__libass/ /src/
#60 DONE 0.1s

#61 [ffmpeg-base  6/12] COPY --from=lame-builder /opt /opt
#61 DONE 0.1s

#62 [libwebp-builder 4/4] RUN bash -x /src/build.sh
#62 0.166 + set -euo pipefail
#62 0.167 + CM_FLAGS=(-DCMAKE_INSTALL_PREFIX=$INSTALL_DIR -DCMAKE_TOOLCHAIN_FILE=$EM_TOOLCHAIN_FILE -DBUILD_SHARED_LIBS=OFF -DZLIB_LIBRARY=$INSTALL_DIR/lib -DZLIB_INCLUDE_DIR=$INSTALL_DIR/include -DWEBP_ENABLE_SIMD=ON -DWEBP_BUILD_ANIM_UTILS=OFF -DWEBP_BUILD_CWEBP=OFF -DWEBP_BUILD_DWEBP=OFF -DWEBP_BUILD_GIF2WEBP=OFF -DWEBP_BUILD_IMG2WEBP=OFF -DWEBP_BUILD_VWEBP=OFF -DWEBP_BUILD_WEBPINFO=OFF -DWEBP_BUILD_WEBPMUX=OFF -DWEBP_BUILD_EXTRAS=OFF)
#62 0.168 + mkdir -p build
#62 0.181 + cd build
#62 0.183 + emmake cmake .. '-DCMAKE_C_FLAGS=-I/opt/include  -O3 -msimd128' -DCMAKE_INSTALL_PREFIX=/opt -DCMAKE_TOOLCHAIN_FILE=/emsdk/upstream/emscripten/cmake/Modules/Platform/Emscripten.cmake -DBUILD_SHARED_LIBS=OFF -DZLIB_LIBRARY=/opt/lib -DZLIB_INCLUDE_DIR=/opt/include -DWEBP_ENABLE_SIMD=ON -DWEBP_BUILD_ANIM_UTILS=OFF -DWEBP_BUILD_CWEBP=OFF -DWEBP_BUILD_DWEBP=OFF -DWEBP_BUILD_GIF2WEBP=OFF -DWEBP_BUILD_IMG2WEBP=OFF -DWEBP_BUILD_VWEBP=OFF -DWEBP_BUILD_WEBPINFO=OFF -DWEBP_BUILD_WEBPMUX=OFF -DWEBP_BUILD_EXTRAS=OFF
#62 0.322 make: cmake .. -DCMAKE_C_FLAGS=-I/opt/include  -O3 -msimd128 -DCMAKE_INSTALL_PREFIX=/opt -DCMAKE_TOOLCHAIN_FILE=/emsdk/upstream/emscripten/cmake/Modules/Platform/Emscripten.cmake -DBUILD_SHARED_LIBS=OFF -DZLIB_LIBRARY=/opt/lib -DZLIB_INCLUDE_DIR=/opt/include -DWEBP_ENABLE_SIMD=ON -DWEBP_BUILD_ANIM_UTILS=OFF -DWEBP_BUILD_CWEBP=OFF -DWEBP_BUILD_DWEBP=OFF -DWEBP_BUILD_GIF2WEBP=OFF -DWEBP_BUILD_IMG2WEBP=OFF -DWEBP_BUILD_VWEBP=OFF -DWEBP_BUILD_WEBPINFO=OFF -DWEBP_BUILD_WEBPMUX=OFF -DWEBP_BUILD_EXTRAS=OFF
#62 1.499 -- Performing Test HAVE_BUILTIN_BSWAP16
#62 6.024 -- Performing Test HAVE_BUILTIN_BSWAP16 - Success
#62 6.024 -- Performing Test HAVE_BUILTIN_BSWAP32
#62 ...

#56 [theora-builder 4/4] RUN bash -x /src/build.sh
#56 44.64 checking if /emsdk/upstream/emscripten/emcc supports -fno-rtti -fno-exceptions... yes
#56 45.15 checking for /emsdk/upstream/emscripten/emcc option to produce PIC... -fPIC -DPIC
#56 45.15 checking if /emsdk/upstream/emscripten/emcc PIC flag -fPIC -DPIC works... yes
#56 45.66 checking if /emsdk/upstream/emscripten/emcc static flag -static works... yes
#56 48.83 checking if /emsdk/upstream/emscripten/emcc supports -c -o file.o... yes
#56 49.55 checking if /emsdk/upstream/emscripten/emcc supports -c -o file.o... (cached) yes
#56 49.55 checking whether the /emsdk/upstream/emscripten/emcc linker (/emsdk/upstream/emscripten/emcc) supports shared libraries... emcc (Emscripten gcc/clang-like replacement + linker emulating GNU ld) 3.1.40 (5c27e79dd0a9c4e27ef2326841698cdd4f6b5784)
#56 50.01 clang version 17.0.0 (https://github.com/llvm/llvm-project 2922e7cd9334797c24a317d41275f1258ef9ddd3)
#56 50.01 Target: wasm32-unknown-emscripten
#56 50.02 Thread model: posix
#56 50.02 InstalledDir: /emsdk/upstream/bin
#56 50.53 yes
#56 50.53 checking dynamic linker characteristics... 
#56 ...

#62 [libwebp-builder 4/4] RUN bash -x /src/build.sh
#62 10.54 -- Performing Test HAVE_BUILTIN_BSWAP32 - Success
#62 10.54 -- Performing Test HAVE_BUILTIN_BSWAP64
#62 14.61 -- Performing Test HAVE_BUILTIN_BSWAP64 - Success
#62 14.62 -- Performing Test CMAKE_HAVE_LIBC_PTHREAD
#62 ...

#56 [theora-builder 4/4] RUN bash -x /src/build.sh
#56 50.53 checking dynamic linker characteristics... GNU/Linux ld.so
#56 56.54 checking how to hardcode library paths into programs... immediate
#56 56.54 checking whether stripping libraries is possible... yes
#56 56.56 checking if libtool supports shared libraries... yes
#56 56.56 checking whether to build shared libraries... no
#56 56.56 checking whether to build static libraries... yes
#56 56.56 checking for doxygen... false
#56 56.56 configure: WARNING: *** doxygen not found, API documentation will not be built
#56 56.56 configure: WARNING: *** Format Specification will not built.
#56 56.56 checking for ld used by /emsdk/upstream/emscripten/emcc... (cached) /emsdk/upstream/emscripten/emcc
#56 56.81 checking if the linker (/emsdk/upstream/emscripten/emcc) is GNU ld... (cached) yes
#56 56.81 checking how to control symbol export... --version-script
#56 56.81 checking for pkg-config... yes
#56 56.81 checking for i686-linux-pkg-config... no
#56 56.81 checking for pkg-config... /usr/bin/pkg-config
#56 56.81 checking pkg-config is at least version 0.9.0... yes
#56 56.83 checking for OGG... yes
#56 56.90 checking for VORBIS... no
#56 56.96 checking for Vorbis... yes
#56 56.97 checking for sdl-config... /emsdk/upstream/emscripten/cache/sysroot/bin/sdl-config
#56 56.97 checking for SDL - version >= 0.11.0... emscripten sdl-config called with /emsdk/upstream/emscripten/cache/sysroot/bin/sdl-config.py --cflags
#56 57.14 emscripten sdl-config called with /emsdk/upstream/emscripten/cache/sysroot/bin/sdl-config.py --libs
#56 57.23 emscripten sdl-config called with /emsdk/upstream/emscripten/cache/sysroot/bin/sdl-config.py --version
#56 57.32 emscripten sdl-config called with /emsdk/upstream/emscripten/cache/sysroot/bin/sdl-config.py --version
#56 57.41 emscripten sdl-config called with /emsdk/upstream/emscripten/cache/sysroot/bin/sdl-config.py --version
#56 57.42 yes
#56 57.51 emscripten sdl-config called with /emsdk/upstream/emscripten/cache/sysroot/bin/sdl-config.py --libs
#56 57.54 checking for sys/soundcard.h... no
#56 58.08 checking for soundcard.h... no
#56 58.64 checking for machine/soundcard.h... no
#56 59.17 checking for PNG... configure: WARNING: OSS audio support not found -- not compiling player_example
#56 59.23 no
#56 59.23 checking for library containing ftime... none required
#56 62.27 checking for getopt_long... yes
#56 65.62 checking that generated files are newer than configure... done
#56 65.62 configure: creating ./config.status
#56 69.49 config.status: creating Makefile
#56 69.61 config.status: creating lib/Makefile
#56 69.75 config.status: creating include/Makefile
#56 69.90 config.status: creating include/theora/Makefile
#56 70.05 config.status: creating examples/Makefile
#56 70.20 config.status: creating doc/Makefile
#56 ...

#62 [libwebp-builder 4/4] RUN bash -x /src/build.sh
#62 18.81 -- Performing Test CMAKE_HAVE_LIBC_PTHREAD - Success
#62 18.81 -- Found Threads: TRUE  
#62 18.81 -- Performing Test HAVE_MATH_LIBRARY
#62 24.67 -- Performing Test HAVE_MATH_LIBRARY - Success
#62 24.67 -- Looking for include file GLUT/glut.h
#62 26.00 -- Looking for include file GLUT/glut.h - not found
#62 26.00 -- Looking for include file GL/glut.h
#62 ...

#56 [theora-builder 4/4] RUN bash -x /src/build.sh
#56 70.36 config.status: creating doc/Doxyfile
#56 70.54 config.status: creating doc/spec/Makefile
#56 70.68 config.status: creating tests/Makefile
#56 70.83 config.status: creating m4/Makefile
#56 70.98 config.status: creating libtheora.spec
#56 71.10 config.status: creating theora.pc
#56 71.23 config.status: creating theora-uninstalled.pc
#56 71.35 config.status: creating theoradec.pc
#56 71.48 config.status: creating theoradec-uninstalled.pc
#56 71.60 config.status: creating theoraenc.pc
#56 71.72 config.status: creating theoraenc-uninstalled.pc
#56 71.84 config.status: creating config.h
#56 71.93 config.status: executing depfiles commands
#56 76.03 config.status: executing libtool commands
#56 76.11 configure: WARNING: unrecognized options: --enable-docs
#56 76.13 
#56 76.13 ------------------------------------------------------------------------
#56 76.13   libtheora 1.1.1:  Automatic configuration OK.
#56 76.13 
#56 76.13   General configuration:
#56 76.13 
#56 76.13     Encoding support: ........... yes
#56 76.13     Floating point support: ..... yes
#56 76.13     Assembly optimization: ...... disabled
#56 76.13     Debugging telemetry: ........ no
#56 76.13     Build example code: ......... no
#56 76.13     API Documentation: .......... no
#56 76.13     Format Documentation: ....... no
#56 76.13 
#56 76.13   Installation paths:
#56 76.13 
#56 76.13     libtheora: ................... /opt/lib
#56 76.13     C header files: .............. /opt/include/theora
#56 76.13     Documentation: ............... /opt/share/doc/libtheora
#56 76.13 
#56 76.13   Building:
#56 76.13 
#56 76.13     Type 'make' to compile libtheora.
#56 76.13 
#56 76.13     Type 'make install' to install libtheora.
#56 76.13 
#56 76.13     Type 'make check' to run test suite (Valgrind testing not enabled)
#56 76.13 
#56 76.13   Example programs will be built but not installed.
#56 76.13 ------------------------------------------------------------------------
#56 76.13 
#56 76.32 
#56 76.34 + emmake make install -j2
#56 76.47 make: make install -j2
#56 76.55 Making install in lib
#56 76.57 make[1]: Entering directory '/src/lib'
#56 76.57 Makefile:1104: warning: ignoring prerequisites on suffix rule definition
#56 76.58 /bin/bash ../libtool  --tag=CC   --mode=compile /emsdk/upstream/emscripten/emcc -DHAVE_CONFIG_H -I. -I.. -I../include   -I/opt/include  -Wall -Wno-parentheses -O3 -fforce-addr -fomit-frame-pointer -finline-functions -funroll-loops -I/opt/include  -O3 -msimd128 -MT apiwrapper.lo -MD -MP -MF .deps/apiwrapper.Tpo -c -o apiwrapper.lo apiwrapper.c
#56 76.58 /bin/bash ../libtool  --tag=CC   --mode=compile /emsdk/upstream/emscripten/emcc -DHAVE_CONFIG_H -I. -I.. -I../include   -I/opt/include  -Wall -Wno-parentheses -O3 -fforce-addr -fomit-frame-pointer -finline-functions -funroll-loops -I/opt/include  -O3 -msimd128 -MT bitpack.lo -MD -MP -MF .deps/bitpack.Tpo -c -o bitpack.lo bitpack.c
#56 76.70 libtool: compile:  /emsdk/upstream/emscripten/emcc -DHAVE_CONFIG_H -I. -I.. -I../include -I/opt/include -Wall -Wno-parentheses -O3 -fforce-addr -fomit-frame-pointer -finline-functions -funroll-loops -I/opt/include -O3 -msimd128 -MT bitpack.lo -MD -MP -MF .deps/bitpack.Tpo -c bitpack.c -o bitpack.o
#56 76.70 libtool: compile:  /emsdk/upstream/emscripten/emcc -DHAVE_CONFIG_H -I. -I.. -I../include -I/opt/include -Wall -Wno-parentheses -O3 -fforce-addr -fomit-frame-pointer -finline-functions -funroll-loops -I/opt/include -O3 -msimd128 -MT apiwrapper.lo -MD -MP -MF .deps/apiwrapper.Tpo -c apiwrapper.c -o apiwrapper.o
#56 77.51 mv -f .deps/apiwrapper.Tpo .deps/apiwrapper.Plo
#56 77.55 /bin/bash ../libtool  --tag=CC   --mode=compile /emsdk/upstream/emscripten/emcc -DHAVE_CONFIG_H -I. -I.. -I../include   -I/opt/include  -Wall -Wno-parentheses -O3 -fforce-addr -fomit-frame-pointer -finline-functions -funroll-loops -I/opt/include  -O3 -msimd128 -MT decapiwrapper.lo -MD -MP -MF .deps/decapiwrapper.Tpo -c -o decapiwrapper.lo decapiwrapper.c
#56 77.63 mv -f .deps/bitpack.Tpo .deps/bitpack.Plo
#56 77.67 /bin/bash ../libtool  --tag=CC   --mode=compile /emsdk/upstream/emscripten/emcc -DHAVE_CONFIG_H -I. -I.. -I../include   -I/opt/include  -Wall -Wno-parentheses -O3 -fforce-addr -fomit-frame-pointer -finline-functions -funroll-loops -I/opt/include  -O3 -msimd128 -MT decinfo.lo -MD -MP -MF .deps/decinfo.Tpo -c -o decinfo.lo decinfo.c
#56 77.67 libtool: compile:  /emsdk/upstream/emscripten/emcc -DHAVE_CONFIG_H -I. -I.. -I../include -I/opt/include -Wall -Wno-parentheses -O3 -fforce-addr -fomit-frame-pointer -finline-functions -funroll-loops -I/opt/include -O3 -msimd128 -MT decapiwrapper.lo -MD -MP -MF .deps/decapiwrapper.Tpo -c decapiwrapper.c -o decapiwrapper.o
#56 77.79 libtool: compile:  /emsdk/upstream/emscripten/emcc -DHAVE_CONFIG_H -I. -I.. -I../include -I/opt/include -Wall -Wno-parentheses -O3 -fforce-addr -fomit-frame-pointer -finline-functions -funroll-loops -I/opt/include -O3 -msimd128 -MT decinfo.lo -MD -MP -MF .deps/decinfo.Tpo -c decinfo.c -o decinfo.o
#56 78.49 mv -f .deps/decapiwrapper.Tpo .deps/decapiwrapper.Plo
#56 78.52 /bin/bash ../libtool  --tag=CC   --mode=compile /emsdk/upstream/emscripten/emcc -DHAVE_CONFIG_H -I. -I.. -I../include   -I/opt/include  -Wall -Wno-parentheses -O3 -fforce-addr -fomit-frame-pointer -finline-functions -funroll-loops -I/opt/include  -O3 -msimd128 -MT decode.lo -MD -MP -MF .deps/decode.Tpo -c -o decode.lo decode.c
#56 78.67 libtool: compile:  /emsdk/upstream/emscripten/emcc -DHAVE_CONFIG_H -I. -I.. -I../include -I/opt/include -Wall -Wno-parentheses -O3 -fforce-addr -fomit-frame-pointer -finline-functions -funroll-loops -I/opt/include -O3 -msimd128 -MT decode.lo -MD -MP -MF .deps/decode.Tpo -c decode.c -o decode.o
#56 78.74 mv -f .deps/decinfo.Tpo .deps/decinfo.Plo
#56 78.78 /bin/bash ../libtool  --tag=CC   --mode=compile /emsdk/upstream/emscripten/emcc -DHAVE_CONFIG_H -I. -I.. -I../include   -I/opt/include  -Wall -Wno-parentheses -O3 -fforce-addr -fomit-frame-pointer -finline-functions -funroll-loops -I/opt/include  -O3 -msimd128 -MT dequant.lo -MD -MP -MF .deps/dequant.Tpo -c -o dequant.lo dequant.c
#56 78.94 libtool: compile:  /emsdk/upstream/emscripten/emcc -DHAVE_CONFIG_H -I. -I.. -I../include -I/opt/include -Wall -Wno-parentheses -O3 -fforce-addr -fomit-frame-pointer -finline-functions -funroll-loops -I/opt/include -O3 -msimd128 -MT dequant.lo -MD -MP -MF .deps/dequant.Tpo -c dequant.c -o dequant.o
#56 79.15 decode.c:195:3: warning: shifting a negative signed value is undefined [-Wshift-negative-value]
#56 79.15   OC_DCT_CW_PACK( 0,10, -1,0),
#56 79.15   ^~~~~~~~~~~~~~~~~~~~~~~~~~~
#56 79.15 decode.c:150:16: note: expanded from macro 'OC_DCT_CW_PACK'
#56 79.15  (_mag)-(_flip)<<OC_DCT_CW_MAG_SHIFT)
#56 79.15  ~~~~~~~~~~~~~~^
#56 79.15 decode.c:198:3: warning: shifting a negative signed value is undefined [-Wshift-negative-value]
#56 79.15   OC_DCT_CW_PACK( 0, 0,  0,1),
#56 79.15   ^~~~~~~~~~~~~~~~~~~~~~~~~~~
#56 79.15 decode.c:150:16: note: expanded from macro 'OC_DCT_CW_PACK'
#56 79.15  (_mag)-(_flip)<<OC_DCT_CW_MAG_SHIFT)
#56 79.15  ~~~~~~~~~~~~~~^
#56 79.15 decode.c:208:3: warning: shifting a negative signed value is undefined [-Wshift-negative-value]
#56 79.15   OC_DCT_CW_PACK( 0, 1, -1,0),
#56 79.15   ^~~~~~~~~~~~~~~~~~~~~~~~~~~
#56 79.15 decode.c:150:16: note: expanded from macro 'OC_DCT_CW_PACK'
#56 79.15  (_mag)-(_flip)<<OC_DCT_CW_MAG_SHIFT)
#56 79.15  ~~~~~~~~~~~~~~^
#56 79.15 decode.c:210:3: warning: shifting a negative signed value is undefined [-Wshift-negative-value]
#56 79.15   OC_DCT_CW_PACK( 0, 2, -1,0),
#56 79.15   ^~~~~~~~~~~~~~~~~~~~~~~~~~~
#56 79.15 decode.c:150:16: note: expanded from macro 'OC_DCT_CW_PACK'
#56 79.15  (_mag)-(_flip)<<OC_DCT_CW_MAG_SHIFT)
#56 79.15  ~~~~~~~~~~~~~~^
#56 79.15 decode.c:212:3: warning: shifting a negative signed value is undefined [-Wshift-negative-value]
#56 79.15   OC_DCT_CW_PACK( 0, 3, -1,0),
#56 79.15   ^~~~~~~~~~~~~~~~~~~~~~~~~~~
#56 79.15 decode.c:150:16: note: expanded from macro 'OC_DCT_CW_PACK'
#56 79.15  (_mag)-(_flip)<<OC_DCT_CW_MAG_SHIFT)
#56 79.15  ~~~~~~~~~~~~~~^
#56 79.15 decode.c:214:3: warning: shifting a negative signed value is undefined [-Wshift-negative-value]
#56 79.15   OC_DCT_CW_PACK( 0, 4, -1,0),
#56 79.15   ^~~~~~~~~~~~~~~~~~~~~~~~~~~
#56 79.15 decode.c:150:16: note: expanded from macro 'OC_DCT_CW_PACK'
#56 79.15  (_mag)-(_flip)<<OC_DCT_CW_MAG_SHIFT)
#56 79.15  ~~~~~~~~~~~~~~^
#56 79.15 decode.c:216:3: warning: shifting a negative signed value is undefined [-Wshift-negative-value]
#56 79.15   OC_DCT_CW_PACK( 0, 5, -1,0),
#56 79.15   ^~~~~~~~~~~~~~~~~~~~~~~~~~~
#56 79.15 decode.c:150:16: note: expanded from macro 'OC_DCT_CW_PACK'
#56 79.15  (_mag)-(_flip)<<OC_DCT_CW_MAG_SHIFT)
#56 79.15  ~~~~~~~~~~~~~~^
#56 79.15 decode.c:220:3: warning: shifting a negative signed value is undefined [-Wshift-negative-value]
#56 79.15   OC_DCT_CW_PACK( 0, 1, -2,0),
#56 79.15   ^~~~~~~~~~~~~~~~~~~~~~~~~~~
#56 79.15 decode.c:150:16: note: expanded from macro 'OC_DCT_CW_PACK'
#56 79.15  (_mag)-(_flip)<<OC_DCT_CW_MAG_SHIFT)
#56 79.15  ~~~~~~~~~~~~~~^
#56 79.15 decode.c:221:3: warning: shifting a negative signed value is undefined [-Wshift-negative-value]
#56 79.15   OC_DCT_CW_PACK( 0, 1, -3,0),
#56 79.15   ^~~~~~~~~~~~~~~~~~~~~~~~~~~
#56 79.15 decode.c:150:16: note: expanded from macro 'OC_DCT_CW_PACK'
#56 79.15  (_mag)-(_flip)<<OC_DCT_CW_MAG_SHIFT)
#56 79.15  ~~~~~~~~~~~~~~^
#56 79.15 decode.c:227:3: warning: shifting a negative signed value is undefined [-Wshift-negative-value]
#56 79.15   OC_DCT_CW_PACK( 0, 6, -1,0),
#56 79.15   ^~~~~~~~~~~~~~~~~~~~~~~~~~~
#56 79.15 decode.c:150:16: note: expanded from macro 'OC_DCT_CW_PACK'
#56 79.15  (_mag)-(_flip)<<OC_DCT_CW_MAG_SHIFT)
#56 79.15  ~~~~~~~~~~~~~~^
#56 79.15 decode.c:228:3: warning: shifting a negative signed value is undefined [-Wshift-negative-value]
#56 79.15   OC_DCT_CW_PACK( 0, 7, -1,0),
#56 79.15   ^~~~~~~~~~~~~~~~~~~~~~~~~~~
#56 79.15 decode.c:150:16: note: expanded from macro 'OC_DCT_CW_PACK'
#56 79.15  (_mag)-(_flip)<<OC_DCT_CW_MAG_SHIFT)
#56 79.15  ~~~~~~~~~~~~~~^
#56 79.15 decode.c:229:3: warning: shifting a negative signed value is undefined [-Wshift-negative-value]
#56 79.15   OC_DCT_CW_PACK( 0, 8, -1,0),
#56 79.15   ^~~~~~~~~~~~~~~~~~~~~~~~~~~
#56 79.15 decode.c:150:16: note: expanded from macro 'OC_DCT_CW_PACK'
#56 79.16  (_mag)-(_flip)<<OC_DCT_CW_MAG_SHIFT)
#56 79.16  ~~~~~~~~~~~~~~^
#56 79.16 decode.c:230:3: warning: shifting a negative signed value is undefined [-Wshift-negative-value]
#56 79.16   OC_DCT_CW_PACK( 0, 9, -1,0),
#56 79.16   ^~~~~~~~~~~~~~~~~~~~~~~~~~~
#56 79.16 decode.c:150:16: note: expanded from macro 'OC_DCT_CW_PACK'
#56 79.16  (_mag)-(_flip)<<OC_DCT_CW_MAG_SHIFT)
#56 79.16  ~~~~~~~~~~~~~~^
#56 79.16 decode.c:236:3: warning: shifting a negative signed value is undefined [-Wshift-negative-value]
#56 79.16   OC_DCT_CW_PACK( 0, 2, -2,0),
#56 79.16   ^~~~~~~~~~~~~~~~~~~~~~~~~~~
#56 79.16 decode.c:150:16: note: expanded from macro 'OC_DCT_CW_PACK'
#56 79.16  (_mag)-(_flip)<<OC_DCT_CW_MAG_SHIFT)
#56 79.16  ~~~~~~~~~~~~~~^
#56 79.16 decode.c:237:3: warning: shifting a negative signed value is undefined [-Wshift-negative-value]
#56 79.16   OC_DCT_CW_PACK( 0, 3, -2,0),
#56 79.16   ^~~~~~~~~~~~~~~~~~~~~~~~~~~
#56 79.16 decode.c:150:16: note: expanded from macro 'OC_DCT_CW_PACK'
#56 79.16  (_mag)-(_flip)<<OC_DCT_CW_MAG_SHIFT)
#56 79.16  ~~~~~~~~~~~~~~^
#56 79.16 decode.c:238:3: warning: shifting a negative signed value is undefined [-Wshift-negative-value]
#56 79.16   OC_DCT_CW_PACK( 0, 2, -3,0),
#56 79.16   ^~~~~~~~~~~~~~~~~~~~~~~~~~~
#56 79.16 decode.c:150:16: note: expanded from macro 'OC_DCT_CW_PACK'
#56 79.16  (_mag)-(_flip)<<OC_DCT_CW_MAG_SHIFT)
#56 79.16  ~~~~~~~~~~~~~~^
#56 79.16 decode.c:239:3: warning: shifting a negative signed value is undefined [-Wshift-negative-value]
#56 79.16   OC_DCT_CW_PACK( 0, 3, -3,0),
#56 79.16   ^~~~~~~~~~~~~~~~~~~~~~~~~~~
#56 79.16 decode.c:150:16: note: expanded from macro 'OC_DCT_CW_PACK'
#56 79.16  (_mag)-(_flip)<<OC_DCT_CW_MAG_SHIFT)
#56 79.16  ~~~~~~~~~~~~~~^
#56 79.16 decode.c:242:3: warning: shifting a negative signed value is undefined [-Wshift-negative-value]
#56 79.16   OC_DCT_CW_PACK( 0, 0,  0,1),
#56 79.16   ^~~~~~~~~~~~~~~~~~~~~~~~~~~
#56 79.16 decode.c:150:16: note: expanded from macro 'OC_DCT_CW_PACK'
#56 79.16  (_mag)-(_flip)<<OC_DCT_CW_MAG_SHIFT)
#56 79.16  ~~~~~~~~~~~~~~^
#56 79.16 decode.c:253:3: warning: shifting a negative signed value is undefined [-Wshift-negative-value]
#56 79.16   OC_DCT_CW_PACK( 0, 0, -1,0),
#56 79.16   ^~~~~~~~~~~~~~~~~~~~~~~~~~~
#56 79.16 decode.c:150:16: note: expanded from macro 'OC_DCT_CW_PACK'
#56 79.16  (_mag)-(_flip)<<OC_DCT_CW_MAG_SHIFT)
#56 79.16  ~~~~~~~~~~~~~~^
#56 79.16 decode.c:257:3: warning: shifting a negative signed value is undefined [-Wshift-negative-value]
#56 79.16   OC_DCT_CW_PACK( 0, 0, -2,0),
#56 79.16   ^~~~~~~~~~~~~~~~~~~~~~~~~~~
#56 79.16 decode.c:150:16: note: expanded from macro 'OC_DCT_CW_PACK'
#56 79.16  (_mag)-(_flip)<<OC_DCT_CW_MAG_SHIFT)
#56 79.16  ~~~~~~~~~~~~~~^
#56 79.16 decode.c:260:3: warning: shifting a negative signed value is undefined [-Wshift-negative-value]
#56 79.16   OC_DCT_CW_PACK( 0, 0, -3,0),
#56 79.16   ^~~~~~~~~~~~~~~~~~~~~~~~~~~
#56 79.16 decode.c:150:16: note: expanded from macro 'OC_DCT_CW_PACK'
#56 79.16  (_mag)-(_flip)<<OC_DCT_CW_MAG_SHIFT)
#56 79.16  ~~~~~~~~~~~~~~^
#56 79.16 decode.c:262:3: warning: shifting a negative signed value is undefined [-Wshift-negative-value]
#56 79.16   OC_DCT_CW_PACK( 0, 0, -4,0),
#56 79.16   ^~~~~~~~~~~~~~~~~~~~~~~~~~~
#56 79.16 decode.c:150:16: note: expanded from macro 'OC_DCT_CW_PACK'
#56 79.16  (_mag)-(_flip)<<OC_DCT_CW_MAG_SHIFT)
#56 79.16  ~~~~~~~~~~~~~~^
#56 79.16 decode.c:264:3: warning: shifting a negative signed value is undefined [-Wshift-negative-value]
#56 79.16   OC_DCT_CW_PACK( 0, 0, -5,0),
#56 79.16   ^~~~~~~~~~~~~~~~~~~~~~~~~~~
#56 79.16 decode.c:150:16: note: expanded from macro 'OC_DCT_CW_PACK'
#56 79.16  (_mag)-(_flip)<<OC_DCT_CW_MAG_SHIFT)
#56 79.16  ~~~~~~~~~~~~~~^
#56 79.16 decode.c:266:3: warning: shifting a negative signed value is undefined [-Wshift-negative-value]
#56 79.16   OC_DCT_CW_PACK( 0, 0, -6,0),
#56 79.16   ^~~~~~~~~~~~~~~~~~~~~~~~~~~
#56 79.16 decode.c:150:16: note: expanded from macro 'OC_DCT_CW_PACK'
#56 79.16  (_mag)-(_flip)<<OC_DCT_CW_MAG_SHIFT)
#56 79.16  ~~~~~~~~~~~~~~^
#56 79.16 decode.c:270:3: warning: shifting a negative signed value is undefined [-Wshift-negative-value]
#56 79.16   OC_DCT_CW_PACK( 0, 0, -7,0),
#56 79.16   ^~~~~~~~~~~~~~~~~~~~~~~~~~~
#56 79.16 decode.c:150:16: note: expanded from macro 'OC_DCT_CW_PACK'
#56 79.16  (_mag)-(_flip)<<OC_DCT_CW_MAG_SHIFT)
#56 79.16  ~~~~~~~~~~~~~~^
#56 79.16 decode.c:271:3: warning: shifting a negative signed value is undefined [-Wshift-negative-value]
#56 79.16   OC_DCT_CW_PACK( 0, 0, -8,0),
#56 79.16   ^~~~~~~~~~~~~~~~~~~~~~~~~~~
#56 79.16 decode.c:150:16: note: expanded from macro 'OC_DCT_CW_PACK'
#56 79.16  (_mag)-(_flip)<<OC_DCT_CW_MAG_SHIFT)
#56 79.16  ~~~~~~~~~~~~~~^
#56 79.16 decode.c:277:3: warning: shifting a negative signed value is undefined [-Wshift-negative-value]
#56 79.16   OC_DCT_CW_PACK( 0, 0, -9,0),
#56 79.16   ^~~~~~~~~~~~~~~~~~~~~~~~~~~
#56 79.16 decode.c:150:16: note: expanded from macro 'OC_DCT_CW_PACK'
#56 79.16  (_mag)-(_flip)<<OC_DCT_CW_MAG_SHIFT)
#56 79.16  ~~~~~~~~~~~~~~^
#56 79.16 decode.c:278:3: warning: shifting a negative signed value is undefined [-Wshift-negative-value]
#56 79.16   OC_DCT_CW_PACK( 0, 0,-10,0),
#56 79.16   ^~~~~~~~~~~~~~~~~~~~~~~~~~~
#56 79.16 decode.c:150:16: note: expanded from macro 'OC_DCT_CW_PACK'
#56 79.16  (_mag)-(_flip)<<OC_DCT_CW_MAG_SHIFT)
#56 79.16  ~~~~~~~~~~~~~~^
#56 79.16 decode.c:279:3: warning: shifting a negative signed value is undefined [-Wshift-negative-value]
#56 79.16   OC_DCT_CW_PACK( 0, 0,-11,0),
#56 79.16   ^~~~~~~~~~~~~~~~~~~~~~~~~~~
#56 79.16 decode.c:150:16: note: expanded from macro 'OC_DCT_CW_PACK'
#56 79.16  (_mag)-(_flip)<<OC_DCT_CW_MAG_SHIFT)
#56 79.16  ~~~~~~~~~~~~~~^
#56 79.16 decode.c:280:3: warning: shifting a negative signed value is undefined [-Wshift-negative-value]
#56 79.16   OC_DCT_CW_PACK( 0, 0,-12,0),
#56 79.16   ^~~~~~~~~~~~~~~~~~~~~~~~~~~
#56 79.16 decode.c:150:16: note: expanded from macro 'OC_DCT_CW_PACK'
#56 79.16  (_mag)-(_flip)<<OC_DCT_CW_MAG_SHIFT)
#56 79.16  ~~~~~~~~~~~~~~^
#56 79.86 mv -f .deps/dequant.Tpo .deps/dequant.Plo
#56 79.89 /bin/bash ../libtool  --tag=CC   --mode=compile /emsdk/upstream/emscripten/emcc -DHAVE_CONFIG_H -I. -I.. -I../include   -I/opt/include  -Wall -Wno-parentheses -O3 -fforce-addr -fomit-frame-pointer -finline-functions -funroll-loops -I/opt/include  -O3 -msimd128 -MT fragment.lo -MD -MP -MF .deps/fragment.Tpo -c -o fragment.lo fragment.c
#56 80.01 libtool: compile:  /emsdk/upstream/emscripten/emcc -DHAVE_CONFIG_H -I. -I.. -I../include -I/opt/include -Wall -Wno-parentheses -O3 -fforce-addr -fomit-frame-pointer -finline-functions -funroll-loops -I/opt/include -O3 -msimd128 -MT fragment.lo -MD -MP -MF .deps/fragment.Tpo -c fragment.c -o fragment.o
#56 80.19 30 warnings generated.
#56 80.24 mv -f .deps/decode.Tpo .deps/decode.Plo
#56 80.27 /bin/bash ../libtool  --tag=CC   --mode=compile /emsdk/upstream/emscripten/emcc -DHAVE_CONFIG_H -I. -I.. -I../include   -I/opt/include  -Wall -Wno-parentheses -O3 -fforce-addr -fomit-frame-pointer -finline-functions -funroll-loops -I/opt/include  -O3 -msimd128 -MT huffdec.lo -MD -MP -MF .deps/huffdec.Tpo -c -o huffdec.lo huffdec.c
#56 80.40 libtool: compile:  /emsdk/upstream/emscripten/emcc -DHAVE_CONFIG_H -I. -I.. -I../include -I/opt/include -Wall -Wno-parentheses -O3 -fforce-addr -fomit-frame-pointer -finline-functions -funroll-loops -I/opt/include -O3 -msimd128 -MT huffdec.lo -MD -MP -MF .deps/huffdec.Tpo -c huffdec.c -o huffdec.o
#56 80.87 mv -f .deps/fragment.Tpo .deps/fragment.Plo
#56 80.91 /bin/bash ../libtool  --tag=CC   --mode=compile /emsdk/upstream/emscripten/emcc -DHAVE_CONFIG_H -I. -I.. -I../include   -I/opt/include  -Wall -Wno-parentheses -O3 -fforce-addr -fomit-frame-pointer -finline-functions -funroll-loops -I/opt/include  -O3 -msimd128 -MT idct.lo -MD -MP -MF .deps/idct.Tpo -c -o idct.lo idct.c
#56 81.03 libtool: compile:  /emsdk/upstream/emscripten/emcc -DHAVE_CONFIG_H -I. -I.. -I../include -I/opt/include -Wall -Wno-parentheses -O3 -fforce-addr -fomit-frame-pointer -finline-functions -funroll-loops -I/opt/include -O3 -msimd128 -MT idct.lo -MD -MP -MF .deps/idct.Tpo -c idct.c -o idct.o
#56 81.44 mv -f .deps/huffdec.Tpo .deps/huffdec.Plo
#56 81.48 /bin/bash ../libtool  --tag=CC   --mode=compile /emsdk/upstream/emscripten/emcc -DHAVE_CONFIG_H -I. -I.. -I../include   -I/opt/include  -Wall -Wno-parentheses -O3 -fforce-addr -fomit-frame-pointer -finline-functions -funroll-loops -I/opt/include  -O3 -msimd128 -MT info.lo -MD -MP -MF .deps/info.Tpo -c -o info.lo info.c
#56 81.60 libtool: compile:  /emsdk/upstream/emscripten/emcc -DHAVE_CONFIG_H -I. -I.. -I../include -I/opt/include -Wall -Wno-parentheses -O3 -fforce-addr -fomit-frame-pointer -finline-functions -funroll-loops -I/opt/include -O3 -msimd128 -MT info.lo -MD -MP -MF .deps/info.Tpo -c info.c -o info.o
#56 82.02 mv -f .deps/idct.Tpo .deps/idct.Plo
#56 82.06 /bin/bash ../libtool  --tag=CC   --mode=compile /emsdk/upstream/emscripten/emcc -DHAVE_CONFIG_H -I. -I.. -I../include   -I/opt/include  -Wall -Wno-parentheses -O3 -fforce-addr -fomit-frame-pointer -finline-functions -funroll-loops -I/opt/include  -O3 -msimd128 -MT internal.lo -MD -MP -MF .deps/internal.Tpo -c -o internal.lo internal.c
#56 82.18 libtool: compile:  /emsdk/upstream/emscripten/emcc -DHAVE_CONFIG_H -I. -I.. -I../include -I/opt/include -Wall -Wno-parentheses -O3 -fforce-addr -fomit-frame-pointer -finline-functions -funroll-loops -I/opt/include -O3 -msimd128 -MT internal.lo -MD -MP -MF .deps/internal.Tpo -c internal.c -o internal.o
#56 82.54 mv -f .deps/info.Tpo .deps/info.Plo
#56 82.58 /bin/bash ../libtool  --tag=CC   --mode=compile /emsdk/upstream/emscripten/emcc -DHAVE_CONFIG_H -I. -I.. -I../include   -I/opt/include  -Wall -Wno-parentheses -O3 -fforce-addr -fomit-frame-pointer -finline-functions -funroll-loops -I/opt/include  -O3 -msimd128 -MT quant.lo -MD -MP -MF .deps/quant.Tpo -c -o quant.lo quant.c
#56 82.70 libtool: compile:  /emsdk/upstream/emscripten/emcc -DHAVE_CONFIG_H -I. -I.. -I../include -I/opt/include -Wall -Wno-parentheses -O3 -fforce-addr -fomit-frame-pointer -finline-functions -funroll-loops -I/opt/include -O3 -msimd128 -MT quant.lo -MD -MP -MF .deps/quant.Tpo -c quant.c -o quant.o
#56 83.07 mv -f .deps/internal.Tpo .deps/internal.Plo
#56 ...

#62 [libwebp-builder 4/4] RUN bash -x /src/build.sh
#62 31.68 -- Looking for include file GL/glut.h - found
#62 31.69 -- Looking for include file OpenGL/glut.h
#62 33.19 -- Looking for include file OpenGL/glut.h - not found
#62 33.19 -- Looking for include file shlwapi.h
#62 34.52 -- Looking for include file shlwapi.h - not found
#62 34.52 -- Looking for include file unistd.h
#62 40.24 -- Looking for include file unistd.h - found
#62 40.24 -- Looking for include file wincodec.h
#62 41.56 -- Looking for include file wincodec.h - not found
#62 41.56 -- Looking for include file windows.h
#62 ...

#56 [theora-builder 4/4] RUN bash -x /src/build.sh
#56 83.11 /bin/bash ../libtool  --tag=CC   --mode=compile /emsdk/upstream/emscripten/emcc -DHAVE_CONFIG_H -I. -I.. -I../include   -I/opt/include  -Wall -Wno-parentheses -O3 -fforce-addr -fomit-frame-pointer -finline-functions -funroll-loops -I/opt/include  -O3 -msimd128 -MT state.lo -MD -MP -MF .deps/state.Tpo -c -o state.lo state.c
#56 83.23 libtool: compile:  /emsdk/upstream/emscripten/emcc -DHAVE_CONFIG_H -I. -I.. -I../include -I/opt/include -Wall -Wno-parentheses -O3 -fforce-addr -fomit-frame-pointer -finline-functions -funroll-loops -I/opt/include -O3 -msimd128 -MT state.lo -MD -MP -MF .deps/state.Tpo -c state.c -o state.o
#56 83.69 mv -f .deps/quant.Tpo .deps/quant.Plo
#56 83.73 /bin/bash ../libtool  --tag=CC   --mode=compile /emsdk/upstream/emscripten/emcc -DHAVE_CONFIG_H -I. -I.. -I../include   -I/opt/include  -Wall -Wno-parentheses -O3 -fforce-addr -fomit-frame-pointer -finline-functions -funroll-loops -I/opt/include  -O3 -msimd128 -MT analyze.lo -MD -MP -MF .deps/analyze.Tpo -c -o analyze.lo analyze.c
#56 83.85 libtool: compile:  /emsdk/upstream/emscripten/emcc -DHAVE_CONFIG_H -I. -I.. -I../include -I/opt/include -Wall -Wno-parentheses -O3 -fforce-addr -fomit-frame-pointer -finline-functions -funroll-loops -I/opt/include -O3 -msimd128 -MT analyze.lo -MD -MP -MF .deps/analyze.Tpo -c analyze.c -o analyze.o
#56 84.36 analyze.c:1198:20: warning: variable 'sb_flags' set but not used [-Wunused-but-set-variable]
#56 84.36   oc_sb_flags     *sb_flags;
#56 84.36                    ^
#56 84.36 analyze.c:1235:27: warning: variable 'embs' set but not used [-Wunused-but-set-variable]
#56 84.36   oc_mb_enc_info         *embs;
#56 84.36                           ^
#56 84.37 analyze.c:1874:27: warning: variable 'qi' set but not used [-Wunused-but-set-variable]
#56 84.37   int                     qi;
#56 84.37                           ^
#56 84.37 analyze.c:1879:27: warning: variable 'vdec' set but not used [-Wunused-but-set-variable]
#56 84.37   int                     vdec;
#56 84.37                           ^
#56 84.46 mv -f .deps/state.Tpo .deps/state.Plo
#56 84.49 /bin/bash ../libtool  --tag=CC   --mode=compile /emsdk/upstream/emscripten/emcc -DHAVE_CONFIG_H -I. -I.. -I../include   -I/opt/include  -Wall -Wno-parentheses -O3 -fforce-addr -fomit-frame-pointer -finline-functions -funroll-loops -I/opt/include  -O3 -msimd128 -MT fdct.lo -MD -MP -MF .deps/fdct.Tpo -c -o fdct.lo fdct.c
#56 84.62 libtool: compile:  /emsdk/upstream/emscripten/emcc -DHAVE_CONFIG_H -I. -I.. -I../include -I/opt/include -Wall -Wno-parentheses -O3 -fforce-addr -fomit-frame-pointer -finline-functions -funroll-loops -I/opt/include -O3 -msimd128 -MT fdct.lo -MD -MP -MF .deps/fdct.Tpo -c fdct.c -o fdct.o
#56 85.36 4 warnings generated.
#56 85.41 mv -f .deps/analyze.Tpo .deps/analyze.Plo
#56 85.44 /bin/bash ../libtool  --tag=CC   --mode=compile /emsdk/upstream/emscripten/emcc -DHAVE_CONFIG_H -I. -I.. -I../include   -I/opt/include  -Wall -Wno-parentheses -O3 -fforce-addr -fomit-frame-pointer -finline-functions -funroll-loops -I/opt/include  -O3 -msimd128 -MT encfrag.lo -MD -MP -MF .deps/encfrag.Tpo -c -o encfrag.lo encfrag.c
#56 85.49 mv -f .deps/fdct.Tpo .deps/fdct.Plo
#56 85.52 /bin/bash ../libtool  --tag=CC   --mode=compile /emsdk/upstream/emscripten/emcc -DHAVE_CONFIG_H -I. -I.. -I../include   -I/opt/include  -Wall -Wno-parentheses -O3 -fforce-addr -fomit-frame-pointer -finline-functions -funroll-loops -I/opt/include  -O3 -msimd128 -MT encapiwrapper.lo -MD -MP -MF .deps/encapiwrapper.Tpo -c -o encapiwrapper.lo encapiwrapper.c
#56 85.57 libtool: compile:  /emsdk/upstream/emscripten/emcc -DHAVE_CONFIG_H -I. -I.. -I../include -I/opt/include -Wall -Wno-parentheses -O3 -fforce-addr -fomit-frame-pointer -finline-functions -funroll-loops -I/opt/include -O3 -msimd128 -MT encfrag.lo -MD -MP -MF .deps/encfrag.Tpo -c encfrag.c -o encfrag.o
#56 85.65 libtool: compile:  /emsdk/upstream/emscripten/emcc -DHAVE_CONFIG_H -I. -I.. -I../include -I/opt/include -Wall -Wno-parentheses -O3 -fforce-addr -fomit-frame-pointer -finline-functions -funroll-loops -I/opt/include -O3 -msimd128 -MT encapiwrapper.lo -MD -MP -MF .deps/encapiwrapper.Tpo -c encapiwrapper.c -o encapiwrapper.o
#56 86.43 mv -f .deps/encapiwrapper.Tpo .deps/encapiwrapper.Plo
#56 86.46 /bin/bash ../libtool  --tag=CC   --mode=compile /emsdk/upstream/emscripten/emcc -DHAVE_CONFIG_H -I. -I.. -I../include   -I/opt/include  -Wall -Wno-parentheses -O3 -fforce-addr -fomit-frame-pointer -finline-functions -funroll-loops -I/opt/include  -O3 -msimd128 -MT encinfo.lo -MD -MP -MF .deps/encinfo.Tpo -c -o encinfo.lo encinfo.c
#56 86.55 mv -f .deps/encfrag.Tpo .deps/encfrag.Plo
#56 86.58 /bin/bash ../libtool  --tag=CC   --mode=compile /emsdk/upstream/emscripten/emcc -DHAVE_CONFIG_H -I. -I.. -I../include   -I/opt/include  -Wall -Wno-parentheses -O3 -fforce-addr -fomit-frame-pointer -finline-functions -funroll-loops -I/opt/include  -O3 -msimd128 -MT encode.lo -MD -MP -MF .deps/encode.Tpo -c -o encode.lo encode.c
#56 86.59 libtool: compile:  /emsdk/upstream/emscripten/emcc -DHAVE_CONFIG_H -I. -I.. -I../include -I/opt/include -Wall -Wno-parentheses -O3 -fforce-addr -fomit-frame-pointer -finline-functions -funroll-loops -I/opt/include -O3 -msimd128 -MT encinfo.lo -MD -MP -MF .deps/encinfo.Tpo -c encinfo.c -o encinfo.o
#56 86.71 libtool: compile:  /emsdk/upstream/emscripten/emcc -DHAVE_CONFIG_H -I. -I.. -I../include -I/opt/include -Wall -Wno-parentheses -O3 -fforce-addr -fomit-frame-pointer -finline-functions -funroll-loops -I/opt/include -O3 -msimd128 -MT encode.lo -MD -MP -MF .deps/encode.Tpo -c encode.c -o encode.o
#56 87.42 mv -f .deps/encinfo.Tpo .deps/encinfo.Plo
#56 87.45 /bin/bash ../libtool  --tag=CC   --mode=compile /emsdk/upstream/emscripten/emcc -DHAVE_CONFIG_H -I. -I.. -I../include   -I/opt/include  -Wall -Wno-parentheses -O3 -fforce-addr -fomit-frame-pointer -finline-functions -funroll-loops -I/opt/include  -O3 -msimd128 -MT enquant.lo -MD -MP -MF .deps/enquant.Tpo -c -o enquant.lo enquant.c
#56 87.58 libtool: compile:  /emsdk/upstream/emscripten/emcc -DHAVE_CONFIG_H -I. -I.. -I../include -I/opt/include -Wall -Wno-parentheses -O3 -fforce-addr -fomit-frame-pointer -finline-functions -funroll-loops -I/opt/include -O3 -msimd128 -MT enquant.lo -MD -MP -MF .deps/enquant.Tpo -c enquant.c -o enquant.o
#56 87.99 mv -f .deps/encode.Tpo .deps/encode.Plo
#56 88.03 /bin/bash ../libtool  --tag=CC   --mode=compile /emsdk/upstream/emscripten/emcc -DHAVE_CONFIG_H -I. -I.. -I../include   -I/opt/include  -Wall -Wno-parentheses -O3 -fforce-addr -fomit-frame-pointer -finline-functions -funroll-loops -I/opt/include  -O3 -msimd128 -MT huffenc.lo -MD -MP -MF .deps/huffenc.Tpo -c -o huffenc.lo huffenc.c
#56 88.15 libtool: compile:  /emsdk/upstream/emscripten/emcc -DHAVE_CONFIG_H -I. -I.. -I../include -I/opt/include -Wall -Wno-parentheses -O3 -fforce-addr -fomit-frame-pointer -finline-functions -funroll-loops -I/opt/include -O3 -msimd128 -MT huffenc.lo -MD -MP -MF .deps/huffenc.Tpo -c huffenc.c -o huffenc.o
#56 88.60 mv -f .deps/enquant.Tpo .deps/enquant.Plo
#56 88.64 /bin/bash ../libtool  --tag=CC   --mode=compile /emsdk/upstream/emscripten/emcc -DHAVE_CONFIG_H -I. -I.. -I../include   -I/opt/include  -Wall -Wno-parentheses -O3 -fforce-addr -fomit-frame-pointer -finline-functions -funroll-loops -I/opt/include  -O3 -msimd128 -MT mathops.lo -MD -MP -MF .deps/mathops.Tpo -c -o mathops.lo mathops.c
#56 88.76 libtool: compile:  /emsdk/upstream/emscripten/emcc -DHAVE_CONFIG_H -I. -I.. -I../include -I/opt/include -Wall -Wno-parentheses -O3 -fforce-addr -fomit-frame-pointer -finline-functions -funroll-loops -I/opt/include -O3 -msimd128 -MT mathops.lo -MD -MP -MF .deps/mathops.Tpo -c mathops.c -o mathops.o
#56 89.05 mv -f .deps/huffenc.Tpo .deps/huffenc.Plo
#56 89.09 /bin/bash ../libtool  --tag=CC   --mode=compile /emsdk/upstream/emscripten/emcc -DHAVE_CONFIG_H -I. -I.. -I../include   -I/opt/include  -Wall -Wno-parentheses -O3 -fforce-addr -fomit-frame-pointer -finline-functions -funroll-loops -I/opt/include  -O3 -msimd128 -MT mcenc.lo -MD -MP -MF .deps/mcenc.Tpo -c -o mcenc.lo mcenc.c
#56 89.21 libtool: compile:  /emsdk/upstream/emscripten/emcc -DHAVE_CONFIG_H -I. -I.. -I../include -I/opt/include -Wall -Wno-parentheses -O3 -fforce-addr -fomit-frame-pointer -finline-functions -funroll-loops -I/opt/include -O3 -msimd128 -MT mcenc.lo -MD -MP -MF .deps/mcenc.Tpo -c mcenc.c -o mcenc.o
#56 89.70 mv -f .deps/mathops.Tpo .deps/mathops.Plo
#56 89.74 /bin/bash ../libtool  --tag=CC   --mode=compile /emsdk/upstream/emscripten/emcc -DHAVE_CONFIG_H -I. -I.. -I../include   -I/opt/include  -Wall -Wno-parentheses -O3 -fforce-addr -fomit-frame-pointer -finline-functions -funroll-loops -I/opt/include  -O3 -msimd128 -MT rate.lo -MD -MP -MF .deps/rate.Tpo -c -o rate.lo rate.c
#56 89.86 libtool: compile:  /emsdk/upstream/emscripten/emcc -DHAVE_CONFIG_H -I. -I.. -I../include -I/opt/include -Wall -Wno-parentheses -O3 -fforce-addr -fomit-frame-pointer -finline-functions -funroll-loops -I/opt/include -O3 -msimd128 -MT rate.lo -MD -MP -MF .deps/rate.Tpo -c rate.c -o rate.o
#56 90.30 mv -f .deps/mcenc.Tpo .deps/mcenc.Plo
#56 90.33 /bin/bash ../libtool  --tag=CC   --mode=compile /emsdk/upstream/emscripten/emcc -DHAVE_CONFIG_H -I. -I.. -I../include   -I/opt/include  -Wall -Wno-parentheses -O3 -fforce-addr -fomit-frame-pointer -finline-functions -funroll-loops -I/opt/include  -O3 -msimd128 -MT tokenize.lo -MD -MP -MF .deps/tokenize.Tpo -c -o tokenize.lo tokenize.c
#56 90.34 rate.c:745:15: warning: shifting a negative signed value is undefined [-Wshift-negative-value]
#56 90.34     log_scale=OC_Q57(-64);
#56 90.34               ^~~~~~~~~~~
#56 90.34 ./mathops.h:136:38: note: expanded from macro 'OC_Q57'
#56 90.34 #define OC_Q57(_v) ((ogg_int64_t)(_v)<<57)
#56 90.34                     ~~~~~~~~~~~~~~~~~^
#56 90.46 libtool: compile:  /emsdk/upstream/emscripten/emcc -DHAVE_CONFIG_H -I. -I.. -I../include -I/opt/include -Wall -Wno-parentheses -O3 -fforce-addr -fomit-frame-pointer -finline-functions -funroll-loops -I/opt/include -O3 -msimd128 -MT tokenize.lo -MD -MP -MF .deps/tokenize.Tpo -c tokenize.c -o tokenize.o
#56 90.97 1 warning generated.
#56 91.01 mv -f .deps/rate.Tpo .deps/rate.Plo
#56 91.04 /bin/bash ../libtool  --tag=CC   --mode=link /emsdk/upstream/emscripten/emcc -I/opt/include  -Wall -Wno-parentheses -O3 -fforce-addr -fomit-frame-pointer -finline-functions -funroll-loops -I/opt/include  -O3 -msimd128 -version-info 2:4:1 -Wl,--version-script=./Version_script-dec  -L/opt/lib  -I/opt/include  -O3 -msimd128  -o libtheoradec.la -rpath /opt/lib apiwrapper.lo bitpack.lo decapiwrapper.lo decinfo.lo decode.lo dequant.lo fragment.lo huffdec.lo idct.lo info.lo internal.lo quant.lo state.lo   
#56 91.34 libtool: link: /emsdk/upstream/emscripten/emar cr .libs/libtheoradec.a  apiwrapper.o bitpack.o decapiwrapper.o decinfo.o decode.o dequant.o fragment.o huffdec.o idct.o info.o internal.o quant.o state.o
#56 91.50 libtool: link: /emsdk/upstream/emscripten/emranlib .libs/libtheoradec.a
#56 91.56 mv -f .deps/tokenize.Tpo .deps/tokenize.Plo
#56 91.60 /bin/bash ../libtool  --tag=CC   --mode=link /emsdk/upstream/emscripten/emcc -I/opt/include  -Wall -Wno-parentheses -O3 -fforce-addr -fomit-frame-pointer -finline-functions -funroll-loops -I/opt/include  -O3 -msimd128 -version-info 2:2:1 -Wl,--version-script=./Version_script-enc -L/opt/lib -logg -L/opt/lib  -I/opt/include  -O3 -msimd128  -o libtheoraenc.la -rpath /opt/lib apiwrapper.lo fragment.lo idct.lo internal.lo state.lo quant.lo  analyze.lo fdct.lo encfrag.lo encapiwrapper.lo encinfo.lo encode.lo enquant.lo huffenc.lo mathops.lo mcenc.lo rate.lo tokenize.lo   
#56 91.73 libtool: link: ( cd ".libs" && rm -f "libtheoradec.la" && ln -s "../libtheoradec.la" "libtheoradec.la" )
#56 91.76 /bin/bash ../libtool  --tag=CC   --mode=link /emsdk/upstream/emscripten/emcc -I/opt/include  -Wall -Wno-parentheses -O3 -fforce-addr -fomit-frame-pointer -finline-functions -funroll-loops -I/opt/include  -O3 -msimd128 -version-info 3:10:3 -Wl,--version-script=./Version_script  -L/opt/lib -logg -L/opt/lib  -I/opt/include  -O3 -msimd128  -o libtheora.la -rpath /opt/lib apiwrapper.lo bitpack.lo decapiwrapper.lo decinfo.lo decode.lo dequant.lo fragment.lo huffdec.lo idct.lo info.lo internal.lo quant.lo state.lo  analyze.lo fdct.lo encfrag.lo encapiwrapper.lo encinfo.lo encode.lo enquant.lo huffenc.lo mathops.lo mcenc.lo rate.lo tokenize.lo   
#56 91.94 libtool: link: /emsdk/upstream/emscripten/emar cr .libs/libtheoraenc.a  apiwrapper.o fragment.o idct.o internal.o state.o quant.o analyze.o fdct.o encfrag.o encapiwrapper.o encinfo.o encode.o enquant.o huffenc.o mathops.o mcenc.o rate.o tokenize.o
#56 92.09 libtool: link: /emsdk/upstream/emscripten/emar cr .libs/libtheora.a  apiwrapper.o bitpack.o decapiwrapper.o decinfo.o decode.o dequant.o fragment.o huffdec.o idct.o info.o internal.o quant.o state.o analyze.o fdct.o encfrag.o encapiwrapper.o encinfo.o encode.o enquant.o huffenc.o mathops.o mcenc.o rate.o tokenize.o
#56 92.10 libtool: link: /emsdk/upstream/emscripten/emranlib .libs/libtheoraenc.a
#56 92.26 libtool: link: /emsdk/upstream/emscripten/emranlib .libs/libtheora.a
#56 92.34 libtool: link: ( cd ".libs" && rm -f "libtheoraenc.la" && ln -s "../libtheoraenc.la" "libtheoraenc.la" )
#56 92.49 libtool: link: ( cd ".libs" && rm -f "libtheora.la" && ln -s "../libtheora.la" "libtheora.la" )
#56 92.56 Makefile:1104: warning: ignoring prerequisites on suffix rule definition
#56 92.56 make[2]: Entering directory '/src/lib'
#56 92.57 make[2]: Nothing to be done for 'install-data-am'.
#56 92.60  /usr/bin/mkdir -p '/opt/lib'
#56 92.61  /bin/bash ../libtool   --mode=install /usr/bin/install -c   libtheoradec.la libtheoraenc.la libtheora.la '/opt/lib'
#56 92.71 libtool: install: /usr/bin/install -c .libs/libtheoradec.lai /opt/lib/libtheoradec.la
#56 92.72 libtool: install: /usr/bin/install -c .libs/libtheoraenc.lai /opt/lib/libtheoraenc.la
#56 92.73 libtool: install: /usr/bin/install -c .libs/libtheora.lai /opt/lib/libtheora.la
#56 92.75 libtool: install: /usr/bin/install -c .libs/libtheoradec.a /opt/lib/libtheoradec.a
#56 92.76 libtool: install: chmod 644 /opt/lib/libtheoradec.a
#56 92.77 libtool: install: /emsdk/upstream/emscripten/emranlib /opt/lib/libtheoradec.a
#56 92.93 libtool: install: /usr/bin/install -c .libs/libtheoraenc.a /opt/lib/libtheoraenc.a
#56 92.94 libtool: install: chmod 644 /opt/lib/libtheoraenc.a
#56 92.95 libtool: install: /emsdk/upstream/emscripten/emranlib /opt/lib/libtheoraenc.a
#56 93.10 libtool: install: /usr/bin/install -c .libs/libtheora.a /opt/lib/libtheora.a
#56 93.12 libtool: install: chmod 644 /opt/lib/libtheora.a
#56 93.13 libtool: install: /emsdk/upstream/emscripten/emranlib /opt/lib/libtheora.a
#56 93.37 libtool: finish: PATH="/emsdk/upstream/emscripten/cache/sysroot/bin:/emsdk:/emsdk/upstream/emscripten:/emsdk/upstream/bin:/emsdk/node/15.14.0_64bit/bin:/usr/local/sbin:/usr/local/bin:/usr/sbin:/usr/bin:/sbin:/bin:/sbin" ldconfig -n /opt/lib
#56 93.39 ----------------------------------------------------------------------
#56 93.39 Libraries have been installed in:
#56 93.39    /opt/lib
#56 93.39 
#56 93.39 If you ever happen to want to link against installed libraries
#56 93.39 in a given directory, LIBDIR, you must either use libtool, and
#56 93.39 specify the full pathname of the library, or use the '-LLIBDIR'
#56 93.39 flag during linking and do at least one of the following:
#56 93.39    - add LIBDIR to the 'LD_LIBRARY_PATH' environment variable
#56 93.39      during execution
#56 93.39    - add LIBDIR to the 'LD_RUN_PATH' environment variable
#56 93.39      during linking
#56 93.39    - use the '-Wl,-rpath -Wl,LIBDIR' linker flag
#56 93.39    - have your system administrator add LIBDIR to '/etc/ld.so.conf'
#56 93.39 
#56 93.39 See any operating system documentation about shared libraries for
#56 93.39 more information, such as the ld(1) and ld.so(8) manual pages.
#56 93.39 ----------------------------------------------------------------------
#56 93.39 make[2]: Leaving directory '/src/lib'
#56 93.40 make[1]: Leaving directory '/src/lib'
#56 93.40 Making install in include
#56 93.43 make[1]: Entering directory '/src/include'
#56 93.48 Making install in theora
#56 93.51 make[2]: Entering directory '/src/include/theora'
#56 93.56 make[3]: Entering directory '/src/include/theora'
#56 93.56 make[3]: Nothing to be done for 'install-exec-am'.
#56 93.58  /usr/bin/mkdir -p '/opt/include/theora'
#56 93.62  /usr/bin/install -c -m 644 theora.h theoradec.h theoraenc.h codec.h '/opt/include/theora'
#56 93.64 make[3]: Leaving directory '/src/include/theora'
#56 93.64 make[2]: Leaving directory '/src/include/theora'
#56 93.66 make[2]: Entering directory '/src/include'
#56 93.71 make[3]: Entering directory '/src/include'
#56 93.71 make[3]: Nothing to be done for 'install-exec-am'.
#56 93.71 make[3]: Nothing to be done for 'install-data-am'.
#56 93.71 make[3]: Leaving directory '/src/include'
#56 93.71 make[2]: Leaving directory '/src/include'
#56 93.71 make[1]: Leaving directory '/src/include'
#56 93.72 Making install in doc
#56 93.74 make[1]: Entering directory '/src/doc'
#56 93.80 Making install in spec
#56 93.83 make[2]: Entering directory '/src/doc/spec'
#56 93.83 /emsdk/upstream/emscripten/emcc -DHAVE_CONFIG_H -I. -I../..     -Wall -Wno-parentheses -O3 -fforce-addr -fomit-frame-pointer -finline-functions -funroll-loops -I/opt/include  -O3 -msimd128 -MT vp3huff.o -MD -MP -MF .deps/vp3huff.Tpo -c -o vp3huff.o vp3huff.c
#56 ...

#62 [libwebp-builder 4/4] RUN bash -x /src/build.sh
#62 42.87 -- Looking for include file windows.h - not found
#62 42.87 -- Performing Test WEBP_HAVE_FLAG_SSE41
#62 44.22 -- Performing Test WEBP_HAVE_FLAG_SSE41 - Failed
#62 44.22 -- Performing Test WEBP_HAVE_FLAG_SSE41
#62 49.77 -- Performing Test WEBP_HAVE_FLAG_SSE41 - Success
#62 49.77 -- Performing Test WEBP_HAVE_FLAG_SSE2
#62 51.12 -- Performing Test WEBP_HAVE_FLAG_SSE2 - Failed
#62 51.12 -- Performing Test WEBP_HAVE_FLAG_SSE2
#62 ...

#56 [theora-builder 4/4] RUN bash -x /src/build.sh
#56 94.75 mv -f .deps/vp3huff.Tpo .deps/vp3huff.Po
#56 94.81 /bin/bash ../../libtool  --tag=CC   --mode=link /emsdk/upstream/emscripten/emcc  -Wall -Wno-parentheses -O3 -fforce-addr -fomit-frame-pointer -finline-functions -funroll-loops -I/opt/include  -O3 -msimd128  -L/opt/lib  -I/opt/include  -O3 -msimd128  -o vp3huff vp3huff.o  
#56 95.07 libtool: link: /emsdk/upstream/emscripten/emcc -Wall -Wno-parentheses -O3 -fforce-addr -fomit-frame-pointer -finline-functions -funroll-loops -I/opt/include -O3 -msimd128 -I/opt/include -O3 -msimd128 -o vp3huff vp3huff.o  -L/opt/lib
#56 95.31 cache:INFO: generating system asset: symbol_lists/c671e735705c05caea46adf846f6443dc2c89615.json... (this will be cached in "/emsdk/upstream/emscripten/cache/symbol_lists/c671e735705c05caea46adf846f6443dc2c89615.json" for subsequent builds)
#56 95.67 cache:INFO:  - ok
#56 98.45 make[3]: Entering directory '/src/doc/spec'
#56 98.45 make[3]: Nothing to be done for 'install-exec-am'.
#56 98.49 make[3]: Leaving directory '/src/doc/spec'
#56 98.50 make[2]: Leaving directory '/src/doc/spec'
#56 98.52 make[2]: Entering directory '/src/doc'
#56 98.52 echo "*** Warning: Doxygen not found; documentation will not be built."
#56 98.55 *** Warning: Doxygen not found; documentation will not be built.
#56 98.55 touch doxygen-build.stamp
#56 98.63 make[3]: Entering directory '/src/doc'
#56 98.63 make[3]: Nothing to be done for 'install-exec-am'.
#56 98.63 /bin/bash /src/install-sh -d /opt/share/doc/libtheora-1.1.1
#56 98.65  /usr/bin/mkdir -p '/opt/share/doc/libtheora-1.1.1'
#56 98.68 if test -d libtheora; then \
#56 98.68   for dir in libtheora/*; do \
#56 98.68     if test -d $dir; then \
#56 98.68       b=`basename $dir`; \
#56 98.68       /bin/bash /src/install-sh -d /opt/share/doc/libtheora-1.1.1/$b; \
#56 98.68       for f in $dir/*; do \
#56 98.68 	/usr/bin/install -c -m 644 $f /opt/share/doc/libtheora-1.1.1/$b; \
#56 98.68       done \
#56 98.68     fi \
#56 98.68   done \
#56 98.68 fi
#56 98.69  /usr/bin/install -c -m 644 vp3-format.txt color.html draft-ietf-avt-rtp-theora-00.xml draft-ietf-avt-rtp-theora-00.txt doxygen-build.stamp '/opt/share/doc/libtheora-1.1.1'
#56 98.71 make[3]: Leaving directory '/src/doc'
#56 98.71 make[2]: Leaving directory '/src/doc'
#56 98.72 make[1]: Leaving directory '/src/doc'
#56 98.72 Making install in tests
#56 98.75 make[1]: Entering directory '/src/tests'
#56 98.79 make[2]: Entering directory '/src/tests'
#56 98.79 make[2]: Nothing to be done for 'install-exec-am'.
#56 98.79 make[2]: Nothing to be done for 'install-data-am'.
#56 98.79 make[2]: Leaving directory '/src/tests'
#56 98.79 make[1]: Leaving directory '/src/tests'
#56 98.80 Making install in m4
#56 98.82 make[1]: Entering directory '/src/m4'
#56 98.87 make[2]: Entering directory '/src/m4'
#56 98.87 make[2]: Nothing to be done for 'install-exec-am'.
#56 98.87 make[2]: Nothing to be done for 'install-data-am'.
#56 98.87 make[2]: Leaving directory '/src/m4'
#56 98.87 make[1]: Leaving directory '/src/m4'
#56 98.90 make[1]: Entering directory '/src'
#56 98.99 make[2]: Entering directory '/src'
#56 98.99 make[2]: Nothing to be done for 'install-exec-am'.
#56 99.02  /usr/bin/mkdir -p '/opt/lib/pkgconfig'
#56 99.05  /usr/bin/install -c -m 644 theora.pc theoradec.pc theoraenc.pc '/opt/lib/pkgconfig'
#56 99.07 make[2]: Leaving directory '/src'
#56 99.07 make[1]: Leaving directory '/src'
#56 DONE 99.2s

#63 [libass-builder 5/6] COPY build/libass.sh /src/build.sh
#63 DONE 0.1s

#64 [ffmpeg-base  7/12] COPY --from=opus-builder /opt /opt
#64 DONE 0.1s

#62 [libwebp-builder 4/4] RUN bash -x /src/build.sh
#62 56.75 -- Performing Test WEBP_HAVE_FLAG_SSE2 - Success
#62 56.77 -- Configuring done
#62 56.82 -- Generating done
#62 56.82 CMake Warning:
#62 56.82   Manually-specified variables were not used by the project:
#62 56.82 
#62 56.82     ZLIB_INCLUDE_DIR
#62 56.82     ZLIB_LIBRARY
#62 56.82 
#62 56.82 
#62 56.82 -- Build files have been written to: /src/build
#62 56.84 + emmake make install
#62 56.97 make: make install
#62 57.24 [  1%] Building C object CMakeFiles/sharpyuv.dir/sharpyuv/sharpyuv_sse2.c.o
#62 57.84 [  1%] Building C object CMakeFiles/sharpyuv.dir/sharpyuv/sharpyuv_neon.c.o
#62 58.50 [  2%] Building C object CMakeFiles/sharpyuv.dir/sharpyuv/sharpyuv_cpu.c.o
#62 59.14 [  3%] Building C object CMakeFiles/sharpyuv.dir/sharpyuv/sharpyuv_csp.c.o
#62 59.96 [  3%] Building C object CMakeFiles/sharpyuv.dir/sharpyuv/sharpyuv_dsp.c.o
#62 60.93 [  4%] Building C object CMakeFiles/sharpyuv.dir/sharpyuv/sharpyuv_gamma.c.o
#62 61.81 [  4%] Building C object CMakeFiles/sharpyuv.dir/sharpyuv/sharpyuv.c.o
#62 63.02 [  5%] Linking C static library libsharpyuv.a
#62 63.47 [  5%] Built target sharpyuv
#62 63.61 [  6%] Building C object CMakeFiles/webpdecode.dir/src/dec/alpha_dec.c.o
#62 64.55 [  6%] Building C object CMakeFiles/webpdecode.dir/src/dec/buffer_dec.c.o
#62 65.52 [  7%] Building C object CMakeFiles/webpdecode.dir/src/dec/frame_dec.c.o
#62 ...

#65 [libass-builder 6/6] RUN bash -x /src/build.sh
#65 0.089 + set -euo pipefail
#65 0.091 + CONF_FLAGS=(--prefix=$INSTALL_DIR --host=i686-gnu --disable-shared --enable-static --disable-asm --disable-fontconfig --disable-require-system-font-provider)
#65 0.092 + ./autogen.sh
#65 0.106 Running autoreconf...
#65 0.260 autoreconf: export WARNINGS=
#65 0.275 autoreconf: Entering directory '.'
#65 0.278 autoreconf: configure.ac: not using Gettext
#65 1.284 autoreconf: running: aclocal --force -I m4
#65 2.354 autoreconf: configure.ac: tracing
#65 3.484 autoreconf: running: libtoolize --copy --force
#65 4.387 libtoolize: putting auxiliary files in '.'.
#65 4.387 libtoolize: copying file './ltmain.sh'
#65 4.719 libtoolize: putting macros in AC_CONFIG_MACRO_DIRS, 'm4'.
#65 4.719 libtoolize: copying file 'm4/libtool.m4'
#65 4.933 libtoolize: copying file 'm4/ltoptions.m4'
#65 5.148 libtoolize: copying file 'm4/ltsugar.m4'
#65 5.367 libtoolize: copying file 'm4/ltversion.m4'
#65 5.588 libtoolize: copying file 'm4/lt~obsolete.m4'
#65 5.814 autoreconf: configure.ac: not using Intltool
#65 5.814 autoreconf: configure.ac: not using Gtkdoc
#65 5.814 autoreconf: running: aclocal --force -I m4
#65 6.904 autoreconf: running: /usr/bin/autoconf --force
#65 7.421 configure.ac:8: warning: The macro `AC_CONFIG_HEADER' is obsolete.
#65 7.421 configure.ac:8: You should run autoupdate.
#65 7.421 ./lib/autoconf/status.m4:719: AC_CONFIG_HEADER is expanded from...
#65 7.421 configure.ac:8: the top level
#65 7.421 configure.ac:17: warning: The macro `AC_HEADER_STDC' is obsolete.
#65 7.421 configure.ac:17: You should run autoupdate.
#65 7.421 ./lib/autoconf/headers.m4:704: AC_HEADER_STDC is expanded from...
#65 7.421 configure.ac:17: the top level
#65 7.520 autoreconf: running: /usr/bin/autoheader --force
#65 8.119 autoreconf: running: automake --add-missing --copy --force-missing
#65 ...

#62 [libwebp-builder 4/4] RUN bash -x /src/build.sh
#62 66.66 [  8%] Building C object CMakeFiles/webpdecode.dir/src/dec/idec_dec.c.o
#62 67.70 [  8%] Building C object CMakeFiles/webpdecode.dir/src/dec/io_dec.c.o
#62 68.84 [  9%] Building C object CMakeFiles/webpdecode.dir/src/dec/quant_dec.c.o
#62 69.73 [  9%] Building C object CMakeFiles/webpdecode.dir/src/dec/tree_dec.c.o
#62 70.72 [ 10%] Building C object CMakeFiles/webpdecode.dir/src/dec/vp8_dec.c.o
#62 71.85 [ 10%] Building C object CMakeFiles/webpdecode.dir/src/dec/vp8l_dec.c.o
#62 ...

#65 [libass-builder 6/6] RUN bash -x /src/build.sh
#65 10.13 configure.ac:6: installing './compile'
#65 10.15 configure.ac:6: installing './config.guess'
#65 10.17 configure.ac:6: installing './config.sub'
#65 10.18 configure.ac:2: installing './install-sh'
#65 10.19 configure.ac:2: installing './missing'
#65 10.23 compare/Makefile.am: installing './depcomp'
#65 10.35 autoreconf: Leaving directory '.'
#65 10.36 + emconfigure ./configure --prefix=/opt --host=i686-gnu --disable-shared --enable-static --disable-asm --disable-fontconfig --disable-require-system-font-provider
#65 10.49 configure: ./configure --prefix=/opt --host=i686-gnu --disable-shared --enable-static --disable-asm --disable-fontconfig --disable-require-system-font-provider
#65 11.44 checking for a BSD-compatible install... /usr/bin/install -c
#65 11.53 checking whether build environment is sane... yes
#65 11.62 checking for i686-gnu-strip... no
#65 11.62 checking for strip... strip
#65 11.62 checking for a race-free mkdir -p... /usr/bin/mkdir -p
#65 11.63 checking for gawk... no
#65 11.63 checking for mawk... mawk
#65 11.63 checking whether make sets $(MAKE)... yes
#65 11.74 checking whether make supports nested variables... yes
#65 11.86 checking build system type... x86_64-pc-linux-gnu
#65 12.29 checking host system type... i686-pc-gnu
#65 12.34 checking how to print strings... printf
#65 12.34 checking whether make supports the include directive... yes (GNU style)
#65 12.43 checking for i686-gnu-gcc... /emsdk/upstream/emscripten/emcc
#65 13.71 checking whether the C compiler works... 
#65 ...

#62 [libwebp-builder 4/4] RUN bash -x /src/build.sh
#62 73.18 [ 11%] Building C object CMakeFiles/webpdecode.dir/src/dec/webp_dec.c.o
#62 74.21 [ 11%] Built target webpdecode
#62 74.36 [ 11%] Building C object CMakeFiles/webpdspdecode.dir/src/dsp/alpha_processing.c.o
#62 75.40 [ 12%] Building C object CMakeFiles/webpdspdecode.dir/src/dsp/cpu.c.o
#62 76.06 [ 13%] Building C object CMakeFiles/webpdspdecode.dir/src/dsp/dec.c.o
#62 77.22 [ 13%] Building C object CMakeFiles/webpdspdecode.dir/src/dsp/dec_clip_tables.c.o
#62 77.84 [ 14%] Building C object CMakeFiles/webpdspdecode.dir/src/dsp/filters.c.o
#62 78.87 [ 14%] Building C object CMakeFiles/webpdspdecode.dir/src/dsp/lossless.c.o
#62 80.07 [ 15%] Building C object CMakeFiles/webpdspdecode.dir/src/dsp/rescaler.c.o
#62 81.17 [ 15%] Building C object CMakeFiles/webpdspdecode.dir/src/dsp/upsampling.c.o
#62 82.35 [ 16%] Building C object CMakeFiles/webpdspdecode.dir/src/dsp/yuv.c.o
#62 ...

#65 [libass-builder 6/6] RUN bash -x /src/build.sh
#65 13.71 checking whether the C compiler works... yes
#65 16.97 checking for C compiler default output file name... a.out
#65 16.98 checking for suffix of executables... 
#65 19.94 checking whether we are cross compiling... no
#65 24.65 checking for suffix of object files... o
#65 25.21 checking whether the compiler supports GNU C... yes
#65 25.79 checking whether /emsdk/upstream/emscripten/emcc accepts -g... 
#65 ...

#62 [libwebp-builder 4/4] RUN bash -x /src/build.sh
#62 83.70 [ 16%] Building C object CMakeFiles/webpdspdecode.dir/src/dsp/alpha_processing_sse41.c.o
#62 84.69 [ 17%] Building C object CMakeFiles/webpdspdecode.dir/src/dsp/dec_sse41.c.o
#62 85.52 [ 18%] Building C object CMakeFiles/webpdspdecode.dir/src/dsp/lossless_sse41.c.o
#62 86.45 [ 18%] Building C object CMakeFiles/webpdspdecode.dir/src/dsp/upsampling_sse41.c.o
#62 87.46 [ 19%] Building C object CMakeFiles/webpdspdecode.dir/src/dsp/yuv_sse41.c.o
#62 88.60 [ 19%] Building C object CMakeFiles/webpdspdecode.dir/src/dsp/alpha_processing_sse2.c.o
#62 ...

#65 [libass-builder 6/6] RUN bash -x /src/build.sh
#65 25.79 checking whether /emsdk/upstream/emscripten/emcc accepts -g... yes
#65 26.28 checking for /emsdk/upstream/emscripten/emcc option to enable C11 features... none needed
#65 27.22 checking whether /emsdk/upstream/emscripten/emcc understands -c and -o together... yes
#65 28.11 checking dependency style of /emsdk/upstream/emscripten/emcc... gcc3
#65 28.73 checking for a sed that does not truncate output... /usr/bin/sed
#65 28.77 checking for grep that handles long lines and -e... /usr/bin/grep
#65 28.79 checking for egrep... /usr/bin/grep -E
#65 28.81 checking for fgrep... /usr/bin/grep -F
#65 28.82 checking for ld used by /emsdk/upstream/emscripten/emcc... /emsdk/upstream/emscripten/emcc
#65 29.06 checking if the linker (/emsdk/upstream/emscripten/emcc) is GNU ld... yes
#65 29.29 checking for BSD- or MS-compatible name lister (nm)... /emsdk/upstream/bin/llvm-nm
#65 29.29 checking the name lister (/emsdk/upstream/bin/llvm-nm) interface... BSD nm
#65 29.81 checking whether ln -s works... yes
#65 29.81 checking the maximum length of command line arguments... 1572864
#65 29.87 checking how to convert x86_64-pc-linux-gnu file names to i686-pc-gnu format... func_convert_file_noop
#65 29.87 checking how to convert x86_64-pc-linux-gnu file names to toolchain format... func_convert_file_noop
#65 29.87 checking for /emsdk/upstream/emscripten/emcc option to reload object files... -r
#65 29.87 checking for i686-gnu-objdump... no
#65 29.87 checking for objdump... objdump
#65 29.87 checking how to recognize dependent libraries... pass_all
#65 29.87 checking for i686-gnu-dlltool... no
#65 29.87 checking for dlltool... no
#65 29.87 checking how to associate runtime and link libraries... printf %s\n
#65 29.87 checking for i686-gnu-ar... /emsdk/upstream/emscripten/emar
#65 29.87 checking for archiver @FILE support... @
#65 30.75 checking for i686-gnu-strip... strip
#65 30.76 checking for i686-gnu-ranlib... /emsdk/upstream/emscripten/emranlib
#65 30.76 checking command to parse /emsdk/upstream/bin/llvm-nm output from /emsdk/upstream/emscripten/emcc object... 
#65 ...

#62 [libwebp-builder 4/4] RUN bash -x /src/build.sh
#62 89.70 [ 20%] Building C object CMakeFiles/webpdspdecode.dir/src/dsp/dec_sse2.c.o
#62 90.86 [ 20%] Building C object CMakeFiles/webpdspdecode.dir/src/dsp/filters_sse2.c.o
#62 91.98 [ 21%] Building C object CMakeFiles/webpdspdecode.dir/src/dsp/lossless_sse2.c.o
#62 93.08 [ 22%] Building C object CMakeFiles/webpdspdecode.dir/src/dsp/rescaler_sse2.c.o
#62 94.17 [ 22%] Building C object CMakeFiles/webpdspdecode.dir/src/dsp/upsampling_sse2.c.o
#62 95.24 [ 23%] Building C object CMakeFiles/webpdspdecode.dir/src/dsp/yuv_sse2.c.o
#62 ...

#65 [libass-builder 6/6] RUN bash -x /src/build.sh
#65 30.76 checking command to parse /emsdk/upstream/bin/llvm-nm output from /emsdk/upstream/emscripten/emcc object... ok
#65 34.39 checking for sysroot... no
#65 34.39 checking for a working dd... /usr/bin/dd
#65 34.44 checking how to truncate binary pipes... /usr/bin/dd bs=4096 count=1
#65 34.49 checking for i686-gnu-mt... no
#65 34.49 checking for mt... no
#65 34.49 checking if : is a manifest tool... no
#65 34.53 checking for stdio.h... yes
#65 34.99 checking for stdlib.h... yes
#65 35.47 checking for string.h... yes
#65 35.93 checking for inttypes.h... yes
#65 36.42 checking for stdint.h... yes
#65 36.89 checking for strings.h... yes
#65 37.36 checking for sys/stat.h... yes
#65 37.84 checking for sys/types.h... yes
#65 38.33 checking for unistd.h... yes
#65 38.82 checking for dlfcn.h... yes
#65 39.32 checking for objdir... .libs
#65 42.74 checking if /emsdk/upstream/emscripten/emcc supports -fno-rtti -fno-exceptions... yes
#65 43.23 checking for /emsdk/upstream/emscripten/emcc option to produce PIC... -fPIC -DPIC
#65 43.24 checking if /emsdk/upstream/emscripten/emcc PIC flag -fPIC -DPIC works... yes
#65 43.72 checking if /emsdk/upstream/emscripten/emcc static flag -static works... yes
#65 46.74 checking if /emsdk/upstream/emscripten/emcc supports -c -o file.o... yes
#65 47.36 checking if /emsdk/upstream/emscripten/emcc supports -c -o file.o... (cached) yes
#65 47.36 checking whether the /emsdk/upstream/emscripten/emcc linker (/emsdk/upstream/emscripten/emcc) supports shared libraries... emcc (Emscripten gcc/clang-like replacement + linker emulating GNU ld) 3.1.40 (5c27e79dd0a9c4e27ef2326841698cdd4f6b5784)
#65 47.77 clang version 17.0.0 (https://github.com/llvm/llvm-project 2922e7cd9334797c24a317d41275f1258ef9ddd3)
#65 47.77 Target: wasm32-unknown-emscripten
#65 47.77 Thread model: posix
#65 47.77 InstalledDir: /emsdk/upstream/bin
#65 48.22 yes
#65 48.22 checking dynamic linker characteristics... 
#65 ...

#62 [libwebp-builder 4/4] RUN bash -x /src/build.sh
#62 96.41 [ 23%] Building C object CMakeFiles/webpdspdecode.dir/src/dsp/alpha_processing_neon.c.o
#62 96.98 [ 24%] Building C object CMakeFiles/webpdspdecode.dir/src/dsp/dec_neon.c.o
#62 97.56 [ 24%] Building C object CMakeFiles/webpdspdecode.dir/src/dsp/filters_neon.c.o
#62 98.14 [ 25%] Building C object CMakeFiles/webpdspdecode.dir/src/dsp/lossless_neon.c.o
#62 98.76 [ 25%] Building C object CMakeFiles/webpdspdecode.dir/src/dsp/rescaler_neon.c.o
#62 99.35 [ 26%] Building C object CMakeFiles/webpdspdecode.dir/src/dsp/upsampling_neon.c.o
#62 99.93 [ 27%] Building C object CMakeFiles/webpdspdecode.dir/src/dsp/yuv_neon.c.o
#62 100.5 [ 27%] Building C object CMakeFiles/webpdspdecode.dir/src/dsp/dec_msa.c.o
#62 101.1 [ 28%] Building C object CMakeFiles/webpdspdecode.dir/src/dsp/filters_msa.c.o
#62 101.7 [ 28%] Building C object CMakeFiles/webpdspdecode.dir/src/dsp/lossless_msa.c.o
#62 102.3 [ 29%] Building C object CMakeFiles/webpdspdecode.dir/src/dsp/rescaler_msa.c.o
#62 102.9 [ 29%] Building C object CMakeFiles/webpdspdecode.dir/src/dsp/upsampling_msa.c.o
#62 103.5 [ 30%] Building C object CMakeFiles/webpdspdecode.dir/src/dsp/dec_mips32.c.o
#62 104.1 [ 30%] Building C object CMakeFiles/webpdspdecode.dir/src/dsp/rescaler_mips32.c.o
#62 104.7 [ 31%] Building C object CMakeFiles/webpdspdecode.dir/src/dsp/yuv_mips32.c.o
#62 105.3 [ 32%] Building C object CMakeFiles/webpdspdecode.dir/src/dsp/alpha_processing_mips_dsp_r2.c.o
#62 105.9 [ 32%] Building C object CMakeFiles/webpdspdecode.dir/src/dsp/dec_mips_dsp_r2.c.o
#62 106.5 [ 33%] Building C object CMakeFiles/webpdspdecode.dir/src/dsp/filters_mips_dsp_r2.c.o
#62 107.1 [ 33%] Building C object CMakeFiles/webpdspdecode.dir/src/dsp/lossless_mips_dsp_r2.c.o
#62 107.8 [ 34%] Building C object CMakeFiles/webpdspdecode.dir/src/dsp/rescaler_mips_dsp_r2.c.o
#62 108.4 [ 34%] Building C object CMakeFiles/webpdspdecode.dir/src/dsp/upsampling_mips_dsp_r2.c.o
#62 109.0 [ 35%] Building C object CMakeFiles/webpdspdecode.dir/src/dsp/yuv_mips_dsp_r2.c.o
#62 109.6 [ 35%] Built target webpdspdecode
#62 109.8 [ 36%] Building C object CMakeFiles/webputilsdecode.dir/src/utils/bit_reader_utils.c.o
#62 110.8 [ 37%] Building C object CMakeFiles/webputilsdecode.dir/src/utils/color_cache_utils.c.o
#62 111.5 [ 37%] Building C object CMakeFiles/webputilsdecode.dir/src/utils/filters_utils.c.o
#62 ...

#65 [libass-builder 6/6] RUN bash -x /src/build.sh
#65 48.22 checking dynamic linker characteristics... GNU/Linux ld.so
#65 54.23 checking how to hardcode library paths into programs... immediate
#65 54.23 checking whether stripping libraries is possible... yes
#65 54.25 checking if libtool supports shared libraries... yes
#65 54.25 checking whether to build shared libraries... no
#65 54.25 checking whether to build static libraries... yes
#65 54.25 checking for i686-gnu-gcc... (cached) /emsdk/upstream/emscripten/emcc
#65 55.54 checking whether the compiler supports GNU C... (cached) yes
#65 55.54 checking whether /emsdk/upstream/emscripten/emcc accepts -g... (cached) yes
#65 55.54 checking for /emsdk/upstream/emscripten/emcc option to enable C11 features... (cached) none needed
#65 55.54 checking whether /emsdk/upstream/emscripten/emcc understands -c and -o together... (cached) yes
#65 55.54 checking dependency style of /emsdk/upstream/emscripten/emcc... (cached) gcc3
#65 55.54 checking how to run the C preprocessor... /emsdk/upstream/emscripten/emcc -E
#65 57.18 checking dependency style of /emsdk/upstream/emscripten/emcc... gcc3
#65 57.80 checking for egrep... (cached) /usr/bin/grep -E
#65 57.80 checking for _Bool... yes
#65 58.90 checking for stdbool.h that conforms to C99... yes
#65 59.63 checking for stdint.h... (cached) yes
#65 59.63 checking for iconv.h... yes
#65 60.12 checking for strdup... yes
#65 63.23 checking for strndup... 
#65 ...

#62 [libwebp-builder 4/4] RUN bash -x /src/build.sh
#62 112.4 [ 38%] Building C object CMakeFiles/webputilsdecode.dir/src/utils/huffman_utils.c.o
#62 113.5 [ 38%] Building C object CMakeFiles/webputilsdecode.dir/src/utils/quant_levels_dec_utils.c.o
#62 114.6 [ 39%] Building C object CMakeFiles/webputilsdecode.dir/src/utils/rescaler_utils.c.o
#62 115.5 [ 39%] Building C object CMakeFiles/webputilsdecode.dir/src/utils/random_utils.c.o
#62 116.2 [ 40%] Building C object CMakeFiles/webputilsdecode.dir/src/utils/thread_utils.c.o
#62 117.1 [ 41%] Building C object CMakeFiles/webputilsdecode.dir/src/utils/utils.c.o
#62 118.0 [ 41%] Built target webputilsdecode
#62 118.2 [ 41%] Linking C static library libwebpdecoder.a
#62 118.6 [ 41%] Built target webpdecoder
#62 118.7 [ 41%] Building C object CMakeFiles/webpencode.dir/src/enc/alpha_enc.c.o
#62 119.8 [ 42%] Building C object CMakeFiles/webpencode.dir/src/enc/analysis_enc.c.o
#62 121.0 [ 43%] Building C object CMakeFiles/webpencode.dir/src/enc/backward_references_cost_enc.c.o
#62 122.2 [ 43%] Building C object CMakeFiles/webpencode.dir/src/enc/backward_references_enc.c.o
#62 123.6 [ 44%] Building C object CMakeFiles/webpencode.dir/src/enc/config_enc.c.o
#62 ...

#65 [libass-builder 6/6] RUN bash -x /src/build.sh
#65 63.23 checking for strndup... yes
#65 66.30 checking for library containing libiconv_open... no
#65 67.75 checking for library containing iconv_open... none required
#65 70.77 checking for fabs in -lm... yes
#65 73.88 checking for i686-gnu-pkg-config... no
#65 73.88 checking for pkg-config... /usr/bin/pkg-config
#65 73.88 checking pkg-config is at least version 0.9.0... yes
#65 73.90 checking for freetype2 >= 9.10.3... yes
#65 73.97 checking for fribidi >= 0.19.0... yes
#65 74.04 checking for CORETEXT... no
#65 75.02 checking for DIRECTWRITE... no
#65 75.51 checking for harfbuzz >= 1.2.3... yes
#65 75.58 checking whether make supports nested variables... (cached) yes
#65 75.68 checking that generated files are newer than configure... done
#65 75.68 configure: creating ./config.status
#65 ...

#62 [libwebp-builder 4/4] RUN bash -x /src/build.sh
#62 124.4 [ 44%] Building C object CMakeFiles/webpencode.dir/src/enc/cost_enc.c.o
#62 125.4 [ 45%] Building C object CMakeFiles/webpencode.dir/src/enc/filter_enc.c.o
#62 126.4 [ 45%] Building C object CMakeFiles/webpencode.dir/src/enc/frame_enc.c.o
#62 127.5 [ 46%] Building C object CMakeFiles/webpencode.dir/src/enc/histogram_enc.c.o
#62 128.8 [ 47%] Building C object CMakeFiles/webpencode.dir/src/enc/iterator_enc.c.o
#62 129.9 [ 47%] Building C object CMakeFiles/webpencode.dir/src/enc/near_lossless_enc.c.o
#62 130.9 [ 48%] Building C object CMakeFiles/webpencode.dir/src/enc/picture_enc.c.o
#62 131.9 [ 48%] Building C object CMakeFiles/webpencode.dir/src/enc/picture_csp_enc.c.o
#62 133.1 [ 49%] Building C object CMakeFiles/webpencode.dir/src/enc/picture_psnr_enc.c.o
#62 134.2 [ 49%] Building C object CMakeFiles/webpencode.dir/src/enc/picture_rescale_enc.c.o
#62 135.1 [ 50%] Building C object CMakeFiles/webpencode.dir/src/enc/picture_tools_enc.c.o
#62 136.3 [ 50%] Building C object CMakeFiles/webpencode.dir/src/enc/predictor_enc.c.o
#62 ...

#65 [libass-builder 6/6] RUN bash -x /src/build.sh
#65 79.44 config.status: creating Makefile
#65 79.55 config.status: creating libass/Makefile
#65 79.69 config.status: creating test/Makefile
#65 79.85 config.status: creating compare/Makefile
#65 80.00 config.status: creating profile/Makefile
#65 80.14 config.status: creating libass.pc
#65 80.26 config.status: creating config.h
#65 80.35 config.status: executing depfiles commands
#65 82.25 config.status: executing libtool commands
#65 82.54 + emmake make install -j2
#65 82.67 make: make install -j2
#65 82.75 Making install in libass
#65 82.78 make[1]: Entering directory '/src/libass'
#65 82.81   CC       ass.lo
#65 82.81   CC       ass_utils.lo
#65 83.97   CC       ass_string.lo
#65 84.24   CC       ass_strtod.lo
#65 84.87   CC       ass_library.lo
#65 85.31   CC       ass_cache.lo
#65 85.93   CC       ass_font.lo
#65 86.53   CC       ass_fontselect.lo
#65 87.33   CC       ass_render.lo
#65 88.07   CC       ass_render_api.lo
#65 89.10   CC       ass_parse.lo
#65 89.23   CC       ass_shaper.lo
#65 ...

#62 [libwebp-builder 4/4] RUN bash -x /src/build.sh
#62 137.5 [ 51%] Building C object CMakeFiles/webpencode.dir/src/enc/quant_enc.c.o
#62 138.8 [ 52%] Building C object CMakeFiles/webpencode.dir/src/enc/syntax_enc.c.o
#62 139.9 [ 52%] Building C object CMakeFiles/webpencode.dir/src/enc/token_enc.c.o
#62 140.9 [ 53%] Building C object CMakeFiles/webpencode.dir/src/enc/tree_enc.c.o
#62 141.8 [ 53%] Building C object CMakeFiles/webpencode.dir/src/enc/vp8l_enc.c.o
#62 143.2 [ 54%] Building C object CMakeFiles/webpencode.dir/src/enc/webp_enc.c.o
#62 144.2 [ 54%] Built target webpencode
#62 144.4 [ 55%] Building C object CMakeFiles/webpdsp.dir/src/dsp/alpha_processing.c.o
#62 145.7 [ 55%] Building C object CMakeFiles/webpdsp.dir/src/dsp/cpu.c.o
#62 146.4 [ 56%] Building C object CMakeFiles/webpdsp.dir/src/dsp/dec.c.o
#62 147.6 [ 56%] Building C object CMakeFiles/webpdsp.dir/src/dsp/dec_clip_tables.c.o
#62 148.1 [ 57%] Building C object CMakeFiles/webpdsp.dir/src/dsp/filters.c.o
#62 ...

#65 [libass-builder 6/6] RUN bash -x /src/build.sh
#65 90.53   CC       ass_outline.lo
#65 90.53   CC       ass_drawing.lo
#65 91.68   CC       ass_rasterizer.lo
#65 91.98   CC       ass_rasterizer_c.lo
#65 92.99   CC       ass_bitmap.lo
#65 93.25   CC       ass_blur.lo
#65 94.77   CCLD     libass.la
#65 95.69 make[2]: Entering directory '/src/libass'
#65 95.72  /usr/bin/mkdir -p '/opt/include/ass'
#65 95.72  /usr/bin/mkdir -p '/opt/lib'
#65 95.73  /bin/bash ../libtool   --mode=install /usr/bin/install -c   libass.la '/opt/lib'
#65 95.75  /usr/bin/install -c -m 644 ass.h ass_types.h '/opt/include/ass'
#65 95.82 libtool: install: /usr/bin/install -c .libs/libass.lai /opt/lib/libass.la
#65 95.83 libtool: install: /usr/bin/install -c .libs/libass.a /opt/lib/libass.a
#65 95.85 libtool: install: chmod 644 /opt/lib/libass.a
#65 95.86 libtool: install: /emsdk/upstream/emscripten/emranlib /opt/lib/libass.a
#65 96.10 libtool: finish: PATH="/emsdk/upstream/emscripten/cache/sysroot/bin:/emsdk:/emsdk/upstream/emscripten:/emsdk/upstream/bin:/emsdk/node/15.14.0_64bit/bin:/usr/local/sbin:/usr/local/bin:/usr/sbin:/usr/bin:/sbin:/bin:/sbin" ldconfig -n /opt/lib
#65 96.13 ----------------------------------------------------------------------
#65 96.13 Libraries have been installed in:
#65 96.13    /opt/lib
#65 96.13 
#65 96.13 If you ever happen to want to link against installed libraries
#65 96.13 in a given directory, LIBDIR, you must either use libtool, and
#65 96.13 specify the full pathname of the library, or use the '-LLIBDIR'
#65 96.13 flag during linking and do at least one of the following:
#65 96.13    - add LIBDIR to the 'LD_LIBRARY_PATH' environment variable
#65 96.13      during execution
#65 96.13    - add LIBDIR to the 'LD_RUN_PATH' environment variable
#65 96.13      during linking
#65 96.13    - use the '-Wl,-rpath -Wl,LIBDIR' linker flag
#65 96.13    - have your system administrator add LIBDIR to '/etc/ld.so.conf'
#65 96.13 
#65 96.13 See any operating system documentation about shared libraries for
#65 96.13 more information, such as the ld(1) and ld.so(8) manual pages.
#65 96.13 ----------------------------------------------------------------------
#65 96.13 make[2]: Leaving directory '/src/libass'
#65 96.13 make[1]: Leaving directory '/src/libass'
#65 96.16 make[1]: Entering directory '/src'
#65 96.26 make[2]: Entering directory '/src'
#65 96.26 make[2]: Nothing to be done for 'install-exec-am'.
#65 96.28  /usr/bin/mkdir -p '/opt/lib/pkgconfig'
#65 96.31  /usr/bin/install -c -m 644 libass.pc '/opt/lib/pkgconfig'
#65 96.33 make[2]: Leaving directory '/src'
#65 96.33 make[1]: Leaving directory '/src'
#65 DONE 96.5s

#66 [ffmpeg-base  8/12] COPY --from=theora-builder /opt /opt
#66 DONE 0.1s

#67 [ffmpeg-base  9/12] COPY --from=vorbis-builder /opt /opt
#67 DONE 0.1s

#62 [libwebp-builder 4/4] RUN bash -x /src/build.sh
#62 149.2 [ 57%] Building C object CMakeFiles/webpdsp.dir/src/dsp/lossless.c.o
#62 150.4 [ 58%] Building C object CMakeFiles/webpdsp.dir/src/dsp/rescaler.c.o
#62 151.4 [ 59%] Building C object CMakeFiles/webpdsp.dir/src/dsp/upsampling.c.o
#62 152.5 [ 59%] Building C object CMakeFiles/webpdsp.dir/src/dsp/yuv.c.o
#62 153.9 [ 60%] Building C object CMakeFiles/webpdsp.dir/src/dsp/alpha_processing_sse41.c.o
#62 154.9 [ 60%] Building C object CMakeFiles/webpdsp.dir/src/dsp/dec_sse41.c.o
#62 155.7 [ 61%] Building C object CMakeFiles/webpdsp.dir/src/dsp/lossless_sse41.c.o
#62 156.6 [ 61%] Building C object CMakeFiles/webpdsp.dir/src/dsp/upsampling_sse41.c.o
#62 157.6 [ 62%] Building C object CMakeFiles/webpdsp.dir/src/dsp/yuv_sse41.c.o
#62 158.7 [ 63%] Building C object CMakeFiles/webpdsp.dir/src/dsp/alpha_processing_sse2.c.o
#62 159.8 [ 63%] Building C object CMakeFiles/webpdsp.dir/src/dsp/dec_sse2.c.o
#62 160.9 [ 64%] Building C object CMakeFiles/webpdsp.dir/src/dsp/filters_sse2.c.o
#62 162.0 [ 64%] Building C object CMakeFiles/webpdsp.dir/src/dsp/lossless_sse2.c.o
#62 163.1 [ 65%] Building C object CMakeFiles/webpdsp.dir/src/dsp/rescaler_sse2.c.o
#62 164.2 [ 65%] Building C object CMakeFiles/webpdsp.dir/src/dsp/upsampling_sse2.c.o
#62 165.2 [ 66%] Building C object CMakeFiles/webpdsp.dir/src/dsp/yuv_sse2.c.o
#62 166.4 [ 66%] Building C object CMakeFiles/webpdsp.dir/src/dsp/alpha_processing_neon.c.o
#62 167.0 [ 67%] Building C object CMakeFiles/webpdsp.dir/src/dsp/dec_neon.c.o
#62 167.6 [ 68%] Building C object CMakeFiles/webpdsp.dir/src/dsp/filters_neon.c.o
#62 168.2 [ 68%] Building C object CMakeFiles/webpdsp.dir/src/dsp/lossless_neon.c.o
#62 168.8 [ 69%] Building C object CMakeFiles/webpdsp.dir/src/dsp/rescaler_neon.c.o
#62 169.4 [ 69%] Building C object CMakeFiles/webpdsp.dir/src/dsp/upsampling_neon.c.o
#62 170.0 [ 70%] Building C object CMakeFiles/webpdsp.dir/src/dsp/yuv_neon.c.o
#62 170.6 [ 70%] Building C object CMakeFiles/webpdsp.dir/src/dsp/dec_msa.c.o
#62 171.2 [ 71%] Building C object CMakeFiles/webpdsp.dir/src/dsp/filters_msa.c.o
#62 171.8 [ 71%] Building C object CMakeFiles/webpdsp.dir/src/dsp/lossless_msa.c.o
#62 172.4 [ 72%] Building C object CMakeFiles/webpdsp.dir/src/dsp/rescaler_msa.c.o
#62 173.0 [ 73%] Building C object CMakeFiles/webpdsp.dir/src/dsp/upsampling_msa.c.o
#62 173.5 [ 73%] Building C object CMakeFiles/webpdsp.dir/src/dsp/dec_mips32.c.o
#62 174.1 [ 74%] Building C object CMakeFiles/webpdsp.dir/src/dsp/rescaler_mips32.c.o
#62 174.7 [ 74%] Building C object CMakeFiles/webpdsp.dir/src/dsp/yuv_mips32.c.o
#62 175.3 [ 75%] Building C object CMakeFiles/webpdsp.dir/src/dsp/alpha_processing_mips_dsp_r2.c.o
#62 175.9 [ 75%] Building C object CMakeFiles/webpdsp.dir/src/dsp/dec_mips_dsp_r2.c.o
#62 176.5 [ 76%] Building C object CMakeFiles/webpdsp.dir/src/dsp/filters_mips_dsp_r2.c.o
#62 177.1 [ 76%] Building C object CMakeFiles/webpdsp.dir/src/dsp/lossless_mips_dsp_r2.c.o
#62 177.7 [ 77%] Building C object CMakeFiles/webpdsp.dir/src/dsp/rescaler_mips_dsp_r2.c.o
#62 178.2 [ 78%] Building C object CMakeFiles/webpdsp.dir/src/dsp/upsampling_mips_dsp_r2.c.o
#62 178.9 [ 78%] Building C object CMakeFiles/webpdsp.dir/src/dsp/yuv_mips_dsp_r2.c.o
#62 179.4 [ 79%] Building C object CMakeFiles/webpdsp.dir/src/dsp/cost.c.o
#62 180.4 [ 79%] Building C object CMakeFiles/webpdsp.dir/src/dsp/enc.c.o
#62 181.6 [ 80%] Building C object CMakeFiles/webpdsp.dir/src/dsp/lossless_enc.c.o
#62 182.7 [ 80%] Building C object CMakeFiles/webpdsp.dir/src/dsp/ssim.c.o
#62 183.7 [ 81%] Building C object CMakeFiles/webpdsp.dir/src/dsp/cost_sse2.c.o
#62 184.6 [ 82%] Building C object CMakeFiles/webpdsp.dir/src/dsp/enc_sse2.c.o
#62 185.7 [ 82%] Building C object CMakeFiles/webpdsp.dir/src/dsp/lossless_enc_sse2.c.o
#62 186.8 [ 83%] Building C object CMakeFiles/webpdsp.dir/src/dsp/ssim_sse2.c.o
#62 187.8 [ 83%] Building C object CMakeFiles/webpdsp.dir/src/dsp/enc_sse41.c.o
#62 188.8 [ 84%] Building C object CMakeFiles/webpdsp.dir/src/dsp/lossless_enc_sse41.c.o
#62 189.8 [ 84%] Building C object CMakeFiles/webpdsp.dir/src/dsp/cost_neon.c.o
#62 190.3 [ 85%] Building C object CMakeFiles/webpdsp.dir/src/dsp/enc_neon.c.o
#62 190.9 [ 85%] Building C object CMakeFiles/webpdsp.dir/src/dsp/lossless_enc_neon.c.o
#62 191.5 [ 86%] Building C object CMakeFiles/webpdsp.dir/src/dsp/enc_msa.c.o
#62 192.0 [ 87%] Building C object CMakeFiles/webpdsp.dir/src/dsp/lossless_enc_msa.c.o
#62 192.6 [ 87%] Building C object CMakeFiles/webpdsp.dir/src/dsp/cost_mips32.c.o
#62 193.1 [ 88%] Building C object CMakeFiles/webpdsp.dir/src/dsp/enc_mips32.c.o
#62 193.7 [ 88%] Building C object CMakeFiles/webpdsp.dir/src/dsp/lossless_enc_mips32.c.o
#62 194.3 [ 89%] Building C object CMakeFiles/webpdsp.dir/src/dsp/cost_mips_dsp_r2.c.o
#62 194.9 [ 89%] Building C object CMakeFiles/webpdsp.dir/src/dsp/enc_mips_dsp_r2.c.o
#62 195.5 [ 90%] Building C object CMakeFiles/webpdsp.dir/src/dsp/lossless_enc_mips_dsp_r2.c.o
#62 196.1 [ 90%] Built target webpdsp
#62 196.2 [ 90%] Building C object CMakeFiles/webputils.dir/src/utils/bit_reader_utils.c.o
#62 197.1 [ 91%] Building C object CMakeFiles/webputils.dir/src/utils/color_cache_utils.c.o
#62 197.9 [ 91%] Building C object CMakeFiles/webputils.dir/src/utils/filters_utils.c.o
#62 198.8 [ 92%] Building C object CMakeFiles/webputils.dir/src/utils/huffman_utils.c.o
#62 199.8 [ 93%] Building C object CMakeFiles/webputils.dir/src/utils/quant_levels_dec_utils.c.o
#62 200.9 [ 93%] Building C object CMakeFiles/webputils.dir/src/utils/rescaler_utils.c.o
#62 201.8 [ 94%] Building C object CMakeFiles/webputils.dir/src/utils/random_utils.c.o
#62 202.5 [ 94%] Building C object CMakeFiles/webputils.dir/src/utils/thread_utils.c.o
#62 203.3 [ 95%] Building C object CMakeFiles/webputils.dir/src/utils/utils.c.o
#62 204.2 [ 95%] Building C object CMakeFiles/webputils.dir/src/utils/bit_writer_utils.c.o
#62 205.1 [ 96%] Building C object CMakeFiles/webputils.dir/src/utils/huffman_encode_utils.c.o
#62 206.2 [ 96%] Building C object CMakeFiles/webputils.dir/src/utils/quant_levels_utils.c.o
#62 207.1 [ 96%] Built target webputils
#62 207.3 [ 96%] Linking C static library libwebp.a
#62 207.7 [ 96%] Built target webp
#62 207.9 [ 97%] Building C object CMakeFiles/webpdemux.dir/src/demux/anim_decode.c.o
#62 208.9 [ 98%] Building C object CMakeFiles/webpdemux.dir/src/demux/demux.c.o
#62 209.9 [ 98%] Linking C static library libwebpdemux.a
#62 210.4 [ 98%] Built target webpdemux
#62 210.5 [ 98%] Building C object CMakeFiles/libwebpmux.dir/src/mux/anim_encode.c.o
#62 211.7 [ 99%] Building C object CMakeFiles/libwebpmux.dir/src/mux/muxedit.c.o
#62 212.7 [ 99%] Building C object CMakeFiles/libwebpmux.dir/src/mux/muxinternal.c.o
#62 213.7 [100%] Building C object CMakeFiles/libwebpmux.dir/src/mux/muxread.c.o
#62 214.7 [100%] Linking C static library libwebpmux.a
#62 215.2 [100%] Built target libwebpmux
#62 215.3 Install the project...
#62 215.3 -- Install configuration: "Release"
#62 215.3 -- Installing: /opt/lib/pkgconfig/libsharpyuv.pc
#62 215.3 -- Installing: /opt/lib/libsharpyuv.a
#62 215.3 -- Installing: /opt/include/webp/sharpyuv/sharpyuv.h
#62 215.3 -- Installing: /opt/include/webp/sharpyuv/sharpyuv_csp.h
#62 215.3 -- Installing: /opt/lib/pkgconfig/libwebpdecoder.pc
#62 215.3 -- Installing: /opt/lib/pkgconfig/libwebp.pc
#62 215.3 -- Installing: /opt/lib/pkgconfig/libwebpdemux.pc
#62 215.3 -- Installing: /opt/lib/pkgconfig/libwebpmux.pc
#62 215.3 -- Installing: /opt/lib/libwebpdecoder.a
#62 215.3 -- Installing: /opt/include/webp/decode.h
#62 215.3 -- Installing: /opt/include/webp/types.h
#62 215.3 -- Installing: /opt/lib/libwebp.a
#62 215.3 -- Up-to-date: /opt/include/webp/decode.h
#62 215.3 -- Installing: /opt/include/webp/encode.h
#62 215.3 -- Up-to-date: /opt/include/webp/types.h
#62 215.3 -- Installing: /opt/lib/libwebpdemux.a
#62 215.3 -- Up-to-date: /opt/include/webp/decode.h
#62 215.3 -- Installing: /opt/include/webp/demux.h
#62 215.3 -- Installing: /opt/include/webp/mux_types.h
#62 215.3 -- Up-to-date: /opt/include/webp/types.h
#62 215.3 -- Installing: /opt/lib/libwebpmux.a
#62 215.3 -- Installing: /opt/include/webp/mux.h
#62 215.3 -- Up-to-date: /opt/include/webp/mux_types.h
#62 215.3 -- Up-to-date: /opt/include/webp/types.h
#62 215.3 -- Installing: /opt/share/WebP/cmake/WebPTargets.cmake
#62 215.3 -- Installing: /opt/share/WebP/cmake/WebPTargets-release.cmake
#62 215.3 -- Installing: /opt/share/WebP/cmake/WebPConfigVersion.cmake
#62 215.3 -- Installing: /opt/share/WebP/cmake/WebPConfig.cmake
#62 DONE 215.4s

#68 [ffmpeg-base 10/12] COPY --from=libwebp-builder /opt /opt
#68 DONE 0.1s

#69 [ffmpeg-base 11/12] COPY --from=libass-builder /opt /opt
#69 DONE 0.0s

#70 [ffmpeg-base 12/12] COPY --from=zimg-builder /opt /opt
#70 DONE 0.0s

#71 [ffmpeg-builder 1/2] COPY build/ffmpeg.sh /src/build.sh
#71 DONE 0.0s

#72 [ffmpeg-builder 2/2] RUN bash -x /src/build.sh       --enable-gpl       --enable-libx264       --enable-libx265       --enable-libvpx       --enable-libmp3lame       --enable-libtheora       --enable-libvorbis       --enable-libopus       --enable-zlib       --enable-libwebp       --enable-libfreetype       --enable-libfribidi       --enable-libass       --enable-libzimg
#72 0.075 + set -euo pipefail
#72 0.076 + CONF_FLAGS=(--target-os=none --arch=x86_32 --enable-cross-compile --disable-asm --disable-stripping --disable-programs --disable-doc --disable-debug --disable-runtime-cpudetect --disable-autodetect --nm=emnm --ar=emar --ranlib=emranlib --cc=emcc --cxx=em++ --objcc=emcc --dep-cc=emcc --extra-cflags="$CFLAGS" --extra-cxxflags="$CXXFLAGS" ${FFMPEG_ST:+ --disable-pthreads --disable-w32threads --disable-os2threads})
#72 0.080 + emconfigure ./configure --target-os=none --arch=x86_32 --enable-cross-compile --disable-asm --disable-stripping --disable-programs --disable-doc --disable-debug --disable-runtime-cpudetect --disable-autodetect --nm=emnm --ar=emar --ranlib=emranlib --cc=emcc --cxx=em++ --objcc=emcc --dep-cc=emcc '--extra-cflags=-I/opt/include  -O3 -msimd128' '--extra-cxxflags=-I/opt/include  -O3 -msimd128' --disable-pthreads --disable-w32threads --disable-os2threads --enable-gpl --enable-libx264 --enable-libx265 --enable-libvpx --enable-libmp3lame --enable-libtheora --enable-libvorbis --enable-libopus --enable-zlib --enable-libwebp --enable-libfreetype --enable-libfribidi --enable-libass --enable-libzimg
#72 0.217 configure: ./configure --target-os=none --arch=x86_32 --enable-cross-compile --disable-asm --disable-stripping --disable-programs --disable-doc --disable-debug --disable-runtime-cpudetect --disable-autodetect --nm=emnm --ar=emar --ranlib=emranlib --cc=emcc --cxx=em++ --objcc=emcc --dep-cc=emcc "--extra-cflags=-I/opt/include  -O3 -msimd128" "--extra-cxxflags=-I/opt/include  -O3 -msimd128" --disable-pthreads --disable-w32threads --disable-os2threads --enable-gpl --enable-libx264 --enable-libx265 --enable-libvpx --enable-libmp3lame --enable-libtheora --enable-libvorbis --enable-libopus --enable-zlib --enable-libwebp --enable-libfreetype --enable-libfribidi --enable-libass --enable-libzimg
#72 400.9 install prefix            /usr/local
#72 400.9 source path               .
#72 400.9 C compiler                emcc
#72 400.9 C library                 
#72 400.9 host C compiler           gcc
#72 400.9 host C library            glibc
#72 400.9 ARCH                      c (generic)
#72 400.9 big-endian                no
#72 400.9 runtime cpu detection     no
#72 400.9 debug symbols             no
#72 400.9 strip symbols             no
#72 400.9 optimize for size         no
#72 400.9 optimizations             yes
#72 400.9 static                    yes
#72 400.9 shared                    no
#72 400.9 postprocessing support    yes
#72 400.9 network support           yes
#72 400.9 threading support         no
#72 400.9 safe bitstream reader     yes
#72 400.9 texi2html enabled         no
#72 400.9 perl enabled              yes
#72 400.9 pod2man enabled           yes
#72 400.9 makeinfo enabled          no
#72 400.9 makeinfo supports HTML    no
#72 400.9 xmllint enabled           no
#72 400.9 
#72 400.9 External libraries:
#72 400.9 iconv                   libopus                 libx264
#72 400.9 libass                  libtheora               libx265
#72 400.9 libfreetype             libvorbis               libzimg
#72 400.9 libfribidi              libvpx                  zlib
#72 400.9 libmp3lame              libwebp
#72 400.9 
#72 400.9 External libraries providing hardware acceleration:
#72 400.9 
#72 400.9 Libraries:
#72 400.9 avcodec                 avformat                swresample
#72 400.9 avdevice                avutil                  swscale
#72 400.9 avfilter                postproc
#72 400.9 
#72 400.9 Programs:
#72 401.0 
#72 401.0 Enabled decoders:
#72 401.0 aac                     fic                     pfm
#72 401.0 aac_fixed               fits                    pgm
#72 401.0 aac_latm                flac                    pgmyuv
#72 401.0 aasc                    flashsv                 pgssub
#72 401.0 ac3                     flashsv2                pgx
#72 401.0 ac3_fixed               flic                    phm
#72 401.0 acelp_kelvin            flv                     photocd
#72 401.0 adpcm_4xm               fmvc                    pictor
#72 401.0 adpcm_adx               fourxm                  pixlet
#72 401.0 adpcm_afc               fraps                   pjs
#72 401.0 adpcm_agm               frwu                    png
#72 401.0 adpcm_aica              g2m                     ppm
#72 401.0 adpcm_argo              g723_1                  prores
#72 401.0 adpcm_ct                g729                    prosumer
#72 401.0 adpcm_dtk               gdv                     psd
#72 401.0 adpcm_ea                gem                     ptx
#72 401.0 adpcm_ea_maxis_xa       gif                     qcelp
#72 401.0 adpcm_ea_r1             gremlin_dpcm            qdm2
#72 401.0 adpcm_ea_r2             gsm                     qdmc
#72 401.0 adpcm_ea_r3             gsm_ms                  qdraw
#72 401.0 adpcm_ea_xas            h261                    qoi
#72 401.0 adpcm_g722              h263                    qpeg
#72 401.0 adpcm_g726              h263i                   qtrle
#72 401.0 adpcm_g726le            h263p                   r10k
#72 401.0 adpcm_ima_acorn         h264                    r210
#72 401.0 adpcm_ima_alp           hap                     ra_144
#72 401.0 adpcm_ima_amv           hca                     ra_288
#72 401.0 adpcm_ima_apc           hcom                    ralf
#72 401.0 adpcm_ima_apm           hevc                    rasc
#72 401.0 adpcm_ima_cunning       hnm4_video              rawvideo
#72 401.0 adpcm_ima_dat4          hq_hqa                  realtext
#72 401.0 adpcm_ima_dk3           hqx                     rl2
#72 401.0 adpcm_ima_dk4           huffyuv                 roq
#72 401.0 adpcm_ima_ea_eacs       hymt                    roq_dpcm
#72 401.0 adpcm_ima_ea_sead       iac                     rpza
#72 401.0 adpcm_ima_iss           idcin                   rscc
#72 401.0 adpcm_ima_moflex        idf                     rv10
#72 401.0 adpcm_ima_mtf           iff_ilbm                rv20
#72 401.0 adpcm_ima_oki           ilbc                    rv30
#72 401.0 adpcm_ima_qt            imc                     rv40
#72 401.0 adpcm_ima_rad           imm4                    s302m
#72 401.0 adpcm_ima_smjpeg        imm5                    sami
#72 401.0 adpcm_ima_ssi           indeo2                  sanm
#72 401.0 adpcm_ima_wav           indeo3                  sbc
#72 401.0 adpcm_ima_ws            indeo4                  scpr
#72 401.0 adpcm_ms                indeo5                  screenpresso
#72 401.0 adpcm_mtaf              interplay_acm           sdx2_dpcm
#72 401.0 adpcm_psx               interplay_dpcm          sga
#72 401.0 adpcm_sbpro_2           interplay_video         sgi
#72 401.0 adpcm_sbpro_3           ipu                     sgirle
#72 401.0 adpcm_sbpro_4           jacosub                 sheervideo
#72 401.0 adpcm_swf               jpeg2000                shorten
#72 401.0 adpcm_thp               jpegls                  simbiosis_imx
#72 401.0 adpcm_thp_le            jv                      sipr
#72 401.0 adpcm_vima              kgv1                    siren
#72 401.0 adpcm_xa                kmvc                    smackaud
#72 401.0 adpcm_yamaha            lagarith                smacker
#72 401.0 adpcm_zork              libopus                 smc
#72 401.0 agm                     libvorbis               smvjpeg
#72 401.0 aic                     libvpx_vp8              snow
#72 401.0 alac                    libvpx_vp9              sol_dpcm
#72 401.0 alias_pix               loco                    sonic
#72 401.0 als                     lscr                    sp5x
#72 401.0 amrnb                   m101                    speedhq
#72 401.0 amrwb                   mace3                   speex
#72 401.0 amv                     mace6                   srgc
#72 401.0 anm                     magicyuv                srt
#72 401.0 ansi                    mdec                    ssa
#72 401.0 ape                     metasound               stl
#72 401.0 apng                    microdvd                subrip
#72 401.0 aptx                    mimic                   subviewer
#72 401.0 aptx_hd                 mjpeg                   subviewer1
#72 401.0 arbc                    mjpegb                  sunrast
#72 401.0 argo                    mlp                     svq1
#72 401.0 ass                     mmvideo                 svq3
#72 401.0 asv1                    mobiclip                tak
#72 401.0 asv2                    motionpixels            targa
#72 401.0 atrac1                  movtext                 targa_y216
#72 401.0 atrac3                  mp1                     tdsc
#72 401.0 atrac3al                mp1float                text
#72 401.0 atrac3p                 mp2                     theora
#72 401.0 atrac3pal               mp2float                thp
#72 401.0 atrac9                  mp3                     tiertexseqvideo
#72 401.0 aura                    mp3adu                  tiff
#72 401.0 aura2                   mp3adufloat             tmv
#72 401.0 av1                     mp3float                truehd
#72 401.0 avrn                    mp3on4                  truemotion1
#72 401.0 avrp                    mp3on4float             truemotion2
#72 401.0 avs                     mpc7                    truemotion2rt
#72 401.0 avui                    mpc8                    truespeech
#72 401.0 ayuv                    mpeg1video              tscc
#72 401.0 bethsoftvid             mpeg2video              tscc2
#72 401.0 bfi                     mpeg4                   tta
#72 401.0 bink                    mpegvideo               twinvq
#72 401.0 binkaudio_dct           mpl2                    txd
#72 401.0 binkaudio_rdft          msa1                    ulti
#72 401.0 bintext                 mscc                    utvideo
#72 401.0 bitpacked               msmpeg4v1               v210
#72 401.0 bmp                     msmpeg4v2               v210x
#72 401.0 bmv_audio               msmpeg4v3               v308
#72 401.0 bmv_video               msnsiren                v408
#72 401.0 brender_pix             msp2                    v410
#72 401.0 c93                     msrle                   vb
#72 401.0 cavs                    mss1                    vble
#72 401.0 ccaption                mss2                    vbn
#72 401.0 cdgraphics              msvideo1                vc1
#72 401.0 cdtoons                 mszh                    vc1image
#72 401.0 cdxl                    mts2                    vcr1
#72 401.0 cfhd                    mv30                    vmdaudio
#72 401.0 cinepak                 mvc1                    vmdvideo
#72 401.0 clearvideo              mvc2                    vmnc
#72 401.0 cljr                    mvdv                    vorbis
#72 401.0 cllc                    mvha                    vp3
#72 401.0 comfortnoise            mwsc                    vp4
#72 401.0 cook                    mxpeg                   vp5
#72 401.0 cpia                    nellymoser              vp6
#72 401.0 cri                     notchlc                 vp6a
#72 401.0 cscd                    nuv                     vp6f
#72 401.0 cyuv                    on2avc                  vp7
#72 401.0 dca                     opus                    vp8
#72 401.0 dds                     paf_audio               vp9
#72 401.0 derf_dpcm               paf_video               vplayer
#72 401.0 dfa                     pam                     vqa
#72 401.0 dfpwm                   pbm                     wavpack
#72 401.0 dirac                   pcm_alaw                wcmv
#72 401.0 dnxhd                   pcm_bluray              webp
#72 401.0 dolby_e                 pcm_dvd                 webvtt
#72 401.0 dpx                     pcm_f16le               wmalossless
#72 401.0 dsd_lsbf                pcm_f24le               wmapro
#72 401.0 dsd_lsbf_planar         pcm_f32be               wmav1
#72 401.0 dsd_msbf                pcm_f32le               wmav2
#72 401.0 dsd_msbf_planar         pcm_f64be               wmavoice
#72 401.0 dsicinaudio             pcm_f64le               wmv1
#72 401.0 dsicinvideo             pcm_lxf                 wmv2
#72 401.0 dss_sp                  pcm_mulaw               wmv3
#72 401.0 dst                     pcm_s16be               wmv3image
#72 401.0 dvaudio                 pcm_s16be_planar        wnv1
#72 401.0 dvbsub                  pcm_s16le               wrapped_avframe
#72 401.0 dvdsub                  pcm_s16le_planar        ws_snd1
#72 401.0 dvvideo                 pcm_s24be               xan_dpcm
#72 401.0 dxa                     pcm_s24daud             xan_wc3
#72 401.0 dxtory                  pcm_s24le               xan_wc4
#72 401.0 dxv                     pcm_s24le_planar        xbin
#72 401.0 eac3                    pcm_s32be               xbm
#72 401.0 eacmv                   pcm_s32le               xface
#72 401.0 eamad                   pcm_s32le_planar        xl
#72 401.0 eatgq                   pcm_s64be               xma1
#72 401.0 eatgv                   pcm_s64le               xma2
#72 401.0 eatqi                   pcm_s8                  xpm
#72 401.0 eightbps                pcm_s8_planar           xsub
#72 401.0 eightsvx_exp            pcm_sga                 xwd
#72 401.0 eightsvx_fib            pcm_u16be               y41p
#72 401.0 escape124               pcm_u16le               ylc
#72 401.0 escape130               pcm_u24be               yop
#72 401.0 evrc                    pcm_u24le               yuv4
#72 401.0 exr                     pcm_u32be               zero12v
#72 401.0 fastaudio               pcm_u32le               zerocodec
#72 401.0 ffv1                    pcm_u8                  zlib
#72 401.0 ffvhuff                 pcm_vidc                zmbv
#72 401.0 ffwavesynth             pcx
#72 401.0 
#72 401.0 Enabled encoders:
#72 401.1 a64multi                libmp3lame              pgmyuv
#72 401.1 a64multi5               libopus                 phm
#72 401.1 aac                     libtheora               png
#72 401.1 ac3                     libvorbis               ppm
#72 401.1 ac3_fixed               libvpx_vp8              prores
#72 401.1 adpcm_adx               libvpx_vp9              prores_aw
#72 401.1 adpcm_argo              libwebp                 prores_ks
#72 401.1 adpcm_g722              libwebp_anim            qoi
#72 401.1 adpcm_g726              libx264                 qtrle
#72 401.1 adpcm_g726le            libx264rgb              r10k
#72 401.1 adpcm_ima_alp           libx265                 r210
#72 401.1 adpcm_ima_amv           ljpeg                   ra_144
#72 401.1 adpcm_ima_apm           magicyuv                rawvideo
#72 401.1 adpcm_ima_qt            mjpeg                   roq
#72 401.1 adpcm_ima_ssi           mlp                     roq_dpcm
#72 401.1 adpcm_ima_wav           movtext                 rpza
#72 401.1 adpcm_ima_ws            mp2                     rv10
#72 401.1 adpcm_ms                mp2fixed                rv20
#72 401.1 adpcm_swf               mpeg1video              s302m
#72 401.1 adpcm_yamaha            mpeg2video              sbc
#72 401.1 alac                    mpeg4                   sgi
#72 401.1 alias_pix               msmpeg4v2               smc
#72 401.1 amv                     msmpeg4v3               snow
#72 401.1 apng                    msvideo1                sonic
#72 401.1 aptx                    nellymoser              sonic_ls
#72 401.1 aptx_hd                 opus                    speedhq
#72 401.1 ass                     pam                     srt
#72 401.1 asv1                    pbm                     ssa
#72 401.1 asv2                    pcm_alaw                subrip
#72 401.1 avrp                    pcm_bluray              sunrast
#72 401.1 avui                    pcm_dvd                 svq1
#72 401.1 ayuv                    pcm_f32be               targa
#72 401.1 bitpacked               pcm_f32le               text
#72 401.1 bmp                     pcm_f64be               tiff
#72 401.1 cfhd                    pcm_f64le               truehd
#72 401.1 cinepak                 pcm_mulaw               tta
#72 401.1 cljr                    pcm_s16be               ttml
#72 401.1 comfortnoise            pcm_s16be_planar        utvideo
#72 401.1 dca                     pcm_s16le               v210
#72 401.1 dfpwm                   pcm_s16le_planar        v308
#72 401.1 dnxhd                   pcm_s24be               v408
#72 401.1 dpx                     pcm_s24daud             v410
#72 401.1 dvbsub                  pcm_s24le               vbn
#72 401.1 dvdsub                  pcm_s24le_planar        vc2
#72 401.1 dvvideo                 pcm_s32be               vorbis
#72 401.1 eac3                    pcm_s32le               wavpack
#72 401.1 exr                     pcm_s32le_planar        webvtt
#72 401.1 ffv1                    pcm_s64be               wmav1
#72 401.1 ffvhuff                 pcm_s64le               wmav2
#72 401.1 fits                    pcm_s8                  wmv1
#72 401.1 flac                    pcm_s8_planar           wmv2
#72 401.1 flashsv                 pcm_u16be               wrapped_avframe
#72 401.1 flashsv2                pcm_u16le               xbm
#72 401.1 flv                     pcm_u24be               xface
#72 401.1 g723_1                  pcm_u24le               xsub
#72 401.1 gif                     pcm_u32be               xwd
#72 401.1 h261                    pcm_u32le               y41p
#72 401.1 h263                    pcm_u8                  yuv4
#72 401.1 h263p                   pcm_vidc                zlib
#72 401.1 huffyuv                 pcx                     zmbv
#72 401.1 jpeg2000                pfm
#72 401.1 jpegls                  pgm
#72 401.1 
#72 401.1 Enabled hwaccels:
#72 401.1 
#72 401.1 Enabled parsers:
#72 401.1 aac                     dvbsub                  mpegvideo
#72 401.1 aac_latm                dvd_nav                 opus
#72 401.1 ac3                     dvdsub                  png
#72 401.1 adx                     flac                    pnm
#72 401.1 amr                     g723_1                  qoi
#72 401.1 av1                     g729                    rv30
#72 401.1 avs2                    gif                     rv40
#72 401.1 avs3                    gsm                     sbc
#72 401.1 bmp                     h261                    sipr
#72 401.1 cavsvideo               h263                    tak
#72 401.1 cook                    h264                    vc1
#72 401.1 cri                     hevc                    vorbis
#72 401.1 dca                     ipu                     vp3
#72 401.1 dirac                   jpeg2000                vp8
#72 401.1 dnxhd                   mjpeg                   vp9
#72 401.1 dolby_e                 mlp                     webp
#72 401.1 dpx                     mpeg4video              xbm
#72 401.1 dvaudio                 mpegaudio               xma
#72 401.1 
#72 401.1 Enabled demuxers:
#72 401.2 aa                      idcin                   pcm_f64le
#72 401.2 aac                     idf                     pcm_mulaw
#72 401.2 aax                     iff                     pcm_s16be
#72 401.2 ac3                     ifv                     pcm_s16le
#72 401.2 ace                     ilbc                    pcm_s24be
#72 401.2 acm                     image2                  pcm_s24le
#72 401.2 act                     image2_alias_pix        pcm_s32be
#72 401.2 adf                     image2_brender_pix      pcm_s32le
#72 401.2 adp                     image2pipe              pcm_s8
#72 401.2 ads                     image_bmp_pipe          pcm_u16be
#72 401.2 adx                     image_cri_pipe          pcm_u16le
#72 401.2 aea                     image_dds_pipe          pcm_u24be
#72 401.2 afc                     image_dpx_pipe          pcm_u24le
#72 401.2 aiff                    image_exr_pipe          pcm_u32be
#72 401.2 aix                     image_gem_pipe          pcm_u32le
#72 401.2 alp                     image_gif_pipe          pcm_u8
#72 401.2 amr                     image_j2k_pipe          pcm_vidc
#72 401.2 amrnb                   image_jpeg_pipe         pjs
#72 401.2 amrwb                   image_jpegls_pipe       pmp
#72 401.2 anm                     image_jpegxl_pipe       pp_bnk
#72 401.2 apc                     image_pam_pipe          pva
#72 401.2 ape                     image_pbm_pipe          pvf
#72 401.2 apm                     image_pcx_pipe          qcp
#72 401.2 apng                    image_pfm_pipe          r3d
#72 401.2 aptx                    image_pgm_pipe          rawvideo
#72 401.2 aptx_hd                 image_pgmyuv_pipe       realtext
#72 401.2 aqtitle                 image_pgx_pipe          redspark
#72 401.2 argo_asf                image_phm_pipe          rl2
#72 401.2 argo_brp                image_photocd_pipe      rm
#72 401.2 argo_cvg                image_pictor_pipe       roq
#72 401.2 asf                     image_png_pipe          rpl
#72 401.2 asf_o                   image_ppm_pipe          rsd
#72 401.2 ass                     image_psd_pipe          rso
#72 401.2 ast                     image_qdraw_pipe        rtp
#72 401.2 au                      image_qoi_pipe          rtsp
#72 401.2 av1                     image_sgi_pipe          s337m
#72 401.2 avi                     image_sunrast_pipe      sami
#72 401.2 avr                     image_svg_pipe          sap
#72 401.2 avs                     image_tiff_pipe         sbc
#72 401.2 avs2                    image_vbn_pipe          sbg
#72 401.2 avs3                    image_webp_pipe         scc
#72 401.2 bethsoftvid             image_xbm_pipe          scd
#72 401.2 bfi                     image_xpm_pipe          sdp
#72 401.2 bfstm                   image_xwd_pipe          sdr2
#72 401.2 bink                    ingenient               sds
#72 401.2 binka                   ipmovie                 sdx
#72 401.2 bintext                 ipu                     segafilm
#72 401.2 bit                     ircam                   ser
#72 401.2 bitpacked               iss                     sga
#72 401.2 bmv                     iv8                     shorten
#72 401.2 boa                     ivf                     siff
#72 401.2 brstm                   ivr                     simbiosis_imx
#72 401.2 c93                     jacosub                 sln
#72 401.2 caf                     jv                      smacker
#72 401.2 cavsvideo               kux                     smjpeg
#72 401.2 cdg                     kvag                    smush
#72 401.2 cdxl                    live_flv                sol
#72 401.2 cine                    lmlm4                   sox
#72 401.2 codec2                  loas                    spdif
#72 401.2 codec2raw               lrc                     srt
#72 401.2 concat                  luodat                  stl
#72 401.2 data                    lvf                     str
#72 401.2 daud                    lxf                     subviewer
#72 401.2 dcstr                   m4v                     subviewer1
#72 401.2 derf                    matroska                sup
#72 401.2 dfa                     mca                     svag
#72 401.2 dfpwm                   mcc                     svs
#72 401.2 dhav                    mgsts                   swf
#72 401.2 dirac                   microdvd                tak
#72 401.2 dnxhd                   mjpeg                   tedcaptions
#72 401.2 dsf                     mjpeg_2000              thp
#72 401.2 dsicin                  mlp                     threedostr
#72 401.2 dss                     mlv                     tiertexseq
#72 401.2 dts                     mm                      tmv
#72 401.2 dtshd                   mmf                     truehd
#72 401.2 dv                      mods                    tta
#72 401.2 dvbsub                  moflex                  tty
#72 401.2 dvbtxt                  mov                     txd
#72 401.2 dxa                     mp3                     ty
#72 401.2 ea                      mpc                     v210
#72 401.2 ea_cdata                mpc8                    v210x
#72 401.2 eac3                    mpegps                  vag
#72 401.2 epaf                    mpegts                  vc1
#72 401.2 ffmetadata              mpegtsraw               vc1t
#72 401.2 filmstrip               mpegvideo               vividas
#72 401.2 fits                    mpjpeg                  vivo
#72 401.2 flac                    mpl2                    vmd
#72 401.2 flic                    mpsub                   vobsub
#72 401.2 flv                     msf                     voc
#72 401.2 fourxm                  msnwc_tcp               vpk
#72 401.2 frm                     msp                     vplayer
#72 401.2 fsb                     mtaf                    vqf
#72 401.2 fwse                    mtv                     w64
#72 401.2 g722                    musx                    wav
#72 401.2 g723_1                  mv                      wc3
#72 401.2 g726                    mvi                     webm_dash_manifest
#72 401.2 g726le                  mxf                     webvtt
#72 401.2 g729                    mxg                     wsaud
#72 401.2 gdv                     nc                      wsd
#72 401.2 genh                    nistsphere              wsvqa
#72 401.2 gif                     nsp                     wtv
#72 401.2 gsm                     nsv                     wv
#72 401.2 gxf                     nut                     wve
#72 401.2 h261                    nuv                     xa
#72 401.2 h263                    obu                     xbin
#72 401.2 h264                    ogg                     xmv
#72 401.2 hca                     oma                     xvag
#72 401.2 hcom                    paf                     xwma
#72 401.2 hevc                    pcm_alaw                yop
#72 401.2 hls                     pcm_f32be               yuv4mpegpipe
#72 401.2 hnm                     pcm_f32le
#72 401.2 ico                     pcm_f64be
#72 401.2 
#72 401.2 Enabled muxers:
#72 401.2 a64                     h264                    pcm_s24be
#72 401.2 ac3                     hash                    pcm_s24le
#72 401.2 adts                    hds                     pcm_s32be
#72 401.2 adx                     hevc                    pcm_s32le
#72 401.2 aiff                    hls                     pcm_s8
#72 401.2 alp                     ico                     pcm_u16be
#72 401.2 amr                     ilbc                    pcm_u16le
#72 401.2 amv                     image2                  pcm_u24be
#72 401.2 apm                     image2pipe              pcm_u24le
#72 401.2 apng                    ipod                    pcm_u32be
#72 401.2 aptx                    ircam                   pcm_u32le
#72 401.2 aptx_hd                 ismv                    pcm_u8
#72 401.2 argo_asf                ivf                     pcm_vidc
#72 401.2 argo_cvg                jacosub                 psp
#72 401.2 asf                     kvag                    rawvideo
#72 401.2 asf_stream              latm                    rm
#72 401.2 ass                     lrc                     roq
#72 401.2 ast                     m4v                     rso
#72 401.2 au                      matroska                rtp
#72 401.2 avi                     matroska_audio          rtp_mpegts
#72 401.2 avif                    md5                     rtsp
#72 401.2 avm2                    microdvd                sap
#72 401.2 avs2                    mjpeg                   sbc
#72 401.2 avs3                    mkvtimestamp_v2         scc
#72 401.2 bit                     mlp                     segafilm
#72 401.2 caf                     mmf                     segment
#72 401.2 cavsvideo               mov                     smjpeg
#72 401.2 codec2                  mp2                     smoothstreaming
#72 401.2 codec2raw               mp3                     sox
#72 401.2 crc                     mp4                     spdif
#72 401.2 dash                    mpeg1system             spx
#72 401.2 data                    mpeg1vcd                srt
#72 401.2 daud                    mpeg1video              stream_segment
#72 401.2 dfpwm                   mpeg2dvd                streamhash
#72 401.2 dirac                   mpeg2svcd               sup
#72 401.2 dnxhd                   mpeg2video              swf
#72 401.2 dts                     mpeg2vob                tee
#72 401.2 dv                      mpegts                  tg2
#72 401.2 eac3                    mpjpeg                  tgp
#72 401.2 f4v                     mxf                     truehd
#72 401.2 ffmetadata              mxf_d10                 tta
#72 401.2 fifo_test               mxf_opatom              ttml
#72 401.2 filmstrip               null                    uncodedframecrc
#72 401.2 fits                    nut                     vc1
#72 401.2 flac                    obu                     vc1t
#72 401.2 flv                     oga                     voc
#72 401.2 framecrc                ogg                     w64
#72 401.2 framehash               ogv                     wav
#72 401.2 framemd5                oma                     webm
#72 401.2 g722                    opus                    webm_chunk
#72 401.2 g723_1                  pcm_alaw                webm_dash_manifest
#72 401.2 g726                    pcm_f32be               webp
#72 401.2 g726le                  pcm_f32le               webvtt
#72 401.2 gif                     pcm_f64be               wsaud
#72 401.2 gsm                     pcm_f64le               wtv
#72 401.2 gxf                     pcm_mulaw               wv
#72 401.2 h261                    pcm_s16be               yuv4mpegpipe
#72 401.2 h263                    pcm_s16le
#72 401.2 
#72 401.2 Enabled protocols:
#72 401.2 cache                   http                    rtp
#72 401.2 concat                  httpproxy               srtp
#72 401.2 concatf                 icecast                 subfile
#72 401.2 crypto                  md5                     tcp
#72 401.2 data                    mmsh                    tee
#72 401.2 ffrtmphttp              mmst                    udp
#72 401.2 file                    pipe                    udplite
#72 401.2 ftp                     prompeg                 unix
#72 401.2 gopher                  rtmp
#72 401.2 hls                     rtmpt
#72 401.2 
#72 401.3 Enabled filters:
#72 401.3 abench                  cue                     nullsrc
#72 401.3 abitscope               curves                  oscilloscope
#72 401.3 acompressor             datascope               overlay
#72 401.3 acontrast               dblur                   owdenoise
#72 401.3 acopy                   dcshift                 pad
#72 401.3 acrossfade              dctdnoiz                pal100bars
#72 401.3 acrossover              deband                  pal75bars
#72 401.3 acrusher                deblock                 palettegen
#72 401.3 acue                    decimate                paletteuse
#72 401.3 addroi                  deconvolve              pan
#72 401.3 adeclick                dedot                   perms
#72 401.3 adeclip                 deesser                 perspective
#72 401.3 adecorrelate            deflate                 phase
#72 401.3 adelay                  deflicker               photosensitivity
#72 401.3 adenorm                 dejudder                pixdesctest
#72 401.3 aderivative             delogo                  pixelize
#72 401.3 adrawgraph              derain                  pixscope
#72 401.3 adynamicequalizer       deshake                 pp
#72 401.3 adynamicsmooth          despill                 pp7
#72 401.3 aecho                   detelecine              premultiply
#72 401.3 aemphasis               dialoguenhance          prewitt
#72 401.3 aeval                   dilation                pseudocolor
#72 401.3 aevalsrc                displace                psnr
#72 401.3 aexciter                dnn_classify            pullup
#72 401.3 afade                   dnn_detect              qp
#72 401.3 afftdn                  dnn_processing          random
#72 401.3 afftfilt                doubleweave             readeia608
#72 401.3 afifo                   drawbox                 readvitc
#72 401.3 afir                    drawgraph               realtime
#72 401.3 afirsrc                 drawgrid                remap
#72 401.3 aformat                 drawtext                removegrain
#72 401.3 afreqshift              drmeter                 removelogo
#72 401.3 afwtdn                  dynaudnorm              repeatfields
#72 401.3 agate                   earwax                  replaygain
#72 401.3 agraphmonitor           ebur128                 reverse
#72 401.3 ahistogram              edgedetect              rgbashift
#72 401.3 aiir                    elbg                    rgbtestsrc
#72 401.3 aintegral               entropy                 roberts
#72 401.3 ainterleave             epx                     rotate
#72 401.3 alatency                eq                      sab
#72 401.3 alimiter                equalizer               scale
#72 401.3 allpass                 erosion                 scale2ref
#72 401.3 allrgb                  estdif                  scdet
#72 401.3 allyuv                  exposure                scharr
#72 401.3 aloop                   extractplanes           scroll
#72 401.3 alphaextract            extrastereo             segment
#72 401.3 alphamerge              fade                    select
#72 401.3 amerge                  feedback                selectivecolor
#72 401.3 ametadata               fftdnoiz                sendcmd
#72 401.3 amix                    fftfilt                 separatefields
#72 401.3 amovie                  field                   setdar
#72 401.3 amplify                 fieldhint               setfield
#72 401.3 amultiply               fieldmatch              setparams
#72 401.3 anequalizer             fieldorder              setpts
#72 401.3 anlmdn                  fifo                    setrange
#72 401.3 anlmf                   fillborders             setsar
#72 401.3 anlms                   find_rect               settb
#72 401.3 anoisesrc               firequalizer            shear
#72 401.3 anull                   flanger                 showcqt
#72 401.3 anullsink               floodfill               showfreqs
#72 401.3 anullsrc                format                  showinfo
#72 401.3 apad                    fps                     showpalette
#72 401.3 aperms                  framepack               showspatial
#72 401.3 aphasemeter             framerate               showspectrum
#72 401.3 aphaser                 framestep               showspectrumpic
#72 401.3 aphaseshift             freezedetect            showvolume
#72 401.3 apsyclip                freezeframes            showwaves
#72 401.3 apulsator               fspp                    showwavespic
#72 401.3 arealtime               gblur                   shuffleframes
#72 401.3 aresample               geq                     shufflepixels
#72 401.3 areverse                gradfun                 shuffleplanes
#72 401.3 arnndn                  gradients               sidechaincompress
#72 401.3 asdr                    graphmonitor            sidechaingate
#72 401.3 asegment                grayworld               sidedata
#72 401.3 aselect                 greyedge                sierpinski
#72 401.3 asendcmd                guided                  signalstats
#72 401.3 asetnsamples            haas                    signature
#72 401.3 asetpts                 haldclut                silencedetect
#72 401.3 asetrate                haldclutsrc             silenceremove
#72 401.3 asettb                  hdcd                    sinc
#72 401.3 ashowinfo               headphone               sine
#72 401.3 asidedata               hflip                   siti
#72 401.3 asoftclip               highpass                smartblur
#72 401.3 aspectralstats          highshelf               smptebars
#72 401.3 asplit                  hilbert                 smptehdbars
#72 401.3 ass                     histeq                  sobel
#72 401.3 astats                  histogram               spectrumsynth
#72 401.3 astreamselect           hqdn3d                  speechnorm
#72 401.3 asubboost               hqx                     split
#72 401.3 asubcut                 hstack                  spp
#72 401.3 asupercut               hsvhold                 sr
#72 401.3 asuperpass              hsvkey                  ssim
#72 401.3 asuperstop              hue                     stereo3d
#72 401.3 atadenoise              huesaturation           stereotools
#72 401.3 atempo                  hwdownload              stereowiden
#72 401.3 atilt                   hwmap                   streamselect
#72 401.3 atrim                   hwupload                subtitles
#72 401.3 avectorscope            hysteresis              super2xsai
#72 401.3 avgblur                 identity                superequalizer
#72 401.3 avsynctest              idet                    surround
#72 401.3 axcorrelate             il                      swaprect
#72 401.3 bandpass                inflate                 swapuv
#72 401.3 bandreject              interlace               tblend
#72 401.3 bass                    interleave              telecine
#72 401.3 bbox                    join                    testsrc
#72 401.3 bench                   kerndeint               testsrc2
#72 401.3 bilateral               kirsch                  thistogram
#72 401.3 biquad                  lagfun                  threshold
#72 401.3 bitplanenoise           latency                 thumbnail
#72 401.3 blackdetect             lenscorrection          tile
#72 401.3 blackframe              life                    tiltshelf
#72 401.3 blend                   limitdiff               tinterlace
#72 401.3 blockdetect             limiter                 tlut2
#72 401.3 blurdetect              loop                    tmedian
#72 401.3 bm3d                    loudnorm                tmidequalizer
#72 401.3 boxblur                 lowpass                 tmix
#72 401.3 bwdif                   lowshelf                tonemap
#72 401.3 cas                     lumakey                 tpad
#72 401.3 cellauto                lut                     transpose
#72 401.3 channelmap              lut1d                   treble
#72 401.3 channelsplit            lut2                    tremolo
#72 401.3 chorus                  lut3d                   trim
#72 401.3 chromahold              lutrgb                  unpremultiply
#72 401.3 chromakey               lutyuv                  unsharp
#72 401.3 chromanr                mandelbrot              untile
#72 401.3 chromashift             maskedclamp             v360
#72 401.3 ciescope                maskedmax               vaguedenoiser
#72 401.3 codecview               maskedmerge             varblur
#72 401.3 color                   maskedmin               vectorscope
#72 401.3 colorbalance            maskedthreshold         vflip
#72 401.3 colorchannelmixer       maskfun                 vfrdet
#72 401.3 colorchart              mcompand                vibrance
#72 401.3 colorcontrast           median                  vibrato
#72 401.3 colorcorrect            mergeplanes             vif
#72 401.3 colorhold               mestimate               vignette
#72 401.3 colorize                metadata                virtualbass
#72 401.3 colorkey                midequalizer            vmafmotion
#72 401.3 colorlevels             minterpolate            volume
#72 401.3 colormap                mix                     volumedetect
#72 401.3 colormatrix             monochrome              vstack
#72 401.3 colorspace              morpho                  w3fdif
#72 401.3 colorspectrum           movie                   waveform
#72 401.3 colortemperature        mpdecimate              weave
#72 401.3 compand                 mptestsrc               xbr
#72 401.3 compensationdelay       msad                    xcorrelate
#72 401.3 concat                  multiply                xfade
#72 401.3 convolution             negate                  xmedian
#72 401.3 convolve                nlmeans                 xstack
#72 401.3 copy                    nnedi                   yadif
#72 401.3 cover_rect              noformat                yaepblur
#72 401.3 crop                    noise                   yuvtestsrc
#72 401.3 cropdetect              normalize               zoompan
#72 401.3 crossfeed               null                    zscale
#72 401.3 crystalizer             nullsink
#72 401.3 
#72 401.3 Enabled bsfs:
#72 401.3 aac_adtstoasc           h264_redundant_pps      opus_metadata
#72 401.3 av1_frame_merge         hapqa_extract           pcm_rechunk
#72 401.3 av1_frame_split         hevc_metadata           pgs_frame_merge
#72 401.3 av1_metadata            hevc_mp4toannexb        prores_metadata
#72 401.3 chomp                   imx_dump_header         remove_extradata
#72 401.3 dca_core                mjpeg2jpeg              setts
#72 401.3 dump_extradata          mjpega_dump_header      text2movsub
#72 401.3 dv_error_marker         mov2textsub             trace_headers
#72 401.3 eac3_core               mp3_header_decompress   truehd_core
#72 401.3 extract_extradata       mpeg2_metadata          vp9_metadata
#72 401.3 filter_units            mpeg4_unpack_bframes    vp9_raw_reorder
#72 401.3 h264_metadata           noise                   vp9_superframe
#72 401.3 h264_mp4toannexb        null                    vp9_superframe_split
#72 401.3 
#72 401.3 Enabled indevs:
#72 401.4 lavfi
#72 401.4 
#72 401.4 Enabled outdevs:
#72 401.4 
#72 401.4 License: GPL version 2 or later
#72 402.8 + emmake make -j2
#72 402.9 make: make -j2
#72 403.1 GEN	libavutil/libavutil.version
#72 403.2 GEN	libswscale/libswscale.version
#72 403.3 GEN	libswresample/libswresample.version
#72 403.3 GEN	libpostproc/libpostproc.version
#72 403.3 GEN	libavcodec/libavcodec.version
#72 403.4 GEN	libavformat/libavformat.version
#72 403.4 GEN	libavfilter/libavfilter.version
#72 403.4 GEN	libavdevice/libavdevice.version
#72 403.7 CC	libavdevice/alldevices.o
#72 403.7 CC	libavdevice/avdevice.o
#72 404.5 CC	libavdevice/lavfi.o
#72 404.5 CC	libavdevice/utils.o
#72 405.3 CC	libavdevice/version.o
#72 405.5 GEN	libavdevice/libavdevice.pc
#72 405.6 CC	libavfilter/aeval.o
#72 405.9 CC	libavfilter/af_acontrast.o
#72 406.1 libavfilter/aeval.c:96:101: warning: implicit conversion from 'long long' to 'double' changes value from 9223372036854775807 to 9223372036854775808 [-Wimplicit-const-int-float-conversion]
#72 406.1     { "d",           "set audio duration", OFFSET(duration), AV_OPT_TYPE_DURATION, {.i64 = -1}, -1, INT64_MAX, FLAGS },
#72 406.1     ~                                                                                               ^~~~~~~~~
#72 406.1 /emsdk/upstream/emscripten/cache/sysroot/include/stdint.h:46:21: note: expanded from macro 'INT64_MAX'
#72 406.1 #define INT64_MAX  (0x7fffffffffffffff)
#72 406.1                     ^~~~~~~~~~~~~~~~~~
#72 406.1 libavfilter/aeval.c:95:101: warning: implicit conversion from 'long long' to 'double' changes value from 9223372036854775807 to 9223372036854775808 [-Wimplicit-const-int-float-conversion]
#72 406.1     { "duration",    "set audio duration", OFFSET(duration), AV_OPT_TYPE_DURATION, {.i64 = -1}, -1, INT64_MAX, FLAGS },
#72 406.1     ~                                                                                               ^~~~~~~~~
#72 406.1 /emsdk/upstream/emscripten/cache/sysroot/include/stdint.h:46:21: note: expanded from macro 'INT64_MAX'
#72 406.1 #define INT64_MAX  (0x7fffffffffffffff)
#72 406.1                     ^~~~~~~~~~~~~~~~~~
#72 406.6 2 warnings generated.
#72 406.6 CC	libavfilter/af_acopy.o
#72 406.9 CC	libavfilter/af_acrossover.o
#72 407.3 CC	libavfilter/af_acrusher.o
#72 408.0 CC	libavfilter/af_adeclick.o
#72 408.3 CC	libavfilter/af_adecorrelate.o
#72 409.2 CC	libavfilter/af_adelay.o
#72 409.2 CC	libavfilter/af_adenorm.o
#72 410.2 CC	libavfilter/af_aderivative.o
#72 410.2 CC	libavfilter/af_adynamicequalizer.o
#72 411.1 CC	libavfilter/af_adynamicsmooth.o
#72 411.2 CC	libavfilter/af_aecho.o
#72 412.0 CC	libavfilter/af_aemphasis.o
#72 412.2 CC	libavfilter/af_aexciter.o
#72 412.9 CC	libavfilter/af_afade.o
#72 413.1 CC	libavfilter/af_afftdn.o
#72 413.4 libavfilter/af_afade.c:232:131: warning: implicit conversion from 'long long' to 'double' changes value from 9223372036854775807 to 9223372036854775808 [-Wimplicit-const-int-float-conversion]
#72 413.4     { "d",            "set fade duration",                           OFFSET(duration),     AV_OPT_TYPE_DURATION, {.i64 = 0 },  0, INT64_MAX, TFLAGS },
#72 413.4     ~                                                                                                                             ^~~~~~~~~
#72 413.4 /emsdk/upstream/emscripten/cache/sysroot/include/stdint.h:46:21: note: expanded from macro 'INT64_MAX'
#72 413.4 #define INT64_MAX  (0x7fffffffffffffff)
#72 413.4                     ^~~~~~~~~~~~~~~~~~
#72 413.4 libavfilter/af_afade.c:231:131: warning: implicit conversion from 'long long' to 'double' changes value from 9223372036854775807 to 9223372036854775808 [-Wimplicit-const-int-float-conversion]
#72 413.4     { "duration",     "set fade duration",                           OFFSET(duration),     AV_OPT_TYPE_DURATION, {.i64 = 0 },  0, INT64_MAX, TFLAGS },
#72 413.4     ~                                                                                                                             ^~~~~~~~~
#72 413.4 /emsdk/upstream/emscripten/cache/sysroot/include/stdint.h:46:21: note: expanded from macro 'INT64_MAX'
#72 413.4 #define INT64_MAX  (0x7fffffffffffffff)
#72 413.4                     ^~~~~~~~~~~~~~~~~~
#72 413.4 libavfilter/af_afade.c:230:131: warning: implicit conversion from 'long long' to 'double' changes value from 9223372036854775807 to 9223372036854775808 [-Wimplicit-const-int-float-conversion]
#72 413.4     { "st",           "set time to start fading",                    OFFSET(start_time),   AV_OPT_TYPE_DURATION, {.i64 = 0 },  0, INT64_MAX, TFLAGS },
#72 413.4     ~                                                                                                                             ^~~~~~~~~
#72 413.4 /emsdk/upstream/emscripten/cache/sysroot/include/stdint.h:46:21: note: expanded from macro 'INT64_MAX'
#72 413.4 #define INT64_MAX  (0x7fffffffffffffff)
#72 413.4                     ^~~~~~~~~~~~~~~~~~
#72 413.4 libavfilter/af_afade.c:229:131: warning: implicit conversion from 'long long' to 'double' changes value from 9223372036854775807 to 9223372036854775808 [-Wimplicit-const-int-float-conversion]
#72 413.4     { "start_time",   "set time to start fading",                    OFFSET(start_time),   AV_OPT_TYPE_DURATION, {.i64 = 0 },  0, INT64_MAX, TFLAGS },
#72 413.4     ~                                                                                                                             ^~~~~~~~~
#72 413.4 /emsdk/upstream/emscripten/cache/sysroot/include/stdint.h:46:21: note: expanded from macro 'INT64_MAX'
#72 413.4 #define INT64_MAX  (0x7fffffffffffffff)
#72 413.4                     ^~~~~~~~~~~~~~~~~~
#72 413.4 libavfilter/af_afade.c:228:131: warning: implicit conversion from 'long long' to 'double' changes value from 9223372036854775807 to 9223372036854775808 [-Wimplicit-const-int-float-conversion]
#72 413.4     { "ns",           "set number of samples for fade duration",     OFFSET(nb_samples),   AV_OPT_TYPE_INT64,  {.i64 = 44100}, 1, INT64_MAX, TFLAGS },
#72 413.4     ~                                                                                                                             ^~~~~~~~~
#72 413.4 /emsdk/upstream/emscripten/cache/sysroot/include/stdint.h:46:21: note: expanded from macro 'INT64_MAX'
#72 413.4 #define INT64_MAX  (0x7fffffffffffffff)
#72 413.4                     ^~~~~~~~~~~~~~~~~~
#72 413.4 libavfilter/af_afade.c:227:131: warning: implicit conversion from 'long long' to 'double' changes value from 9223372036854775807 to 9223372036854775808 [-Wimplicit-const-int-float-conversion]
#72 413.4     { "nb_samples",   "set number of samples for fade duration",     OFFSET(nb_samples),   AV_OPT_TYPE_INT64,  {.i64 = 44100}, 1, INT64_MAX, TFLAGS },
#72 413.4     ~                                                                                                                             ^~~~~~~~~
#72 413.4 /emsdk/upstream/emscripten/cache/sysroot/include/stdint.h:46:21: note: expanded from macro 'INT64_MAX'
#72 413.4 #define INT64_MAX  (0x7fffffffffffffff)
#72 413.4                     ^~~~~~~~~~~~~~~~~~
#72 413.4 libavfilter/af_afade.c:226:131: warning: implicit conversion from 'long long' to 'double' changes value from 9223372036854775807 to 9223372036854775808 [-Wimplicit-const-int-float-conversion]
#72 413.4     { "ss",           "set number of first sample to start fading",  OFFSET(start_sample), AV_OPT_TYPE_INT64,  {.i64 = 0    }, 0, INT64_MAX, TFLAGS },
#72 413.4     ~                                                                                                                             ^~~~~~~~~
#72 413.4 /emsdk/upstream/emscripten/cache/sysroot/include/stdint.h:46:21: note: expanded from macro 'INT64_MAX'
#72 413.4 #define INT64_MAX  (0x7fffffffffffffff)
#72 413.4                     ^~~~~~~~~~~~~~~~~~
#72 413.4 libavfilter/af_afade.c:225:131: warning: implicit conversion from 'long long' to 'double' changes value from 9223372036854775807 to 9223372036854775808 [-Wimplicit-const-int-float-conversion]
#72 413.4     { "start_sample", "set number of first sample to start fading",  OFFSET(start_sample), AV_OPT_TYPE_INT64,  {.i64 = 0    }, 0, INT64_MAX, TFLAGS },
#72 413.4     ~                                                                                                                             ^~~~~~~~~
#72 413.4 /emsdk/upstream/emscripten/cache/sysroot/include/stdint.h:46:21: note: expanded from macro 'INT64_MAX'
#72 413.4 #define INT64_MAX  (0x7fffffffffffffff)
#72 413.4                     ^~~~~~~~~~~~~~~~~~
#72 414.0 8 warnings generated.
#72 414.0 CC	libavfilter/af_afftfilt.o
#72 414.5 CC	libavfilter/af_afir.o
#72 415.1 CC	libavfilter/af_aformat.o
#72 415.8 CC	libavfilter/af_afreqshift.o
#72 416.0 CC	libavfilter/af_afwtdn.o
#72 416.9 CC	libavfilter/af_agate.o
#72 417.2 CC	libavfilter/af_aiir.o
#72 417.9 CC	libavfilter/af_alimiter.o
#72 418.6 CC	libavfilter/af_amerge.o
#72 418.9 CC	libavfilter/af_amix.o
#72 419.6 CC	libavfilter/af_amultiply.o
#72 419.9 CC	libavfilter/af_anequalizer.o
#72 420.5 CC	libavfilter/af_anlmdn.o
#72 421.0 CC	libavfilter/af_anlms.o
#72 421.5 CC	libavfilter/af_anull.o
#72 421.9 CC	libavfilter/af_apad.o
#72 422.0 CC	libavfilter/af_aphaser.o
#72 422.4 libavfilter/af_apad.c:56:144: warning: implicit conversion from 'long long' to 'double' changes value from 9223372036854775807 to 9223372036854775808 [-Wimplicit-const-int-float-conversion]
#72 422.4     { "whole_dur",   "set minimum target duration in the audio stream",          OFFSET(whole_dur),   AV_OPT_TYPE_DURATION, { .i64 = -1 }, -1, INT64_MAX, A },
#72 422.4     ~                                                                                                                                          ^~~~~~~~~
#72 422.4 /emsdk/upstream/emscripten/cache/sysroot/include/stdint.h:46:21: note: expanded from macro 'INT64_MAX'
#72 422.4 #define INT64_MAX  (0x7fffffffffffffff)
#72 422.4                     ^~~~~~~~~~~~~~~~~~
#72 422.4 libavfilter/af_apad.c:55:144: warning: implicit conversion from 'long long' to 'double' changes value from 9223372036854775807 to 9223372036854775808 [-Wimplicit-const-int-float-conversion]
#72 422.4     { "pad_dur",     "set duration of silence to add",                           OFFSET(pad_dur),     AV_OPT_TYPE_DURATION, { .i64 = -1 }, -1, INT64_MAX, A },
#72 422.4     ~                                                                                                                                          ^~~~~~~~~
#72 422.4 /emsdk/upstream/emscripten/cache/sysroot/include/stdint.h:46:21: note: expanded from macro 'INT64_MAX'
#72 422.4 #define INT64_MAX  (0x7fffffffffffffff)
#72 422.4                     ^~~~~~~~~~~~~~~~~~
#72 422.4 libavfilter/af_apad.c:54:141: warning: implicit conversion from 'long long' to 'double' changes value from 9223372036854775807 to 9223372036854775808 [-Wimplicit-const-int-float-conversion]
#72 422.4     { "whole_len",   "set minimum target number of samples in the audio stream", OFFSET(whole_len),   AV_OPT_TYPE_INT64, { .i64 = -1 }, -1, INT64_MAX, A },
#72 422.4     ~                                                                                                                                       ^~~~~~~~~
#72 422.4 /emsdk/upstream/emscripten/cache/sysroot/include/stdint.h:46:21: note: expanded from macro 'INT64_MAX'
#72 422.4 #define INT64_MAX  (0x7fffffffffffffff)
#72 422.4                     ^~~~~~~~~~~~~~~~~~
#72 422.4 libavfilter/af_apad.c:53:141: warning: implicit conversion from 'long long' to 'double' changes value from 9223372036854775807 to 9223372036854775808 [-Wimplicit-const-int-float-conversion]
#72 422.4     { "pad_len",     "set number of samples of silence to add",                  OFFSET(pad_len),     AV_OPT_TYPE_INT64, { .i64 = -1 }, -1, INT64_MAX, A },
#72 422.4     ~                                                                                                                                       ^~~~~~~~~
#72 422.4 /emsdk/upstream/emscripten/cache/sysroot/include/stdint.h:46:21: note: expanded from macro 'INT64_MAX'
#72 422.4 #define INT64_MAX  (0x7fffffffffffffff)
#72 422.4                     ^~~~~~~~~~~~~~~~~~
#72 422.7 4 warnings generated.
#72 422.8 CC	libavfilter/af_apsyclip.o
#72 423.1 CC	libavfilter/af_apulsator.o
#72 423.9 CC	libavfilter/af_aresample.o
#72 424.0 CC	libavfilter/af_arnndn.o
#72 424.8 CC	libavfilter/af_asdr.o
#72 425.4 CC	libavfilter/af_asetnsamples.o
#72 425.7 CC	libavfilter/af_asetrate.o
#72 426.1 CC	libavfilter/af_ashowinfo.o
#72 426.5 CC	libavfilter/af_asoftclip.o
#72 426.6 libavfilter/af_ashowinfo.c:126:54: warning: implicit conversion from 'unsigned int' to 'float' changes value from 4294967295 to 4294967296 [-Wimplicit-const-int-float-conversion]
#72 426.6         av_log(ctx, AV_LOG_INFO, "%f", (float)peak / UINT32_MAX);
#72 426.6                                                    ~ ^~~~~~~~~~
#72 426.6 /emsdk/upstream/emscripten/cache/sysroot/include/stdint.h:50:21: note: expanded from macro 'UINT32_MAX'
#72 426.6 #define UINT32_MAX (0xffffffffu)
#72 426.6                     ^~~~~~~~~~~
#72 427.0 1 warning generated.
#72 427.0 CC	libavfilter/af_aspectralstats.o
#72 427.5 CC	libavfilter/af_astats.o
#72 428.2 CC	libavfilter/af_asubboost.o
#72 428.7 CC	libavfilter/af_asupercut.o
#72 429.1 CC	libavfilter/af_atempo.o
#72 429.7 CC	libavfilter/af_atilt.o
#72 430.3 CC	libavfilter/af_axcorrelate.o
#72 430.6 CC	libavfilter/af_biquads.o
#72 431.3 CC	libavfilter/af_channelmap.o
#72 431.8 CC	libavfilter/af_channelsplit.o
#72 432.2 CC	libavfilter/af_chorus.o
#72 432.7 CC	libavfilter/af_compand.o
#72 433.2 CC	libavfilter/af_compensationdelay.o
#72 433.8 CC	libavfilter/af_crossfeed.o
#72 434.1 CC	libavfilter/af_crystalizer.o
#72 434.9 CC	libavfilter/af_dcshift.o
#72 435.2 CC	libavfilter/af_deesser.o
#72 435.8 CC	libavfilter/af_dialoguenhance.o
#72 436.2 CC	libavfilter/af_drmeter.o
#72 437.0 CC	libavfilter/af_dynaudnorm.o
#72 437.2 CC	libavfilter/af_earwax.o
#72 438.2 CC	libavfilter/af_extrastereo.o
#72 438.3 CC	libavfilter/af_firequalizer.o
#72 439.2 CC	libavfilter/af_flanger.o
#72 439.6 CC	libavfilter/af_haas.o
#72 440.2 CC	libavfilter/af_hdcd.o
#72 440.5 CC	libavfilter/af_headphone.o
#72 441.4 CC	libavfilter/af_join.o
#72 441.7 CC	libavfilter/af_loudnorm.o
#72 442.5 CC	libavfilter/af_mcompand.o
#72 442.9 CC	libavfilter/af_pan.o
#72 443.6 CC	libavfilter/af_replaygain.o
#72 444.0 CC	libavfilter/af_sidechaincompress.o
#72 444.6 CC	libavfilter/af_silencedetect.o
#72 444.9 CC	libavfilter/af_silenceremove.o
#72 445.7 CC	libavfilter/af_speechnorm.o
#72 446.0 CC	libavfilter/af_stereotools.o
#72 446.8 CC	libavfilter/af_stereowiden.o
#72 446.9 CC	libavfilter/af_superequalizer.o
#72 447.7 CC	libavfilter/af_surround.o
#72 448.0 CC	libavfilter/af_tremolo.o
#72 448.9 CC	libavfilter/af_vibrato.o
#72 449.0 CC	libavfilter/af_virtualbass.o
#72 449.8 CC	libavfilter/af_volume.o
#72 449.8 CC	libavfilter/af_volumedetect.o
#72 450.8 CC	libavfilter/allfilters.o
#72 450.9 CC	libavfilter/asink_anullsink.o
#72 451.5 CC	libavfilter/asrc_afirsrc.o
#72 451.6 CC	libavfilter/asrc_anoisesrc.o
#72 452.1 libavfilter/asrc_anoisesrc.c:65:113: warning: implicit conversion from 'long long' to 'double' changes value from 9223372036854775807 to 9223372036854775808 [-Wimplicit-const-int-float-conversion]
#72 452.1     { "d",            "set duration",     OFFSET(duration),     AV_OPT_TYPE_DURATION,  {.i64 =  0},         0,  INT64_MAX,  FLAGS },
#72 452.1     ~                                                                                                           ^~~~~~~~~
#72 452.1 /emsdk/upstream/emscripten/cache/sysroot/include/stdint.h:46:21: note: expanded from macro 'INT64_MAX'
#72 452.1 #define INT64_MAX  (0x7fffffffffffffff)
#72 452.1                     ^~~~~~~~~~~~~~~~~~
#72 452.1 libavfilter/asrc_anoisesrc.c:64:113: warning: implicit conversion from 'long long' to 'double' changes value from 9223372036854775807 to 9223372036854775808 [-Wimplicit-const-int-float-conversion]
#72 452.1     { "duration",     "set duration",     OFFSET(duration),     AV_OPT_TYPE_DURATION,  {.i64 =  0},         0,  INT64_MAX,  FLAGS },
#72 452.1     ~                                                                                                           ^~~~~~~~~
#72 452.1 /emsdk/upstream/emscripten/cache/sysroot/include/stdint.h:46:21: note: expanded from macro 'INT64_MAX'
#72 452.1 #define INT64_MAX  (0x7fffffffffffffff)
#72 452.1                     ^~~~~~~~~~~~~~~~~~
#72 452.5 2 warnings generated.
#72 452.5 CC	libavfilter/asrc_anullsrc.o
#72 452.6 CC	libavfilter/asrc_hilbert.o
#72 453.1 libavfilter/asrc_anullsrc.c:60:133: warning: implicit conversion from 'long long' to 'double' changes value from 9223372036854775807 to 9223372036854775808 [-Wimplicit-const-int-float-conversion]
#72 453.1     { "d",              "set the audio duration",                        OFFSET(duration),   AV_OPT_TYPE_DURATION, {.i64 = -1}, -1, INT64_MAX, FLAGS },
#72 453.1     ~                                                                                                                               ^~~~~~~~~
#72 453.1 /emsdk/upstream/emscripten/cache/sysroot/include/stdint.h:46:21: note: expanded from macro 'INT64_MAX'
#72 453.1 #define INT64_MAX  (0x7fffffffffffffff)
#72 453.1                     ^~~~~~~~~~~~~~~~~~
#72 453.1 libavfilter/asrc_anullsrc.c:59:133: warning: implicit conversion from 'long long' to 'double' changes value from 9223372036854775807 to 9223372036854775808 [-Wimplicit-const-int-float-conversion]
#72 453.1     { "duration",       "set the audio duration",                        OFFSET(duration),   AV_OPT_TYPE_DURATION, {.i64 = -1}, -1, INT64_MAX, FLAGS },
#72 453.1     ~                                                                                                                               ^~~~~~~~~
#72 453.1 /emsdk/upstream/emscripten/cache/sysroot/include/stdint.h:46:21: note: expanded from macro 'INT64_MAX'
#72 453.1 #define INT64_MAX  (0x7fffffffffffffff)
#72 453.1                     ^~~~~~~~~~~~~~~~~~
#72 453.4 2 warnings generated.
#72 453.4 CC	libavfilter/asrc_sinc.o
#72 453.8 CC	libavfilter/asrc_sine.o
#72 454.2 libavfilter/asrc_sine.c:78:64: warning: implicit conversion from 'long long' to 'double' changes value from 9223372036854775807 to 9223372036854775808 [-Wimplicit-const-int-float-conversion]
#72 454.2     OPT_DUR("d",                 duration,               0, 0, INT64_MAX, "set the audio duration",),
#72 454.2     ~~~~~~~~~~~~~~~~~~~~~~~~~~~~~~~~~~~~~~~~~~~~~~~~~~~~~~~~~~~^~~~~~~~~~~~~~~~~~~~~~~~~~~~~~~~~~~~~
#72 454.2 /emsdk/upstream/emscripten/cache/sysroot/include/stdint.h:46:21: note: expanded from macro 'INT64_MAX'
#72 454.2 #define INT64_MAX  (0x7fffffffffffffff)
#72 454.2                     ^~~~~~~~~~~~~~~~~~
#72 454.2 libavfilter/asrc_sine.c:65:40: note: expanded from macro 'OPT_DUR'
#72 454.2     OPT_GENERIC(name, field, def, min, max, descr, DURATION, str, __VA_ARGS__)
#72 454.2     ~~~~~~~~~~~~~~~~~~~~~~~~~~~~~~~~~~~^~~~~~~~~~~~~~~~~~~~~~~~~~~~~~~~~~~~~~~
#72 454.2 libavfilter/asrc_sine.c:56:33: note: expanded from macro 'OPT_GENERIC'
#72 454.2       { .deffield = def }, min, max, FLAGS, __VA_ARGS__ }
#72 454.2                                 ^~~
#72 454.2 libavfilter/asrc_sine.c:77:64: warning: implicit conversion from 'long long' to 'double' changes value from 9223372036854775807 to 9223372036854775808 [-Wimplicit-const-int-float-conversion]
#72 454.2     OPT_DUR("duration",          duration,               0, 0, INT64_MAX, "set the audio duration",),
#72 454.2     ~~~~~~~~~~~~~~~~~~~~~~~~~~~~~~~~~~~~~~~~~~~~~~~~~~~~~~~~~~~^~~~~~~~~~~~~~~~~~~~~~~~~~~~~~~~~~~~~
#72 454.2 /emsdk/upstream/emscripten/cache/sysroot/include/stdint.h:46:21: note: expanded from macro 'INT64_MAX'
#72 454.2 #define INT64_MAX  (0x7fffffffffffffff)
#72 454.2                     ^~~~~~~~~~~~~~~~~~
#72 454.2 libavfilter/asrc_sine.c:65:40: note: expanded from macro 'OPT_DUR'
#72 454.2     OPT_GENERIC(name, field, def, min, max, descr, DURATION, str, __VA_ARGS__)
#72 454.2     ~~~~~~~~~~~~~~~~~~~~~~~~~~~~~~~~~~~^~~~~~~~~~~~~~~~~~~~~~~~~~~~~~~~~~~~~~~
#72 454.2 libavfilter/asrc_sine.c:56:33: note: expanded from macro 'OPT_GENERIC'
#72 454.2       { .deffield = def }, min, max, FLAGS, __VA_ARGS__ }
#72 454.2                                 ^~~
#72 454.5 CC	libavfilter/audio.o
#72 454.7 2 warnings generated.
#72 454.7 CC	libavfilter/avf_abitscope.o
#72 455.3 CC	libavfilter/avf_ahistogram.o
#72 455.8 CC	libavfilter/avf_aphasemeter.o
#72 456.5 CC	libavfilter/avf_avectorscope.o
#72 456.9 CC	libavfilter/avf_concat.o
#72 457.5 CC	libavfilter/avf_showcqt.o
#72 458.0 CC	libavfilter/avf_showfreqs.o
#72 458.9 CC	libavfilter/avf_showspatial.o
#72 459.1 CC	libavfilter/avf_showspectrum.o
#72 460.0 CC	libavfilter/avf_showvolume.o
#72 460.5 CC	libavfilter/avf_showwaves.o
#72 461.1 CC	libavfilter/avfilter.o
#72 461.6 CC	libavfilter/avfiltergraph.o
#72 462.2 CC	libavfilter/bbox.o
#72 462.9 CC	libavfilter/boxblur.o
#72 463.0 CC	libavfilter/buffersink.o
#72 463.7 CC	libavfilter/buffersrc.o
#72 464.1 CC	libavfilter/colorspace.o
#72 464.6 CC	libavfilter/colorspacedsp.o
#72 464.9 CC	libavfilter/dnn/dnn_backend_common.o
#72 465.4 libavfilter/dnn/dnn_backend_common.c:94:11: warning: unused variable 'status' [-Wunused-variable]
#72 465.4     void *status = 0;
#72 465.4           ^
#72 465.4 libavfilter/dnn/dnn_backend_common.c:114:11: warning: unused variable 'status' [-Wunused-variable]
#72 465.4     void *status = 0;
#72 465.4           ^
#72 465.4 libavfilter/dnn/dnn_backend_common.c:80:14: warning: unused function 'async_thread_routine' [-Wunused-function]
#72 465.4 static void *async_thread_routine(void *args)
#72 465.4              ^
#72 465.7 3 warnings generated.
#72 465.7 CC	libavfilter/dnn/dnn_backend_native.o
#72 466.7 CC	libavfilter/dnn/dnn_backend_native_layer_avgpool.o
#72 466.7 CC	libavfilter/dnn/dnn_backend_native_layer_conv2d.o
#72 467.6 CC	libavfilter/dnn/dnn_backend_native_layer_dense.o
#72 467.7 CC	libavfilter/dnn/dnn_backend_native_layer_depth2space.o
#72 468.6 CC	libavfilter/dnn/dnn_backend_native_layer_mathbinary.o
#72 468.6 CC	libavfilter/dnn/dnn_backend_native_layer_mathunary.o
#72 469.5 CC	libavfilter/dnn/dnn_backend_native_layer_maximum.o
#72 469.5 CC	libavfilter/dnn/dnn_backend_native_layer_pad.o
#72 470.4 CC	libavfilter/dnn/dnn_backend_native_layers.o
#72 470.6 CC	libavfilter/dnn/dnn_interface.o
#72 470.9 CC	libavfilter/dnn/dnn_io_proc.o
#72 471.3 CC	libavfilter/dnn/queue.o
#72 471.8 CC	libavfilter/dnn/safe_queue.o
#72 472.1 CC	libavfilter/dnn_filter_common.o
#72 472.5 CC	libavfilter/drawutils.o
#72 472.9 CC	libavfilter/ebur128.o
#72 473.7 CC	libavfilter/edge_common.o
#72 474.0 CC	libavfilter/f_bench.o
#72 474.7 CC	libavfilter/f_cue.o
#72 474.8 CC	libavfilter/f_drawgraph.o
#72 475.2 libavfilter/f_cue.c:95:102: warning: implicit conversion from 'long long' to 'double' changes value from 9223372036854775807 to 9223372036854775808 [-Wimplicit-const-int-float-conversion]
#72 475.2     { "buffer", "buffer duration in seconds", OFFSET(buffer), AV_OPT_TYPE_DURATION, { .i64 = 0 }, 0, INT64_MAX, FLAGS },
#72 475.2     ~                                                                                                ^~~~~~~~~
#72 475.2 /emsdk/upstream/emscripten/cache/sysroot/include/stdint.h:46:21: note: expanded from macro 'INT64_MAX'
#72 475.2 #define INT64_MAX  (0x7fffffffffffffff)
#72 475.2                     ^~~~~~~~~~~~~~~~~~
#72 475.2 libavfilter/f_cue.c:94:105: warning: implicit conversion from 'long long' to 'double' changes value from 9223372036854775807 to 9223372036854775808 [-Wimplicit-const-int-float-conversion]
#72 475.2     { "preroll", "preroll duration in seconds", OFFSET(preroll), AV_OPT_TYPE_DURATION, { .i64 = 0 }, 0, INT64_MAX, FLAGS },
#72 475.2     ~                                                                                                   ^~~~~~~~~
#72 475.2 /emsdk/upstream/emscripten/cache/sysroot/include/stdint.h:46:21: note: expanded from macro 'INT64_MAX'
#72 475.2 #define INT64_MAX  (0x7fffffffffffffff)
#72 475.2                     ^~~~~~~~~~~~~~~~~~
#72 475.2 libavfilter/f_cue.c:93:101: warning: implicit conversion from 'long long' to 'double' changes value from 9223372036854775807 to 9223372036854775808 [-Wimplicit-const-int-float-conversion]
#72 475.2     { "cue", "cue unix timestamp in microseconds", OFFSET(cue), AV_OPT_TYPE_INT64, { .i64 = 0 }, 0, INT64_MAX, FLAGS },
#72 475.2     ~                                                                                               ^~~~~~~~~
#72 475.2 /emsdk/upstream/emscripten/cache/sysroot/include/stdint.h:46:21: note: expanded from macro 'INT64_MAX'
#72 475.2 #define INT64_MAX  (0x7fffffffffffffff)
#72 475.2                     ^~~~~~~~~~~~~~~~~~
#72 475.5 3 warnings generated.
#72 475.6 CC	libavfilter/f_ebur128.o
#72 475.8 CC	libavfilter/f_graphmonitor.o
#72 476.8 CC	libavfilter/f_interleave.o
#72 476.8 CC	libavfilter/f_latency.o
#72 477.6 CC	libavfilter/f_loop.o
#72 477.7 CC	libavfilter/f_metadata.o
#72 478.0 libavfilter/f_loop.c:262:100: warning: implicit conversion from 'long long' to 'double' changes value from 9223372036854775807 to 9223372036854775808 [-Wimplicit-const-int-float-conversion]
#72 478.1     { "start", "set the loop start sample",     OFFSET(start), AV_OPT_TYPE_INT64, {.i64 = 0 },  0, INT64_MAX, AFLAGS },
#72 478.1     ~                                                                                              ^~~~~~~~~
#72 478.1 /emsdk/upstream/emscripten/cache/sysroot/include/stdint.h:46:21: note: expanded from macro 'INT64_MAX'
#72 478.1 #define INT64_MAX  (0x7fffffffffffffff)
#72 478.1                     ^~~~~~~~~~~~~~~~~~
#72 478.1 libavfilter/f_loop.c:434:99: warning: implicit conversion from 'long long' to 'double' changes value from 9223372036854775807 to 9223372036854775808 [-Wimplicit-const-int-float-conversion]
#72 478.1     { "start", "set the loop start frame",     OFFSET(start), AV_OPT_TYPE_INT64, {.i64 = 0 },  0, INT64_MAX, VFLAGS },
#72 478.1     ~                                                                                             ^~~~~~~~~
#72 478.1 /emsdk/upstream/emscripten/cache/sysroot/include/stdint.h:46:21: note: expanded from macro 'INT64_MAX'
#72 478.1 #define INT64_MAX  (0x7fffffffffffffff)
#72 478.1                     ^~~~~~~~~~~~~~~~~~
#72 478.5 2 warnings generated.
#72 478.5 CC	libavfilter/f_perms.o
#72 478.6 CC	libavfilter/f_realtime.o
#72 479.1 libavfilter/f_realtime.c:71:96: warning: implicit conversion from 'long long' to 'double' changes value from 9223372036854775807 to 9223372036854775808 [-Wimplicit-const-int-float-conversion]
#72 479.1     { "limit", "sleep time limit", OFFSET(limit), AV_OPT_TYPE_DURATION, { .i64 = 2000000 }, 0, INT64_MAX, FLAGS },
#72 479.1     ~                                                                                          ^~~~~~~~~
#72 479.1 /emsdk/upstream/emscripten/cache/sysroot/include/stdint.h:46:21: note: expanded from macro 'INT64_MAX'
#72 479.1 #define INT64_MAX  (0x7fffffffffffffff)
#72 479.1                     ^~~~~~~~~~~~~~~~~~
#72 479.4 CC	libavfilter/f_reverse.o
#72 479.4 1 warning generated.
#72 479.5 CC	libavfilter/f_segment.o
#72 480.3 CC	libavfilter/f_select.o
#72 480.4 CC	libavfilter/f_sendcmd.o
#72 481.3 CC	libavfilter/f_sidedata.o
#72 481.4 CC	libavfilter/f_streamselect.o
#72 482.1 CC	libavfilter/fifo.o
#72 482.3 CC	libavfilter/formats.o
#72 482.8 CC	libavfilter/framepool.o
#72 483.5 CC	libavfilter/framequeue.o
#72 483.7 CC	libavfilter/framesync.o
#72 484.3 CC	libavfilter/generate_wave_table.o
#72 484.8 CC	libavfilter/graphdump.o
#72 485.2 CC	libavfilter/graphparser.o
#72 485.6 CC	libavfilter/lavfutils.o
#72 486.1 CC	libavfilter/lswsutils.o
#72 486.4 CC	libavfilter/motion_estimation.o
#72 486.8 CC	libavfilter/qp_table.o
#72 487.4 CC	libavfilter/scale_eval.o
#72 487.6 CC	libavfilter/scene_sad.o
#72 488.2 CC	libavfilter/setpts.o
#72 488.5 CC	libavfilter/settb.o
#72 489.1 CC	libavfilter/split.o
#72 489.3 CC	libavfilter/src_avsynctest.o
#72 489.8 libavfilter/src_avsynctest.c:87:106: warning: implicit conversion from 'long long' to 'double' changes value from 9223372036854775807 to 9223372036854775808 [-Wimplicit-const-int-float-conversion]
#72 489.8     {"d",          "set duration",    OFFSET(duration),     AV_OPT_TYPE_DURATION,   {.i64=0},         0, INT64_MAX, V|A },
#72 489.8     ~                                                                                                    ^~~~~~~~~
#72 489.8 /emsdk/upstream/emscripten/cache/sysroot/include/stdint.h:46:21: note: expanded from macro 'INT64_MAX'
#72 489.8 #define INT64_MAX  (0x7fffffffffffffff)
#72 489.8                     ^~~~~~~~~~~~~~~~~~
#72 489.8 libavfilter/src_avsynctest.c:86:106: warning: implicit conversion from 'long long' to 'double' changes value from 9223372036854775807 to 9223372036854775808 [-Wimplicit-const-int-float-conversion]
#72 489.8     {"duration",   "set duration",    OFFSET(duration),     AV_OPT_TYPE_DURATION,   {.i64=0},         0, INT64_MAX, V|A },
#72 489.8     ~                                                                                                    ^~~~~~~~~
#72 489.8 /emsdk/upstream/emscripten/cache/sysroot/include/stdint.h:46:21: note: expanded from macro 'INT64_MAX'
#72 489.8 #define INT64_MAX  (0x7fffffffffffffff)
#72 489.8                     ^~~~~~~~~~~~~~~~~~
#72 490.0 CC	libavfilter/src_movie.o
#72 490.3 2 warnings generated.
#72 490.3 CC	libavfilter/transform.o
#72 490.4 libavfilter/src_movie.c:96:125: warning: implicit conversion from 'long long' to 'double' changes value from 9223372036854775807 to 9223372036854775808 [-Wimplicit-const-int-float-conversion]
#72 490.4     { "discontinuity", "set discontinuity threshold", OFFSET(discontinuity_threshold), AV_OPT_TYPE_DURATION, {.i64 = 0}, 0, INT64_MAX, FLAGS },
#72 490.4     ~                                                                                                                       ^~~~~~~~~
#72 490.4 /emsdk/upstream/emscripten/cache/sysroot/include/stdint.h:46:21: note: expanded from macro 'INT64_MAX'
#72 490.4 #define INT64_MAX  (0x7fffffffffffffff)
#72 490.4                     ^~~~~~~~~~~~~~~~~~
#72 490.9 1 warning generated.
#72 491.0 CC	libavfilter/trim.o
#72 491.2 CC	libavfilter/vaf_spectrumsynth.o
#72 491.4 libavfilter/trim.c:185:140: warning: implicit conversion from 'long long' to 'double' changes value from 9223372036854775807 to 9223372036854775808 [-Wimplicit-const-int-float-conversion]
#72 491.4         "again",                                                         OFFSET(end_frame),   AV_OPT_TYPE_INT64,  { .i64 = INT64_MAX }, 0, INT64_MAX, FLAGS },
#72 491.4                                                                                                                                            ^~~~~~~~~
#72 491.4 /emsdk/upstream/emscripten/cache/sysroot/include/stdint.h:46:21: note: expanded from macro 'INT64_MAX'
#72 491.4 #define INT64_MAX  (0x7fffffffffffffff)
#72 491.4                     ^~~~~~~~~~~~~~~~~~
#72 491.4 libavfilter/trim.c:183:140: warning: implicit conversion from 'long long' to 'double' changes value from 9223372036854775807 to 9223372036854775808 [-Wimplicit-const-int-float-conversion]
#72 491.4         "to the output",                                                 OFFSET(start_frame), AV_OPT_TYPE_INT64,  { .i64 = -1 },       -1, INT64_MAX, FLAGS },
#72 491.4                                                                                                                                            ^~~~~~~~~
#72 491.4 /emsdk/upstream/emscripten/cache/sysroot/include/stdint.h:46:21: note: expanded from macro 'INT64_MAX'
#72 491.4 #define INT64_MAX  (0x7fffffffffffffff)
#72 491.4                     ^~~~~~~~~~~~~~~~~~
#72 491.4 libavfilter/trim.c:181:5: warning: implicit conversion from 'long long' to 'double' changes value from 9223372036854775807 to 9223372036854775808 [-Wimplicit-const-int-float-conversion]
#72 491.4     COMMON_OPTS
#72 491.4     ^~~~~~~~~~~
#72 491.4 libavfilter/trim.c:120:153: note: expanded from macro 'COMMON_OPTS'
#72 491.4     { "durationi",   "Maximum duration of the output",                   OFFSET(duration),    AV_OPT_TYPE_DURATION, { .i64 = 0 },                    0, INT64_MAX, FLAGS },
#72 491.4     ~                                                                                                                                                   ^~~~~~~~~
#72 491.4 /emsdk/upstream/emscripten/cache/sysroot/include/stdint.h:46:21: note: expanded from macro 'INT64_MAX'
#72 491.4 #define INT64_MAX  (0x7fffffffffffffff)
#72 491.4                     ^~~~~~~~~~~~~~~~~~
#72 491.4 libavfilter/trim.c:181:5: warning: implicit conversion from 'long long' to 'double' changes value from 9223372036854775807 to 9223372036854775808 [-Wimplicit-const-int-float-conversion]
#72 491.4     COMMON_OPTS
#72 491.4     ^~~~~~~~~~~
#72 491.4 libavfilter/trim.c:119:153: note: expanded from macro 'COMMON_OPTS'
#72 491.4     { "duration",    "Maximum duration of the output",                   OFFSET(duration),    AV_OPT_TYPE_DURATION, { .i64 = 0 },                    0, INT64_MAX, FLAGS }, \
#72 491.4     ~                                                                                                                                                   ^~~~~~~~~
#72 491.4 /emsdk/upstream/emscripten/cache/sysroot/include/stdint.h:46:21: note: expanded from macro 'INT64_MAX'
#72 491.4 #define INT64_MAX  (0x7fffffffffffffff)
#72 491.4                     ^~~~~~~~~~~~~~~~~~
#72 491.4 libavfilter/trim.c:181:5: warning: implicit conversion from 'long long' to 'double' changes value from 9223372036854775807 to 9223372036854775808 [-Wimplicit-const-int-float-conversion]
#72 491.4     COMMON_OPTS
#72 491.4     ^~~~~~~~~~~
#72 491.4 libavfilter/trim.c:118:153: note: expanded from macro 'COMMON_OPTS'
#72 491.4         "dropped again",                                                 OFFSET(end_pts),     AV_OPT_TYPE_INT64,  { .i64 = AV_NOPTS_VALUE }, INT64_MIN, INT64_MAX, FLAGS }, \
#72 491.4                                                                                                                                                         ^~~~~~~~~
#72 491.4 /emsdk/upstream/emscripten/cache/sysroot/include/stdint.h:46:21: note: expanded from macro 'INT64_MAX'
#72 491.4 #define INT64_MAX  (0x7fffffffffffffff)
#72 491.4                     ^~~~~~~~~~~~~~~~~~
#72 491.4 libavfilter/trim.c:181:5: warning: implicit conversion from 'long long' to 'double' changes value from 9223372036854775807 to 9223372036854775808 [-Wimplicit-const-int-float-conversion]
#72 491.4     COMMON_OPTS
#72 491.4     ^~~~~~~~~~~
#72 491.4 libavfilter/trim.c:116:153: note: expanded from macro 'COMMON_OPTS'
#72 491.4        " passed",                                                        OFFSET(start_pts),   AV_OPT_TYPE_INT64,  { .i64 = AV_NOPTS_VALUE }, INT64_MIN, INT64_MAX, FLAGS }, \
#72 491.4                                                                                                                                                         ^~~~~~~~~
#72 491.4 /emsdk/upstream/emscripten/cache/sysroot/include/stdint.h:46:21: note: expanded from macro 'INT64_MAX'
#72 491.4 #define INT64_MAX  (0x7fffffffffffffff)
#72 491.4                     ^~~~~~~~~~~~~~~~~~
#72 491.4 libavfilter/trim.c:181:5: warning: implicit conversion from 'long long' to 'double' changes value from 9223372036854775807 to 9223372036854775808 [-Wimplicit-const-int-float-conversion]
#72 491.4     COMMON_OPTS
#72 491.4     ^~~~~~~~~~~
#72 491.4 libavfilter/trim.c:114:153: note: expanded from macro 'COMMON_OPTS'
#72 491.4         "should be dropped again",                                       OFFSET(end_time),    AV_OPT_TYPE_DURATION, { .i64 = INT64_MAX },    INT64_MIN, INT64_MAX, FLAGS }, \
#72 491.4                                                                                                                                                         ^~~~~~~~~
#72 491.4 /emsdk/upstream/emscripten/cache/sysroot/include/stdint.h:46:21: note: expanded from macro 'INT64_MAX'
#72 491.4 #define INT64_MAX  (0x7fffffffffffffff)
#72 491.4                     ^~~~~~~~~~~~~~~~~~
#72 491.4 libavfilter/trim.c:181:5: warning: implicit conversion from 'long long' to 'double' changes value from 9223372036854775807 to 9223372036854775808 [-Wimplicit-const-int-float-conversion]
#72 491.4     COMMON_OPTS
#72 491.4     ^~~~~~~~~~~
#72 491.4 libavfilter/trim.c:112:153: note: expanded from macro 'COMMON_OPTS'
#72 491.4         "should be dropped again",                                       OFFSET(end_time),    AV_OPT_TYPE_DURATION, { .i64 = INT64_MAX },    INT64_MIN, INT64_MAX, FLAGS }, \
#72 491.4                                                                                                                                                         ^~~~~~~~~
#72 491.4 /emsdk/upstream/emscripten/cache/sysroot/include/stdint.h:46:21: note: expanded from macro 'INT64_MAX'
#72 491.4 #define INT64_MAX  (0x7fffffffffffffff)
#72 491.4                     ^~~~~~~~~~~~~~~~~~
#72 491.4 libavfilter/trim.c:181:5: warning: implicit conversion from 'long long' to 'double' changes value from 9223372036854775807 to 9223372036854775808 [-Wimplicit-const-int-float-conversion]
#72 491.4     COMMON_OPTS
#72 491.4     ^~~~~~~~~~~
#72 491.4 libavfilter/trim.c:110:153: note: expanded from macro 'COMMON_OPTS'
#72 491.4         "should be passed",                                              OFFSET(start_time),  AV_OPT_TYPE_DURATION, { .i64 = INT64_MAX },    INT64_MIN, INT64_MAX, FLAGS }, \
#72 491.4                                                                                                                                                         ^~~~~~~~~
#72 491.4 /emsdk/upstream/emscripten/cache/sysroot/include/stdint.h:46:21: note: expanded from macro 'INT64_MAX'
#72 491.4 #define INT64_MAX  (0x7fffffffffffffff)
#72 491.4                     ^~~~~~~~~~~~~~~~~~
#72 491.4 libavfilter/trim.c:181:5: warning: implicit conversion from 'long long' to 'double' changes value from 9223372036854775807 to 9223372036854775808 [-Wimplicit-const-int-float-conversion]
#72 491.4     COMMON_OPTS
#72 491.4     ^~~~~~~~~~~
#72 491.4 libavfilter/trim.c:108:153: note: expanded from macro 'COMMON_OPTS'
#72 491.4         "should be passed",                                              OFFSET(start_time),  AV_OPT_TYPE_DURATION, { .i64 = INT64_MAX },    INT64_MIN, INT64_MAX, FLAGS }, \
#72 491.4                                                                                                                                                         ^~~~~~~~~
#72 491.4 /emsdk/upstream/emscripten/cache/sysroot/include/stdint.h:46:21: note: expanded from macro 'INT64_MAX'
#72 491.4 #define INT64_MAX  (0x7fffffffffffffff)
#72 491.4                     ^~~~~~~~~~~~~~~~~~
#72 491.4 libavfilter/trim.c:338:141: warning: implicit conversion from 'long long' to 'double' changes value from 9223372036854775807 to 9223372036854775808 [-Wimplicit-const-int-float-conversion]
#72 491.4         "dropped again",                                                 OFFSET(end_sample),   AV_OPT_TYPE_INT64,  { .i64 = INT64_MAX }, 0, INT64_MAX, FLAGS },
#72 491.4                                                                                                                                             ^~~~~~~~~
#72 491.4 /emsdk/upstream/emscripten/cache/sysroot/include/stdint.h:46:21: note: expanded from macro 'INT64_MAX'
#72 491.4 #define INT64_MAX  (0x7fffffffffffffff)
#72 491.4                     ^~~~~~~~~~~~~~~~~~
#72 491.4 libavfilter/trim.c:336:141: warning: implicit conversion from 'long long' to 'double' changes value from 9223372036854775807 to 9223372036854775808 [-Wimplicit-const-int-float-conversion]
#72 491.4         "passed to the output",                                          OFFSET(start_sample), AV_OPT_TYPE_INT64,  { .i64 = -1 },       -1, INT64_MAX, FLAGS },
#72 491.4                                                                                                                                             ^~~~~~~~~
#72 491.4 /emsdk/upstream/emscripten/cache/sysroot/include/stdint.h:46:21: note: expanded from macro 'INT64_MAX'
#72 491.4 #define INT64_MAX  (0x7fffffffffffffff)
#72 491.4                     ^~~~~~~~~~~~~~~~~~
#72 491.4 libavfilter/trim.c:334:5: warning: implicit conversion from 'long long' to 'double' changes value from 9223372036854775807 to 9223372036854775808 [-Wimplicit-const-int-float-conversion]
#72 491.4     COMMON_OPTS
#72 491.4     ^~~~~~~~~~~
#72 491.4 libavfilter/trim.c:120:153: note: expanded from macro 'COMMON_OPTS'
#72 491.4     { "durationi",   "Maximum duration of the output",                   OFFSET(duration),    AV_OPT_TYPE_DURATION, { .i64 = 0 },                    0, INT64_MAX, FLAGS },
#72 491.4     ~                                                                                                                                                   ^~~~~~~~~
#72 491.4 /emsdk/upstream/emscripten/cache/sysroot/include/stdint.h:46:21: note: expanded from macro 'INT64_MAX'
#72 491.4 #define INT64_MAX  (0x7fffffffffffffff)
#72 491.4                     ^~~~~~~~~~~~~~~~~~
#72 491.4 libavfilter/trim.c:334:5: warning: implicit conversion from 'long long' to 'double' changes value from 9223372036854775807 to 9223372036854775808 [-Wimplicit-const-int-float-conversion]
#72 491.4     COMMON_OPTS
#72 491.4     ^~~~~~~~~~~
#72 491.4 libavfilter/trim.c:119:153: note: expanded from macro 'COMMON_OPTS'
#72 491.4     { "duration",    "Maximum duration of the output",                   OFFSET(duration),    AV_OPT_TYPE_DURATION, { .i64 = 0 },                    0, INT64_MAX, FLAGS }, \
#72 491.4     ~                                                                                                                                                   ^~~~~~~~~
#72 491.4 /emsdk/upstream/emscripten/cache/sysroot/include/stdint.h:46:21: note: expanded from macro 'INT64_MAX'
#72 491.4 #define INT64_MAX  (0x7fffffffffffffff)
#72 491.4                     ^~~~~~~~~~~~~~~~~~
#72 491.4 libavfilter/trim.c:334:5: warning: implicit conversion from 'long long' to 'double' changes value from 9223372036854775807 to 9223372036854775808 [-Wimplicit-const-int-float-conversion]
#72 491.4     COMMON_OPTS
#72 491.4     ^~~~~~~~~~~
#72 491.4 libavfilter/trim.c:118:153: note: expanded from macro 'COMMON_OPTS'
#72 491.4         "dropped again",                                                 OFFSET(end_pts),     AV_OPT_TYPE_INT64,  { .i64 = AV_NOPTS_VALUE }, INT64_MIN, INT64_MAX, FLAGS }, \
#72 491.4                                                                                                                                                         ^~~~~~~~~
#72 491.4 /emsdk/upstream/emscripten/cache/sysroot/include/stdint.h:46:21: note: expanded from macro 'INT64_MAX'
#72 491.4 #define INT64_MAX  (0x7fffffffffffffff)
#72 491.4                     ^~~~~~~~~~~~~~~~~~
#72 491.4 libavfilter/trim.c:334:5: warning: implicit conversion from 'long long' to 'double' changes value from 9223372036854775807 to 9223372036854775808 [-Wimplicit-const-int-float-conversion]
#72 491.4     COMMON_OPTS
#72 491.4     ^~~~~~~~~~~
#72 491.4 libavfilter/trim.c:116:153: note: expanded from macro 'COMMON_OPTS'
#72 491.4        " passed",                                                        OFFSET(start_pts),   AV_OPT_TYPE_INT64,  { .i64 = AV_NOPTS_VALUE }, INT64_MIN, INT64_MAX, FLAGS }, \
#72 491.4                                                                                                                                                         ^~~~~~~~~
#72 491.4 /emsdk/upstream/emscripten/cache/sysroot/include/stdint.h:46:21: note: expanded from macro 'INT64_MAX'
#72 491.4 #define INT64_MAX  (0x7fffffffffffffff)
#72 491.4                     ^~~~~~~~~~~~~~~~~~
#72 491.4 libavfilter/trim.c:334:5: warning: implicit conversion from 'long long' to 'double' changes value from 9223372036854775807 to 9223372036854775808 [-Wimplicit-const-int-float-conversion]
#72 491.4     COMMON_OPTS
#72 491.4     ^~~~~~~~~~~
#72 491.4 libavfilter/trim.c:114:153: note: expanded from macro 'COMMON_OPTS'
#72 491.4         "should be dropped again",                                       OFFSET(end_time),    AV_OPT_TYPE_DURATION, { .i64 = INT64_MAX },    INT64_MIN, INT64_MAX, FLAGS }, \
#72 491.4                                                                                                                                                         ^~~~~~~~~
#72 491.4 /emsdk/upstream/emscripten/cache/sysroot/include/stdint.h:46:21: note: expanded from macro 'INT64_MAX'
#72 491.4 #define INT64_MAX  (0x7fffffffffffffff)
#72 491.4                     ^~~~~~~~~~~~~~~~~~
#72 491.4 libavfilter/trim.c:334:5: warning: implicit conversion from 'long long' to 'double' changes value from 9223372036854775807 to 9223372036854775808 [-Wimplicit-const-int-float-conversion]
#72 491.4     COMMON_OPTS
#72 491.4     ^~~~~~~~~~~
#72 491.4 libavfilter/trim.c:112:153: note: expanded from macro 'COMMON_OPTS'
#72 491.4         "should be dropped again",                                       OFFSET(end_time),    AV_OPT_TYPE_DURATION, { .i64 = INT64_MAX },    INT64_MIN, INT64_MAX, FLAGS }, \
#72 491.4                                                                                                                                                         ^~~~~~~~~
#72 491.4 /emsdk/upstream/emscripten/cache/sysroot/include/stdint.h:46:21: note: expanded from macro 'INT64_MAX'
#72 491.4 #define INT64_MAX  (0x7fffffffffffffff)
#72 491.4                     ^~~~~~~~~~~~~~~~~~
#72 491.4 libavfilter/trim.c:334:5: warning: implicit conversion from 'long long' to 'double' changes value from 9223372036854775807 to 9223372036854775808 [-Wimplicit-const-int-float-conversion]
#72 491.4     COMMON_OPTS
#72 491.4     ^~~~~~~~~~~
#72 491.4 libavfilter/trim.c:110:153: note: expanded from macro 'COMMON_OPTS'
#72 491.4         "should be passed",                                              OFFSET(start_time),  AV_OPT_TYPE_DURATION, { .i64 = INT64_MAX },    INT64_MIN, INT64_MAX, FLAGS }, \
#72 491.4                                                                                                                                                         ^~~~~~~~~
#72 491.4 /emsdk/upstream/emscripten/cache/sysroot/include/stdint.h:46:21: note: expanded from macro 'INT64_MAX'
#72 491.4 #define INT64_MAX  (0x7fffffffffffffff)
#72 491.4                     ^~~~~~~~~~~~~~~~~~
#72 491.4 libavfilter/trim.c:334:5: warning: implicit conversion from 'long long' to 'double' changes value from 9223372036854775807 to 9223372036854775808 [-Wimplicit-const-int-float-conversion]
#72 491.4     COMMON_OPTS
#72 491.4     ^~~~~~~~~~~
#72 491.4 libavfilter/trim.c:108:153: note: expanded from macro 'COMMON_OPTS'
#72 491.4         "should be passed",                                              OFFSET(start_time),  AV_OPT_TYPE_DURATION, { .i64 = INT64_MAX },    INT64_MIN, INT64_MAX, FLAGS }, \
#72 491.4                                                                                                                                                         ^~~~~~~~~
#72 491.4 /emsdk/upstream/emscripten/cache/sysroot/include/stdint.h:46:21: note: expanded from macro 'INT64_MAX'
#72 491.4 #define INT64_MAX  (0x7fffffffffffffff)
#72 491.4                     ^~~~~~~~~~~~~~~~~~
#72 491.8 20 warnings generated.
#72 491.8 CC	libavfilter/version.o
#72 492.4 CC	libavfilter/vf_addroi.o
#72 492.4 CC	libavfilter/vf_alphamerge.o
#72 493.3 CC	libavfilter/vf_amplify.o
#72 493.3 CC	libavfilter/vf_aspect.o
#72 494.1 CC	libavfilter/vf_atadenoise.o
#72 494.3 CC	libavfilter/vf_avgblur.o
#72 495.3 CC	libavfilter/vf_bbox.o
#72 495.4 CC	libavfilter/vf_bilateral.o
#72 496.1 CC	libavfilter/vf_bitplanenoise.o
#72 496.5 CC	libavfilter/vf_blackdetect.o
#72 497.0 CC	libavfilter/vf_blackframe.o
#72 497.5 CC	libavfilter/vf_blend.o
#72 498.0 CC	libavfilter/vf_blockdetect.o
#72 499.0 CC	libavfilter/vf_blurdetect.o
#72 499.9 CC	libavfilter/vf_bm3d.o
#72 500.0 CC	libavfilter/vf_boxblur.o
#72 501.0 CC	libavfilter/vf_bwdif.o
#72 501.1 CC	libavfilter/vf_cas.o
#72 502.1 CC	libavfilter/vf_chromakey.o
#72 502.1 CC	libavfilter/vf_chromanr.o
#72 503.1 CC	libavfilter/vf_chromashift.o
#72 503.2 CC	libavfilter/vf_ciescope.o
#72 504.0 CC	libavfilter/vf_codecview.o
#72 504.3 CC	libavfilter/vf_colorbalance.o
#72 505.0 CC	libavfilter/vf_colorchannelmixer.o
#72 505.3 CC	libavfilter/vf_colorconstancy.o
#72 506.3 CC	libavfilter/vf_colorcontrast.o
#72 506.5 CC	libavfilter/vf_colorcorrect.o
#72 507.3 CC	libavfilter/vf_colorize.o
#72 507.5 CC	libavfilter/vf_colorkey.o
#72 508.3 CC	libavfilter/vf_colorlevels.o
#72 508.5 CC	libavfilter/vf_colormap.o
#72 509.6 CC	libavfilter/vf_colormatrix.o
#72 509.7 CC	libavfilter/vf_colorspace.o
#72 510.9 CC	libavfilter/vf_colortemperature.o
#72 510.9 CC	libavfilter/vf_convolution.o
#72 512.0 CC	libavfilter/vf_convolve.o
#72 512.3 CC	libavfilter/vf_copy.o
#72 513.0 CC	libavfilter/vf_cover_rect.o
#72 513.2 CC	libavfilter/vf_crop.o
#72 514.1 CC	libavfilter/vf_cropdetect.o
#72 514.2 CC	libavfilter/vf_curves.o
#72 515.1 CC	libavfilter/vf_datascope.o
#72 515.4 CC	libavfilter/vf_dblur.o
#72 516.3 CC	libavfilter/vf_dctdnoiz.o
#72 516.4 CC	libavfilter/vf_deband.o
#72 517.5 CC	libavfilter/vf_deblock.o
#72 517.6 CC	libavfilter/vf_decimate.o
#72 518.4 CC	libavfilter/vf_dedot.o
#72 518.7 CC	libavfilter/vf_deflicker.o
#72 519.4 CC	libavfilter/vf_dejudder.o
#72 519.8 CC	libavfilter/vf_delogo.o
#72 520.4 CC	libavfilter/vf_derain.o
#72 520.8 CC	libavfilter/vf_deshake.o
#72 521.1 CC	libavfilter/vf_despill.o
#72 521.9 CC	libavfilter/vf_detelecine.o
#72 522.0 CC	libavfilter/vf_displace.o
#72 522.8 CC	libavfilter/vf_dnn_classify.o
#72 522.9 CC	libavfilter/vf_dnn_detect.o
#72 523.8 CC	libavfilter/vf_dnn_processing.o
#72 524.0 CC	libavfilter/vf_drawbox.o
#72 524.7 CC	libavfilter/vf_drawtext.o
#72 525.0 CC	libavfilter/vf_edgedetect.o
#72 525.2 libavfilter/vf_drawtext.c:234:127: warning: implicit conversion from 'long long' to 'double' changes value from 9223372036854775807 to 9223372036854775808 [-Wimplicit-const-int-float-conversion]
#72 525.2     {"basetime",    "set base time",        OFFSET(basetime),           AV_OPT_TYPE_INT64,  {.i64=AV_NOPTS_VALUE}, INT64_MIN, INT64_MAX , FLAGS},
#72 525.2     ~                                                                                                                         ^~~~~~~~~
#72 525.2 /emsdk/upstream/emscripten/cache/sysroot/include/stdint.h:46:21: note: expanded from macro 'INT64_MAX'
#72 525.2 #define INT64_MAX  (0x7fffffffffffffff)
#72 525.2                     ^~~~~~~~~~~~~~~~~~
#72 525.8 1 warning generated.
#72 525.9 CC	libavfilter/vf_elbg.o
#72 525.9 CC	libavfilter/vf_entropy.o
#72 526.7 CC	libavfilter/vf_epx.o
#72 526.9 CC	libavfilter/vf_eq.o
#72 527.6 CC	libavfilter/vf_estdif.o
#72 527.9 CC	libavfilter/vf_exposure.o
#72 528.7 CC	libavfilter/vf_extractplanes.o
#72 528.8 CC	libavfilter/vf_fade.o
#72 529.3 libavfilter/vf_fade.c:542:113: warning: implicit conversion from 'long long' to 'double' changes value from 9223372036854775807 to 9223372036854775808 [-Wimplicit-const-int-float-conversion]
#72 529.3                                                     OFFSET(duration),    AV_OPT_TYPE_DURATION, {.i64 = 0. }, 0, INT64_MAX, FLAGS },
#72 529.3                                                                                                                 ^~~~~~~~~
#72 529.3 /emsdk/upstream/emscripten/cache/sysroot/include/stdint.h:46:21: note: expanded from macro 'INT64_MAX'
#72 529.3 #define INT64_MAX  (0x7fffffffffffffff)
#72 529.3                     ^~~~~~~~~~~~~~~~~~
#72 529.3 libavfilter/vf_fade.c:540:113: warning: implicit conversion from 'long long' to 'double' changes value from 9223372036854775807 to 9223372036854775808 [-Wimplicit-const-int-float-conversion]
#72 529.3                                                     OFFSET(duration),    AV_OPT_TYPE_DURATION, {.i64 = 0. }, 0, INT64_MAX, FLAGS },
#72 529.3                                                                                                                 ^~~~~~~~~
#72 529.3 /emsdk/upstream/emscripten/cache/sysroot/include/stdint.h:46:21: note: expanded from macro 'INT64_MAX'
#72 529.3 #define INT64_MAX  (0x7fffffffffffffff)
#72 529.3                     ^~~~~~~~~~~~~~~~~~
#72 529.3 libavfilter/vf_fade.c:538:113: warning: implicit conversion from 'long long' to 'double' changes value from 9223372036854775807 to 9223372036854775808 [-Wimplicit-const-int-float-conversion]
#72 529.3                                                     OFFSET(start_time),  AV_OPT_TYPE_DURATION, {.i64 = 0. }, 0, INT64_MAX, FLAGS },
#72 529.3                                                                                                                 ^~~~~~~~~
#72 529.3 /emsdk/upstream/emscripten/cache/sysroot/include/stdint.h:46:21: note: expanded from macro 'INT64_MAX'
#72 529.3 #define INT64_MAX  (0x7fffffffffffffff)
#72 529.3                     ^~~~~~~~~~~~~~~~~~
#72 529.3 libavfilter/vf_fade.c:536:113: warning: implicit conversion from 'long long' to 'double' changes value from 9223372036854775807 to 9223372036854775808 [-Wimplicit-const-int-float-conversion]
#72 529.3                                                     OFFSET(start_time),  AV_OPT_TYPE_DURATION, {.i64 = 0. }, 0, INT64_MAX, FLAGS },
#72 529.3                                                                                                                 ^~~~~~~~~
#72 529.3 /emsdk/upstream/emscripten/cache/sysroot/include/stdint.h:46:21: note: expanded from macro 'INT64_MAX'
#72 529.3 #define INT64_MAX  (0x7fffffffffffffff)
#72 529.3                     ^~~~~~~~~~~~~~~~~~
#72 529.8 CC	libavfilter/vf_feedback.o
#72 529.9 4 warnings generated.
#72 529.9 CC	libavfilter/vf_fftdnoiz.o
#72 530.7 CC	libavfilter/vf_fftfilt.o
#72 531.1 CC	libavfilter/vf_field.o
#72 531.8 CC	libavfilter/vf_fieldhint.o
#72 531.9 CC	libavfilter/vf_fieldmatch.o
#72 532.7 CC	libavfilter/vf_fieldorder.o
#72 533.2 CC	libavfilter/vf_fillborders.o
#72 533.6 CC	libavfilter/vf_find_rect.o
#72 534.4 CC	libavfilter/vf_floodfill.o
#72 534.6 CC	libavfilter/vf_format.o
#72 535.3 CC	libavfilter/vf_fps.o
#72 535.5 CC	libavfilter/vf_framepack.o
#72 535.7 libavfilter/vf_fps.c:199:50: warning: implicit conversion from 'long long' to 'double' changes value from 9223372036854775807 to 9223372036854775808 [-Wimplicit-const-int-float-conversion]
#72 535.7         if (first_pts < INT64_MIN || first_pts > INT64_MAX) {
#72 535.7                                                ~ ^~~~~~~~~
#72 535.7 /emsdk/upstream/emscripten/cache/sysroot/include/stdint.h:46:21: note: expanded from macro 'INT64_MAX'
#72 535.7 #define INT64_MAX  (0x7fffffffffffffff)
#72 535.7                     ^~~~~~~~~~~~~~~~~~
#72 536.2 1 warning generated.
#72 536.2 CC	libavfilter/vf_framerate.o
#72 536.6 CC	libavfilter/vf_framestep.o
#72 537.2 CC	libavfilter/vf_freezedetect.o
#72 537.3 CC	libavfilter/vf_freezeframes.o
#72 537.7 libavfilter/vf_freezedetect.c:57:134: warning: implicit conversion from 'long long' to 'double' changes value from 9223372036854775807 to 9223372036854775808 [-Wimplicit-const-int-float-conversion]
#72 537.7     { "duration",            "set minimum duration in seconds",        OFFSET(duration),  AV_OPT_TYPE_DURATION, {.i64=2000000},   0, INT64_MAX, V|F },
#72 537.7     ~                                                                                                                                ^~~~~~~~~
#72 537.7 /emsdk/upstream/emscripten/cache/sysroot/include/stdint.h:46:21: note: expanded from macro 'INT64_MAX'
#72 537.7 #define INT64_MAX  (0x7fffffffffffffff)
#72 537.7                     ^~~~~~~~~~~~~~~~~~
#72 537.7 libavfilter/vf_freezedetect.c:56:134: warning: implicit conversion from 'long long' to 'double' changes value from 9223372036854775807 to 9223372036854775808 [-Wimplicit-const-int-float-conversion]
#72 537.7     { "d",                   "set minimum duration in seconds",        OFFSET(duration),  AV_OPT_TYPE_DURATION, {.i64=2000000},   0, INT64_MAX, V|F },
#72 537.7     ~                                                                                                                                ^~~~~~~~~
#72 537.7 /emsdk/upstream/emscripten/cache/sysroot/include/stdint.h:46:21: note: expanded from macro 'INT64_MAX'
#72 537.7 #define INT64_MAX  (0x7fffffffffffffff)
#72 537.7                     ^~~~~~~~~~~~~~~~~~
#72 537.8 libavfilter/vf_freezeframes.c:44:96: warning: implicit conversion from 'long long' to 'double' changes value from 9223372036854775807 to 9223372036854775808 [-Wimplicit-const-int-float-conversion]
#72 537.8     { "replace", "set frame to replace",      OFFSET(replace), AV_OPT_TYPE_INT64, {.i64=0}, 0, INT64_MAX, FLAGS },
#72 537.8     ~                                                                                          ^~~~~~~~~
#72 537.8 /emsdk/upstream/emscripten/cache/sysroot/include/stdint.h:46:21: note: expanded from macro 'INT64_MAX'
#72 537.8 #define INT64_MAX  (0x7fffffffffffffff)
#72 537.8                     ^~~~~~~~~~~~~~~~~~
#72 537.8 libavfilter/vf_freezeframes.c:43:96: warning: implicit conversion from 'long long' to 'double' changes value from 9223372036854775807 to 9223372036854775808 [-Wimplicit-const-int-float-conversion]
#72 537.8     { "last",    "set last frame to freeze",  OFFSET(last),    AV_OPT_TYPE_INT64, {.i64=0}, 0, INT64_MAX, FLAGS },
#72 537.8     ~                                                                                          ^~~~~~~~~
#72 537.8 /emsdk/upstream/emscripten/cache/sysroot/include/stdint.h:46:21: note: expanded from macro 'INT64_MAX'
#72 537.8 #define INT64_MAX  (0x7fffffffffffffff)
#72 537.8                     ^~~~~~~~~~~~~~~~~~
#72 537.8 libavfilter/vf_freezeframes.c:42:96: warning: implicit conversion from 'long long' to 'double' changes value from 9223372036854775807 to 9223372036854775808 [-Wimplicit-const-int-float-conversion]
#72 537.8     { "first",   "set first frame to freeze", OFFSET(first),   AV_OPT_TYPE_INT64, {.i64=0}, 0, INT64_MAX, FLAGS },
#72 537.8     ~                                                                                          ^~~~~~~~~
#72 537.8 /emsdk/upstream/emscripten/cache/sysroot/include/stdint.h:46:21: note: expanded from macro 'INT64_MAX'
#72 537.8 #define INT64_MAX  (0x7fffffffffffffff)
#72 537.8                     ^~~~~~~~~~~~~~~~~~
#72 538.1 2 warnings generated.
#72 538.1 3 warnings generated.
#72 538.2 CC	libavfilter/vf_fspp.o
#72 538.2 CC	libavfilter/vf_gblur.o
#72 539.2 CC	libavfilter/vf_geq.o
#72 539.3 CC	libavfilter/vf_gradfun.o
#72 540.3 CC	libavfilter/vf_grayworld.o
#72 540.4 CC	libavfilter/vf_guided.o
#72 541.3 CC	libavfilter/vf_hflip.o
#72 541.5 CC	libavfilter/vf_histeq.o
#72 542.3 CC	libavfilter/vf_histogram.o
#72 542.4 CC	libavfilter/vf_hqdn3d.o
#72 543.4 CC	libavfilter/vf_hqx.o
#72 543.5 CC	libavfilter/vf_hsvkey.o
#72 544.4 CC	libavfilter/vf_hue.o
#72 545.3 CC	libavfilter/vf_huesaturation.o
#72 545.5 CC	libavfilter/vf_hwdownload.o
#72 546.3 CC	libavfilter/vf_hwmap.o
#72 546.4 CC	libavfilter/vf_hwupload.o
#72 547.1 CC	libavfilter/vf_hysteresis.o
#72 547.2 CC	libavfilter/vf_identity.o
#72 548.1 CC	libavfilter/vf_idet.o
#72 548.3 CC	libavfilter/vf_il.o
#72 549.1 CC	libavfilter/vf_kerndeint.o
#72 549.1 CC	libavfilter/vf_lagfun.o
#72 550.1 CC	libavfilter/vf_lenscorrection.o
#72 550.2 CC	libavfilter/vf_limitdiff.o
#72 551.2 CC	libavfilter/vf_limiter.o
#72 551.2 CC	libavfilter/vf_lumakey.o
#72 552.1 CC	libavfilter/vf_lut.o
#72 552.2 CC	libavfilter/vf_lut2.o
#72 553.1 CC	libavfilter/vf_lut3d.o
#72 553.2 CC	libavfilter/vf_maskedclamp.o
#72 554.2 CC	libavfilter/vf_maskedmerge.o
#72 555.1 CC	libavfilter/vf_maskedminmax.o
#72 555.2 CC	libavfilter/vf_maskedthreshold.o
#72 556.1 CC	libavfilter/vf_maskfun.o
#72 556.2 CC	libavfilter/vf_median.o
#72 557.2 CC	libavfilter/vf_mergeplanes.o
#72 557.4 CC	libavfilter/vf_mestimate.o
#72 558.2 CC	libavfilter/vf_midequalizer.o
#72 558.5 CC	libavfilter/vf_minterpolate.o
#72 559.2 CC	libavfilter/vf_mix.o
#72 559.8 CC	libavfilter/vf_monochrome.o
#72 560.3 CC	libavfilter/vf_morpho.o
#72 560.9 CC	libavfilter/vf_mpdecimate.o
#72 561.7 CC	libavfilter/vf_multiply.o
#72 561.8 CC	libavfilter/vf_negate.o
#72 562.7 CC	libavfilter/vf_neighbor.o
#72 563.0 CC	libavfilter/vf_nlmeans.o
#72 563.8 CC	libavfilter/vf_nnedi.o
#72 564.1 CC	libavfilter/vf_noise.o
#72 565.0 CC	libavfilter/vf_normalize.o
#72 565.1 CC	libavfilter/vf_null.o
#72 565.7 CC	libavfilter/vf_overlay.o
#72 566.1 CC	libavfilter/vf_owdenoise.o
#72 567.1 CC	libavfilter/vf_pad.o
#72 567.2 CC	libavfilter/vf_palettegen.o
#72 568.1 CC	libavfilter/vf_paletteuse.o
#72 568.3 CC	libavfilter/vf_perspective.o
#72 569.3 CC	libavfilter/vf_phase.o
#72 569.7 CC	libavfilter/vf_photosensitivity.o
#72 570.5 CC	libavfilter/vf_pixdesctest.o
#72 570.7 CC	libavfilter/vf_pixelize.o
#72 571.4 CC	libavfilter/vf_pp.o
#72 571.7 CC	libavfilter/vf_pp7.o
#72 572.2 CC	libavfilter/vf_premultiply.o
#72 572.7 CC	libavfilter/vf_pseudocolor.o
#72 573.4 CC	libavfilter/vf_psnr.o
#72 573.7 CC	libavfilter/vf_pullup.o
#72 574.4 CC	libavfilter/vf_qp.o
#72 574.9 CC	libavfilter/vf_random.o
#72 575.4 CC	libavfilter/vf_readeia608.o
#72 575.7 CC	libavfilter/vf_readvitc.o
#72 576.5 CC	libavfilter/vf_remap.o
#72 576.8 CC	libavfilter/vf_removegrain.o
#72 577.5 CC	libavfilter/vf_removelogo.o
#72 577.8 CC	libavfilter/vf_repeatfields.o
#72 578.6 CC	libavfilter/vf_rotate.o
#72 578.7 CC	libavfilter/vf_sab.o
#72 579.7 CC	libavfilter/vf_scale.o
#72 579.7 CC	libavfilter/vf_scdet.o
#72 580.6 CC	libavfilter/vf_scroll.o
#72 580.8 CC	libavfilter/vf_selectivecolor.o
#72 581.5 CC	libavfilter/vf_separatefields.o
#72 581.8 CC	libavfilter/vf_setparams.o
#72 582.5 CC	libavfilter/vf_shear.o
#72 582.5 CC	libavfilter/vf_showinfo.o
#72 583.4 CC	libavfilter/vf_showpalette.o
#72 583.7 CC	libavfilter/vf_shuffleframes.o
#72 584.3 CC	libavfilter/vf_shufflepixels.o
#72 584.6 CC	libavfilter/vf_shuffleplanes.o
#72 585.4 CC	libavfilter/vf_signalstats.o
#72 585.5 CC	libavfilter/vf_signature.o
#72 586.6 CC	libavfilter/vf_siti.o
#72 586.9 CC	libavfilter/vf_smartblur.o
#72 587.7 CC	libavfilter/vf_spp.o
#72 587.9 CC	libavfilter/vf_sr.o
#72 588.7 CC	libavfilter/vf_ssim.o
#72 588.8 CC	libavfilter/vf_stack.o
#72 589.8 CC	libavfilter/vf_stereo3d.o
#72 589.8 CC	libavfilter/vf_subtitles.o
#72 590.8 CC	libavfilter/vf_super2xsai.o
#72 591.0 CC	libavfilter/vf_swaprect.o
#72 591.8 CC	libavfilter/vf_swapuv.o
#72 591.9 CC	libavfilter/vf_telecine.o
#72 592.6 CC	libavfilter/vf_threshold.o
#72 592.8 CC	libavfilter/vf_thumbnail.o
#72 593.6 CC	libavfilter/vf_tile.o
#72 593.8 CC	libavfilter/vf_tinterlace.o
#72 594.5 CC	libavfilter/vf_tmidequalizer.o
#72 594.9 CC	libavfilter/vf_tonemap.o
#72 595.5 CC	libavfilter/vf_tpad.o
#72 595.8 CC	libavfilter/vf_transpose.o
#72 595.9 libavfilter/vf_tpad.c:59:131: warning: implicit conversion from 'long long' to 'double' changes value from 9223372036854775807 to 9223372036854775808 [-Wimplicit-const-int-float-conversion]
#72 595.9     { "stop_duration",  "set the duration to pad input",               OFFSET(stop_duration),  AV_OPT_TYPE_DURATION, {.i64=0}, 0, INT64_MAX, VF },
#72 595.9     ~                                                                                                                             ^~~~~~~~~
#72 595.9 /emsdk/upstream/emscripten/cache/sysroot/include/stdint.h:46:21: note: expanded from macro 'INT64_MAX'
#72 595.9 #define INT64_MAX  (0x7fffffffffffffff)
#72 595.9                     ^~~~~~~~~~~~~~~~~~
#72 595.9 libavfilter/vf_tpad.c:58:131: warning: implicit conversion from 'long long' to 'double' changes value from 9223372036854775807 to 9223372036854775808 [-Wimplicit-const-int-float-conversion]
#72 595.9     { "start_duration", "set the duration to delay input",             OFFSET(start_duration), AV_OPT_TYPE_DURATION, {.i64=0}, 0, INT64_MAX, VF },
#72 595.9     ~                                                                                                                             ^~~~~~~~~
#72 595.9 /emsdk/upstream/emscripten/cache/sysroot/include/stdint.h:46:21: note: expanded from macro 'INT64_MAX'
#72 595.9 #define INT64_MAX  (0x7fffffffffffffff)
#72 595.9                     ^~~~~~~~~~~~~~~~~~
#72 596.3 2 warnings generated.
#72 596.3 CC	libavfilter/vf_unsharp.o
#72 596.9 CC	libavfilter/vf_untile.o
#72 597.3 CC	libavfilter/vf_v360.o
#72 597.8 CC	libavfilter/vf_vaguedenoiser.o
#72 598.8 CC	libavfilter/vf_varblur.o
#72 598.9 CC	libavfilter/vf_vectorscope.o
#72 599.8 CC	libavfilter/vf_vflip.o
#72 600.3 CC	libavfilter/vf_vfrdet.o
#72 600.7 CC	libavfilter/vf_vibrance.o
#72 601.0 CC	libavfilter/vf_vif.o
#72 601.7 CC	libavfilter/vf_vignette.o
#72 602.1 CC	libavfilter/vf_vmafmotion.o
#72 602.7 CC	libavfilter/vf_w3fdif.o
#72 603.2 CC	libavfilter/vf_waveform.o
#72 603.8 CC	libavfilter/vf_weave.o
#72 604.6 CC	libavfilter/vf_xbr.o
#72 605.0 CC	libavfilter/vf_xfade.o
#72 605.4 libavfilter/vf_xfade.c:201:133: warning: implicit conversion from 'long long' to 'double' changes value from 9223372036854775807 to 9223372036854775808 [-Wimplicit-const-int-float-conversion]
#72 605.4     { "offset",   "set cross fade start relative to first input stream", OFFSET(offset), AV_OPT_TYPE_DURATION, {.i64=0}, INT64_MIN, INT64_MAX, FLAGS },
#72 605.4     ~                                                                                                                               ^~~~~~~~~
#72 605.4 /emsdk/upstream/emscripten/cache/sysroot/include/stdint.h:46:21: note: expanded from macro 'INT64_MAX'
#72 605.4 #define INT64_MAX  (0x7fffffffffffffff)
#72 605.4                     ^~~~~~~~~~~~~~~~~~
#72 605.9 CC	libavfilter/vf_xmedian.o
#72 606.6 1 warning generated.
#72 606.6 CC	libavfilter/vf_yadif.o
#72 607.0 CC	libavfilter/vf_yaepblur.o
#72 607.8 CC	libavfilter/vf_zoompan.o
#72 608.2 CC	libavfilter/vf_zscale.o
#72 609.0 CC	libavfilter/video.o
#72 609.6 CC	libavfilter/vsink_nullsink.o
#72 609.9 CC	libavfilter/vsrc_cellauto.o
#72 610.4 CC	libavfilter/vsrc_gradients.o
#72 610.9 libavfilter/vsrc_gradients.c:80:106: warning: implicit conversion from 'long long' to 'double' changes value from 9223372036854775807 to 9223372036854775808 [-Wimplicit-const-int-float-conversion]
#72 610.9     {"d",         "set video duration", OFFSET(duration),  AV_OPT_TYPE_DURATION,   {.i64=-1},        -1, INT64_MAX, FLAGS },
#72 610.9     ~                                                                                                    ^~~~~~~~~
#72 610.9 /emsdk/upstream/emscripten/cache/sysroot/include/stdint.h:46:21: note: expanded from macro 'INT64_MAX'
#72 610.9 #define INT64_MAX  (0x7fffffffffffffff)
#72 610.9                     ^~~~~~~~~~~~~~~~~~
#72 610.9 libavfilter/vsrc_gradients.c:79:106: warning: implicit conversion from 'long long' to 'double' changes value from 9223372036854775807 to 9223372036854775808 [-Wimplicit-const-int-float-conversion]
#72 610.9     {"duration",  "set video duration", OFFSET(duration),  AV_OPT_TYPE_DURATION,   {.i64=-1},        -1, INT64_MAX, FLAGS },
#72 610.9     ~                                                                                                    ^~~~~~~~~
#72 610.9 /emsdk/upstream/emscripten/cache/sysroot/include/stdint.h:46:21: note: expanded from macro 'INT64_MAX'
#72 610.9 #define INT64_MAX  (0x7fffffffffffffff)
#72 610.9                     ^~~~~~~~~~~~~~~~~~
#72 611.1 CC	libavfilter/vsrc_life.o
#72 611.6 2 warnings generated.
#72 611.6 CC	libavfilter/vsrc_mandelbrot.o
#72 612.2 libavfilter/vsrc_mandelbrot.c:99:111: warning: implicit conversion from 'long long' to 'double' changes value from 9223372036854775807 to 9223372036854775808 [-Wimplicit-const-int-float-conversion]
#72 612.2     {"end_pts",     "set the terminal pts value",    OFFSET(end_pts), AV_OPT_TYPE_DOUBLE,     {.dbl=400},  0, INT64_MAX, FLAGS },
#72 612.2     ~                                                                                                         ^~~~~~~~~
#72 612.2 /emsdk/upstream/emscripten/cache/sysroot/include/stdint.h:46:21: note: expanded from macro 'INT64_MAX'
#72 612.2 #define INT64_MAX  (0x7fffffffffffffff)
#72 612.2                     ^~~~~~~~~~~~~~~~~~
#72 612.4 CC	libavfilter/vsrc_mptestsrc.o
#72 612.9 libavfilter/vsrc_mptestsrc.c:86:44: warning: implicit conversion from 'long long' to 'double' changes value from 9223372036854775807 to 9223372036854775808 [-Wimplicit-const-int-float-conversion]
#72 612.9         AV_OPT_TYPE_INT64, {.i64 = 30}, 1, INT64_MAX, FLAGS },
#72 612.9                                            ^~~~~~~~~
#72 612.9 /emsdk/upstream/emscripten/cache/sysroot/include/stdint.h:46:21: note: expanded from macro 'INT64_MAX'
#72 612.9 #define INT64_MAX  (0x7fffffffffffffff)
#72 612.9                     ^~~~~~~~~~~~~~~~~~
#72 612.9 libavfilter/vsrc_mptestsrc.c:84:44: warning: implicit conversion from 'long long' to 'double' changes value from 9223372036854775807 to 9223372036854775808 [-Wimplicit-const-int-float-conversion]
#72 612.9         AV_OPT_TYPE_INT64, {.i64 = 30}, 1, INT64_MAX, FLAGS },
#72 612.9                                            ^~~~~~~~~
#72 612.9 /emsdk/upstream/emscripten/cache/sysroot/include/stdint.h:46:21: note: expanded from macro 'INT64_MAX'
#72 612.9 #define INT64_MAX  (0x7fffffffffffffff)
#72 612.9                     ^~~~~~~~~~~~~~~~~~
#72 612.9 libavfilter/vsrc_mptestsrc.c:68:98: warning: implicit conversion from 'long long' to 'double' changes value from 9223372036854775807 to 9223372036854775808 [-Wimplicit-const-int-float-conversion]
#72 612.9     { "d",        "set video duration", OFFSET(duration), AV_OPT_TYPE_DURATION, {.i64 = -1}, -1, INT64_MAX, FLAGS },
#72 612.9     ~                                                                                            ^~~~~~~~~
#72 612.9 /emsdk/upstream/emscripten/cache/sysroot/include/stdint.h:46:21: note: expanded from macro 'INT64_MAX'
#72 612.9 #define INT64_MAX  (0x7fffffffffffffff)
#72 612.9                     ^~~~~~~~~~~~~~~~~~
#72 612.9 libavfilter/vsrc_mptestsrc.c:67:98: warning: implicit conversion from 'long long' to 'double' changes value from 9223372036854775807 to 9223372036854775808 [-Wimplicit-const-int-float-conversion]
#72 612.9     { "duration", "set video duration", OFFSET(duration), AV_OPT_TYPE_DURATION, {.i64 = -1}, -1, INT64_MAX, FLAGS },
#72 612.9     ~                                                                                            ^~~~~~~~~
#72 612.9 /emsdk/upstream/emscripten/cache/sysroot/include/stdint.h:46:21: note: expanded from macro 'INT64_MAX'
#72 612.9 #define INT64_MAX  (0x7fffffffffffffff)
#72 612.9                     ^~~~~~~~~~~~~~~~~~
#72 612.9 1 warning generated.
#72 612.9 CC	libavfilter/vsrc_sierpinski.o
#72 613.7 4 warnings generated.
#72 613.7 CC	libavfilter/vsrc_testsrc.o
#72 614.1 CC	libavfilter/yadif_common.o
#72 614.2 libavfilter/vsrc_testsrc.c:114:5: warning: implicit conversion from 'long long' to 'double' changes value from 9223372036854775807 to 9223372036854775808 [-Wimplicit-const-int-float-conversion]
#72 614.2     COMMON_OPTIONS
#72 614.2     ^~~~~~~~~~~~~~
#72 614.2 libavfilter/vsrc_testsrc.c:108:37: note: expanded from macro 'COMMON_OPTIONS'
#72 614.2 #define COMMON_OPTIONS SIZE_OPTIONS COMMON_OPTIONS_NOSIZE
#72 614.2                                     ^~~~~~~~~~~~~~~~~~~~~
#72 614.2 libavfilter/vsrc_testsrc.c:105:98: note: expanded from macro 'COMMON_OPTIONS_NOSIZE'
#72 614.2     { "d",        "set video duration", OFFSET(duration), AV_OPT_TYPE_DURATION, {.i64 = -1}, -1, INT64_MAX, FLAGS },\
#72 614.2     ~                                                                                            ^~~~~~~~~
#72 614.2 /emsdk/upstream/emscripten/cache/sysroot/include/stdint.h:46:21: note: expanded from macro 'INT64_MAX'
#72 614.2 #define INT64_MAX  (0x7fffffffffffffff)
#72 614.2                     ^~~~~~~~~~~~~~~~~~
#72 614.2 libavfilter/vsrc_testsrc.c:114:5: warning: implicit conversion from 'long long' to 'double' changes value from 9223372036854775807 to 9223372036854775808 [-Wimplicit-const-int-float-conversion]
#72 614.2     COMMON_OPTIONS
#72 614.2     ^~~~~~~~~~~~~~
#72 614.2 libavfilter/vsrc_testsrc.c:108:37: note: expanded from macro 'COMMON_OPTIONS'
#72 614.2 #define COMMON_OPTIONS SIZE_OPTIONS COMMON_OPTIONS_NOSIZE
#72 614.2                                     ^~~~~~~~~~~~~~~~~~~~~
#72 614.2 libavfilter/vsrc_testsrc.c:104:98: note: expanded from macro 'COMMON_OPTIONS_NOSIZE'
#72 614.2     { "duration", "set video duration", OFFSET(duration), AV_OPT_TYPE_DURATION, {.i64 = -1}, -1, INT64_MAX, FLAGS },\
#72 614.2     ~                                                                                            ^~~~~~~~~
#72 614.2 /emsdk/upstream/emscripten/cache/sysroot/include/stdint.h:46:21: note: expanded from macro 'INT64_MAX'
#72 614.2 #define INT64_MAX  (0x7fffffffffffffff)
#72 614.2                     ^~~~~~~~~~~~~~~~~~
#72 614.2 libavfilter/vsrc_testsrc.c:204:5: warning: implicit conversion from 'long long' to 'double' changes value from 9223372036854775807 to 9223372036854775808 [-Wimplicit-const-int-float-conversion]
#72 614.2     COMMON_OPTIONS
#72 614.2     ^~~~~~~~~~~~~~
#72 614.2 libavfilter/vsrc_testsrc.c:108:37: note: expanded from macro 'COMMON_OPTIONS'
#72 614.2 #define COMMON_OPTIONS SIZE_OPTIONS COMMON_OPTIONS_NOSIZE
#72 614.2                                     ^~~~~~~~~~~~~~~~~~~~~
#72 614.2 libavfilter/vsrc_testsrc.c:105:98: note: expanded from macro 'COMMON_OPTIONS_NOSIZE'
#72 614.2     { "d",        "set video duration", OFFSET(duration), AV_OPT_TYPE_DURATION, {.i64 = -1}, -1, INT64_MAX, FLAGS },\
#72 614.2     ~                                                                                            ^~~~~~~~~
#72 614.2 /emsdk/upstream/emscripten/cache/sysroot/include/stdint.h:46:21: note: expanded from macro 'INT64_MAX'
#72 614.2 #define INT64_MAX  (0x7fffffffffffffff)
#72 614.2                     ^~~~~~~~~~~~~~~~~~
#72 614.2 libavfilter/vsrc_testsrc.c:204:5: warning: implicit conversion from 'long long' to 'double' changes value from 9223372036854775807 to 9223372036854775808 [-Wimplicit-const-int-float-conversion]
#72 614.2     COMMON_OPTIONS
#72 614.2     ^~~~~~~~~~~~~~
#72 614.2 libavfilter/vsrc_testsrc.c:108:37: note: expanded from macro 'COMMON_OPTIONS'
#72 614.2 #define COMMON_OPTIONS SIZE_OPTIONS COMMON_OPTIONS_NOSIZE
#72 614.2                                     ^~~~~~~~~~~~~~~~~~~~~
#72 614.2 libavfilter/vsrc_testsrc.c:104:98: note: expanded from macro 'COMMON_OPTIONS_NOSIZE'
#72 614.2     { "duration", "set video duration", OFFSET(duration), AV_OPT_TYPE_DURATION, {.i64 = -1}, -1, INT64_MAX, FLAGS },\
#72 614.2     ~                                                                                            ^~~~~~~~~
#72 614.2 /emsdk/upstream/emscripten/cache/sysroot/include/stdint.h:46:21: note: expanded from macro 'INT64_MAX'
#72 614.2 #define INT64_MAX  (0x7fffffffffffffff)
#72 614.2                     ^~~~~~~~~~~~~~~~~~
#72 614.2 libavfilter/vsrc_testsrc.c:294:5: warning: implicit conversion from 'long long' to 'double' changes value from 9223372036854775807 to 9223372036854775808 [-Wimplicit-const-int-float-conversion]
#72 614.2     COMMON_OPTIONS_NOSIZE
#72 614.2     ^~~~~~~~~~~~~~~~~~~~~
#72 614.2 libavfilter/vsrc_testsrc.c:105:98: note: expanded from macro 'COMMON_OPTIONS_NOSIZE'
#72 614.2     { "d",        "set video duration", OFFSET(duration), AV_OPT_TYPE_DURATION, {.i64 = -1}, -1, INT64_MAX, FLAGS },\
#72 614.2     ~                                                                                            ^~~~~~~~~
#72 614.2 /emsdk/upstream/emscripten/cache/sysroot/include/stdint.h:46:21: note: expanded from macro 'INT64_MAX'
#72 614.2 #define INT64_MAX  (0x7fffffffffffffff)
#72 614.2                     ^~~~~~~~~~~~~~~~~~
#72 614.2 libavfilter/vsrc_testsrc.c:294:5: warning: implicit conversion from 'long long' to 'double' changes value from 9223372036854775807 to 9223372036854775808 [-Wimplicit-const-int-float-conversion]
#72 614.2     COMMON_OPTIONS_NOSIZE
#72 614.2     ^~~~~~~~~~~~~~~~~~~~~
#72 614.2 libavfilter/vsrc_testsrc.c:104:98: note: expanded from macro 'COMMON_OPTIONS_NOSIZE'
#72 614.2     { "duration", "set video duration", OFFSET(duration), AV_OPT_TYPE_DURATION, {.i64 = -1}, -1, INT64_MAX, FLAGS },\
#72 614.2     ~                                                                                            ^~~~~~~~~
#72 614.2 /emsdk/upstream/emscripten/cache/sysroot/include/stdint.h:46:21: note: expanded from macro 'INT64_MAX'
#72 614.2 #define INT64_MAX  (0x7fffffffffffffff)
#72 614.2                     ^~~~~~~~~~~~~~~~~~
#72 614.2 libavfilter/vsrc_testsrc.c:472:5: warning: implicit conversion from 'long long' to 'double' changes value from 9223372036854775807 to 9223372036854775808 [-Wimplicit-const-int-float-conversion]
#72 614.2     COMMON_OPTIONS
#72 614.2     ^~~~~~~~~~~~~~
#72 614.2 libavfilter/vsrc_testsrc.c:108:37: note: expanded from macro 'COMMON_OPTIONS'
#72 614.2 #define COMMON_OPTIONS SIZE_OPTIONS COMMON_OPTIONS_NOSIZE
#72 614.2                                     ^~~~~~~~~~~~~~~~~~~~~
#72 614.2 libavfilter/vsrc_testsrc.c:105:98: note: expanded from macro 'COMMON_OPTIONS_NOSIZE'
#72 614.2     { "d",        "set video duration", OFFSET(duration), AV_OPT_TYPE_DURATION, {.i64 = -1}, -1, INT64_MAX, FLAGS },\
#72 614.2     ~                                                                                            ^~~~~~~~~
#72 614.2 /emsdk/upstream/emscripten/cache/sysroot/include/stdint.h:46:21: note: expanded from macro 'INT64_MAX'
#72 614.2 #define INT64_MAX  (0x7fffffffffffffff)
#72 614.2                     ^~~~~~~~~~~~~~~~~~
#72 614.2 libavfilter/vsrc_testsrc.c:472:5: warning: implicit conversion from 'long long' to 'double' changes value from 9223372036854775807 to 9223372036854775808 [-Wimplicit-const-int-float-conversion]
#72 614.2     COMMON_OPTIONS
#72 614.2     ^~~~~~~~~~~~~~
#72 614.2 libavfilter/vsrc_testsrc.c:108:37: note: expanded from macro 'COMMON_OPTIONS'
#72 614.2 #define COMMON_OPTIONS SIZE_OPTIONS COMMON_OPTIONS_NOSIZE
#72 614.2                                     ^~~~~~~~~~~~~~~~~~~~~
#72 614.2 libavfilter/vsrc_testsrc.c:104:98: note: expanded from macro 'COMMON_OPTIONS_NOSIZE'
#72 614.2     { "duration", "set video duration", OFFSET(duration), AV_OPT_TYPE_DURATION, {.i64 = -1}, -1, INT64_MAX, FLAGS },\
#72 614.2     ~                                                                                            ^~~~~~~~~
#72 614.2 /emsdk/upstream/emscripten/cache/sysroot/include/stdint.h:46:21: note: expanded from macro 'INT64_MAX'
#72 614.2 #define INT64_MAX  (0x7fffffffffffffff)
#72 614.2                     ^~~~~~~~~~~~~~~~~~
#72 614.2 libavfilter/vsrc_testsrc.c:696:5: warning: implicit conversion from 'long long' to 'double' changes value from 9223372036854775807 to 9223372036854775808 [-Wimplicit-const-int-float-conversion]
#72 614.2     COMMON_OPTIONS
#72 614.2     ^~~~~~~~~~~~~~
#72 614.2 libavfilter/vsrc_testsrc.c:108:37: note: expanded from macro 'COMMON_OPTIONS'
#72 614.2 #define COMMON_OPTIONS SIZE_OPTIONS COMMON_OPTIONS_NOSIZE
#72 614.2                                     ^~~~~~~~~~~~~~~~~~~~~
#72 614.2 libavfilter/vsrc_testsrc.c:105:98: note: expanded from macro 'COMMON_OPTIONS_NOSIZE'
#72 614.2     { "d",        "set video duration", OFFSET(duration), AV_OPT_TYPE_DURATION, {.i64 = -1}, -1, INT64_MAX, FLAGS },\
#72 614.2     ~                                                                                            ^~~~~~~~~
#72 614.2 /emsdk/upstream/emscripten/cache/sysroot/include/stdint.h:46:21: note: expanded from macro 'INT64_MAX'
#72 614.2 #define INT64_MAX  (0x7fffffffffffffff)
#72 614.2                     ^~~~~~~~~~~~~~~~~~
#72 614.2 libavfilter/vsrc_testsrc.c:696:5: warning: implicit conversion from 'long long' to 'double' changes value from 9223372036854775807 to 9223372036854775808 [-Wimplicit-const-int-float-conversion]
#72 614.2     COMMON_OPTIONS
#72 614.2     ^~~~~~~~~~~~~~
#72 614.2 libavfilter/vsrc_testsrc.c:108:37: note: expanded from macro 'COMMON_OPTIONS'
#72 614.2 #define COMMON_OPTIONS SIZE_OPTIONS COMMON_OPTIONS_NOSIZE
#72 614.2                                     ^~~~~~~~~~~~~~~~~~~~~
#72 614.2 libavfilter/vsrc_testsrc.c:104:98: note: expanded from macro 'COMMON_OPTIONS_NOSIZE'
#72 614.2     { "duration", "set video duration", OFFSET(duration), AV_OPT_TYPE_DURATION, {.i64 = -1}, -1, INT64_MAX, FLAGS },\
#72 614.2     ~                                                                                            ^~~~~~~~~
#72 614.2 /emsdk/upstream/emscripten/cache/sysroot/include/stdint.h:46:21: note: expanded from macro 'INT64_MAX'
#72 614.2 #define INT64_MAX  (0x7fffffffffffffff)
#72 614.2                     ^~~~~~~~~~~~~~~~~~
#72 614.2 libavfilter/vsrc_testsrc.c:968:5: warning: implicit conversion from 'long long' to 'double' changes value from 9223372036854775807 to 9223372036854775808 [-Wimplicit-const-int-float-conversion]
#72 614.2     COMMON_OPTIONS
#72 614.2     ^~~~~~~~~~~~~~
#72 614.2 libavfilter/vsrc_testsrc.c:108:37: note: expanded from macro 'COMMON_OPTIONS'
#72 614.2 #define COMMON_OPTIONS SIZE_OPTIONS COMMON_OPTIONS_NOSIZE
#72 614.2                                     ^~~~~~~~~~~~~~~~~~~~~
#72 614.2 libavfilter/vsrc_testsrc.c:105:98: note: expanded from macro 'COMMON_OPTIONS_NOSIZE'
#72 614.2     { "d",        "set video duration", OFFSET(duration), AV_OPT_TYPE_DURATION, {.i64 = -1}, -1, INT64_MAX, FLAGS },\
#72 614.2     ~                                                                                            ^~~~~~~~~
#72 614.2 /emsdk/upstream/emscripten/cache/sysroot/include/stdint.h:46:21: note: expanded from macro 'INT64_MAX'
#72 614.2 #define INT64_MAX  (0x7fffffffffffffff)
#72 614.2                     ^~~~~~~~~~~~~~~~~~
#72 614.2 libavfilter/vsrc_testsrc.c:968:5: warning: implicit conversion from 'long long' to 'double' changes value from 9223372036854775807 to 9223372036854775808 [-Wimplicit-const-int-float-conversion]
#72 614.2     COMMON_OPTIONS
#72 614.2     ^~~~~~~~~~~~~~
#72 614.2 libavfilter/vsrc_testsrc.c:108:37: note: expanded from macro 'COMMON_OPTIONS'
#72 614.2 #define COMMON_OPTIONS SIZE_OPTIONS COMMON_OPTIONS_NOSIZE
#72 614.2                                     ^~~~~~~~~~~~~~~~~~~~~
#72 614.2 libavfilter/vsrc_testsrc.c:104:98: note: expanded from macro 'COMMON_OPTIONS_NOSIZE'
#72 614.2     { "duration", "set video duration", OFFSET(duration), AV_OPT_TYPE_DURATION, {.i64 = -1}, -1, INT64_MAX, FLAGS },\
#72 614.2     ~                                                                                            ^~~~~~~~~
#72 614.2 /emsdk/upstream/emscripten/cache/sysroot/include/stdint.h:46:21: note: expanded from macro 'INT64_MAX'
#72 614.2 #define INT64_MAX  (0x7fffffffffffffff)
#72 614.2                     ^~~~~~~~~~~~~~~~~~
#72 614.2 libavfilter/vsrc_testsrc.c:1804:5: warning: implicit conversion from 'long long' to 'double' changes value from 9223372036854775807 to 9223372036854775808 [-Wimplicit-const-int-float-conversion]
#72 614.2     COMMON_OPTIONS
#72 614.2     ^~~~~~~~~~~~~~
#72 614.2 libavfilter/vsrc_testsrc.c:108:37: note: expanded from macro 'COMMON_OPTIONS'
#72 614.2 #define COMMON_OPTIONS SIZE_OPTIONS COMMON_OPTIONS_NOSIZE
#72 614.2                                     ^~~~~~~~~~~~~~~~~~~~~
#72 614.2 libavfilter/vsrc_testsrc.c:105:98: note: expanded from macro 'COMMON_OPTIONS_NOSIZE'
#72 614.2     { "d",        "set video duration", OFFSET(duration), AV_OPT_TYPE_DURATION, {.i64 = -1}, -1, INT64_MAX, FLAGS },\
#72 614.2     ~                                                                                            ^~~~~~~~~
#72 614.2 /emsdk/upstream/emscripten/cache/sysroot/include/stdint.h:46:21: note: expanded from macro 'INT64_MAX'
#72 614.2 #define INT64_MAX  (0x7fffffffffffffff)
#72 614.2                     ^~~~~~~~~~~~~~~~~~
#72 614.2 libavfilter/vsrc_testsrc.c:1804:5: warning: implicit conversion from 'long long' to 'double' changes value from 9223372036854775807 to 9223372036854775808 [-Wimplicit-const-int-float-conversion]
#72 614.2     COMMON_OPTIONS
#72 614.2     ^~~~~~~~~~~~~~
#72 614.2 libavfilter/vsrc_testsrc.c:108:37: note: expanded from macro 'COMMON_OPTIONS'
#72 614.2 #define COMMON_OPTIONS SIZE_OPTIONS COMMON_OPTIONS_NOSIZE
#72 614.2                                     ^~~~~~~~~~~~~~~~~~~~~
#72 614.2 libavfilter/vsrc_testsrc.c:104:98: note: expanded from macro 'COMMON_OPTIONS_NOSIZE'
#72 614.2     { "duration", "set video duration", OFFSET(duration), AV_OPT_TYPE_DURATION, {.i64 = -1}, -1, INT64_MAX, FLAGS },\
#72 614.2     ~                                                                                            ^~~~~~~~~
#72 614.2 /emsdk/upstream/emscripten/cache/sysroot/include/stdint.h:46:21: note: expanded from macro 'INT64_MAX'
#72 614.2 #define INT64_MAX  (0x7fffffffffffffff)
#72 614.2                     ^~~~~~~~~~~~~~~~~~
#72 614.2 libavfilter/vsrc_testsrc.c:1893:5: warning: implicit conversion from 'long long' to 'double' changes value from 9223372036854775807 to 9223372036854775808 [-Wimplicit-const-int-float-conversion]
#72 614.2     COMMON_OPTIONS_NOSIZE
#72 614.2     ^~~~~~~~~~~~~~~~~~~~~
#72 614.2 libavfilter/vsrc_testsrc.c:105:98: note: expanded from macro 'COMMON_OPTIONS_NOSIZE'
#72 614.2     { "d",        "set video duration", OFFSET(duration), AV_OPT_TYPE_DURATION, {.i64 = -1}, -1, INT64_MAX, FLAGS },\
#72 614.2     ~                                                                                            ^~~~~~~~~
#72 614.2 /emsdk/upstream/emscripten/cache/sysroot/include/stdint.h:46:21: note: expanded from macro 'INT64_MAX'
#72 614.2 #define INT64_MAX  (0x7fffffffffffffff)
#72 614.2                     ^~~~~~~~~~~~~~~~~~
#72 614.2 libavfilter/vsrc_testsrc.c:1893:5: warning: implicit conversion from 'long long' to 'double' changes value from 9223372036854775807 to 9223372036854775808 [-Wimplicit-const-int-float-conversion]
#72 614.2     COMMON_OPTIONS_NOSIZE
#72 614.2     ^~~~~~~~~~~~~~~~~~~~~
#72 614.2 libavfilter/vsrc_testsrc.c:104:98: note: expanded from macro 'COMMON_OPTIONS_NOSIZE'
#72 614.2     { "duration", "set video duration", OFFSET(duration), AV_OPT_TYPE_DURATION, {.i64 = -1}, -1, INT64_MAX, FLAGS },\
#72 614.2     ~                                                                                            ^~~~~~~~~
#72 614.2 /emsdk/upstream/emscripten/cache/sysroot/include/stdint.h:46:21: note: expanded from macro 'INT64_MAX'
#72 614.2 #define INT64_MAX  (0x7fffffffffffffff)
#72 614.2                     ^~~~~~~~~~~~~~~~~~
#72 615.0 GEN	libavfilter/libavfilter.pc
#72 615.1 16 warnings generated.
#72 615.1 CC	libavformat/3dostr.o
#72 615.1 CC	libavformat/4xm.o
#72 616.1 CC	libavformat/a64.o
#72 616.1 CC	libavformat/aacdec.o
#72 616.9 CC	libavformat/aadec.o
#72 617.1 CC	libavformat/aaxdec.o
#72 618.0 CC	libavformat/ac3dec.o
#72 618.2 CC	libavformat/acedec.o
#72 619.0 CC	libavformat/acm.o
#72 619.0 CC	libavformat/act.o
#72 619.8 CC	libavformat/adp.o
#72 619.9 CC	libavformat/ads.o
#72 620.8 CC	libavformat/adtsenc.o
#72 620.9 CC	libavformat/adxdec.o
#72 621.8 CC	libavformat/aea.o
#72 621.9 CC	libavformat/afc.o
#72 622.7 CC	libavformat/aiff.o
#72 622.7 CC	libavformat/aiffdec.o
#72 623.2 CC	libavformat/aiffenc.o
#72 623.7 CC	libavformat/aixdec.o
#72 624.2 CC	libavformat/allformats.o
#72 624.6 CC	libavformat/alp.o
#72 625.1 CC	libavformat/amr.o
#72 625.5 CC	libavformat/amvenc.o
#72 626.0 CC	libavformat/anm.o
#72 626.5 CC	libavformat/apc.o
#72 627.1 CC	libavformat/ape.o
#72 627.5 CC	libavformat/apetag.o
#72 628.3 CC	libavformat/apm.o
#72 628.5 CC	libavformat/apngdec.o
#72 629.3 CC	libavformat/apngenc.o
#72 629.7 CC	libavformat/aptxdec.o
#72 630.4 CC	libavformat/aqtitledec.o
#72 630.6 CC	libavformat/argo_asf.o
#72 631.4 CC	libavformat/argo_brp.o
#72 631.6 CC	libavformat/argo_cvg.o
#72 632.5 CC	libavformat/asf.o
#72 632.8 CC	libavformat/asf_tags.o
#72 633.4 CC	libavformat/asfcrypt.o
#72 633.5 CC	libavformat/asfdec_f.o
#72 634.5 CC	libavformat/asfdec_o.o
#72 634.9 CC	libavformat/asfenc.o
#72 635.8 CC	libavformat/assdec.o
#72 636.1 CC	libavformat/assenc.o
#72 636.7 CC	libavformat/ast.o
#72 637.0 CC	libavformat/astdec.o
#72 637.3 CC	libavformat/astenc.o
#72 638.0 CC	libavformat/au.o
#72 638.2 CC	libavformat/av1.o
#72 638.9 CC	libavformat/av1dec.o
#72 639.3 CC	libavformat/avc.o
#72 640.0 CC	libavformat/avformat.o
#72 640.4 CC	libavformat/avidec.o
#72 641.1 CC	libavformat/avienc.o
#72 641.8 CC	libavformat/avio.o
#72 642.3 libavformat/avio.c:60:137: warning: implicit conversion from 'long long' to 'double' changes value from 9223372036854775807 to 9223372036854775808 [-Wimplicit-const-int-float-conversion]
#72 642.3     {"rw_timeout", "Timeout for IO operations (in microseconds)", offsetof(URLContext, rw_timeout), AV_OPT_TYPE_INT64, { .i64 = 0 }, 0, INT64_MAX, AV_OPT_FLAG_ENCODING_PARAM | AV_OPT_FLAG_DECODING_PARAM },
#72 642.3     ~                                                                                                                                   ^~~~~~~~~
#72 642.3 /emsdk/upstream/emscripten/cache/sysroot/include/stdint.h:46:21: note: expanded from macro 'INT64_MAX'
#72 642.3 #define INT64_MAX  (0x7fffffffffffffff)
#72 642.3                     ^~~~~~~~~~~~~~~~~~
#72 642.4 CC	libavformat/aviobuf.o
#72 642.8 1 warning generated.
#72 642.9 CC	libavformat/avlanguage.o
#72 643.7 CC	libavformat/avr.o
#72 643.7 CC	libavformat/avs.o
#72 644.5 CC	libavformat/avs2dec.o
#72 644.6 CC	libavformat/avs3dec.o
#72 645.4 CC	libavformat/bethsoftvid.o
#72 645.5 CC	libavformat/bfi.o
#72 646.4 CC	libavformat/bink.o
#72 646.4 CC	libavformat/binka.o
#72 647.3 CC	libavformat/bintext.o
#72 647.4 CC	libavformat/bit.o
#72 648.2 CC	libavformat/bmv.o
#72 648.5 CC	libavformat/boadec.o
#72 649.1 CC	libavformat/brstm.o
#72 649.3 CC	libavformat/c93.o
#72 650.1 CC	libavformat/cache.o
#72 650.2 CC	libavformat/caf.o
#72 650.7 CC	libavformat/cafdec.o
#72 651.1 CC	libavformat/cafenc.o
#72 651.8 CC	libavformat/cavsvideodec.o
#72 652.0 CC	libavformat/cdg.o
#72 652.7 CC	libavformat/cdxl.o
#72 652.8 CC	libavformat/cinedec.o
#72 653.6 CC	libavformat/codec2.o
#72 653.9 CC	libavformat/concat.o
#72 654.9 CC	libavformat/concatdec.o
#72 655.5 CC	libavformat/crcenc.o
#72 656.7 CC	libavformat/crypto.o
#72 657.0 CC	libavformat/dash.o
#72 657.9 CC	libavformat/dashenc.o
#72 658.1 CC	libavformat/data_uri.o
#72 658.5 libavformat/dashenc.c:2407:112: warning: implicit conversion from 'long long' to 'double' changes value from 9223372036854775807 to 9223372036854775808 [-Wimplicit-const-int-float-conversion]
#72 658.5     { "update_period", "Set the mpd update interval", OFFSET(update_period), AV_OPT_TYPE_INT64, {.i64 = 0}, 0, INT64_MAX, E},
#72 658.5     ~                                                                                                          ^~~~~~~~~
#72 658.5 /emsdk/upstream/emscripten/cache/sysroot/include/stdint.h:46:21: note: expanded from macro 'INT64_MAX'
#72 658.5 #define INT64_MAX  (0x7fffffffffffffff)
#72 658.5                     ^~~~~~~~~~~~~~~~~~
#72 659.0 CC	libavformat/dauddec.o
#72 659.5 1 warning generated.
#72 659.5 CC	libavformat/daudenc.o
#72 659.9 CC	libavformat/dcstr.o
#72 660.4 CC	libavformat/demux.o
#72 660.9 CC	libavformat/demux_utils.o
#72 661.1 libavformat/demux.c:1644:40: warning: implicit conversion from 'long long' to 'double' changes value from 9223372036854775807 to 9223372036854775808 [-Wimplicit-const-int-float-conversion]
#72 661.1         if (bitrate >= 0 && bitrate <= INT64_MAX)
#72 661.1                                     ~~ ^~~~~~~~~
#72 661.1 /emsdk/upstream/emscripten/cache/sysroot/include/stdint.h:46:21: note: expanded from macro 'INT64_MAX'
#72 661.1 #define INT64_MAX  (0x7fffffffffffffff)
#72 661.1                     ^~~~~~~~~~~~~~~~~~
#72 662.0 CC	libavformat/derf.o
#72 662.1 1 warning generated.
#72 662.1 CC	libavformat/dfa.o
#72 662.7 CC	libavformat/dfpwmdec.o
#72 663.0 CC	libavformat/dhav.o
#72 663.5 CC	libavformat/diracdec.o
#72 663.9 CC	libavformat/dnxhddec.o
#72 664.2 CC	libavformat/dovi_isom.o
#72 664.8 CC	libavformat/dsfdec.o
#72 665.1 CC	libavformat/dsicin.o
#72 665.9 CC	libavformat/dss.o
#72 666.2 CC	libavformat/dtsdec.o
#72 667.2 CC	libavformat/dtshddec.o
#72 667.5 CC	libavformat/dump.o
#72 668.2 libavformat/dump.c:243:55: warning: implicit conversion from 'unsigned int' to 'float' changes value from 4294967295 to 4294967296 [-Wimplicit-const-int-float-conversion]
#72 668.2         av_log(ctx, AV_LOG_INFO, "%f", (float) peak / UINT32_MAX);
#72 668.2                                                     ~ ^~~~~~~~~~
#72 668.2 /emsdk/upstream/emscripten/cache/sysroot/include/stdint.h:50:21: note: expanded from macro 'UINT32_MAX'
#72 668.2 #define UINT32_MAX (0xffffffffu)
#72 668.2                     ^~~~~~~~~~~
#72 668.4 CC	libavformat/dv.o
#72 668.9 1 warning generated.
#72 669.0 CC	libavformat/dvbsub.o
#72 669.9 CC	libavformat/dvbtxt.o
#72 670.2 CC	libavformat/dvenc.o
#72 671.0 CC	libavformat/dxa.o
#72 671.5 CC	libavformat/eacdata.o
#72 672.1 CC	libavformat/electronicarts.o
#72 672.4 CC	libavformat/epafdec.o
#72 673.4 CC	libavformat/ffmetadec.o
#72 673.4 CC	libavformat/ffmetaenc.o
#72 674.4 CC	libavformat/fifo_test.o
#72 674.5 CC	libavformat/file.o
#72 675.4 CC	libavformat/filmstripdec.o
#72 675.6 CC	libavformat/filmstripenc.o
#72 676.3 CC	libavformat/fitsdec.o
#72 676.4 CC	libavformat/fitsenc.o
#72 676.7 libavformat/fitsdec.c:177:26: warning: result of comparison of constant 9223372036854775807 with expression of type 'unsigned int' is always true [-Wtautological-constant-out-of-range-compare]
#72 676.7     av_assert0(avbuf.len <= INT64_MAX && size <= INT64_MAX);
#72 676.7                ~~~~~~~~~ ^  ~~~~~~~~~
#72 676.7 ./libavutil/avassert.h:38:11: note: expanded from macro 'av_assert0'
#72 676.7     if (!(cond)) {                                                      \
#72 676.7           ^~~~
#72 677.2 1 warning generated.
#72 677.2 CC	libavformat/flac_picture.o
#72 677.2 CC	libavformat/flacdec.o
#72 678.1 CC	libavformat/flacenc.o
#72 678.3 CC	libavformat/flacenc_header.o
#72 679.1 CC	libavformat/flic.o
#72 679.1 CC	libavformat/flvdec.o
#72 679.6 libavformat/flvdec.c:462:50: warning: implicit conversion from 'long long' to 'double' changes value from 9223372036854775807 to 9223372036854775808 [-Wimplicit-const-int-float-conversion]
#72 679.6             if (isnan(d) || d < INT64_MIN || d > INT64_MAX)
#72 679.6                                                ~ ^~~~~~~~~
#72 679.6 /emsdk/upstream/emscripten/cache/sysroot/include/stdint.h:46:21: note: expanded from macro 'INT64_MAX'
#72 679.6 #define INT64_MAX  (0x7fffffffffffffff)
#72 679.6                     ^~~~~~~~~~~~~~~~~~
#72 679.6 libavformat/flvdec.c:464:85: warning: implicit conversion from 'long long' to 'double' changes value from 9223372036854775 to 9223372036854776 [-Wimplicit-const-int-float-conversion]
#72 679.6             if (current_array == &times && (d <= INT64_MIN / 1000 || d >= INT64_MAX / 1000))
#72 679.6                                                                        ~~ ~~~~~~~~~~^~~~~~
#72 679.6 libavformat/flvdec.c:464:60: warning: implicit conversion from 'long long' to 'double' changes value from -9223372036854775 to -9223372036854776 [-Wimplicit-const-int-float-conversion]
#72 679.6             if (current_array == &times && (d <= INT64_MIN / 1000 || d >= INT64_MAX / 1000))
#72 679.6                                               ~~ ~~~~~~~~~~^~~~~~
#72 679.6 libavformat/flvdec.c:690:52: warning: implicit conversion from 'long long' to 'double' changes value from 9223372036854775 to 9223372036854776 [-Wimplicit-const-int-float-conversion]
#72 679.6                    && date.milliseconds < INT64_MAX/1000
#72 679.6                                         ~ ~~~~~~~~~^~~~~
#72 679.6 libavformat/flvdec.c:689:52: warning: implicit conversion from 'long long' to 'double' changes value from -9223372036854775 to -9223372036854776 [-Wimplicit-const-int-float-conversion]
#72 679.6                    && date.milliseconds > INT64_MIN/1000
#72 679.6                                         ~ ~~~~~~~~~^~~~~
#72 679.9 CC	libavformat/flvenc.o
#72 680.3 5 warnings generated.
#72 680.3 CC	libavformat/format.o
#72 681.0 CC	libavformat/framecrcenc.o
#72 681.3 CC	libavformat/framehash.o
#72 681.8 CC	libavformat/frmdec.o
#72 682.1 CC	libavformat/fsb.o
#72 682.8 CC	libavformat/ftp.o
#72 683.2 CC	libavformat/fwse.o
#72 684.0 CC	libavformat/g722.o
#72 684.1 CC	libavformat/g723_1.o
#72 684.7 CC	libavformat/g726.o
#72 684.8 CC	libavformat/g729dec.o
#72 685.5 CC	libavformat/gdv.o
#72 685.6 CC	libavformat/genh.o
#72 686.4 CC	libavformat/gif.o
#72 686.6 CC	libavformat/gifdec.o
#72 687.3 CC	libavformat/gopher.o
#72 687.5 CC	libavformat/gsmdec.o
#72 688.1 CC	libavformat/gxf.o
#72 688.5 CC	libavformat/gxfenc.o
#72 689.2 CC	libavformat/h261dec.o
#72 689.5 CC	libavformat/h263dec.o
#72 690.1 CC	libavformat/h264dec.o
#72 690.4 CC	libavformat/hashenc.o
#72 691.0 CC	libavformat/hca.o
#72 691.3 CC	libavformat/hcom.o
#72 691.9 CC	libavformat/hdsenc.o
#72 692.1 CC	libavformat/hevc.o
#72 692.9 CC	libavformat/hevcdec.o
#72 693.4 CC	libavformat/hls.o
#72 693.7 CC	libavformat/hls_sample_encryption.o
#72 694.8 CC	libavformat/hlsenc.o
#72 694.8 CC	libavformat/hlsplaylist.o
#72 695.3 libavformat/hlsenc.c:3109:132: warning: implicit conversion from 'long long' to 'double' changes value from 9223372036854775807 to 9223372036854775808 [-Wimplicit-const-int-float-conversion]
#72 695.3     {"hls_init_time", "set segment length at init list",         OFFSET(init_time),     AV_OPT_TYPE_DURATION, {.i64 = 0},       0, INT64_MAX, E},
#72 695.3     ~                                                                                                                              ^~~~~~~~~
#72 695.3 /emsdk/upstream/emscripten/cache/sysroot/include/stdint.h:46:21: note: expanded from macro 'INT64_MAX'
#72 695.3 #define INT64_MAX  (0x7fffffffffffffff)
#72 695.3                     ^~~~~~~~~~~~~~~~~~
#72 695.3 libavformat/hlsenc.c:3108:132: warning: implicit conversion from 'long long' to 'double' changes value from 9223372036854775807 to 9223372036854775808 [-Wimplicit-const-int-float-conversion]
#72 695.3     {"hls_time",      "set segment length",                      OFFSET(time),          AV_OPT_TYPE_DURATION, {.i64 = 2000000}, 0, INT64_MAX, E},
#72 695.3     ~                                                                                                                              ^~~~~~~~~
#72 695.3 /emsdk/upstream/emscripten/cache/sysroot/include/stdint.h:46:21: note: expanded from macro 'INT64_MAX'
#72 695.3 #define INT64_MAX  (0x7fffffffffffffff)
#72 695.3                     ^~~~~~~~~~~~~~~~~~
#72 695.3 libavformat/hlsenc.c:3107:128: warning: implicit conversion from 'long long' to 'double' changes value from 9223372036854775807 to 9223372036854775808 [-Wimplicit-const-int-float-conversion]
#72 695.3     {"start_number",  "set first number in the sequence",        OFFSET(start_sequence),AV_OPT_TYPE_INT64,  {.i64 = 0},     0, INT64_MAX, E},
#72 695.3     ~                                                                                                                          ^~~~~~~~~
#72 695.3 /emsdk/upstream/emscripten/cache/sysroot/include/stdint.h:46:21: note: expanded from macro 'INT64_MAX'
#72 695.3 #define INT64_MAX  (0x7fffffffffffffff)
#72 695.3                     ^~~~~~~~~~~~~~~~~~
#72 695.7 CC	libavformat/hlsproto.o
#72 696.3 3 warnings generated.
#72 696.3 CC	libavformat/hnm.o
#72 696.8 CC	libavformat/http.o
#72 697.2 CC	libavformat/httpauth.o
#72 697.3 libavformat/http.c:169:133: warning: implicit conversion from 'long long' to 'double' changes value from 9223372036854775807 to 9223372036854775808 [-Wimplicit-const-int-float-conversion]
#72 697.3     { "end_offset", "try to limit the request to bytes preceding this offset", OFFSET(end_off), AV_OPT_TYPE_INT64, { .i64 = 0 }, 0, INT64_MAX, D },
#72 697.3     ~                                                                                                                               ^~~~~~~~~
#72 697.3 /emsdk/upstream/emscripten/cache/sysroot/include/stdint.h:46:21: note: expanded from macro 'INT64_MAX'
#72 697.3 #define INT64_MAX  (0x7fffffffffffffff)
#72 697.3                     ^~~~~~~~~~~~~~~~~~
#72 697.3 libavformat/http.c:168:89: warning: implicit conversion from 'long long' to 'double' changes value from 9223372036854775807 to 9223372036854775808 [-Wimplicit-const-int-float-conversion]
#72 697.3     { "offset", "initial byte offset", OFFSET(off), AV_OPT_TYPE_INT64, { .i64 = 0 }, 0, INT64_MAX, D },
#72 697.3     ~                                                                                   ^~~~~~~~~
#72 697.3 /emsdk/upstream/emscripten/cache/sysroot/include/stdint.h:46:21: note: expanded from macro 'INT64_MAX'
#72 697.3 #define INT64_MAX  (0x7fffffffffffffff)
#72 697.3                     ^~~~~~~~~~~~~~~~~~
#72 698.2 2 warnings generated.
#72 698.3 CC	libavformat/icecast.o
#72 698.3 CC	libavformat/icodec.o
#72 699.5 CC	libavformat/icoenc.o
#72 699.8 CC	libavformat/id3v1.o
#72 700.7 CC	libavformat/id3v2.o
#72 700.9 CC	libavformat/id3v2enc.o
#72 702.0 CC	libavformat/idcin.o
#72 702.1 CC	libavformat/idroqdec.o
#72 703.0 CC	libavformat/idroqenc.o
#72 703.1 CC	libavformat/iff.o
#72 704.0 CC	libavformat/ifv.o
#72 704.4 CC	libavformat/ilbc.o
#72 705.1 CC	libavformat/img2.o
#72 705.2 CC	libavformat/img2_alias_pix.o
#72 706.0 CC	libavformat/img2_brender_pix.o
#72 706.3 CC	libavformat/img2dec.o
#72 706.9 CC	libavformat/img2enc.o
#72 707.8 CC	libavformat/imx.o
#72 708.3 CC	libavformat/ingenientdec.o
#72 709.0 CC	libavformat/ip.o
#72 709.3 CC	libavformat/ipmovie.o
#72 710.1 CC	libavformat/ipudec.o
#72 710.5 CC	libavformat/ircam.o
#72 711.0 CC	libavformat/ircamdec.o
#72 711.1 CC	libavformat/ircamenc.o
#72 712.3 CC	libavformat/isom.o
#72 712.3 CC	libavformat/isom_tags.o
#72 713.3 CC	libavformat/iss.o
#72 713.8 CC	libavformat/iv8.o
#72 714.7 CC	libavformat/ivfdec.o
#72 715.1 CC	libavformat/ivfenc.o
#72 715.8 CC	libavformat/jacosubdec.o
#72 716.1 CC	libavformat/jacosubenc.o
#72 716.9 CC	libavformat/jpegxl_probe.o
#72 716.9 CC	libavformat/jvdec.o
#72 718.1 CC	libavformat/kvag.o
#72 718.3 CC	libavformat/latmenc.o
#72 719.4 CC	libavformat/lmlm4.o
#72 719.9 CC	libavformat/loasdec.o
#72 720.4 CC	libavformat/lrc.o
#72 720.9 CC	libavformat/lrcdec.o
#72 721.0 CC	libavformat/lrcenc.o
#72 721.9 CC	libavformat/luodatdec.o
#72 721.9 CC	libavformat/lvfdec.o
#72 722.8 CC	libavformat/lxfdec.o
#72 722.8 CC	libavformat/m4vdec.o
#72 723.7 CC	libavformat/matroska.o
#72 723.8 CC	libavformat/matroskadec.o
#72 724.4 libavformat/matroskadec.c:2483:40: warning: implicit conversion from 'unsigned long long' to 'double' changes value from 18446744073709551615 to 18446744073709551616 [-Wimplicit-const-int-float-conversion]
#72 724.4                 if (default_duration > UINT64_MAX || default_duration < 0) {
#72 724.4                                      ~ ^~~~~~~~~~
#72 724.4 /emsdk/upstream/emscripten/cache/sysroot/include/stdint.h:51:21: note: expanded from macro 'UINT64_MAX'
#72 724.4 #define UINT64_MAX (0xffffffffffffffffu)
#72 724.4                     ^~~~~~~~~~~~~~~~~~~
#72 724.5 CC	libavformat/matroskaenc.o
#72 725.0 libavformat/matroskaenc.c:3281:193: warning: implicit conversion from 'long long' to 'double' changes value from 9223372036854775807 to 9223372036854775808 [-Wimplicit-const-int-float-conversion]
#72 725.0     { "cluster_time_limit",  "Store at most the provided number of milliseconds in a cluster.",                               OFFSET(cluster_time_limit), AV_OPT_TYPE_INT64, { .i64 = -1 }, -1, INT64_MAX, FLAGS },
#72 725.0     ~                                                                                                                                                                                           ^~~~~~~~~
#72 725.0 /emsdk/upstream/emscripten/cache/sysroot/include/stdint.h:46:21: note: expanded from macro 'INT64_MAX'
#72 725.0 #define INT64_MAX  (0x7fffffffffffffff)
#72 725.0                     ^~~~~~~~~~~~~~~~~~
#72 725.6 1 warning generated.
#72 725.6 CC	libavformat/mca.o
#72 726.2 1 warning generated.
#72 726.2 CC	libavformat/mccdec.o
#72 726.6 CC	libavformat/md5proto.o
#72 727.2 CC	libavformat/metadata.o
#72 727.4 CC	libavformat/mgsts.o
#72 728.1 CC	libavformat/microdvddec.o
#72 728.2 CC	libavformat/microdvdenc.o
#72 729.1 CC	libavformat/mj2kdec.o
#72 729.1 CC	libavformat/mkvtimestamp_v2.o
#72 729.9 CC	libavformat/mlpdec.o
#72 730.0 CC	libavformat/mlvdec.o
#72 731.0 CC	libavformat/mm.o
#72 731.1 CC	libavformat/mmf.o
#72 731.9 CC	libavformat/mms.o
#72 732.1 CC	libavformat/mmsh.o
#72 732.8 CC	libavformat/mmst.o
#72 733.1 CC	libavformat/mods.o
#72 733.8 CC	libavformat/moflex.o
#72 733.9 CC	libavformat/mov.o
#72 735.0 CC	libavformat/mov_chan.o
#72 736.0 CC	libavformat/mov_esds.o
#72 736.2 CC	libavformat/movenc.o
#72 736.8 CC	libavformat/movenc_ttml.o
#72 737.9 CC	libavformat/movenccenc.o
#72 738.9 CC	libavformat/movenchint.o
#72 739.2 CC	libavformat/mp3dec.o
#72 740.2 CC	libavformat/mp3enc.o
#72 740.6 CC	libavformat/mpc.o
#72 741.6 CC	libavformat/mpc8.o
#72 741.8 CC	libavformat/mpeg.o
#72 742.9 CC	libavformat/mpegenc.o
#72 743.2 CC	libavformat/mpegts.o
#72 744.3 CC	libavformat/mpegtsenc.o
#72 744.8 libavformat/mpegtsenc.c:2295:93: warning: implicit conversion from 'long long' to 'double' changes value from 9223372036854775807 to 9223372036854775808 [-Wimplicit-const-int-float-conversion]
#72 744.8       OFFSET(nit_period_us), AV_OPT_TYPE_DURATION, { .i64 = NIT_RETRANS_TIME * 1000LL }, 0, INT64_MAX, ENC },
#72 744.8                                                                                             ^~~~~~~~~
#72 744.8 /emsdk/upstream/emscripten/cache/sysroot/include/stdint.h:46:21: note: expanded from macro 'INT64_MAX'
#72 744.8 #define INT64_MAX  (0x7fffffffffffffff)
#72 744.8                     ^~~~~~~~~~~~~~~~~~
#72 744.8 libavformat/mpegtsenc.c:2293:93: warning: implicit conversion from 'long long' to 'double' changes value from 9223372036854775807 to 9223372036854775808 [-Wimplicit-const-int-float-conversion]
#72 744.8       OFFSET(sdt_period_us), AV_OPT_TYPE_DURATION, { .i64 = SDT_RETRANS_TIME * 1000LL }, 0, INT64_MAX, ENC },
#72 744.8                                                                                             ^~~~~~~~~
#72 744.8 /emsdk/upstream/emscripten/cache/sysroot/include/stdint.h:46:21: note: expanded from macro 'INT64_MAX'
#72 744.8 #define INT64_MAX  (0x7fffffffffffffff)
#72 744.8                     ^~~~~~~~~~~~~~~~~~
#72 744.8 libavformat/mpegtsenc.c:2291:93: warning: implicit conversion from 'long long' to 'double' changes value from 9223372036854775807 to 9223372036854775808 [-Wimplicit-const-int-float-conversion]
#72 744.8       OFFSET(pat_period_us), AV_OPT_TYPE_DURATION, { .i64 = PAT_RETRANS_TIME * 1000LL }, 0, INT64_MAX, ENC },
#72 744.8                                                                                             ^~~~~~~~~
#72 744.8 /emsdk/upstream/emscripten/cache/sysroot/include/stdint.h:46:21: note: expanded from macro 'INT64_MAX'
#72 744.8 #define INT64_MAX  (0x7fffffffffffffff)
#72 744.8                     ^~~~~~~~~~~~~~~~~~
#72 744.8 CC	libavformat/mpegvideodec.o
#72 745.6 3 warnings generated.
#72 745.6 CC	libavformat/mpjpeg.o
#72 745.7 CC	libavformat/mpjpegdec.o
#72 746.3 CC	libavformat/mpl2dec.o
#72 746.6 CC	libavformat/mpsubdec.o
#72 747.2 CC	libavformat/msf.o
#72 747.7 CC	libavformat/msnwc_tcp.o
#72 748.0 CC	libavformat/mspdec.o
#72 748.5 CC	libavformat/mtaf.o
#72 748.9 CC	libavformat/mtv.o
#72 749.3 CC	libavformat/musx.o
#72 749.8 CC	libavformat/mux.o
#72 750.1 CC	libavformat/mux_utils.o
#72 750.9 CC	libavformat/mvdec.o
#72 751.0 CC	libavformat/mvi.o
#72 751.8 CC	libavformat/mxf.o
#72 752.0 CC	libavformat/mxfdec.o
#72 752.8 CC	libavformat/mxfenc.o
#72 754.1 CC	libavformat/mxg.o
#72 754.4 CC	libavformat/ncdec.o
#72 755.1 CC	libavformat/network.o
#72 755.2 CC	libavformat/nistspheredec.o
#72 756.1 CC	libavformat/nspdec.o
#72 756.1 CC	libavformat/nsvdec.o
#72 756.9 CC	libavformat/nullenc.o
#72 757.1 CC	libavformat/nut.o
#72 757.5 CC	libavformat/nutdec.o
#72 758.0 CC	libavformat/nutenc.o
#72 758.8 CC	libavformat/nuv.o
#72 759.4 CC	libavformat/oggdec.o
#72 759.8 CC	libavformat/oggenc.o
#72 760.2 libavformat/oggenc.c:93:74: warning: implicit conversion from 'long long' to 'double' changes value from 9223372036854775807 to 9223372036854775808 [-Wimplicit-const-int-float-conversion]
#72 760.2         OFFSET(pref_duration), AV_OPT_TYPE_INT64, { .i64 = 1000000 }, 0, INT64_MAX, PARAM },
#72 760.2                                                                          ^~~~~~~~~
#72 760.2 /emsdk/upstream/emscripten/cache/sysroot/include/stdint.h:46:21: note: expanded from macro 'INT64_MAX'
#72 760.2 #define INT64_MAX  (0x7fffffffffffffff)
#72 760.2                     ^~~~~~~~~~~~~~~~~~
#72 760.5 CC	libavformat/oggparsecelt.o
#72 760.8 1 warning generated.
#72 760.9 CC	libavformat/oggparsedirac.o
#72 761.3 CC	libavformat/oggparseflac.o
#72 761.7 CC	libavformat/oggparseogm.o
#72 762.2 CC	libavformat/oggparseopus.o
#72 762.7 CC	libavformat/oggparseskeleton.o
#72 763.2 CC	libavformat/oggparsespeex.o
#72 763.6 CC	libavformat/oggparsetheora.o
#72 764.2 CC	libavformat/oggparsevorbis.o
#72 764.7 CC	libavformat/oggparsevp8.o
#72 765.4 CC	libavformat/oma.o
#72 766.0 CC	libavformat/omadec.o
#72 766.2 CC	libavformat/omaenc.o
#72 767.3 CC	libavformat/options.o
#72 767.4 CC	libavformat/os_support.o
#72 767.8 In file included from libavformat/options.c:39:
#72 767.8 libavformat/options_table.h:87:146: warning: implicit conversion from 'long long' to 'double' changes value from 9223372036854775807 to 9223372036854775808 [-Wimplicit-const-int-float-conversion]
#72 767.8 {"max_interleave_delta", "maximum buffering duration for interleaving", OFFSET(max_interleave_delta), AV_OPT_TYPE_INT64, { .i64 = 10000000 }, 0, INT64_MAX, E },
#72 767.8 ~                                                                                                                                                ^~~~~~~~~
#72 767.8 /emsdk/upstream/emscripten/cache/sysroot/include/stdint.h:46:21: note: expanded from macro 'INT64_MAX'
#72 767.8 #define INT64_MAX  (0x7fffffffffffffff)
#72 767.8                     ^~~~~~~~~~~~~~~~~~
#72 767.8 In file included from libavformat/options.c:39:
#72 767.8 libavformat/options_table.h:86:125: warning: implicit conversion from 'long long' to 'double' changes value from 9223372036854775807 to 9223372036854775808 [-Wimplicit-const-int-float-conversion]
#72 767.8 {"output_ts_offset", "set output timestamp offset", OFFSET(output_ts_offset), AV_OPT_TYPE_DURATION, {.i64 = 0}, -INT64_MAX, INT64_MAX, E},
#72 767.8 ~                                                                                                                           ^~~~~~~~~
#72 767.8 /emsdk/upstream/emscripten/cache/sysroot/include/stdint.h:46:21: note: expanded from macro 'INT64_MAX'
#72 767.8 #define INT64_MAX  (0x7fffffffffffffff)
#72 767.8                     ^~~~~~~~~~~~~~~~~~
#72 767.8 In file included from libavformat/options.c:39:
#72 767.8 libavformat/options_table.h:86:113: warning: implicit conversion from 'long long' to 'double' changes value from -9223372036854775807 to -9223372036854775808 [-Wimplicit-const-int-float-conversion]
#72 767.8 {"output_ts_offset", "set output timestamp offset", OFFSET(output_ts_offset), AV_OPT_TYPE_DURATION, {.i64 = 0}, -INT64_MAX, INT64_MAX, E},
#72 767.8 ~                                                                                                               ^~~~~~~~~~
#72 767.8 libavformat/options_table.h:82:159: warning: implicit conversion from 'long long' to 'double' changes value from 9223372036854775806 to 9223372036854775808 [-Wimplicit-const-int-float-conversion]
#72 767.8 {"skip_initial_bytes", "set number of bytes to skip before reading header and frames", OFFSET(skip_initial_bytes), AV_OPT_TYPE_INT64, {.i64 = 0}, 0, INT64_MAX-1, D},
#72 767.8 ~                                                                                                                                                    ~~~~~~~~~^~
#72 767.8 libavformat/options_table.h:64:156: warning: implicit conversion from 'long long' to 'double' changes value from 9223372036854775807 to 9223372036854775808 [-Wimplicit-const-int-float-conversion]
#72 767.8 {"start_time_realtime", "wall-clock time when stream begins (PTS==0)", OFFSET(start_time_realtime), AV_OPT_TYPE_INT64, {.i64 = AV_NOPTS_VALUE}, INT64_MIN, INT64_MAX, E},
#72 767.8 ~                                                                                                                                                          ^~~~~~~~~
#72 767.8 /emsdk/upstream/emscripten/cache/sysroot/include/stdint.h:46:21: note: expanded from macro 'INT64_MAX'
#72 767.8 #define INT64_MAX  (0x7fffffffffffffff)
#72 767.8                     ^~~~~~~~~~~~~~~~~~
#72 767.8 In file included from libavformat/options.c:39:
#72 767.8 libavformat/options_table.h:57:151: warning: implicit conversion from 'long long' to 'double' changes value from 9223372036854775807 to 9223372036854775808 [-Wimplicit-const-int-float-conversion]
#72 767.8 {"analyzeduration", "specify how many microseconds are analyzed to probe the input", OFFSET(max_analyze_duration), AV_OPT_TYPE_INT64, {.i64 = 0 }, 0, INT64_MAX, D},
#72 767.8 ~                                                                                                                                                     ^~~~~~~~~
#72 767.8 /emsdk/upstream/emscripten/cache/sysroot/include/stdint.h:46:21: note: expanded from macro 'INT64_MAX'
#72 767.8 #define INT64_MAX  (0x7fffffffffffffff)
#72 767.8                     ^~~~~~~~~~~~~~~~~~
#72 767.8 In file included from libavformat/options.c:39:
#72 767.8 libavformat/options_table.h:39:96: warning: implicit conversion from 'long long' to 'double' changes value from 9223372036854775807 to 9223372036854775808 [-Wimplicit-const-int-float-conversion]
#72 767.8 {"probesize", "set probing size", OFFSET(probesize), AV_OPT_TYPE_INT64, {.i64 = 5000000 }, 32, INT64_MAX, D},
#72 767.8 ~                                                                                              ^~~~~~~~~
#72 767.8 /emsdk/upstream/emscripten/cache/sysroot/include/stdint.h:46:21: note: expanded from macro 'INT64_MAX'
#72 767.8 #define INT64_MAX  (0x7fffffffffffffff)
#72 767.8                     ^~~~~~~~~~~~~~~~~~
#72 768.1 CC	libavformat/paf.o
#72 768.3 7 warnings generated.
#72 768.4 CC	libavformat/pcm.o
#72 769.0 CC	libavformat/pcmdec.o
#72 769.1 CC	libavformat/pcmenc.o
#72 769.7 CC	libavformat/pjsdec.o
#72 769.9 CC	libavformat/pmpdec.o
#72 770.5 CC	libavformat/pp_bnk.o
#72 770.8 CC	libavformat/prompeg.o
#72 771.5 CC	libavformat/protocols.o
#72 771.8 CC	libavformat/psxstr.o
#72 772.4 CC	libavformat/pva.o
#72 772.7 CC	libavformat/pvfdec.o
#72 773.3 CC	libavformat/qcp.o
#72 773.5 CC	libavformat/qtpalette.o
#72 774.1 CC	libavformat/r3d.o
#72 774.4 CC	libavformat/rawdec.o
#72 775.1 CC	libavformat/rawenc.o
#72 775.2 CC	libavformat/rawutils.o
#72 775.9 CC	libavformat/rawvideodec.o
#72 776.2 CC	libavformat/rdt.o
#72 776.8 CC	libavformat/realtextdec.o
#72 777.3 CC	libavformat/redspark.o
#72 777.7 CC	libavformat/replaygain.o
#72 778.3 CC	libavformat/riff.o
#72 778.6 CC	libavformat/riffdec.o
#72 778.9 CC	libavformat/riffenc.o
#72 779.5 CC	libavformat/rl2.o
#72 779.8 CC	libavformat/rm.o
#72 780.4 CC	libavformat/rmdec.o
#72 780.5 CC	libavformat/rmenc.o
#72 781.5 CC	libavformat/rmsipr.o
#72 781.5 CC	libavformat/rpl.o
#72 782.2 CC	libavformat/rsd.o
#72 782.5 CC	libavformat/rso.o
#72 783.0 CC	libavformat/rsodec.o
#72 783.2 CC	libavformat/rsoenc.o
#72 783.7 CC	libavformat/rtmpdigest.o
#72 783.9 CC	libavformat/rtmphttp.o
#72 784.5 CC	libavformat/rtmppkt.o
#72 784.8 CC	libavformat/rtmpproto.o
#72 785.6 CC	libavformat/rtp.o
#72 786.1 CC	libavformat/rtpdec.o
#72 786.4 CC	libavformat/rtpdec_ac3.o
#72 787.1 CC	libavformat/rtpdec_amr.o
#72 787.2 CC	libavformat/rtpdec_asf.o
#72 788.0 CC	libavformat/rtpdec_dv.o
#72 788.1 CC	libavformat/rtpdec_g726.o
#72 788.8 CC	libavformat/rtpdec_h261.o
#72 788.8 CC	libavformat/rtpdec_h263.o
#72 789.6 CC	libavformat/rtpdec_h263_rfc2190.o
#72 789.7 CC	libavformat/rtpdec_h264.o
#72 790.5 CC	libavformat/rtpdec_hevc.o
#72 790.7 CC	libavformat/rtpdec_ilbc.o
#72 791.3 CC	libavformat/rtpdec_jpeg.o
#72 791.4 CC	libavformat/rtpdec_latm.o
#72 792.3 CC	libavformat/rtpdec_mpa_robust.o
#72 792.4 CC	libavformat/rtpdec_mpeg12.o
#72 793.2 CC	libavformat/rtpdec_mpeg4.o
#72 793.2 CC	libavformat/rtpdec_mpegts.o
#72 793.9 CC	libavformat/rtpdec_qcelp.o
#72 794.1 CC	libavformat/rtpdec_qdm2.o
#72 794.9 CC	libavformat/rtpdec_qt.o
#72 795.2 CC	libavformat/rtpdec_rfc4175.o
#72 795.8 CC	libavformat/rtpdec_svq3.o
#72 796.1 CC	libavformat/rtpdec_vc2hq.o
#72 796.6 CC	libavformat/rtpdec_vp8.o
#72 797.0 CC	libavformat/rtpdec_vp9.o
#72 797.5 CC	libavformat/rtpdec_xiph.o
#72 797.9 CC	libavformat/rtpenc.o
#72 798.4 CC	libavformat/rtpenc_aac.o
#72 798.9 CC	libavformat/rtpenc_amr.o
#72 799.3 CC	libavformat/rtpenc_chain.o
#72 799.6 CC	libavformat/rtpenc_h261.o
#72 800.0 CC	libavformat/rtpenc_h263.o
#72 800.5 CC	libavformat/rtpenc_h263_rfc2190.o
#72 800.9 CC	libavformat/rtpenc_h264_hevc.o
#72 801.4 CC	libavformat/rtpenc_jpeg.o
#72 801.7 CC	libavformat/rtpenc_latm.o
#72 802.5 CC	libavformat/rtpenc_mpegts.o
#72 802.6 CC	libavformat/rtpenc_mpv.o
#72 803.5 CC	libavformat/rtpenc_rfc4175.o
#72 803.7 CC	libavformat/rtpenc_vc2hq.o
#72 804.6 CC	libavformat/rtpenc_vp8.o
#72 804.9 CC	libavformat/rtpenc_vp9.o
#72 805.6 CC	libavformat/rtpenc_xiph.o
#72 805.8 CC	libavformat/rtpproto.o
#72 806.3 libavformat/rtpproto.c:80:164: warning: implicit conversion from 'long long' to 'double' changes value from 9223372036854775807 to 9223372036854775808 [-Wimplicit-const-int-float-conversion]
#72 806.3     { "timeout",            "set timeout (in microseconds) of socket I/O operations",           OFFSET(rw_timeout),      AV_OPT_TYPE_INT64,  { .i64 = -1 },    -1, INT64_MAX, .flags = D|E },
#72 806.3     ~                                                                                                                                                              ^~~~~~~~~
#72 806.3 /emsdk/upstream/emscripten/cache/sysroot/include/stdint.h:46:21: note: expanded from macro 'INT64_MAX'
#72 806.3 #define INT64_MAX  (0x7fffffffffffffff)
#72 806.3                     ^~~~~~~~~~~~~~~~~~
#72 806.5 CC	libavformat/rtsp.o
#72 806.8 1 warning generated.
#72 806.8 CC	libavformat/rtspdec.o
#72 807.0 libavformat/rtsp.c:100:134: warning: implicit conversion from 'long long' to 'double' changes value from 9223372036854775807 to 9223372036854775808 [-Wimplicit-const-int-float-conversion]
#72 807.0     { "timeout", "set timeout (in microseconds) of socket I/O operations", OFFSET(stimeout), AV_OPT_TYPE_INT64, {.i64 = 0}, INT_MIN, INT64_MAX, DEC },
#72 807.0     ~                                                                                                                                ^~~~~~~~~
#72 807.0 /emsdk/upstream/emscripten/cache/sysroot/include/stdint.h:46:21: note: expanded from macro 'INT64_MAX'
#72 807.0 #define INT64_MAX  (0x7fffffffffffffff)
#72 807.0                     ^~~~~~~~~~~~~~~~~~
#72 807.0 libavformat/rtsp.c:110:183: warning: implicit conversion from 'long long' to 'double' changes value from 9223372036854775807 to 9223372036854775808 [-Wimplicit-const-int-float-conversion]
#72 807.0     { "listen_timeout", "set maximum timeout (in seconds) to wait for incoming connections", OFFSET(stimeout), AV_OPT_TYPE_DURATION, {.i64 = READ_PACKET_TIMEOUT_S*1000000}, INT_MIN, INT64_MAX, DEC },
#72 807.0     ~                                                                                                                                                                                 ^~~~~~~~~
#72 807.0 /emsdk/upstream/emscripten/cache/sysroot/include/stdint.h:46:21: note: expanded from macro 'INT64_MAX'
#72 807.0 #define INT64_MAX  (0x7fffffffffffffff)
#72 807.0                     ^~~~~~~~~~~~~~~~~~
#72 807.0 libavformat/rtsp.c:119:183: warning: implicit conversion from 'long long' to 'double' changes value from 9223372036854775807 to 9223372036854775808 [-Wimplicit-const-int-float-conversion]
#72 807.0     { "listen_timeout", "set maximum timeout (in seconds) to wait for incoming connections", OFFSET(stimeout), AV_OPT_TYPE_DURATION, {.i64 = READ_PACKET_TIMEOUT_S*1000000}, INT_MIN, INT64_MAX, DEC },
#72 807.0     ~                                                                                                                                                                                 ^~~~~~~~~
#72 807.0 /emsdk/upstream/emscripten/cache/sysroot/include/stdint.h:46:21: note: expanded from macro 'INT64_MAX'
#72 807.0 #define INT64_MAX  (0x7fffffffffffffff)
#72 807.0                     ^~~~~~~~~~~~~~~~~~
#72 807.9 3 warnings generated.
#72 807.9 CC	libavformat/rtspenc.o
#72 807.9 CC	libavformat/s337m.o
#72 808.9 CC	libavformat/samidec.o
#72 808.9 CC	libavformat/sapdec.o
#72 809.7 CC	libavformat/sapenc.o
#72 809.8 CC	libavformat/sauce.o
#72 810.6 CC	libavformat/sbcdec.o
#72 810.7 CC	libavformat/sbgdec.o
#72 811.1 CC	libavformat/sccdec.o
#72 811.1 libavformat/sbgdec.c:201:69: warning: implicit conversion from 'long long' to 'double' changes value from 4611686018427387903 to 4611686018427387904 [-Wimplicit-const-int-float-conversion]
#72 811.1         ts = av_clipd(seconds * AV_TIME_BASE, INT64_MIN/2, INT64_MAX/2);
#72 811.1              ~~~~~~~~                                      ~~~~~~~~~^~
#72 812.0 1 warning generated.
#72 812.0 CC	libavformat/sccenc.o
#72 812.0 CC	libavformat/scd.o
#72 812.9 CC	libavformat/sdp.o
#72 813.0 CC	libavformat/sdr2.o
#72 813.8 CC	libavformat/sdsdec.o
#72 813.9 CC	libavformat/sdxdec.o
#72 814.7 CC	libavformat/seek.o
#72 814.7 CC	libavformat/segafilm.o
#72 815.6 CC	libavformat/segafilmenc.o
#72 815.7 CC	libavformat/segment.o
#72 816.2 libavformat/segment.c:1049:127: warning: implicit conversion from 'long long' to 'double' changes value from 9223372036854775807 to 9223372036854775808 [-Wimplicit-const-int-float-conversion]
#72 816.2     { "initial_offset", "set initial timestamp offset", OFFSET(initial_offset), AV_OPT_TYPE_DURATION, {.i64 = 0}, -INT64_MAX, INT64_MAX, E },
#72 816.2     ~                                                                                                                         ^~~~~~~~~
#72 816.2 /emsdk/upstream/emscripten/cache/sysroot/include/stdint.h:46:21: note: expanded from macro 'INT64_MAX'
#72 816.2 #define INT64_MAX  (0x7fffffffffffffff)
#72 816.2                     ^~~~~~~~~~~~~~~~~~
#72 816.2 libavformat/segment.c:1049:115: warning: implicit conversion from 'long long' to 'double' changes value from -9223372036854775807 to -9223372036854775808 [-Wimplicit-const-int-float-conversion]
#72 816.2     { "initial_offset", "set initial timestamp offset", OFFSET(initial_offset), AV_OPT_TYPE_DURATION, {.i64 = 0}, -INT64_MAX, INT64_MAX, E },
#72 816.2     ~                                                                                                             ^~~~~~~~~~
#72 816.2 libavformat/segment.c:1035:139: warning: implicit conversion from 'long long' to 'double' changes value from 9223372036854775807 to 9223372036854775808 [-Wimplicit-const-int-float-conversion]
#72 816.2     { "segment_time_delta","set approximation value used for the segment times", OFFSET(time_delta), AV_OPT_TYPE_DURATION, {.i64 = 0}, 0, INT64_MAX, E },
#72 816.2     ~                                                                                                                                     ^~~~~~~~~
#72 816.2 /emsdk/upstream/emscripten/cache/sysroot/include/stdint.h:46:21: note: expanded from macro 'INT64_MAX'
#72 816.2 #define INT64_MAX  (0x7fffffffffffffff)
#72 816.2                     ^~~~~~~~~~~~~~~~~~
#72 816.2 libavformat/segment.c:1034:138: warning: implicit conversion from 'long long' to 'double' changes value from 9223372036854775807 to 9223372036854775808 [-Wimplicit-const-int-float-conversion]
#72 816.2     { "segment_time",      "set segment duration",                       OFFSET(time),AV_OPT_TYPE_DURATION, {.i64 = 2000000}, INT64_MIN, INT64_MAX,       E },
#72 816.2     ~                                                                                                                                    ^~~~~~~~~
#72 816.2 /emsdk/upstream/emscripten/cache/sysroot/include/stdint.h:46:21: note: expanded from macro 'INT64_MAX'
#72 816.2 #define INT64_MAX  (0x7fffffffffffffff)
#72 816.2                     ^~~~~~~~~~~~~~~~~~
#72 816.2 libavformat/segment.c:1033:163: warning: implicit conversion from 'long long' to 'double' changes value from 9223372036854775807 to 9223372036854775808 [-Wimplicit-const-int-float-conversion]
#72 816.2     { "segment_clocktime_wrap_duration", "set segment clocktime wrapping duration", OFFSET(clocktime_wrap_duration), AV_OPT_TYPE_DURATION, {.i64 = INT64_MAX}, 0, INT64_MAX, E},
#72 816.2     ~                                                                                                                                                             ^~~~~~~~~
#72 816.2 /emsdk/upstream/emscripten/cache/sysroot/include/stdint.h:46:21: note: expanded from macro 'INT64_MAX'
#72 816.2 #define INT64_MAX  (0x7fffffffffffffff)
#72 816.2                     ^~~~~~~~~~~~~~~~~~
#72 816.5 CC	libavformat/serdec.o
#72 816.8 5 warnings generated.
#72 816.8 CC	libavformat/sga.o
#72 817.4 CC	libavformat/shortendec.o
#72 817.8 CC	libavformat/sierravmd.o
#72 818.3 CC	libavformat/siff.o
#72 818.8 CC	libavformat/smacker.o
#72 819.1 CC	libavformat/smjpeg.o
#72 819.7 CC	libavformat/smjpegdec.o
#72 819.8 CC	libavformat/smjpegenc.o
#72 820.6 CC	libavformat/smoothstreamingenc.o
#72 820.6 CC	libavformat/smush.o
#72 821.5 CC	libavformat/sol.o
#72 821.6 CC	libavformat/soxdec.o
#72 822.4 CC	libavformat/soxenc.o
#72 822.4 CC	libavformat/spdif.o
#72 823.1 CC	libavformat/spdifdec.o
#72 823.3 CC	libavformat/spdifenc.o
#72 824.0 CC	libavformat/srtdec.o
#72 824.3 CC	libavformat/srtenc.o
#72 824.9 CC	libavformat/srtp.o
#72 825.1 CC	libavformat/srtpproto.o
#72 825.9 CC	libavformat/stldec.o
#72 826.0 CC	libavformat/subfile.o
#72 826.4 libavformat/subfile.c:39:81: warning: implicit conversion from 'long long' to 'double' changes value from 9223372036854775807 to 9223372036854775808 [-Wimplicit-const-int-float-conversion]
#72 826.4     { "end",   "end offset",   OFFSET(end),   AV_OPT_TYPE_INT64, {.i64 = 0}, 0, INT64_MAX, D },
#72 826.4     ~                                                                           ^~~~~~~~~
#72 826.4 /emsdk/upstream/emscripten/cache/sysroot/include/stdint.h:46:21: note: expanded from macro 'INT64_MAX'
#72 826.4 #define INT64_MAX  (0x7fffffffffffffff)
#72 826.4                     ^~~~~~~~~~~~~~~~~~
#72 826.4 libavformat/subfile.c:38:81: warning: implicit conversion from 'long long' to 'double' changes value from 9223372036854775807 to 9223372036854775808 [-Wimplicit-const-int-float-conversion]
#72 826.4     { "start", "start offset", OFFSET(start), AV_OPT_TYPE_INT64, {.i64 = 0}, 0, INT64_MAX, D },
#72 826.4     ~                                                                           ^~~~~~~~~
#72 826.4 /emsdk/upstream/emscripten/cache/sysroot/include/stdint.h:46:21: note: expanded from macro 'INT64_MAX'
#72 826.4 #define INT64_MAX  (0x7fffffffffffffff)
#72 826.4                     ^~~~~~~~~~~~~~~~~~
#72 826.7 CC	libavformat/subtitles.o
#72 826.8 2 warnings generated.
#72 826.8 CC	libavformat/subviewer1dec.o
#72 827.6 CC	libavformat/subviewerdec.o
#72 827.8 CC	libavformat/supdec.o
#72 828.5 CC	libavformat/supenc.o
#72 828.6 CC	libavformat/svag.o
#72 829.4 CC	libavformat/svs.o
#72 829.4 CC	libavformat/swf.o
#72 829.9 CC	libavformat/swfdec.o
#72 830.2 CC	libavformat/swfenc.o
#72 831.0 CC	libavformat/takdec.o
#72 831.2 CC	libavformat/tcp.o
#72 831.9 CC	libavformat/tedcaptionsdec.o
#72 832.1 CC	libavformat/tee.o
#72 832.4 libavformat/tedcaptionsdec.c:38:36: warning: implicit conversion from 'long long' to 'double' changes value from 9223372036854775807 to 9223372036854775808 [-Wimplicit-const-int-float-conversion]
#72 832.4       { .i64 = 15000 }, INT64_MIN, INT64_MAX,
#72 832.4                                    ^~~~~~~~~
#72 832.4 /emsdk/upstream/emscripten/cache/sysroot/include/stdint.h:46:21: note: expanded from macro 'INT64_MAX'
#72 832.4 #define INT64_MAX  (0x7fffffffffffffff)
#72 832.4                     ^~~~~~~~~~~~~~~~~~
#72 832.9 1 warning generated.
#72 833.0 CC	libavformat/tee_common.o
#72 833.0 CC	libavformat/teeproto.o
#72 833.7 CC	libavformat/thp.o
#72 833.9 CC	libavformat/tiertexseq.o
#72 834.6 CC	libavformat/tmv.o
#72 834.8 CC	libavformat/tta.o
#72 835.4 CC	libavformat/ttaenc.o
#72 835.7 CC	libavformat/ttmlenc.o
#72 836.2 CC	libavformat/tty.o
#72 836.6 CC	libavformat/txd.o
#72 837.2 CC	libavformat/ty.o
#72 837.4 CC	libavformat/udp.o
#72 837.9 libavformat/udp.c:128:142: warning: implicit conversion from 'long long' to 'double' changes value from 9223372036854775807 to 9223372036854775808 [-Wimplicit-const-int-float-conversion]
#72 837.9     { "burst_bits",     "Max length of bursts in bits (when using bitrate)", OFFSET(burst_bits),   AV_OPT_TYPE_INT64,  { .i64 = 0  },     0, INT64_MAX, .flags = E },
#72 837.9     ~                                                                                                                                        ^~~~~~~~~
#72 837.9 /emsdk/upstream/emscripten/cache/sysroot/include/stdint.h:46:21: note: expanded from macro 'INT64_MAX'
#72 837.9 #define INT64_MAX  (0x7fffffffffffffff)
#72 837.9                     ^~~~~~~~~~~~~~~~~~
#72 837.9 libavformat/udp.c:127:142: warning: implicit conversion from 'long long' to 'double' changes value from 9223372036854775807 to 9223372036854775808 [-Wimplicit-const-int-float-conversion]
#72 837.9     { "bitrate",        "Bits to send per second",                         OFFSET(bitrate),        AV_OPT_TYPE_INT64,  { .i64 = 0  },     0, INT64_MAX, .flags = E },
#72 837.9     ~                                                                                                                                        ^~~~~~~~~
#72 837.9 /emsdk/upstream/emscripten/cache/sysroot/include/stdint.h:46:21: note: expanded from macro 'INT64_MAX'
#72 837.9 #define INT64_MAX  (0x7fffffffffffffff)
#72 837.9                     ^~~~~~~~~~~~~~~~~~
#72 838.2 CC	libavformat/uncodedframecrcenc.o
#72 838.4 2 warnings generated.
#72 838.4 CC	libavformat/unix.o
#72 839.2 CC	libavformat/url.o
#72 839.2 CC	libavformat/urldecode.o
#72 840.0 CC	libavformat/utils.o
#72 840.1 CC	libavformat/vag.o
#72 840.9 CC	libavformat/vc1dec.o
#72 841.1 CC	libavformat/vc1test.o
#72 841.7 CC	libavformat/vc1testenc.o
#72 841.9 CC	libavformat/version.o
#72 842.5 CC	libavformat/vividas.o
#72 842.5 CC	libavformat/vivo.o
#72 843.4 CC	libavformat/voc.o
#72 843.6 CC	libavformat/voc_packet.o
#72 843.9 CC	libavformat/vocdec.o
#72 844.4 CC	libavformat/vocenc.o
#72 844.7 CC	libavformat/vorbiscomment.o
#72 845.2 CC	libavformat/vpcc.o
#72 845.6 CC	libavformat/vpk.o
#72 846.0 CC	libavformat/vplayerdec.o
#72 846.5 CC	libavformat/vqf.o
#72 846.8 CC	libavformat/w64.o
#72 847.3 CC	libavformat/wavdec.o
#72 847.4 CC	libavformat/wavenc.o
#72 848.3 CC	libavformat/wc3movie.o
#72 848.4 CC	libavformat/webm_chunk.o
#72 849.2 CC	libavformat/webmdashenc.o
#72 849.3 CC	libavformat/webpenc.o
#72 850.1 CC	libavformat/webvttdec.o
#72 850.2 CC	libavformat/webvttenc.o
#72 851.0 CC	libavformat/westwood_aud.o
#72 851.0 CC	libavformat/westwood_audenc.o
#72 851.8 CC	libavformat/westwood_vqa.o
#72 851.8 CC	libavformat/wsddec.o
#72 852.7 CC	libavformat/wtv_common.o
#72 852.7 CC	libavformat/wtvdec.o
#72 853.2 CC	libavformat/wtvenc.o
#72 853.9 CC	libavformat/wv.o
#72 854.2 CC	libavformat/wvdec.o
#72 854.6 CC	libavformat/wvedec.o
#72 855.2 CC	libavformat/wvenc.o
#72 855.3 CC	libavformat/xa.o
#72 855.9 CC	libavformat/xmv.o
#72 856.1 CC	libavformat/xvag.o
#72 856.9 CC	libavformat/xwma.o
#72 856.9 CC	libavformat/yop.o
#72 857.8 CC	libavformat/yuv4mpegdec.o
#72 857.9 CC	libavformat/yuv4mpegenc.o
#72 858.7 GEN	libavformat/libavformat.pc
#72 858.8 CC	libavcodec/012v.o
#72 858.8 CC	libavcodec/4xm.o
#72 859.7 CC	libavcodec/8bps.o
#72 860.1 CC	libavcodec/8svx.o
#72 860.6 CC	libavcodec/a64multienc.o
#72 861.0 CC	libavcodec/aac_ac3_parser.o
#72 861.7 CC	libavcodec/aac_adtstoasc_bsf.o
#72 861.9 CC	libavcodec/aac_parser.o
#72 862.6 CC	libavcodec/aaccoder.o
#72 862.7 CC	libavcodec/aacdec.o
#72 863.1 libavcodec/aaccoder.c:311:20: warning: implicit conversion from 'int' to 'float' changes value from 2147483647 to 2147483648 [-Wimplicit-const-int-float-conversion]
#72 863.1             qmin = INT_MAX;
#72 863.1                  ~ ^~~~~~~
#72 863.1 /emsdk/upstream/lib/clang/17/include/limits.h:46:19: note: expanded from macro 'INT_MAX'
#72 863.1 #define INT_MAX   __INT_MAX__
#72 863.1                   ^~~~~~~~~~~
#72 863.1 <built-in>:46:21: note: expanded from macro '__INT_MAX__'
#72 863.1 #define __INT_MAX__ 2147483647
#72 863.1                     ^~~~~~~~~~
#72 863.2 libavcodec/aacdec.c:570:8: warning: 'channel_layouts' is deprecated [-Wdeprecated-declarations]
#72 863.2     .p.channel_layouts = aac_channel_layout,
#72 863.2        ^
#72 863.2 libavcodec/codec.h:225:5: note: 'channel_layouts' has been explicitly marked deprecated here
#72 863.2     attribute_deprecated
#72 863.2     ^
#72 863.2 ./libavutil/attributes.h:100:49: note: expanded from macro 'attribute_deprecated'
#72 863.2 #    define attribute_deprecated __attribute__((deprecated))
#72 863.2                                                 ^
#72 863.2 libavcodec/aacdec.c:598:8: warning: 'channel_layouts' is deprecated [-Wdeprecated-declarations]
#72 863.2     .p.channel_layouts = aac_channel_layout,
#72 863.2        ^
#72 863.2 libavcodec/codec.h:225:5: note: 'channel_layouts' has been explicitly marked deprecated here
#72 863.2     attribute_deprecated
#72 863.2     ^
#72 863.2 ./libavutil/attributes.h:100:49: note: expanded from macro 'attribute_deprecated'
#72 863.2 #    define attribute_deprecated __attribute__((deprecated))
#72 863.2                                                 ^
#72 864.2 1 warning generated.
#72 864.3 CC	libavcodec/aacdec_fixed.o
#72 864.5 2 warnings generated.
#72 864.5 CC	libavcodec/aacenc.o
#72 864.8 libavcodec/aacdec_fixed.c:468:8: warning: 'channel_layouts' is deprecated [-Wdeprecated-declarations]
#72 864.8     .p.channel_layouts = aac_channel_layout,
#72 864.8        ^
#72 864.8 libavcodec/codec.h:225:5: note: 'channel_layouts' has been explicitly marked deprecated here
#72 864.8     attribute_deprecated
#72 864.8     ^
#72 864.8 ./libavutil/attributes.h:100:49: note: expanded from macro 'attribute_deprecated'
#72 864.8 #    define attribute_deprecated __attribute__((deprecated))
#72 864.8                                                 ^
#72 865.8 CC	libavcodec/aacenc_is.o
#72 866.2 1 warning generated.
#72 866.2 CC	libavcodec/aacenc_ltp.o
#72 867.0 CC	libavcodec/aacenc_pred.o
#72 867.4 CC	libavcodec/aacenc_tns.o
#72 868.2 CC	libavcodec/aacenctab.o
#72 868.5 CC	libavcodec/aacps_common.o
#72 868.8 CC	libavcodec/aacps_fixed.o
#72 869.5 CC	libavcodec/aacps_float.o
#72 870.1 CC	libavcodec/aacpsdsp_fixed.o
#72 870.7 CC	libavcodec/aacpsdsp_float.o
#72 871.1 CC	libavcodec/aacpsy.o
#72 871.6 CC	libavcodec/aacsbr.o
#72 872.3 CC	libavcodec/aacsbr_fixed.o
#72 873.2 CC	libavcodec/aactab.o
#72 874.0 CC	libavcodec/aandcttab.o
#72 874.2 CC	libavcodec/aasc.o
#72 874.5 CC	libavcodec/ac3.o
#72 875.0 CC	libavcodec/ac3_channel_layout_tab.o
#72 875.4 CC	libavcodec/ac3_parser.o
#72 875.5 CC	libavcodec/ac3dec_data.o
#72 875.9 CC	libavcodec/ac3dec_fixed.o
#72 876.3 CC	libavcodec/ac3dec_float.o
#72 877.9 CC	libavcodec/ac3dsp.o
#72 878.2 CC	libavcodec/ac3enc.o
#72 878.9 CC	libavcodec/ac3enc_fixed.o
#72 879.8 CC	libavcodec/ac3enc_float.o
#72 880.0 CC	libavcodec/ac3tab.o
#72 880.5 CC	libavcodec/acelp_filters.o
#72 880.9 CC	libavcodec/acelp_pitch_delay.o
#72 881.5 CC	libavcodec/acelp_vectors.o
#72 881.8 CC	libavcodec/adpcm.o
#72 882.4 CC	libavcodec/adpcm_data.o
#72 882.9 CC	libavcodec/adpcmenc.o
#72 883.3 CC	libavcodec/adts_header.o
#72 884.1 CC	libavcodec/adts_parser.o
#72 884.2 CC	libavcodec/adx.o
#72 884.8 CC	libavcodec/adx_parser.o
#72 884.9 CC	libavcodec/adxdec.o
#72 885.7 CC	libavcodec/adxenc.o
#72 885.9 CC	libavcodec/agm.o
#72 886.7 CC	libavcodec/aic.o
#72 887.2 CC	libavcodec/alac.o
#72 887.9 CC	libavcodec/alac_data.o
#72 888.3 CC	libavcodec/alacdsp.o
#72 888.4 CC	libavcodec/alacenc.o
#72 889.2 CC	libavcodec/aliaspixdec.o
#72 889.5 CC	libavcodec/aliaspixenc.o
#72 890.1 CC	libavcodec/allcodecs.o
#72 890.4 CC	libavcodec/alsdec.o
#72 891.0 CC	libavcodec/amr_parser.o
#72 891.9 CC	libavcodec/amrnbdec.o
#72 892.0 CC	libavcodec/amrwbdec.o
#72 893.0 CC	libavcodec/anm.o
#72 893.3 CC	libavcodec/ansi.o
#72 894.0 CC	libavcodec/apedec.o
#72 894.3 CC	libavcodec/aptx.o
#72 895.2 CC	libavcodec/aptxdec.o
#72 895.3 CC	libavcodec/aptxenc.o
#72 895.7 libavcodec/aptxdec.c:188:8: warning: 'channel_layouts' is deprecated [-Wdeprecated-declarations]
#72 895.7     .p.channel_layouts     = (const uint64_t[]) { AV_CH_LAYOUT_STEREO, 0},
#72 895.7        ^
#72 895.7 libavcodec/codec.h:225:5: note: 'channel_layouts' has been explicitly marked deprecated here
#72 895.7     attribute_deprecated
#72 895.7     ^
#72 895.7 ./libavutil/attributes.h:100:49: note: expanded from macro 'attribute_deprecated'
#72 895.7 #    define attribute_deprecated __attribute__((deprecated))
#72 895.7                                                 ^
#72 895.7 libavcodec/aptxdec.c:208:8: warning: 'channel_layouts' is deprecated [-Wdeprecated-declarations]
#72 895.7     .p.channel_layouts     = (const uint64_t[]) { AV_CH_LAYOUT_STEREO, 0},
#72 895.7        ^
#72 895.7 libavcodec/codec.h:225:5: note: 'channel_layouts' has been explicitly marked deprecated here
#72 895.7     attribute_deprecated
#72 895.7     ^
#72 895.7 ./libavutil/attributes.h:100:49: note: expanded from macro 'attribute_deprecated'
#72 895.7 #    define attribute_deprecated __attribute__((deprecated))
#72 895.7                                                 ^
#72 895.8 libavcodec/aptxenc.c:260:8: warning: 'channel_layouts' is deprecated [-Wdeprecated-declarations]
#72 895.8     .p.channel_layouts     = (const uint64_t[]) { AV_CH_LAYOUT_STEREO, 0},
#72 895.8        ^
#72 895.8 libavcodec/codec.h:225:5: note: 'channel_layouts' has been explicitly marked deprecated here
#72 895.8     attribute_deprecated
#72 895.8     ^
#72 895.8 ./libavutil/attributes.h:100:49: note: expanded from macro 'attribute_deprecated'
#72 895.8 #    define attribute_deprecated __attribute__((deprecated))
#72 895.8                                                 ^
#72 895.8 libavcodec/aptxenc.c:282:8: warning: 'channel_layouts' is deprecated [-Wdeprecated-declarations]
#72 895.8     .p.channel_layouts     = (const uint64_t[]) { AV_CH_LAYOUT_STEREO, 0},
#72 895.8        ^
#72 895.8 libavcodec/codec.h:225:5: note: 'channel_layouts' has been explicitly marked deprecated here
#72 895.8     attribute_deprecated
#72 895.8     ^
#72 895.8 ./libavutil/attributes.h:100:49: note: expanded from macro 'attribute_deprecated'
#72 895.8 #    define attribute_deprecated __attribute__((deprecated))
#72 895.8                                                 ^
#72 896.2 2 warnings generated.
#72 896.3 CC	libavcodec/arbc.o
#72 896.3 2 warnings generated.
#72 896.3 CC	libavcodec/argo.o
#72 897.3 CC	libavcodec/ass.o
#72 897.6 CC	libavcodec/ass_split.o
#72 898.1 CC	libavcodec/assdec.o
#72 898.6 CC	libavcodec/assenc.o
#72 898.9 CC	libavcodec/asv.o
#72 899.4 CC	libavcodec/asvdec.o
#72 899.6 CC	libavcodec/asvenc.o
#72 900.5 CC	libavcodec/atrac.o
#72 900.7 CC	libavcodec/atrac1.o
#72 901.4 CC	libavcodec/atrac3.o
#72 901.7 CC	libavcodec/atrac3plus.o
#72 902.7 CC	libavcodec/atrac3plusdec.o
#72 903.3 CC	libavcodec/atrac3plusdsp.o
#72 903.7 CC	libavcodec/atrac9dec.o
#72 904.3 CC	libavcodec/atsc_a53.o
#72 905.1 CC	libavcodec/audio_frame_queue.o
#72 905.2 CC	libavcodec/audiodsp.o
#72 906.0 CC	libavcodec/aura.o
#72 906.1 CC	libavcodec/av1_frame_merge_bsf.o
#72 906.8 CC	libavcodec/av1_frame_split_bsf.o
#72 907.0 CC	libavcodec/av1_metadata_bsf.o
#72 907.7 CC	libavcodec/av1_parse.o
#72 907.8 CC	libavcodec/av1_parser.o
#72 908.7 CC	libavcodec/av1dec.o
#72 908.7 CC	libavcodec/avcodec.o
#72 909.7 CC	libavcodec/avdct.o
#72 910.0 CC	libavcodec/avfft.o
#72 910.5 CC	libavcodec/avpacket.o
#72 910.7 CC	libavcodec/avrndec.o
#72 911.5 CC	libavcodec/avs.o
#72 911.5 CC	libavcodec/avs2.o
#72 912.0 CC	libavcodec/avs2_parser.o
#72 912.5 CC	libavcodec/avs3_parser.o
#72 912.9 CC	libavcodec/avuidec.o
#72 913.4 CC	libavcodec/avuienc.o
#72 913.8 CC	libavcodec/bethsoftvideo.o
#72 914.3 CC	libavcodec/bfi.o
#72 914.8 CC	libavcodec/bgmc.o
#72 915.3 CC	libavcodec/bink.o
#72 915.8 CC	libavcodec/binkaudio.o
#72 916.7 CC	libavcodec/binkdsp.o
#72 916.8 CC	libavcodec/bintext.o
#72 917.6 CC	libavcodec/bitpacked_dec.o
#72 917.8 CC	libavcodec/bitpacked_enc.o
#72 918.5 CC	libavcodec/bitstream.o
#72 918.7 CC	libavcodec/bitstream_filters.o
#72 919.4 CC	libavcodec/blockdsp.o
#72 919.5 CC	libavcodec/bmp.o
#72 920.2 CC	libavcodec/bmp_parser.o
#72 920.5 CC	libavcodec/bmpenc.o
#72 921.1 CC	libavcodec/bmvaudio.o
#72 921.5 CC	libavcodec/bmvvideo.o
#72 922.0 CC	libavcodec/brenderpix.o
#72 922.5 CC	libavcodec/bsf.o
#72 923.0 CC	libavcodec/bswapdsp.o
#72 923.5 CC	libavcodec/c93.o
#72 923.9 CC	libavcodec/cabac.o
#72 924.7 CC	libavcodec/canopus.o
#72 924.7 CC	libavcodec/cavs.o
#72 925.5 CC	libavcodec/cavs_parser.o
#72 926.0 CC	libavcodec/cavsdata.o
#72 926.5 CC	libavcodec/cavsdec.o
#72 926.5 CC	libavcodec/cavsdsp.o
#72 927.7 CC	libavcodec/cbrt_data.o
#72 927.8 CC	libavcodec/cbrt_data_fixed.o
#72 928.5 CC	libavcodec/cbs.o
#72 928.6 CC	libavcodec/cbs_av1.o
#72 929.6 CC	libavcodec/cbs_bsf.o
#72 930.4 CC	libavcodec/cbs_h2645.o
#72 930.7 CC	libavcodec/cbs_mpeg2.o
#72 931.8 CC	libavcodec/cbs_sei.o
#72 932.8 CC	libavcodec/cbs_vp9.o
#72 932.8 CC	libavcodec/ccaption_dec.o
#72 933.9 CC	libavcodec/cdgraphics.o
#72 934.1 CC	libavcodec/cdtoons.o
#72 934.9 CC	libavcodec/cdxl.o
#72 935.1 CC	libavcodec/celp_filters.o
#72 935.9 CC	libavcodec/celp_math.o
#72 936.1 CC	libavcodec/cfhd.o
#72 936.8 CC	libavcodec/cfhddata.o
#72 937.4 CC	libavcodec/cfhddsp.o
#72 937.7 CC	libavcodec/cfhdenc.o
#72 938.4 CC	libavcodec/cfhdencdsp.o
#72 938.9 CC	libavcodec/cga_data.o
#72 939.4 CC	libavcodec/chomp_bsf.o
#72 939.7 CC	libavcodec/cinepak.o
#72 940.2 CC	libavcodec/cinepakenc.o
#72 940.8 CC	libavcodec/clearvideo.o
#72 941.6 CC	libavcodec/cljrdec.o
#72 942.1 CC	libavcodec/cljrenc.o
#72 942.6 CC	libavcodec/cllc.o
#72 943.1 CC	libavcodec/cngdec.o
#72 943.6 libavcodec/cngdec.c:143:36: warning: implicit conversion from 'int' to 'float' changes value from 1081109975 to 1081110016 [-Wimplicit-const-int-float-conversion]
#72 943.6     scaling = sqrt(e * p->energy / 1081109975);
#72 943.6                                  ~ ^~~~~~~~~~
#72 943.8 CC	libavcodec/cngenc.o
#72 944.2 1 warning generated.
#72 944.2 CC	libavcodec/codec_desc.o
#72 944.8 CC	libavcodec/codec_par.o
#72 945.3 CC	libavcodec/cook.o
#72 945.8 CC	libavcodec/cook_parser.o
#72 946.6 CC	libavcodec/cpia.o
#72 946.8 CC	libavcodec/cri.o
#72 947.6 CC	libavcodec/cri_parser.o
#72 947.9 CC	libavcodec/cscd.o
#72 948.5 CC	libavcodec/cyuv.o
#72 948.9 CC	libavcodec/d3d11va.o
#72 949.4 CC	libavcodec/dca.o
#72 949.5 CC	libavcodec/dca_core.o
#72 950.5 CC	libavcodec/dca_core_bsf.o
#72 951.4 CC	libavcodec/dca_exss.o
#72 951.4 CC	libavcodec/dca_lbr.o
#72 952.7 CC	libavcodec/dca_parser.o
#72 953.3 CC	libavcodec/dca_sample_rate_tab.o
#72 953.9 CC	libavcodec/dca_xll.o
#72 953.9 CC	libavcodec/dcaadpcm.o
#72 955.2 CC	libavcodec/dcadata.o
#72 955.6 CC	libavcodec/dcadct.o
#72 955.9 CC	libavcodec/dcadec.o
#72 957.1 CC	libavcodec/dcadsp.o
#72 957.2 CC	libavcodec/dcaenc.o
#72 957.7 libavcodec/dcaenc.c:271:52: warning: implicit conversion from 'unsigned long long' to 'float' changes value from 281474968322048 to 281474976710656 [-Wimplicit-const-int-float-conversion]
#72 957.7             c->lfe_fir_64i[64 * j + k] = (int32_t)(0xffffff800000ULL * ff_dca_lfe_fir_64[8 * k + j]);
#72 957.7                                                    ^~~~~~~~~~~~~~~~~ ~
#72 957.7 libavcodec/dcaenc.c:272:63: warning: implicit conversion from 'unsigned long long' to 'float' changes value from 281474968322048 to 281474976710656 [-Wimplicit-const-int-float-conversion]
#72 957.7             c->lfe_fir_64i[64 * (7-j) + (63 - k)] = (int32_t)(0xffffff800000ULL * ff_dca_lfe_fir_64[8 * k + j]);
#72 957.7                                                               ^~~~~~~~~~~~~~~~~ ~
#72 957.7 libavcodec/dcaenc.c:1258:8: warning: 'channel_layouts' is deprecated [-Wdeprecated-declarations]
#72 957.7     .p.channel_layouts     = (const uint64_t[]) { AV_CH_LAYOUT_MONO,
#72 957.7        ^
#72 957.7 libavcodec/codec.h:225:5: note: 'channel_layouts' has been explicitly marked deprecated here
#72 957.7     attribute_deprecated
#72 957.7     ^
#72 957.7 ./libavutil/attributes.h:100:49: note: expanded from macro 'attribute_deprecated'
#72 957.7 #    define attribute_deprecated __attribute__((deprecated))
#72 957.7                                                 ^
#72 958.4 CC	libavcodec/dcahuff.o
#72 958.9 3 warnings generated.
#72 958.9 CC	libavcodec/dct.o
#72 959.5 CC	libavcodec/dct32_fixed.o
#72 960.0 CC	libavcodec/dct32_float.o
#72 960.3 CC	libavcodec/dds.o
#72 960.7 CC	libavcodec/decode.o
#72 961.4 CC	libavcodec/dfa.o
#72 961.9 CC	libavcodec/dfpwmdec.o
#72 962.5 CC	libavcodec/dfpwmenc.o
#72 962.8 CC	libavcodec/dirac.o
#72 963.4 CC	libavcodec/dirac_arith.o
#72 963.9 CC	libavcodec/dirac_dwt.o
#72 964.4 CC	libavcodec/dirac_parser.o
#72 965.3 CC	libavcodec/dirac_vlc.o
#72 965.4 CC	libavcodec/diracdec.o
#72 966.3 CC	libavcodec/diracdsp.o
#72 967.2 CC	libavcodec/diractab.o
#72 967.4 CC	libavcodec/dnxhd_parser.o
#72 967.7 CC	libavcodec/dnxhddata.o
#72 968.3 CC	libavcodec/dnxhddec.o
#72 968.7 CC	libavcodec/dnxhdenc.o
#72 969.6 CC	libavcodec/dolby_e.o
#72 970.1 CC	libavcodec/dolby_e_parse.o
#72 971.0 CC	libavcodec/dolby_e_parser.o
#72 971.2 CC	libavcodec/dovi_rpu.o
#72 971.8 CC	libavcodec/dpcm.o
#72 972.4 CC	libavcodec/dpx.o
#72 972.9 CC	libavcodec/dpx_parser.o
#72 973.5 CC	libavcodec/dpxenc.o
#72 973.8 CC	libavcodec/dsd.o
#72 974.6 CC	libavcodec/dsddec.o
#72 974.8 CC	libavcodec/dsicinaudio.o
#72 975.5 CC	libavcodec/dsicinvideo.o
#72 975.7 CC	libavcodec/dss_sp.o
#72 976.7 CC	libavcodec/dstdec.o
#72 977.1 CC	libavcodec/dump_extradata_bsf.o
#72 977.9 CC	libavcodec/dv.o
#72 978.0 CC	libavcodec/dv_error_marker_bsf.o
#72 979.0 CC	libavcodec/dv_profile.o
#72 979.1 CC	libavcodec/dvaudio_parser.o
#72 980.0 CC	libavcodec/dvaudiodec.o
#72 980.1 CC	libavcodec/dvbsub_parser.o
#72 981.1 CC	libavcodec/dvbsubdec.o
#72 981.1 CC	libavcodec/dvbsubenc.o
#72 982.3 CC	libavcodec/dvd_nav_parser.o
#72 982.7 CC	libavcodec/dvdata.o
#72 983.2 CC	libavcodec/dvdec.o
#72 983.3 CC	libavcodec/dvdsub.o
#72 984.1 CC	libavcodec/dvdsub_parser.o
#72 984.7 CC	libavcodec/dvdsubdec.o
#72 984.9 CC	libavcodec/dvdsubenc.o
#72 985.9 CC	libavcodec/dvenc.o
#72 986.1 CC	libavcodec/dxa.o
#72 987.1 CC	libavcodec/dxtory.o
#72 987.5 CC	libavcodec/dxv.o
#72 988.4 CC	libavcodec/dynamic_hdr10_plus.o
#72 988.7 CC	libavcodec/dynamic_hdr_vivid.o
#72 989.5 CC	libavcodec/eac3_core_bsf.o
#72 989.7 CC	libavcodec/eac3_data.o
#72 990.2 CC	libavcodec/eac3enc.o
#72 990.3 CC	libavcodec/eacmv.o
#72 991.4 CC	libavcodec/eaidct.o
#72 991.4 CC	libavcodec/eamad.o
#72 992.3 CC	libavcodec/eatgq.o
#72 992.5 CC	libavcodec/eatgv.o
#72 993.4 CC	libavcodec/eatqi.o
#72 993.6 CC	libavcodec/elbg.o
#72 994.4 CC	libavcodec/elsdec.o
#72 994.8 CC	libavcodec/encode.o
#72 995.3 CC	libavcodec/error_resilience.o
#72 995.8 CC	libavcodec/escape124.o
#72 995.8 libavcodec/error_resilience.c:396:12: warning: variable 'depth' set but not used [-Wunused-but-set-variable]
#72 995.8     int i, depth, num_avail;
#72 995.8            ^
#72 996.7 1 warning generated.
#72 996.7 CC	libavcodec/escape130.o
#72 996.8 CC	libavcodec/evrcdec.o
#72 997.7 CC	libavcodec/exif.o
#72 998.1 CC	libavcodec/exr.o
#72 998.6 CC	libavcodec/exrdsp.o
#72 999.4 CC	libavcodec/exrenc.o
#72 999.6 CC	libavcodec/extract_extradata_bsf.o
#72 1000.6 CC	libavcodec/faandct.o
#72 1000.6 CC	libavcodec/faanidct.o
#72 1001.5 CC	libavcodec/fastaudio.o
#72 1001.6 CC	libavcodec/faxcompr.o
#72 1002.6 CC	libavcodec/fdctdsp.o
#72 1002.8 CC	libavcodec/fft_fixed_32.o
#72 1003.4 CC	libavcodec/fft_float.o
#72 1003.8 CC	libavcodec/fft_init_table.o
#72 1004.4 CC	libavcodec/ffv1.o
#72 1004.6 CC	libavcodec/ffv1dec.o
#72 1005.1 libavcodec/ffv1dec.c:1018:13: warning: unused function 'copy_fields' [-Wunused-function]
#72 1005.1 static void copy_fields(FFV1Context *fsdst, const FFV1Context *fssrc,
#72 1005.1             ^
#72 1005.4 CC	libavcodec/ffv1enc.o
#72 1006.1 1 warning generated.
#72 1006.2 CC	libavcodec/ffwavesynth.o
#72 1007.4 CC	libavcodec/fic.o
#72 1008.0 CC	libavcodec/filter_units_bsf.o
#72 1008.7 CC	libavcodec/fits.o
#72 1009.0 CC	libavcodec/fitsdec.o
#72 1009.6 CC	libavcodec/fitsenc.o
#72 1010.1 CC	libavcodec/flac.o
#72 1010.5 CC	libavcodec/flac_parser.o
#72 1011.1 CC	libavcodec/flacdata.o
#72 1011.5 CC	libavcodec/flacdec.o
#72 1011.6 CC	libavcodec/flacdsp.o
#72 1012.7 CC	libavcodec/flacenc.o
#72 1012.8 CC	libavcodec/flashsv.o
#72 1013.8 CC	libavcodec/flashsv2enc.o
#72 1014.1 CC	libavcodec/flashsvenc.o
#72 1015.0 CC	libavcodec/flicvideo.o
#72 1015.1 CC	libavcodec/flvdec.o
#72 1016.0 CC	libavcodec/flvenc.o
#72 1016.2 CC	libavcodec/fmtconvert.o
#72 1016.9 CC	libavcodec/fmvc.o
#72 1017.1 CC	libavcodec/fraps.o
#72 1018.1 CC	libavcodec/frwu.o
#72 1018.1 CC	libavcodec/g2meet.o
#72 1019.0 CC	libavcodec/g722.o
#72 1019.4 CC	libavcodec/g722dec.o
#72 1019.8 CC	libavcodec/g722dsp.o
#72 1020.2 CC	libavcodec/g722enc.o
#72 1020.5 CC	libavcodec/g723_1.o
#72 1020.7 libavcodec/g722enc.c:386:8: warning: 'channel_layouts' is deprecated [-Wdeprecated-declarations]
#72 1020.7     .p.channel_layouts = (const uint64_t[]){ AV_CH_LAYOUT_MONO, 0 },
#72 1020.7        ^
#72 1020.7 libavcodec/codec.h:225:5: note: 'channel_layouts' has been explicitly marked deprecated here
#72 1020.7     attribute_deprecated
#72 1020.7     ^
#72 1020.7 ./libavutil/attributes.h:100:49: note: expanded from macro 'attribute_deprecated'
#72 1020.7 #    define attribute_deprecated __attribute__((deprecated))
#72 1020.7                                                 ^
#72 1021.2 1 warning generated.
#72 1021.2 CC	libavcodec/g723_1_parser.o
#72 1021.5 CC	libavcodec/g723_1dec.o
#72 1022.0 CC	libavcodec/g723_1enc.o
#72 1022.8 CC	libavcodec/g726.o
#72 1023.5 CC	libavcodec/g729_parser.o
#72 1023.8 CC	libavcodec/g729dec.o
#72 1024.3 CC	libavcodec/g729postfilter.o
#72 1024.9 CC	libavcodec/gdv.o
#72 1025.3 CC	libavcodec/gemdec.o
#72 1026.0 CC	libavcodec/get_buffer.o
#72 1026.3 CC	libavcodec/gif.o
#72 1026.9 CC	libavcodec/gif_parser.o
#72 1027.4 CC	libavcodec/gifdec.o
#72 1027.8 CC	libavcodec/golomb.o
#72 1028.2 CC	libavcodec/gsm_parser.o
#72 1028.4 CC	libavcodec/gsmdec.o
#72 1029.0 CC	libavcodec/gsmdec_data.o
#72 1029.4 CC	libavcodec/h261.o
#72 1029.5 CC	libavcodec/h261_parser.o
#72 1030.2 CC	libavcodec/h261data.o
#72 1030.3 CC	libavcodec/h261dec.o
#72 1030.8 CC	libavcodec/h261enc.o
#72 1031.4 CC	libavcodec/h263.o
#72 1031.8 CC	libavcodec/h263_parser.o
#72 1032.2 CC	libavcodec/h263data.o
#72 1032.6 CC	libavcodec/h263dec.o
#72 1032.7 CC	libavcodec/h263dsp.o
#72 1033.5 CC	libavcodec/h2645_parse.o
#72 1033.6 CC	libavcodec/h264_cabac.o
#72 1034.6 CC	libavcodec/h264_cavlc.o
#72 1035.2 CC	libavcodec/h264_direct.o
#72 1036.0 CC	libavcodec/h264_levels.o
#72 1036.3 CC	libavcodec/h264_loopfilter.o
#72 1036.8 CC	libavcodec/h264_mb.o
#72 1037.6 CC	libavcodec/h264_metadata_bsf.o
#72 1038.4 CC	libavcodec/h264_mp4toannexb_bsf.o
#72 1038.7 CC	libavcodec/h264_parse.o
#72 1039.4 CC	libavcodec/h264_parser.o
#72 1039.7 CC	libavcodec/h264_picture.o
#72 1040.4 CC	libavcodec/h264_ps.o
#72 1040.6 CC	libavcodec/h264_redundant_pps_bsf.o
#72 1041.4 CC	libavcodec/h264_refs.o
#72 1041.6 CC	libavcodec/h264_sei.o
#72 1042.6 CC	libavcodec/h264_slice.o
#72 1042.7 CC	libavcodec/h264chroma.o
#72 1043.6 CC	libavcodec/h264data.o
#72 1044.0 CC	libavcodec/h264dec.o
#72 1044.1 CC	libavcodec/h264dsp.o
#72 1045.1 CC	libavcodec/h264idct.o
#72 1045.8 CC	libavcodec/h264pred.o
#72 1046.4 CC	libavcodec/h264qpel.o
#72 1048.6 CC	libavcodec/h265_metadata_bsf.o
#72 1049.5 CC	libavcodec/h265_profile_level.o
#72 1050.1 CC	libavcodec/h274.o
#72 1050.4 CC	libavcodec/hap.o
#72 1051.2 CC	libavcodec/hapdec.o
#72 1051.3 CC	libavcodec/hapqa_extract_bsf.o
#72 1052.1 CC	libavcodec/hcadec.o
#72 1052.1 CC	libavcodec/hcom.o
#72 1053.0 CC	libavcodec/hevc_cabac.o
#72 1053.2 CC	libavcodec/hevc_data.o
#72 1053.5 libavcodec/hevc_cabac.c:37:21: warning: variable 'num_bins_in_se' is not needed and will not be emitted [-Wunneeded-internal-declaration]
#72 1053.5 static const int8_t num_bins_in_se[] = {
#72 1053.5                     ^
#72 1053.6 CC	libavcodec/hevc_filter.o
#72 1054.3 1 warning generated.
#72 1054.4 CC	libavcodec/hevc_mp4toannexb_bsf.o
#72 1054.8 CC	libavcodec/hevc_mvs.o
#72 1055.3 CC	libavcodec/hevc_parse.o
#72 1055.8 CC	libavcodec/hevc_parser.o
#72 1056.2 CC	libavcodec/hevc_ps.o
#72 1056.8 CC	libavcodec/hevc_refs.o
#72 1057.4 CC	libavcodec/hevc_sei.o
#72 1057.8 CC	libavcodec/hevcdec.o
#72 1058.3 libavcodec/hevcdec.c:3546:12: warning: unused function 'hevc_ref_frame' [-Wunused-function]
#72 1058.3 static int hevc_ref_frame(HEVCContext *s, HEVCFrame *dst, HEVCFrame *src)
#72 1058.3            ^
#72 1058.5 CC	libavcodec/hevcdsp.o
#72 1059.4 1 warning generated.
#72 1059.4 CC	libavcodec/hevcpred.o
#72 1062.0 CC	libavcodec/hnm4video.o
#72 1062.0 CC	libavcodec/hpeldsp.o
#72 1063.0 CC	libavcodec/hq_hqa.o
#72 1063.1 CC	libavcodec/hq_hqadata.o
#72 1063.8 CC	libavcodec/hq_hqadsp.o
#72 1064.0 CC	libavcodec/hqx.o
#72 1064.7 CC	libavcodec/hqxdsp.o
#72 1065.0 CC	libavcodec/hqxvlc.o
#72 1065.5 CC	libavcodec/htmlsubtitles.o
#72 1065.8 CC	libavcodec/huffman.o
#72 1066.5 CC	libavcodec/huffyuv.o
#72 1066.9 CC	libavcodec/huffyuvdec.o
#72 1067.3 CC	libavcodec/huffyuvdsp.o
#72 1068.1 CC	libavcodec/huffyuvenc.o
#72 1068.2 CC	libavcodec/huffyuvencdsp.o
#72 1069.1 CC	libavcodec/idcinvideo.o
#72 1069.4 CC	libavcodec/idctdsp.o
#72 1070.0 CC	libavcodec/iff.o
#72 1070.4 CC	libavcodec/iirfilter.o
#72 1071.3 CC	libavcodec/ilbcdec.o
#72 1071.5 CC	libavcodec/imc.o
#72 1071.9 libavcodec/imc.c:921:34: warning: implicit conversion from 'int' to 'float' changes value from 2147483647 to 2147483648 [-Wimplicit-const-int-float-conversion]
#72 1071.9         if(chctx->flcoeffs1[i] > INT_MAX) {
#72 1071.9                                ~ ^~~~~~~
#72 1071.9 /emsdk/upstream/lib/clang/17/include/limits.h:46:19: note: expanded from macro 'INT_MAX'
#72 1071.9 #define INT_MAX   __INT_MAX__
#72 1071.9                   ^~~~~~~~~~~
#72 1071.9 <built-in>:46:21: note: expanded from macro '__INT_MAX__'
#72 1071.9 #define __INT_MAX__ 2147483647
#72 1071.9                     ^~~~~~~~~~
#72 1072.7 CC	libavcodec/imgconvert.o
#72 1072.8 1 warning generated.
#72 1072.8 CC	libavcodec/imm4.o
#72 1073.4 CC	libavcodec/imm5.o
#72 1073.8 CC	libavcodec/imx.o
#72 1074.2 CC	libavcodec/imx_dump_header_bsf.o
#72 1074.7 CC	libavcodec/indeo2.o
#72 1074.9 CC	libavcodec/indeo3.o
#72 1075.7 CC	libavcodec/indeo4.o
#72 1076.1 CC	libavcodec/indeo5.o
#72 1076.7 CC	libavcodec/intelh263dec.o
#72 1077.2 CC	libavcodec/interplayacm.o
#72 1077.6 CC	libavcodec/interplayvideo.o
#72 1078.2 CC	libavcodec/intrax8.o
#72 1078.8 CC	libavcodec/intrax8dsp.o
#72 1079.3 CC	libavcodec/ipu_parser.o
#72 1079.8 CC	libavcodec/ituh263dec.o
#72 1080.1 CC	libavcodec/ituh263enc.o
#72 1081.1 CC	libavcodec/ivi.o
#72 1081.4 CC	libavcodec/ivi_dsp.o
#72 1082.4 CC	libavcodec/j2kenc.o
#72 1082.6 CC	libavcodec/jacosubdec.o
#72 1083.6 CC	libavcodec/jfdctfst.o
#72 1083.9 CC	libavcodec/jfdctint.o
#72 1084.5 CC	libavcodec/jni.o
#72 1084.8 CC	libavcodec/jpeg2000.o
#72 1085.0 CC	libavcodec/jpeg2000_parser.o
#72 1086.0 CC	libavcodec/jpeg2000dec.o
#72 1086.0 CC	libavcodec/jpeg2000dsp.o
#72 1086.9 CC	libavcodec/jpeg2000dwt.o
#72 1087.8 CC	libavcodec/jpegls.o
#72 1088.3 CC	libavcodec/jpeglsdec.o
#72 1088.8 CC	libavcodec/jpeglsenc.o
#72 1089.6 CC	libavcodec/jpegtables.o
#72 1090.0 CC	libavcodec/jrevdct.o
#72 1090.1 CC	libavcodec/jvdec.o
#72 1091.1 CC	libavcodec/kbdwin.o
#72 1091.3 CC	libavcodec/kgv1dec.o
#72 1092.0 CC	libavcodec/kmvc.o
#72 1092.3 CC	libavcodec/lagarith.o
#72 1093.1 CC	libavcodec/lagarithrac.o
#72 1093.5 CC	libavcodec/latm_parser.o
#72 1094.0 CC	libavcodec/lcldec.o
#72 1094.4 CC	libavcodec/lclenc.o
#72 1095.1 CC	libavcodec/libmp3lame.o
#72 1095.2 CC	libavcodec/libopus.o
#72 1095.6 libavcodec/libmp3lame.c:348:8: warning: 'channel_layouts' is deprecated [-Wdeprecated-declarations]
#72 1095.6     .p.channel_layouts     = (const uint64_t[]) { AV_CH_LAYOUT_MONO,
#72 1095.6        ^
#72 1095.6 libavcodec/codec.h:225:5: note: 'channel_layouts' has been explicitly marked deprecated here
#72 1095.6     attribute_deprecated
#72 1095.6     ^
#72 1095.6 ./libavutil/attributes.h:100:49: note: expanded from macro 'attribute_deprecated'
#72 1095.6 #    define attribute_deprecated __attribute__((deprecated))
#72 1095.6                                                 ^
#72 1095.9 CC	libavcodec/libopusdec.o
#72 1096.0 1 warning generated.
#72 1096.1 CC	libavcodec/libopusenc.o
#72 1096.8 CC	libavcodec/libtheoraenc.o
#72 1097.2 CC	libavcodec/libvorbisdec.o
#72 1097.9 CC	libavcodec/libvorbisenc.o
#72 1098.3 CC	libavcodec/libvpx.o
#72 1099.1 CC	libavcodec/libvpxdec.o
#72 1099.1 CC	libavcodec/libvpxenc.o
#72 1100.1 CC	libavcodec/libwebpenc.o
#72 1100.5 CC	libavcodec/libwebpenc_animencoder.o
#72 1101.0 CC	libavcodec/libwebpenc_common.o
#72 1101.4 CC	libavcodec/libx264.o
#72 1102.1 CC	libavcodec/libx265.o
#72 1102.7 In file included from libavcodec/libx265.c:27:
#72 1102.7 /opt/include/x265.h:34:5: warning: '_MSC_VER' is not defined, evaluates to 0 [-Wundef]
#72 1102.7 #if _MSC_VER
#72 1102.7     ^
#72 1102.7 /opt/include/x265.h:183:5: warning: 'X265_DEPTH' is not defined, evaluates to 0 [-Wundef]
#72 1102.7 #if X265_DEPTH < 10
#72 1102.7     ^
#72 1102.7 /opt/include/x265.h:2171:5: warning: 'ENABLE_LIBVMAF' is not defined, evaluates to 0 [-Wundef]
#72 1102.7 #if ENABLE_LIBVMAF
#72 1102.7     ^
#72 1102.7 /opt/include/x265.h:2241:5: warning: 'ENABLE_LIBVMAF' is not defined, evaluates to 0 [-Wundef]
#72 1102.7 #if ENABLE_LIBVMAF
#72 1102.7     ^
#72 1102.8 CC	libavcodec/ljpegenc.o
#72 1103.4 4 warnings generated.
#72 1103.5 CC	libavcodec/loco.o
#72 1103.9 CC	libavcodec/lossless_audiodsp.o
#72 1104.5 CC	libavcodec/lossless_videodsp.o
#72 1104.6 CC	libavcodec/lossless_videoencdsp.o
#72 1105.5 CC	libavcodec/lpc.o
#72 1105.6 CC	libavcodec/lscrdec.o
#72 1106.5 CC	libavcodec/lsp.o
#72 1106.5 CC	libavcodec/lzf.o
#72 1107.4 CC	libavcodec/lzw.o
#72 1107.5 CC	libavcodec/lzwenc.o
#72 1108.4 CC	libavcodec/m101.o
#72 1108.5 CC	libavcodec/mace.o
#72 1109.3 CC	libavcodec/magicyuv.o
#72 1109.5 CC	libavcodec/magicyuvenc.o
#72 1110.5 CC	libavcodec/mathtables.o
#72 1110.7 CC	libavcodec/mdct15.o
#72 1111.1 CC	libavcodec/mdct_fixed_32.o
#72 1111.7 CC	libavcodec/mdct_float.o
#72 1112.0 CC	libavcodec/mdec.o
#72 1112.7 CC	libavcodec/me_cmp.o
#72 1113.1 CC	libavcodec/mediacodec.o
#72 1113.7 CC	libavcodec/metasound.o
#72 1114.0 CC	libavcodec/metasound_data.o
#72 1114.7 CC	libavcodec/microdvddec.o
#72 1114.9 CC	libavcodec/midivid.o
#72 1115.7 CC	libavcodec/mimic.o
#72 1116.0 CC	libavcodec/mjpeg2jpeg_bsf.o
#72 1116.7 CC	libavcodec/mjpeg_parser.o
#72 1116.8 CC	libavcodec/mjpega_dump_header_bsf.o
#72 1117.6 CC	libavcodec/mjpegbdec.o
#72 1117.7 CC	libavcodec/mjpegdec.o
#72 1118.5 CC	libavcodec/mjpegdec_common.o
#72 1119.5 CC	libavcodec/mjpegenc.o
#72 1119.5 CC	libavcodec/mjpegenc_common.o
#72 1120.6 CC	libavcodec/mjpegenc_huffman.o
#72 1120.9 CC	libavcodec/mlp.o
#72 1121.8 CC	libavcodec/mlp_parse.o
#72 1121.9 CC	libavcodec/mlp_parser.o
#72 1122.8 CC	libavcodec/mlpdec.o
#72 1123.0 CC	libavcodec/mlpdsp.o
#72 1124.0 CC	libavcodec/mlpenc.o
#72 1124.3 CC	libavcodec/mlz.o
#72 1124.6 libavcodec/mlpenc.c:2224:8: warning: 'channel_layouts' is deprecated [-Wdeprecated-declarations]
#72 1124.6     .p.channel_layouts      = ff_mlp_channel_layouts,
#72 1124.6        ^
#72 1124.6 libavcodec/codec.h:225:5: note: 'channel_layouts' has been explicitly marked deprecated here
#72 1124.6     attribute_deprecated
#72 1124.6     ^
#72 1124.6 ./libavutil/attributes.h:100:49: note: expanded from macro 'attribute_deprecated'
#72 1124.6 #    define attribute_deprecated __attribute__((deprecated))
#72 1124.6                                                 ^
#72 1124.6 libavcodec/mlpenc.c:2244:8: warning: 'channel_layouts' is deprecated [-Wdeprecated-declarations]
#72 1124.6     .p.channel_layouts      = (const uint64_t[]) {AV_CH_LAYOUT_STEREO, AV_CH_LAYOUT_5POINT0_BACK, AV_CH_LAYOUT_5POINT1_BACK, 0},
#72 1124.6        ^
#72 1124.6 libavcodec/codec.h:225:5: note: 'channel_layouts' has been explicitly marked deprecated here
#72 1124.6     attribute_deprecated
#72 1124.6     ^
#72 1124.6 ./libavutil/attributes.h:100:49: note: expanded from macro 'attribute_deprecated'
#72 1124.6 #    define attribute_deprecated __attribute__((deprecated))
#72 1124.6                                                 ^
#72 1125.4 CC	libavcodec/mmvideo.o
#72 1126.0 2 warnings generated.
#72 1126.0 CC	libavcodec/mobiclip.o
#72 1126.5 CC	libavcodec/motion_est.o
#72 1127.3 CC	libavcodec/motionpixels.o
#72 1128.4 CC	libavcodec/movsub_bsf.o
#72 1129.1 CC	libavcodec/movtextdec.o
#72 1129.6 CC	libavcodec/movtextenc.o
#72 1130.1 CC	libavcodec/mp3_header_decompress_bsf.o
#72 1130.6 CC	libavcodec/mpc.o
#72 1131.0 CC	libavcodec/mpc7.o
#72 1131.0 libavcodec/mpc.c:72:92: warning: implicit conversion from 'int' to 'float' changes value from 2147483647 to 2147483648 [-Wimplicit-const-int-float-conversion]
#72 1131.0                     c->sb_samples[ch][j][i] = av_clipf(mul * c->Q[ch][j + off], INT32_MIN, INT32_MAX);
#72 1131.0                                               ~~~~~~~~                                     ^~~~~~~~~
#72 1131.0 /emsdk/upstream/emscripten/cache/sysroot/include/stdint.h:45:21: note: expanded from macro 'INT32_MAX'
#72 1131.0 #define INT32_MAX  (0x7fffffff)
#72 1131.0                     ^~~~~~~~~~
#72 1131.0 libavcodec/mpc.c:75:92: warning: implicit conversion from 'int' to 'float' changes value from 2147483647 to 2147483648 [-Wimplicit-const-int-float-conversion]
#72 1131.0                     c->sb_samples[ch][j][i] = av_clipf(mul * c->Q[ch][j + off], INT32_MIN, INT32_MAX);
#72 1131.0                                               ~~~~~~~~                                     ^~~~~~~~~
#72 1131.0 /emsdk/upstream/emscripten/cache/sysroot/include/stdint.h:45:21: note: expanded from macro 'INT32_MAX'
#72 1131.0 #define INT32_MAX  (0x7fffffff)
#72 1131.0                     ^~~~~~~~~~
#72 1131.0 libavcodec/mpc.c:78:92: warning: implicit conversion from 'int' to 'float' changes value from 2147483647 to 2147483648 [-Wimplicit-const-int-float-conversion]
#72 1131.0                     c->sb_samples[ch][j][i] = av_clipf(mul * c->Q[ch][j + off], INT32_MIN, INT32_MAX);
#72 1131.0                                               ~~~~~~~~                                     ^~~~~~~~~
#72 1131.0 /emsdk/upstream/emscripten/cache/sysroot/include/stdint.h:45:21: note: expanded from macro 'INT32_MAX'
#72 1131.0 #define INT32_MAX  (0x7fffffff)
#72 1131.0                     ^~~~~~~~~~
#72 1131.5 3 warnings generated.
#72 1131.5 CC	libavcodec/mpc8.o
#72 1132.0 CC	libavcodec/mpeg12.o
#72 1132.6 CC	libavcodec/mpeg12data.o
#72 1133.0 CC	libavcodec/mpeg12dec.o
#72 1133.1 CC	libavcodec/mpeg12enc.o
#72 1133.6 libavcodec/mpeg12enc.c:1174:5: warning: implicit conversion from 'long long' to 'double' changes value from 9223372036854775807 to 9223372036854775808 [-Wimplicit-const-int-float-conversion]
#72 1133.6     COMMON_OPTS
#72 1133.6     ^~~~~~~~~~~
#72 1133.6 libavcodec/mpeg12enc.c:1170:74: note: expanded from macro 'COMMON_OPTS'
#72 1133.6       OFFSET(timecode_frame_start), AV_OPT_TYPE_INT64, {.i64 = -1 }, -1, INT64_MAX, VE}, \
#72 1133.6                                                                          ^~~~~~~~~
#72 1133.6 /emsdk/upstream/emscripten/cache/sysroot/include/stdint.h:46:21: note: expanded from macro 'INT64_MAX'
#72 1133.6 #define INT64_MAX  (0x7fffffffffffffff)
#72 1133.6                     ^~~~~~~~~~~~~~~~~~
#72 1133.6 libavcodec/mpeg12enc.c:1181:5: warning: implicit conversion from 'long long' to 'double' changes value from 9223372036854775807 to 9223372036854775808 [-Wimplicit-const-int-float-conversion]
#72 1133.6     COMMON_OPTS
#72 1133.6     ^~~~~~~~~~~
#72 1133.6 libavcodec/mpeg12enc.c:1170:74: note: expanded from macro 'COMMON_OPTS'
#72 1133.6       OFFSET(timecode_frame_start), AV_OPT_TYPE_INT64, {.i64 = -1 }, -1, INT64_MAX, VE}, \
#72 1133.6                                                                          ^~~~~~~~~
#72 1133.6 /emsdk/upstream/emscripten/cache/sysroot/include/stdint.h:46:21: note: expanded from macro 'INT64_MAX'
#72 1133.6 #define INT64_MAX  (0x7fffffffffffffff)
#72 1133.6                     ^~~~~~~~~~~~~~~~~~
#72 1134.5 2 warnings generated.
#72 1134.6 CC	libavcodec/mpeg12framerate.o
#72 1134.6 CC	libavcodec/mpeg2_metadata_bsf.o
#72 1135.5 CC	libavcodec/mpeg4_unpack_bframes_bsf.o
#72 1135.5 CC	libavcodec/mpeg4audio.o
#72 1136.3 CC	libavcodec/mpeg4audio_sample_rates.o
#72 1136.4 CC	libavcodec/mpeg4video.o
#72 1136.8 CC	libavcodec/mpeg4video_parser.o
#72 1137.3 CC	libavcodec/mpeg4videodec.o
#72 1137.6 CC	libavcodec/mpeg4videoenc.o
#72 1137.8 libavcodec/mpeg4videodec.c:561:13: warning: variable 'time_incr' set but not used [-Wunused-but-set-variable]
#72 1137.8         int time_incr = 0;
#72 1137.8             ^
#72 1138.9 1 warning generated.
#72 1139.0 CC	libavcodec/mpeg_er.o
#72 1139.0 CC	libavcodec/mpegaudio.o
#72 1139.7 CC	libavcodec/mpegaudio_parser.o
#72 1139.8 CC	libavcodec/mpegaudiodata.o
#72 1140.2 CC	libavcodec/mpegaudiodec_common.o
#72 1140.5 CC	libavcodec/mpegaudiodec_fixed.o
#72 1141.2 CC	libavcodec/mpegaudiodec_float.o
#72 1142.0 CC	libavcodec/mpegaudiodecheader.o
#72 1142.7 CC	libavcodec/mpegaudiodsp.o
#72 1142.8 CC	libavcodec/mpegaudiodsp_data.o
#72 1143.3 CC	libavcodec/mpegaudiodsp_fixed.o
#72 1143.5 CC	libavcodec/mpegaudiodsp_float.o
#72 1144.2 CC	libavcodec/mpegaudioenc_fixed.o
#72 1144.4 CC	libavcodec/mpegaudioenc_float.o
#72 1144.7 libavcodec/mpegaudioenc_fixed.c:40:8: warning: 'channel_layouts' is deprecated [-Wdeprecated-declarations]
#72 1144.7     .p.channel_layouts     = (const uint64_t[]){ AV_CH_LAYOUT_MONO,
#72 1144.7        ^
#72 1144.7 libavcodec/codec.h:225:5: note: 'channel_layouts' has been explicitly marked deprecated here
#72 1144.7     attribute_deprecated
#72 1144.7     ^
#72 1144.7 ./libavutil/attributes.h:100:49: note: expanded from macro 'attribute_deprecated'
#72 1144.7 #    define attribute_deprecated __attribute__((deprecated))
#72 1144.7                                                 ^
#72 1145.0 libavcodec/mpegaudioenc_float.c:41:8: warning: 'channel_layouts' is deprecated [-Wdeprecated-declarations]
#72 1145.0     .p.channel_layouts     = (const uint64_t[]){ AV_CH_LAYOUT_MONO,
#72 1145.0        ^
#72 1145.0 libavcodec/codec.h:225:5: note: 'channel_layouts' has been explicitly marked deprecated here
#72 1145.0     attribute_deprecated
#72 1145.0     ^
#72 1145.0 ./libavutil/attributes.h:100:49: note: expanded from macro 'attribute_deprecated'
#72 1145.0 #    define attribute_deprecated __attribute__((deprecated))
#72 1145.0                                                 ^
#72 1145.6 1 warning generated.
#72 1145.6 CC	libavcodec/mpegaudiotabs.o
#72 1145.8 1 warning generated.
#72 1145.9 CC	libavcodec/mpegpicture.o
#72 1146.1 CC	libavcodec/mpegutils.o
#72 1146.9 CC	libavcodec/mpegvideo.o
#72 1147.2 CC	libavcodec/mpegvideo_dec.o
#72 1148.2 CC	libavcodec/mpegvideo_enc.o
#72 1148.2 CC	libavcodec/mpegvideo_motion.o
#72 1149.3 CC	libavcodec/mpegvideo_parser.o
#72 1150.2 CC	libavcodec/mpegvideodata.o
#72 1150.6 CC	libavcodec/mpegvideodsp.o
#72 1150.9 CC	libavcodec/mpegvideoencdsp.o
#72 1151.5 CC	libavcodec/mpl2dec.o
#72 1152.0 CC	libavcodec/mqc.o
#72 1152.4 CC	libavcodec/mqcdec.o
#72 1152.7 CC	libavcodec/mqcenc.o
#72 1153.4 CC	libavcodec/mscc.o
#72 1153.6 CC	libavcodec/msgsmdec.o
#72 1154.4 CC	libavcodec/msmpeg4.o
#72 1154.6 CC	libavcodec/msmpeg4data.o
#72 1155.1 CC	libavcodec/msmpeg4dec.o
#72 1155.3 CC	libavcodec/msmpeg4enc.o
#72 1156.1 CC	libavcodec/msp2dec.o
#72 1156.5 CC	libavcodec/msrle.o
#72 1157.0 CC	libavcodec/msrledec.o
#72 1157.3 CC	libavcodec/mss1.o
#72 1158.0 CC	libavcodec/mss12.o
#72 1158.3 CC	libavcodec/mss2.o
#72 1159.1 CC	libavcodec/mss2dsp.o
#72 1159.4 CC	libavcodec/mss3.o
#72 1160.1 CC	libavcodec/mss34dsp.o
#72 1160.6 CC	libavcodec/mss4.o
#72 1160.9 CC	libavcodec/msvideo1.o
#72 1161.7 CC	libavcodec/msvideo1enc.o
#72 1161.9 CC	libavcodec/mv30.o
#72 1162.7 CC	libavcodec/mvcdec.o
#72 1163.1 CC	libavcodec/mvha.o
#72 1163.7 CC	libavcodec/mwsc.o
#72 1164.1 CC	libavcodec/mxpegdec.o
#72 1164.7 CC	libavcodec/nellymoser.o
#72 1165.0 CC	libavcodec/nellymoserdec.o
#72 1165.6 CC	libavcodec/nellymoserenc.o
#72 1166.0 CC	libavcodec/noise_bsf.o
#72 1166.7 CC	libavcodec/notchlc.o
#72 1166.9 CC	libavcodec/null_bsf.o
#72 1167.4 CC	libavcodec/nuv.o
#72 1167.9 CC	libavcodec/on2avc.o
#72 1168.5 CC	libavcodec/on2avcdata.o
#72 1169.0 CC	libavcodec/options.o
#72 1169.2 CC	libavcodec/opus.o
#72 1169.4 In file included from libavcodec/options.c:38:
#72 1169.4 libavcodec/options_table.h:272:116: warning: implicit conversion from 'unsigned long long' to 'double' changes value from 18446744073709551615 to 18446744073709551616 [-Wimplicit-const-int-float-conversion]
#72 1169.4 {"request_channel_layout", NULL, OFFSET(request_channel_layout), AV_OPT_TYPE_CHANNEL_LAYOUT, {.i64 = DEFAULT }, 0, UINT64_MAX, A|D, "request_channel_layout"},
#72 1169.4 ~                                                                                                                  ^~~~~~~~~~
#72 1169.4 /emsdk/upstream/emscripten/cache/sysroot/include/stdint.h:51:21: note: expanded from macro 'UINT64_MAX'
#72 1169.4 #define UINT64_MAX (0xffffffffffffffffu)
#72 1169.4                     ^~~~~~~~~~~~~~~~~~~
#72 1169.4 In file included from libavcodec/options.c:38:
#72 1169.4 libavcodec/options_table.h:271:100: warning: implicit conversion from 'unsigned long long' to 'double' changes value from 18446744073709551615 to 18446744073709551616 [-Wimplicit-const-int-float-conversion]
#72 1169.4 {"channel_layout", NULL, OFFSET(channel_layout), AV_OPT_TYPE_CHANNEL_LAYOUT, {.i64 = DEFAULT }, 0, UINT64_MAX, A|E|D, "channel_layout"},
#72 1169.4 ~                                                                                                  ^~~~~~~~~~
#72 1169.4 /emsdk/upstream/emscripten/cache/sysroot/include/stdint.h:51:21: note: expanded from macro 'UINT64_MAX'
#72 1169.4 #define UINT64_MAX (0xffffffffffffffffu)
#72 1169.4                     ^~~~~~~~~~~~~~~~~~~
#72 1169.4 In file included from libavcodec/options.c:38:
#72 1169.4 libavcodec/options_table.h:48:110: warning: implicit conversion from 'long long' to 'double' changes value from 9223372036854775807 to 9223372036854775808 [-Wimplicit-const-int-float-conversion]
#72 1169.4 {"b", "set bitrate (in bits/s)", OFFSET(bit_rate), AV_OPT_TYPE_INT64, {.i64 = AV_CODEC_DEFAULT_BITRATE }, 0, INT64_MAX, A|V|E},
#72 1169.4 ~                                                                                                            ^~~~~~~~~
#72 1169.4 /emsdk/upstream/emscripten/cache/sysroot/include/stdint.h:46:21: note: expanded from macro 'INT64_MAX'
#72 1169.4 #define INT64_MAX  (0x7fffffffffffffff)
#72 1169.4                     ^~~~~~~~~~~~~~~~~~
#72 1169.4 libavcodec/options.c:201:84: warning: implicit conversion from 'long long' to 'double' changes value from 9223372036854775807 to 9223372036854775808 [-Wimplicit-const-int-float-conversion]
#72 1169.4 {"channel_layout", "", FOFFSET(channel_layout), AV_OPT_TYPE_INT64, {.i64 = 0 }, 0, INT64_MAX, 0},
#72 1169.4 ~                                                                                  ^~~~~~~~~
#72 1169.4 /emsdk/upstream/emscripten/cache/sysroot/include/stdint.h:46:21: note: expanded from macro 'INT64_MAX'
#72 1169.4 #define INT64_MAX  (0x7fffffffffffffff)
#72 1169.4                     ^~~~~~~~~~~~~~~~~~
#72 1169.4 libavcodec/options.c:195:81: warning: implicit conversion from 'long long' to 'double' changes value from 9223372036854775807 to 9223372036854775808 [-Wimplicit-const-int-float-conversion]
#72 1169.4 {"pkt_size", "", FOFFSET(pkt_size), AV_OPT_TYPE_INT64, {.i64 = -1 }, INT64_MIN, INT64_MAX, 0},
#72 1169.4 ~                                                                               ^~~~~~~~~
#72 1169.4 /emsdk/upstream/emscripten/cache/sysroot/include/stdint.h:46:21: note: expanded from macro 'INT64_MAX'
#72 1169.4 #define INT64_MAX  (0x7fffffffffffffff)
#72 1169.4                     ^~~~~~~~~~~~~~~~~~
#72 1169.4 libavcodec/options.c:194:79: warning: implicit conversion from 'long long' to 'double' changes value from 9223372036854775807 to 9223372036854775808 [-Wimplicit-const-int-float-conversion]
#72 1169.4 {"pkt_pos", "", FOFFSET(pkt_pos), AV_OPT_TYPE_INT64, {.i64 = -1 }, INT64_MIN, INT64_MAX, 0},
#72 1169.4 ~                                                                             ^~~~~~~~~
#72 1169.4 /emsdk/upstream/emscripten/cache/sysroot/include/stdint.h:46:21: note: expanded from macro 'INT64_MAX'
#72 1169.4 #define INT64_MAX  (0x7fffffffffffffff)
#72 1169.4                     ^~~~~~~~~~~~~~~~~~
#72 1169.4 libavcodec/options.c:193:119: warning: implicit conversion from 'long long' to 'double' changes value from 9223372036854775807 to 9223372036854775808 [-Wimplicit-const-int-float-conversion]
#72 1169.4 {"best_effort_timestamp", "", FOFFSET(best_effort_timestamp), AV_OPT_TYPE_INT64, {.i64 = AV_NOPTS_VALUE }, INT64_MIN, INT64_MAX, 0},
#72 1169.4 ~                                                                                                                     ^~~~~~~~~
#72 1169.4 /emsdk/upstream/emscripten/cache/sysroot/include/stdint.h:46:21: note: expanded from macro 'INT64_MAX'
#72 1169.4 #define INT64_MAX  (0x7fffffffffffffff)
#72 1169.4                     ^~~~~~~~~~~~~~~~~~
#72 1169.8 7 warnings generated.
#72 1169.8 CC	libavcodec/opus_celt.o
#72 1170.4 CC	libavcodec/opus_metadata_bsf.o
#72 1170.9 CC	libavcodec/opus_parser.o
#72 1171.1 CC	libavcodec/opus_pvq.o
#72 1171.9 CC	libavcodec/opus_rc.o
#72 1172.4 CC	libavcodec/opus_silk.o
#72 1172.9 CC	libavcodec/opusdec.o
#72 1173.6 CC	libavcodec/opusdsp.o
#72 1174.0 CC	libavcodec/opusenc.o
#72 1174.4 CC	libavcodec/opusenc_psy.o
#72 1174.4 libavcodec/opusenc.c:743:8: warning: 'channel_layouts' is deprecated [-Wdeprecated-declarations]
#72 1174.4     .p.channel_layouts = (const uint64_t []){ AV_CH_LAYOUT_MONO,
#72 1174.4        ^
#72 1174.4 libavcodec/codec.h:225:5: note: 'channel_layouts' has been explicitly marked deprecated here
#72 1174.4     attribute_deprecated
#72 1174.4     ^
#72 1174.4 ./libavutil/attributes.h:100:49: note: expanded from macro 'attribute_deprecated'
#72 1174.4 #    define attribute_deprecated __attribute__((deprecated))
#72 1174.4                                                 ^
#72 1175.1 1 warning generated.
#72 1175.1 CC	libavcodec/opustab.o
#72 1175.5 CC	libavcodec/pafaudio.o
#72 1175.7 CC	libavcodec/pafvideo.o
#72 1176.4 CC	libavcodec/pamenc.o
#72 1176.7 CC	libavcodec/parser.o
#72 1177.3 CC	libavcodec/parsers.o
#72 1177.6 CC	libavcodec/pcm-bluray.o
#72 1177.9 CC	libavcodec/pcm-blurayenc.o
#72 1178.4 libavcodec/pcm-blurayenc.c:286:8: warning: 'channel_layouts' is deprecated [-Wdeprecated-declarations]
#72 1178.4     .p.channel_layouts = (const uint64_t[]) {
#72 1178.4        ^
#72 1178.4 libavcodec/codec.h:225:5: note: 'channel_layouts' has been explicitly marked deprecated here
#72 1178.4     attribute_deprecated
#72 1178.4     ^
#72 1178.4 ./libavutil/attributes.h:100:49: note: expanded from macro 'attribute_deprecated'
#72 1178.4 #    define attribute_deprecated __attribute__((deprecated))
#72 1178.4                                                 ^
#72 1178.6 CC	libavcodec/pcm-dvd.o
#72 1178.9 1 warning generated.
#72 1178.9 CC	libavcodec/pcm-dvdenc.o
#72 1179.3 libavcodec/pcm-dvdenc.c:61:5: warning: variable 'quant' is used uninitialized whenever switch default is taken [-Wsometimes-uninitialized]
#72 1179.3     default:
#72 1179.3     ^~~~~~~
#72 1179.3 libavcodec/pcm-dvdenc.c:65:41: note: uninitialized use occurs here
#72 1179.3     avctx->bits_per_coded_sample = 16 + quant * 4;
#72 1179.3                                         ^~~~~
#72 1179.4 libavcodec/pcm-dvdenc.c:39:14: note: initialize the variable 'quant' to silence this warning
#72 1179.4     int quant, freq, frame_size;
#72 1179.4              ^
#72 1179.4               = 0
#72 1179.4 libavcodec/pcm-dvdenc.c:188:8: warning: 'channel_layouts' is deprecated [-Wdeprecated-declarations]
#72 1179.4     .p.channel_layouts = (const uint64_t[]) { AV_CH_LAYOUT_MONO,
#72 1179.4        ^
#72 1179.4 libavcodec/codec.h:225:5: note: 'channel_layouts' has been explicitly marked deprecated here
#72 1179.4     attribute_deprecated
#72 1179.4     ^
#72 1179.4 ./libavutil/attributes.h:100:49: note: expanded from macro 'attribute_deprecated'
#72 1179.4 #    define attribute_deprecated __attribute__((deprecated))
#72 1179.4                                                 ^
#72 1179.6 CC	libavcodec/pcm.o
#72 1179.8 2 warnings generated.
#72 1179.8 CC	libavcodec/pcm_rechunk_bsf.o
#72 1180.6 CC	libavcodec/pcx.o
#72 1180.7 CC	libavcodec/pcxenc.o
#72 1181.6 CC	libavcodec/pgs_frame_merge_bsf.o
#72 1181.7 CC	libavcodec/pgssubdec.o
#72 1182.5 CC	libavcodec/pgxdec.o
#72 1182.7 CC	libavcodec/photocd.o
#72 1183.5 CC	libavcodec/pictordec.o
#72 1183.8 CC	libavcodec/pixblockdsp.o
#72 1184.5 CC	libavcodec/pixlet.o
#72 1184.6 CC	libavcodec/png.o
#72 1185.3 CC	libavcodec/png_parser.o
#72 1185.7 CC	libavcodec/pngdec.o
#72 1186.1 CC	libavcodec/pngdsp.o
#72 1186.9 CC	libavcodec/pngenc.o
#72 1187.1 CC	libavcodec/pnm.o
#72 1188.0 CC	libavcodec/pnm_parser.o
#72 1188.0 CC	libavcodec/pnmdec.o
#72 1188.9 CC	libavcodec/pnmenc.o
#72 1189.2 CC	libavcodec/profiles.o
#72 1189.7 CC	libavcodec/prores_metadata_bsf.o
#72 1189.8 CC	libavcodec/proresdata.o
#72 1190.2 CC	libavcodec/proresdec2.o
#72 1190.4 CC	libavcodec/proresdsp.o
#72 1191.2 CC	libavcodec/proresenc_anatoliy.o
#72 1191.4 CC	libavcodec/proresenc_kostya.o
#72 1192.5 CC	libavcodec/prosumer.o
#72 1192.7 CC	libavcodec/psd.o
#72 1193.5 CC	libavcodec/psymodel.o
#72 1193.7 CC	libavcodec/ptx.o
#72 1194.3 CC	libavcodec/qcelpdec.o
#72 1194.5 CC	libavcodec/qdm2.o
#72 1195.5 CC	libavcodec/qdmc.o
#72 1196.1 CC	libavcodec/qdrw.o
#72 1196.7 CC	libavcodec/qoi_parser.o
#72 1197.1 CC	libavcodec/qoidec.o
#72 1197.5 CC	libavcodec/qoienc.o
#72 1198.0 CC	libavcodec/qpeg.o
#72 1198.4 CC	libavcodec/qpeldsp.o
#72 1199.0 CC	libavcodec/qsv_api.o
#72 1199.6 CC	libavcodec/qtrle.o
#72 1200.1 CC	libavcodec/qtrleenc.o
#72 1200.7 CC	libavcodec/r210dec.o
#72 1201.0 CC	libavcodec/r210enc.o
#72 1201.6 CC	libavcodec/ra144.o
#72 1201.8 CC	libavcodec/ra144dec.o
#72 1202.6 CC	libavcodec/ra144enc.o
#72 1202.8 CC	libavcodec/ra288.o
#72 1203.1 libavcodec/ra144enc.c:553:8: warning: 'channel_layouts' is deprecated [-Wdeprecated-declarations]
#72 1203.1     .p.channel_layouts = (const uint64_t[]) { AV_CH_LAYOUT_MONO, 0 },
#72 1203.1        ^
#72 1203.1 libavcodec/codec.h:225:5: note: 'channel_layouts' has been explicitly marked deprecated here
#72 1203.1     attribute_deprecated
#72 1203.1     ^
#72 1203.1 ./libavutil/attributes.h:100:49: note: expanded from macro 'attribute_deprecated'
#72 1203.1 #    define attribute_deprecated __attribute__((deprecated))
#72 1203.1                                                 ^
#72 1203.7 1 warning generated.
#72 1203.7 CC	libavcodec/ralf.o
#72 1203.7 CC	libavcodec/rangecoder.o
#72 1204.6 CC	libavcodec/rasc.o
#72 1204.9 CC	libavcodec/ratecontrol.o
#72 1205.7 CC	libavcodec/raw.o
#72 1206.0 CC	libavcodec/rawdec.o
#72 1206.4 CC	libavcodec/rawenc.o
#72 1207.0 CC	libavcodec/rdft.o
#72 1207.2 CC	libavcodec/realtextdec.o
#72 1207.8 CC	libavcodec/remove_extradata_bsf.o
#72 1208.0 CC	libavcodec/rl.o
#72 1208.7 CC	libavcodec/rl2.o
#72 1208.8 CC	libavcodec/rle.o
#72 1209.6 CC	libavcodec/roqaudioenc.o
#72 1209.6 CC	libavcodec/roqvideo.o
#72 1210.5 CC	libavcodec/roqvideodec.o
#72 1210.5 CC	libavcodec/roqvideoenc.o
#72 1211.4 CC	libavcodec/rpza.o
#72 1212.0 CC	libavcodec/rpzaenc.o
#72 1212.5 CC	libavcodec/rscc.o
#72 1213.2 CC	libavcodec/rtjpeg.o
#72 1213.4 CC	libavcodec/rv10.o
#72 1214.1 CC	libavcodec/rv10enc.o
#72 1214.5 CC	libavcodec/rv20enc.o
#72 1214.9 CC	libavcodec/rv30.o
#72 1215.3 CC	libavcodec/rv30dsp.o
#72 1215.9 CC	libavcodec/rv34.o
#72 1216.2 CC	libavcodec/rv34_parser.o
#72 1217.0 CC	libavcodec/rv34dsp.o
#72 1217.4 CC	libavcodec/rv40.o
#72 1217.8 CC	libavcodec/rv40dsp.o
#72 1218.4 CC	libavcodec/s302m.o
#72 1218.8 CC	libavcodec/s302menc.o
#72 1219.3 CC	libavcodec/samidec.o
#72 1219.8 CC	libavcodec/sanm.o
#72 1220.2 CC	libavcodec/sbc.o
#72 1221.0 CC	libavcodec/sbc_parser.o
#72 1221.2 CC	libavcodec/sbcdec.o
#72 1221.6 libavcodec/sbcdec.c:379:8: warning: 'channel_layouts' is deprecated [-Wdeprecated-declarations]
#72 1221.6     .p.channel_layouts     = (const uint64_t[]) { AV_CH_LAYOUT_MONO,
#72 1221.6        ^
#72 1221.6 libavcodec/codec.h:225:5: note: 'channel_layouts' has been explicitly marked deprecated here
#72 1221.6     attribute_deprecated
#72 1221.6     ^
#72 1221.6 ./libavutil/attributes.h:100:49: note: expanded from macro 'attribute_deprecated'
#72 1221.6 #    define attribute_deprecated __attribute__((deprecated))
#72 1221.6                                                 ^
#72 1221.8 CC	libavcodec/sbcdec_data.o
#72 1222.2 1 warning generated.
#72 1222.3 CC	libavcodec/sbcdsp.o
#72 1222.3 CC	libavcodec/sbcdsp_data.o
#72 1222.8 CC	libavcodec/sbcenc.o
#72 1223.3 libavcodec/sbcenc.c:357:8: warning: 'channel_layouts' is deprecated [-Wdeprecated-declarations]
#72 1223.3     .p.channel_layouts     = (const uint64_t[]) { AV_CH_LAYOUT_MONO,
#72 1223.3        ^
#72 1223.3 libavcodec/codec.h:225:5: note: 'channel_layouts' has been explicitly marked deprecated here
#72 1223.3     attribute_deprecated
#72 1223.3     ^
#72 1223.3 ./libavutil/attributes.h:100:49: note: expanded from macro 'attribute_deprecated'
#72 1223.3 #    define attribute_deprecated __attribute__((deprecated))
#72 1223.3                                                 ^
#72 1223.3 CC	libavcodec/sbrdsp.o
#72 1223.8 1 warning generated.
#72 1223.9 CC	libavcodec/sbrdsp_fixed.o
#72 1224.2 CC	libavcodec/scpr.o
#72 1224.9 CC	libavcodec/screenpresso.o
#72 1225.8 CC	libavcodec/setts_bsf.o
#72 1225.8 CC	libavcodec/sga.o
#72 1226.6 CC	libavcodec/sgidec.o
#72 1226.9 CC	libavcodec/sgienc.o
#72 1227.6 CC	libavcodec/sgirledec.o
#72 1227.9 CC	libavcodec/sheervideo.o
#72 1228.4 CC	libavcodec/shorten.o
#72 1229.5 CC	libavcodec/simple_idct.o
#72 1229.7 CC	libavcodec/sinewin.o
#72 1230.5 CC	libavcodec/sipr.o
#72 1230.7 CC	libavcodec/sipr16k.o
#72 1231.6 CC	libavcodec/sipr_parser.o
#72 1231.6 CC	libavcodec/siren.o
#72 1232.3 CC	libavcodec/smacker.o
#72 1232.8 CC	libavcodec/smc.o
#72 1233.4 CC	libavcodec/smcenc.o
#72 1233.8 CC	libavcodec/snappy.o
#72 1234.6 CC	libavcodec/snow.o
#72 1234.7 CC	libavcodec/snow_dwt.o
#72 1235.8 CC	libavcodec/snowdec.o
#72 1236.0 CC	libavcodec/snowenc.o
#72 1237.2 CC	libavcodec/sonic.o
#72 1238.3 CC	libavcodec/sp5xdec.o
#72 1238.4 CC	libavcodec/speedhq.o
#72 1239.3 CC	libavcodec/speedhqenc.o
#72 1239.5 CC	libavcodec/speexdec.o
#72 1240.3 CC	libavcodec/srtdec.o
#72 1240.9 CC	libavcodec/srtenc.o
#72 1241.1 CC	libavcodec/startcode.o
#72 1241.7 CC	libavcodec/subviewerdec.o
#72 1241.8 CC	libavcodec/sunrast.o
#72 1242.5 CC	libavcodec/sunrastenc.o
#72 1242.8 CC	libavcodec/svq1.o
#72 1243.3 CC	libavcodec/svq1dec.o
#72 1243.5 CC	libavcodec/svq1enc.o
#72 1244.5 CC	libavcodec/svq3.o
#72 1244.7 CC	libavcodec/synth_filter.o
#72 1245.6 CC	libavcodec/tak.o
#72 1245.8 CC	libavcodec/tak_parser.o
#72 1246.5 CC	libavcodec/takdec.o
#72 1246.7 CC	libavcodec/takdsp.o
#72 1247.4 CC	libavcodec/targa.o
#72 1247.6 CC	libavcodec/targa_y216dec.o
#72 1248.5 CC	libavcodec/targaenc.o
#72 1248.5 CC	libavcodec/tdsc.o
#72 1249.4 CC	libavcodec/textdec.o
#72 1249.6 CC	libavcodec/texturedsp.o
#72 1250.1 CC	libavcodec/texturedspenc.o
#72 1250.6 CC	libavcodec/tiertexseqv.o
#72 1251.2 CC	libavcodec/tiff.o
#72 1251.6 CC	libavcodec/tiff_common.o
#72 1252.6 CC	libavcodec/tiffenc.o
#72 1252.7 CC	libavcodec/tmv.o
#72 1253.5 CC	libavcodec/to_upper4.o
#72 1253.6 CC	libavcodec/tpeldsp.o
#72 1254.3 CC	libavcodec/trace_headers_bsf.o
#72 1254.6 CC	libavcodec/truehd_core_bsf.o
#72 1255.0 CC	libavcodec/truemotion1.o
#72 1255.6 CC	libavcodec/truemotion2.o
#72 1256.3 CC	libavcodec/truemotion2rt.o
#72 1256.8 CC	libavcodec/truespeech.o
#72 1257.2 CC	libavcodec/tscc.o
#72 1257.9 CC	libavcodec/tscc2.o
#72 1258.0 CC	libavcodec/tta.o
#72 1258.9 CC	libavcodec/ttadata.o
#72 1259.0 CC	libavcodec/ttadsp.o
#72 1259.6 CC	libavcodec/ttaenc.o
#72 1259.8 CC	libavcodec/ttaencdsp.o
#72 1260.5 CC	libavcodec/ttmlenc.o
#72 1260.5 CC	libavcodec/twinvq.o
#72 1261.3 CC	libavcodec/twinvqdec.o
#72 1261.7 CC	libavcodec/txd.o
#72 1262.5 CC	libavcodec/ulti.o
#72 1262.6 CC	libavcodec/utils.o
#72 1263.5 CC	libavcodec/utvideodec.o
#72 1263.7 CC	libavcodec/utvideodsp.o
#72 1264.4 CC	libavcodec/utvideoenc.o
#72 1264.6 CC	libavcodec/v210dec.o
#72 1265.5 CC	libavcodec/v210enc.o
#72 1265.5 CC	libavcodec/v210x.o
#72 1266.3 CC	libavcodec/v308dec.o
#72 1266.5 CC	libavcodec/v308enc.o
#72 1267.2 CC	libavcodec/v408dec.o
#72 1267.3 CC	libavcodec/v408enc.o
#72 1268.0 CC	libavcodec/v410dec.o
#72 1268.1 CC	libavcodec/v410enc.o
#72 1268.9 CC	libavcodec/vb.o
#72 1268.9 CC	libavcodec/vble.o
#72 1269.9 CC	libavcodec/vbndec.o
#72 1269.9 CC	libavcodec/vbnenc.o
#72 1270.7 CC	libavcodec/vc1.o
#72 1270.7 CC	libavcodec/vc1_block.o
#72 1271.9 CC	libavcodec/vc1_loopfilter.o
#72 1272.7 CC	libavcodec/vc1_mc.o
#72 1273.1 CC	libavcodec/vc1_parser.o
#72 1273.9 CC	libavcodec/vc1_pred.o
#72 1274.0 CC	libavcodec/vc1data.o
#72 1274.5 CC	libavcodec/vc1dec.o
#72 1274.9 CC	libavcodec/vc1dsp.o
#72 1275.7 CC	libavcodec/vc2enc.o
#72 1276.7 CC	libavcodec/vc2enc_dwt.o
#72 1277.2 CC	libavcodec/vcr1.o
#72 1277.7 CC	libavcodec/version.o
#72 1278.0 CC	libavcodec/videodsp.o
#72 1278.3 CC	libavcodec/vima.o
#72 1278.9 CC	libavcodec/vlc.o
#72 1279.2 CC	libavcodec/vmdaudio.o
#72 1279.9 CC	libavcodec/vmdvideo.o
#72 1280.2 CC	libavcodec/vmnc.o
#72 1280.9 CC	libavcodec/vorbis.o
#72 1281.3 CC	libavcodec/vorbis_data.o
#72 1281.8 CC	libavcodec/vorbis_parser.o
#72 1281.9 CC	libavcodec/vorbisdec.o
#72 1282.4 libavcodec/vorbisdec.c:1904:8: warning: 'channel_layouts' is deprecated [-Wdeprecated-declarations]
#72 1282.4     .p.channel_layouts = ff_vorbis_channel_layouts,
#72 1282.4        ^
#72 1282.4 libavcodec/codec.h:225:5: note: 'channel_layouts' has been explicitly marked deprecated here
#72 1282.4     attribute_deprecated
#72 1282.4     ^
#72 1282.4 ./libavutil/attributes.h:100:49: note: expanded from macro 'attribute_deprecated'
#72 1282.4 #    define attribute_deprecated __attribute__((deprecated))
#72 1282.4                                                 ^
#72 1282.8 CC	libavcodec/vorbisdsp.o
#72 1283.3 1 warning generated.
#72 1283.3 CC	libavcodec/vorbisenc.o
#72 1283.4 CC	libavcodec/vp3.o
#72 1284.7 CC	libavcodec/vp3_parser.o
#72 1284.9 CC	libavcodec/vp3dsp.o
#72 1285.4 CC	libavcodec/vp5.o
#72 1285.9 CC	libavcodec/vp56.o
#72 1286.6 CC	libavcodec/vp56data.o
#72 1287.1 CC	libavcodec/vp56dsp.o
#72 1287.2 CC	libavcodec/vp56rac.o
#72 1287.9 CC	libavcodec/vp6.o
#72 1287.9 CC	libavcodec/vp6dsp.o
#72 1288.7 CC	libavcodec/vp8.o
#72 1289.1 CC	libavcodec/vp8_parser.o
#72 1289.2 libavcodec/vp8.c:2373:30: warning: variable 'next_td' set but not used [-Wunused-but-set-variable]
#72 1289.2     VP8ThreadData *prev_td, *next_td, *td = &s->thread_data[threadnr];
#72 1289.2                              ^
#72 1289.2 libavcodec/vp8.c:2586:20: warning: unused variable 'next_td' [-Wunused-variable]
#72 1289.2     VP8ThreadData *next_td = NULL, *prev_td = NULL;
#72 1289.2                    ^
#72 1289.2 libavcodec/vp8.c:2586:37: warning: unused variable 'prev_td' [-Wunused-variable]
#72 1289.2     VP8ThreadData *next_td = NULL, *prev_td = NULL;
#72 1289.2                                     ^
#72 1289.2 libavcodec/vp8.c:109:12: warning: unused function 'vp8_ref_frame' [-Wunused-function]
#72 1289.2 static int vp8_ref_frame(VP8Context *s, VP8Frame *dst, VP8Frame *src)
#72 1289.2            ^
#72 1289.9 CC	libavcodec/vp8dsp.o
#72 1291.2 CC	libavcodec/vp9.o
#72 1291.7 libavcodec/vp9.c:1795:9: warning: unused variable 'ret' [-Wunused-variable]
#72 1291.7     int ret;
#72 1291.7         ^
#72 1292.1 4 warnings generated.
#72 1292.1 CC	libavcodec/vp9_metadata_bsf.o
#72 1292.7 1 warning generated.
#72 1292.7 CC	libavcodec/vp9_parser.o
#72 1292.9 CC	libavcodec/vp9_raw_reorder_bsf.o
#72 1293.5 CC	libavcodec/vp9_superframe_bsf.o
#72 1293.9 CC	libavcodec/vp9_superframe_split_bsf.o
#72 1294.5 CC	libavcodec/vp9block.o
#72 1294.8 CC	libavcodec/vp9data.o
#72 1295.3 CC	libavcodec/vp9dsp.o
#72 1295.9 CC	libavcodec/vp9dsp_10bpp.o
#72 1296.2 CC	libavcodec/vp9dsp_12bpp.o
#72 1298.2 CC	libavcodec/vp9dsp_8bpp.o
#72 1298.4 CC	libavcodec/vp9lpf.o
#72 1299.2 CC	libavcodec/vp9mvs.o
#72 1300.3 CC	libavcodec/vp9prob.o
#72 1300.9 CC	libavcodec/vp9recon.o
#72 1301.3 CC	libavcodec/vqavideo.o
#72 1302.4 CC	libavcodec/wavpack.o
#72 1302.9 CC	libavcodec/wavpackdata.o
#72 1303.4 CC	libavcodec/wavpackenc.o
#72 1303.9 CC	libavcodec/wcmv.o
#72 1304.9 CC	libavcodec/webp.o
#72 1305.3 CC	libavcodec/webp_parser.o
#72 1306.2 CC	libavcodec/webvttdec.o
#72 1306.2 CC	libavcodec/webvttenc.o
#72 1307.2 CC	libavcodec/wma.o
#72 1307.2 CC	libavcodec/wma_common.o
#72 1307.9 CC	libavcodec/wma_freqs.o
#72 1308.3 CC	libavcodec/wmadec.o
#72 1308.4 CC	libavcodec/wmaenc.o
#72 1309.7 CC	libavcodec/wmalosslessdec.o
#72 1309.7 CC	libavcodec/wmaprodec.o
#72 1311.1 CC	libavcodec/wmavoice.o
#72 1311.2 CC	libavcodec/wmv2.o
#72 1311.6 libavcodec/wmavoice.c:647:77: warning: implicit conversion from 'int' to 'float' changes value from 1073741823 to 1073741824 [-Wimplicit-const-int-float-conversion]
#72 1311.6         idx = av_clipf((pwr * gain_mul - 0.0295) * 70.570526123, 0, INT_MAX / 2);
#72 1311.6               ~~~~~~~~                                              ~~~~~~~~^~~
#72 1312.0 CC	libavcodec/wmv2data.o
#72 1312.5 CC	libavcodec/wmv2dec.o
#72 1312.6 1 warning generated.
#72 1312.6 CC	libavcodec/wmv2dsp.o
#72 1313.6 CC	libavcodec/wmv2enc.o
#72 1313.7 CC	libavcodec/wnv1.o
#72 1314.8 CC	libavcodec/wrapped_avframe.o
#72 1314.8 CC	libavcodec/ws-snd1.o
#72 1315.7 CC	libavcodec/xan.o
#72 1315.9 CC	libavcodec/xbm_parser.o
#72 1316.9 CC	libavcodec/xbmdec.o
#72 1317.0 CC	libavcodec/xbmenc.o
#72 1318.0 CC	libavcodec/xface.o
#72 1318.0 CC	libavcodec/xfacedec.o
#72 1319.1 CC	libavcodec/xfaceenc.o
#72 1319.1 CC	libavcodec/xiph.o
#72 1320.1 CC	libavcodec/xl.o
#72 1320.2 CC	libavcodec/xma_parser.o
#72 1321.0 CC	libavcodec/xpmdec.o
#72 1321.1 CC	libavcodec/xsubdec.o
#72 1322.2 CC	libavcodec/xsubenc.o
#72 1322.2 CC	libavcodec/xvididct.o
#72 1323.2 CC	libavcodec/xwddec.o
#72 1323.2 CC	libavcodec/xwdenc.o
#72 1324.1 CC	libavcodec/xxan.o
#72 1324.2 CC	libavcodec/y41pdec.o
#72 1325.0 CC	libavcodec/y41penc.o
#72 1325.2 CC	libavcodec/ylc.o
#72 1325.9 CC	libavcodec/yop.o
#72 1326.2 CC	libavcodec/yuv4dec.o
#72 1326.8 CC	libavcodec/yuv4enc.o
#72 1327.1 CC	libavcodec/zerocodec.o
#72 1327.6 CC	libavcodec/zlib_wrapper.o
#72 1328.0 CC	libavcodec/zmbv.o
#72 1328.4 CC	libavcodec/zmbvenc.o
#72 1329.1 GEN	libavcodec/libavcodec.pc
#72 1329.1 CC	libpostproc/postprocess.o
#72 1329.5 CC	libpostproc/version.o
#72 1330.1 GEN	libpostproc/libpostproc.pc
#72 1330.2 CC	libswresample/audioconvert.o
#72 1330.7 CC	libswresample/dither.o
#72 1331.3 CC	libswresample/options.o
#72 1331.7 CC	libswresample/rematrix.o
#72 1331.8 libswresample/options.c:130:144: warning: implicit conversion from 'long long' to 'double' changes value from 9223372036854775807 to 9223372036854775808 [-Wimplicit-const-int-float-conversion]
#72 1331.8                                                         , OFFSET(firstpts_in_samples), AV_OPT_TYPE_INT64 ,{.i64=AV_NOPTS_VALUE    }, INT64_MIN,INT64_MAX, PARAM },
#72 1331.8                                                                                                                                                ^~~~~~~~~
#72 1331.8 /emsdk/upstream/emscripten/cache/sysroot/include/stdint.h:46:21: note: expanded from macro 'INT64_MAX'
#72 1331.8 #define INT64_MAX  (0x7fffffffffffffff)
#72 1331.8                     ^~~~~~~~~~~~~~~~~~
#72 1331.8 libswresample/options.c:70:145: warning: implicit conversion from 'long long' to 'double' changes value from 9223372036854775807 to 9223372036854775808 [-Wimplicit-const-int-float-conversion]
#72 1331.8                                                           OFFSET(user_out_ch_layout), AV_OPT_TYPE_CHANNEL_LAYOUT, {.i64=0         }, INT64_MIN, INT64_MAX, PARAM|DEPREC, "channel_layout"},
#72 1331.8                                                                                                                                                 ^~~~~~~~~
#72 1331.8 /emsdk/upstream/emscripten/cache/sysroot/include/stdint.h:46:21: note: expanded from macro 'INT64_MAX'
#72 1331.8 #define INT64_MAX  (0x7fffffffffffffff)
#72 1331.8                     ^~~~~~~~~~~~~~~~~~
#72 1331.8 libswresample/options.c:68:145: warning: implicit conversion from 'long long' to 'double' changes value from 9223372036854775807 to 9223372036854775808 [-Wimplicit-const-int-float-conversion]
#72 1331.8                                                           OFFSET(user_out_ch_layout), AV_OPT_TYPE_CHANNEL_LAYOUT, {.i64=0         }, INT64_MIN, INT64_MAX, PARAM|DEPREC, "channel_layout"},
#72 1331.8                                                                                                                                                 ^~~~~~~~~
#72 1331.8 /emsdk/upstream/emscripten/cache/sysroot/include/stdint.h:46:21: note: expanded from macro 'INT64_MAX'
#72 1331.8 #define INT64_MAX  (0x7fffffffffffffff)
#72 1331.8                     ^~~~~~~~~~~~~~~~~~
#72 1331.8 libswresample/options.c:66:145: warning: implicit conversion from 'long long' to 'double' changes value from 9223372036854775807 to 9223372036854775808 [-Wimplicit-const-int-float-conversion]
#72 1331.8                                                           OFFSET(user_in_ch_layout), AV_OPT_TYPE_CHANNEL_LAYOUT, {.i64=0          }, INT64_MIN, INT64_MAX, PARAM|DEPREC, "channel_layout"},
#72 1331.8                                                                                                                                                 ^~~~~~~~~
#72 1331.8 /emsdk/upstream/emscripten/cache/sysroot/include/stdint.h:46:21: note: expanded from macro 'INT64_MAX'
#72 1331.8 #define INT64_MAX  (0x7fffffffffffffff)
#72 1331.8                     ^~~~~~~~~~~~~~~~~~
#72 1331.8 libswresample/options.c:64:145: warning: implicit conversion from 'long long' to 'double' changes value from 9223372036854775807 to 9223372036854775808 [-Wimplicit-const-int-float-conversion]
#72 1331.8                                                           OFFSET(user_in_ch_layout), AV_OPT_TYPE_CHANNEL_LAYOUT, {.i64=0          }, INT64_MIN, INT64_MAX, PARAM|DEPREC, "channel_layout"},
#72 1331.8                                                                                                                                                 ^~~~~~~~~
#72 1331.8 /emsdk/upstream/emscripten/cache/sysroot/include/stdint.h:46:21: note: expanded from macro 'INT64_MAX'
#72 1331.8 #define INT64_MAX  (0x7fffffffffffffff)
#72 1331.8                     ^~~~~~~~~~~~~~~~~~
#72 1332.0 5 warnings generated.
#72 1332.1 CC	libswresample/resample.o
#72 1333.1 CC	libswresample/resample_dsp.o
#72 1333.3 CC	libswresample/swresample.o
#72 1334.2 CC	libswresample/swresample_frame.o
#72 1334.5 CC	libswresample/version.o
#72 1335.0 GEN	libswresample/libswresample.pc
#72 1335.1 CC	libswscale/alphablend.o
#72 1335.1 CC	libswscale/gamma.o
#72 1336.0 CC	libswscale/hscale.o
#72 1336.2 CC	libswscale/hscale_fast_bilinear.o
#72 1336.9 CC	libswscale/input.o
#72 1337.0 CC	libswscale/options.o
#72 1337.7 CC	libswscale/output.o
#72 1338.5 CC	libswscale/rgb2rgb.o
#72 1340.1 CC	libswscale/slice.o
#72 1341.2 CC	libswscale/swscale.o
#72 1341.3 CC	libswscale/swscale_unscaled.o
#72 1342.7 CC	libswscale/utils.o
#72 1344.0 CC	libswscale/version.o
#72 1344.2 CC	libswscale/vscale.o
#72 1344.6 CC	libswscale/yuv2rgb.o
#72 1345.1 GEN	libswscale/libswscale.pc
#72 1345.2 CC	libavutil/adler32.o
#72 1345.9 CC	libavutil/aes.o
#72 1346.0 CC	libavutil/aes_ctr.o
#72 1346.9 CC	libavutil/audio_fifo.o
#72 1346.9 CC	libavutil/avsscanf.o
#72 1347.7 CC	libavutil/avstring.o
#72 1348.3 CC	libavutil/base64.o
#72 1348.7 CC	libavutil/blowfish.o
#72 1349.2 CC	libavutil/bprint.o
#72 1349.6 CC	libavutil/buffer.o
#72 1350.2 CC	libavutil/camellia.o
#72 1350.5 CC	libavutil/cast5.o
#72 1351.4 CC	libavutil/channel_layout.o
#72 1351.5 CC	libavutil/color_utils.o
#72 1352.2 CC	libavutil/cpu.o
#72 1352.5 CC	libavutil/crc.o
#72 1352.7 libavutil/cpu.c:114:76: warning: implicit conversion from 'long long' to 'double' changes value from 9223372036854775807 to 9223372036854775808 [-Wimplicit-const-int-float-conversion]
#72 1352.7         { "flags"   , NULL, 0, AV_OPT_TYPE_FLAGS, { .i64 = 0 }, INT64_MIN, INT64_MAX, .unit = "flags" },
#72 1352.7         ~                                                                  ^~~~~~~~~
#72 1352.7 /emsdk/upstream/emscripten/cache/sysroot/include/stdint.h:46:21: note: expanded from macro 'INT64_MAX'
#72 1352.7 #define INT64_MAX  (0x7fffffffffffffff)
#72 1352.7                     ^~~~~~~~~~~~~~~~~~
#72 1352.9 1 warning generated.
#72 1353.0 CC	libavutil/csp.o
#72 1353.5 CC	libavutil/des.o
#72 1353.8 CC	libavutil/detection_bbox.o
#72 1354.4 CC	libavutil/dict.o
#72 1354.5 CC	libavutil/display.o
#72 1355.3 CC	libavutil/dovi_meta.o
#72 1355.3 CC	libavutil/downmix_info.o
#72 1356.0 CC	libavutil/encryption_info.o
#72 1356.0 CC	libavutil/error.o
#72 1356.7 CC	libavutil/eval.o
#72 1356.9 CC	libavutil/fifo.o
#72 1357.2 libavutil/eval.c:237:41: warning: implicit conversion from 'unsigned long long' to 'double' changes value from 18446744073709551615 to 18446744073709551616 [-Wimplicit-const-int-float-conversion]
#72 1357.2             return e->value * (r * (1.0/UINT64_MAX));
#72 1357.2                                        ~^~~~~~~~~~
#72 1357.2 /emsdk/upstream/emscripten/cache/sysroot/include/stdint.h:51:21: note: expanded from macro 'UINT64_MAX'
#72 1357.2 #define UINT64_MAX (0xffffffffffffffffu)
#72 1357.2                     ^~~~~~~~~~~~~~~~~~~
#72 1357.7 1 warning generated.
#72 1357.8 CC	libavutil/file.o
#72 1357.8 CC	libavutil/file_open.o
#72 1358.5 CC	libavutil/film_grain_params.o
#72 1358.7 CC	libavutil/fixed_dsp.o
#72 1359.2 CC	libavutil/float_dsp.o
#72 1359.6 CC	libavutil/frame.o
#72 1360.1 CC	libavutil/hash.o
#72 1360.6 CC	libavutil/hdr_dynamic_metadata.o
#72 1361.0 CC	libavutil/hdr_dynamic_vivid_metadata.o
#72 1361.3 CC	libavutil/hmac.o
#72 1361.7 CC	libavutil/hwcontext.o
#72 1362.2 CC	libavutil/hwcontext_stub.o
#72 1362.7 CC	libavutil/imgutils.o
#72 1362.8 CC	libavutil/integer.o
#72 1363.9 CC	libavutil/intmath.o
#72 1364.0 CC	libavutil/lfg.o
#72 1364.6 CC	libavutil/lls.o
#72 1364.9 CC	libavutil/log.o
#72 1365.5 CC	libavutil/log2_tab.o
#72 1365.8 CC	libavutil/lzo.o
#72 1366.0 CC	libavutil/mastering_display_metadata.o
#72 1366.6 CC	libavutil/mathematics.o
#72 1366.7 CC	libavutil/md5.o
#72 1367.5 CC	libavutil/mem.o
#72 1367.6 CC	libavutil/murmur3.o
#72 1368.4 CC	libavutil/opt.o
#72 1368.5 CC	libavutil/parseutils.o
#72 1369.7 CC	libavutil/pixdesc.o
#72 1369.8 CC	libavutil/pixelutils.o
#72 1370.8 CC	libavutil/random_seed.o
#72 1371.1 CC	libavutil/rational.o
#72 1371.7 CC	libavutil/rc4.o
#72 1372.0 CC	libavutil/reverse.o
#72 1372.4 CC	libavutil/ripemd.o
#72 1372.5 CC	libavutil/samplefmt.o
#72 1373.4 CC	libavutil/sha.o
#72 1373.6 CC	libavutil/sha512.o
#72 1374.6 CC	libavutil/slicethread.o
#72 1374.8 CC	libavutil/spherical.o
#72 1375.3 CC	libavutil/stereo3d.o
#72 1375.6 CC	libavutil/tea.o
#72 1376.0 CC	libavutil/threadmessage.o
#72 1376.5 CC	libavutil/time.o
#72 1376.6 CC	libavutil/timecode.o
#72 1377.2 CC	libavutil/tree.o
#72 1377.6 CC	libavutil/twofish.o
#72 1378.1 CC	libavutil/tx.o
#72 1378.6 CC	libavutil/tx_double.o
#72 1379.2 CC	libavutil/tx_float.o
#72 1379.9 CC	libavutil/tx_int32.o
#72 1380.5 CC	libavutil/utils.o
#72 1381.2 CC	libavutil/uuid.o
#72 1381.3 CC	libavutil/version.o
#72 1382.0 CC	libavutil/video_enc_params.o
#72 1382.1 CC	libavutil/xga_font_data.o
#72 1382.6 CC	libavutil/xtea.o
#72 1382.7 GEN	libavutil/libavutil.pc
#72 1382.8 AR	libavdevice/libavdevice.a
#72 1383.1 AR	libavfilter/libavfilter.a
#72 1383.5 AR	libavformat/libavformat.a
#72 1383.5 AR	libavcodec/libavcodec.a
#72 1383.9 AR	libpostproc/libpostproc.a
#72 1383.9 AR	libswresample/libswresample.a
#72 1384.2 AR	libswscale/libswscale.a
#72 1384.2 AR	libavutil/libavutil.a
#72 DONE 1384.7s

#73 [ffmpeg-wasm-builder 1/5] COPY src/bind /src/src/bind
#73 DONE 0.1s

#74 [ffmpeg-wasm-builder 2/5] COPY src/fftools /src/src/fftools
#74 DONE 0.1s

#75 [ffmpeg-wasm-builder 3/5] COPY build/ffmpeg-wasm.sh build.sh
#75 DONE 0.1s

#76 [ffmpeg-wasm-builder 4/5] RUN mkdir -p /src/dist/umd && bash -x /src/build.sh       -lx264       -lx265       -lvpx       -lmp3lame       -logg       -ltheora       -lvorbis       -lvorbisenc       -lvorbisfile       -lopus       -lz       -lwebpmux       -lwebp       -lsharpyuv       -lfreetype       -lfribidi       -lharfbuzz       -lass       -lzimg       -o dist/umd/ffmpeg-core.js
#76 0.144 + set -euo pipefail
#76 0.145 + EXPORT_NAME=createFFmpegCore
#76 0.146 + CONF_FLAGS=(-I. -I./src/fftools -I$INSTALL_DIR/include -L$INSTALL_DIR/lib -Llibavcodec -Llibavdevice -Llibavfilter -Llibavformat -Llibavutil -Llibpostproc -Llibswresample -Llibswscale -lavcodec -lavdevice -lavfilter -lavformat -lavutil -lpostproc -lswresample -lswscale -Wno-deprecated-declarations $LDFLAGS -sENVIRONMENT=worker -sWASM_BIGINT -sUSE_SDL=2 -sMODULARIZE ${FFMPEG_MT:+ -sINITIAL_MEMORY=1024MB} ${FFMPEG_MT:+ -sPTHREAD_POOL_SIZE=32} ${FFMPEG_ST:+ -sINITIAL_MEMORY=32MB -sALLOW_MEMORY_GROWTH} -sEXPORT_NAME="$EXPORT_NAME" -sEXPORTED_FUNCTIONS=$(node src/bind/ffmpeg/export.js) -sEXPORTED_RUNTIME_METHODS=$(node src/bind/ffmpeg/export-runtime.js) -lworkerfs.js --pre-js src/bind/ffmpeg/bind.js src/fftools/cmdutils.c src/fftools/ffmpeg.c src/fftools/ffmpeg_filter.c src/fftools/ffmpeg_hw.c src/fftools/ffmpeg_mux.c src/fftools/ffmpeg_opt.c src/fftools/opt_common.c src/fftools/ffprobe.c)
#76 0.150 ++ node src/bind/ffmpeg/export.js
#76 0.389 ++ node src/bind/ffmpeg/export-runtime.js
#76 0.557 + emcc -I. -I./src/fftools -I/opt/include -L/opt/lib -Llibavcodec -Llibavdevice -Llibavfilter -Llibavformat -Llibavutil -Llibpostproc -Llibswresample -Llibswscale -lavcodec -lavdevice -lavfilter -lavformat -lavutil -lpostproc -lswresample -lswscale -Wno-deprecated-declarations -L/opt/lib -I/opt/include -O3 -msimd128 -sENVIRONMENT=worker -sWASM_BIGINT -sUSE_SDL=2 -sMODULARIZE -sINITIAL_MEMORY=32MB -sALLOW_MEMORY_GROWTH -sEXPORT_NAME=createFFmpegCore -sEXPORTED_FUNCTIONS=_ffmpeg,_abort,_malloc,_ffprobe -sEXPORTED_RUNTIME_METHODS=FS,setValue,getValue,UTF8ToString,lengthBytesUTF8,stringToUTF8 -lworkerfs.js --pre-js src/bind/ffmpeg/bind.js src/fftools/cmdutils.c src/fftools/ffmpeg.c src/fftools/ffmpeg_filter.c src/fftools/ffmpeg_hw.c src/fftools/ffmpeg_mux.c src/fftools/ffmpeg_opt.c src/fftools/opt_common.c src/fftools/ffprobe.c -lx264 -lx265 -lvpx -lmp3lame -logg -ltheora -lvorbis -lvorbisenc -lvorbisfile -lopus -lz -lwebpmux -lwebp -lsharpyuv -lfreetype -lfribidi -lharfbuzz -lass -lzimg -o dist/umd/ffmpeg-core.js
#76 1.030 src/fftools/cmdutils.c:189:18: warning: using the result of an assignment as a condition without parentheses [-Wparentheses]
#76 1.032     while (child = av_opt_child_class_iterate(class, &iter))
#76 1.032            ~~~~~~^~~~~~~~~~~~~~~~~~~~~~~~~~~~~~~~~~~~~~~~~~
#76 1.034 src/fftools/cmdutils.c:189:18: note: place parentheses around the assignment to silence this warning
#76 1.034     while (child = av_opt_child_class_iterate(class, &iter))
#76 1.034                  ^
#76 1.034            (                                               )
#76 1.034 src/fftools/cmdutils.c:189:18: note: use '==' to turn this assignment into an equality comparison
#76 1.034     while (child = av_opt_child_class_iterate(class, &iter))
#76 1.034                  ^
#76 1.034                  ==
#76 1.040 src/fftools/cmdutils.c:301:79: warning: implicit conversion from 'long long' to 'double' changes value from 9223372036854775807 to 9223372036854775808 [-Wimplicit-const-int-float-conversion]
#76 1.040         *(int64_t *)dst = parse_number_or_die(opt, arg, OPT_INT64, INT64_MIN, INT64_MAX);
#76 1.040                           ~~~~~~~~~~~~~~~~~~~                                 ^~~~~~~~~
#76 1.040 /emsdk/upstream/emscripten/cache/sysroot/include/stdint.h:46:21: note: expanded from macro 'INT64_MAX'
#76 1.040 #define INT64_MAX  (0x7fffffffffffffff)
#76 1.040                     ^~~~~~~~~~~~~~~~~~
#76 1.046 src/fftools/cmdutils.c:456:12: warning: assigning to 'const unsigned char *' from 'const char *' converts between pointers to integer types where one is of the unique plain 'char' type and the other is not [-Wpointer-sign]
#76 1.048     for (p = a; *p; p++)
#76 1.048            ^ ~
#76 1.048 src/fftools/cmdutils.c:465:12: warning: assigning to 'const unsigned char *' from 'const char *' converts between pointers to integer types where one is of the unique plain 'char' type and the other is not [-Wpointer-sign]
#76 1.048     for (p = a; *p; p++) {
#76 1.048            ^ ~
#76 1.056 src/fftools/cmdutils.c:925:13: warning: 4 enumeration values not handled in switch: 'AVMEDIA_TYPE_UNKNOWN', 'AVMEDIA_TYPE_DATA', 'AVMEDIA_TYPE_ATTACHMENT'... [-Wswitch]
#76 1.056     switch (st->codecpar->codec_type) {
#76 1.056             ^~~~~~~~~~~~~~~~~~~~~~~~
#76 1.056 src/fftools/cmdutils.c:940:14: warning: using the result of an assignment as a condition without parentheses [-Wparentheses]
#76 1.056     while (t = av_dict_get(opts, "", t, AV_DICT_IGNORE_SUFFIX)) {
#76 1.056            ~~^~~~~~~~~~~~~~~~~~~~~~~~~~~~~~~~~~~~~~~~~~~~~~~~~
#76 1.056 src/fftools/cmdutils.c:940:14: note: place parentheses around the assignment to silence this warning
#76 1.056     while (t = av_dict_get(opts, "", t, AV_DICT_IGNORE_SUFFIX)) {
#76 1.056              ^
#76 1.056            (                                                  )
#76 1.056 src/fftools/cmdutils.c:940:14: note: use '==' to turn this assignment into an equality comparison
#76 1.056     while (t = av_dict_get(opts, "", t, AV_DICT_IGNORE_SUFFIX)) {
#76 1.056              ^
#76 1.056              ==
#76 1.585 6 warnings generated.
#76 1.826 src/fftools/ffmpeg.c:272:18: warning: assigning to 'int8_t *' (aka 'signed char *') from 'uint8_t *' (aka 'unsigned char *') converts between pointers to integer types with different sign [-Wpointer-sign]
#76 1.827     dst          = frame->data    [0];
#76 1.827                  ^ ~~~~~~~~~~~~~~~~~~
#76 1.827 src/fftools/ffmpeg.c:275:29: warning: passing 'int8_t *' (aka 'signed char *') to parameter of type 'uint8_t *' (aka 'unsigned char *') converts between pointers to integer types with different sign [-Wpointer-sign]
#76 1.827         sub2video_copy_rect(dst, dst_linesize, frame->width, frame->height, sub->rects[i]);
#76 1.827                             ^~~
#76 1.827 src/fftools/ffmpeg.c:192:42: note: passing argument to parameter 'dst' here
#76 1.827 static void sub2video_copy_rect(uint8_t *dst, int dst_linesize, int w, int h,
#76 1.827                                          ^
#76 1.850 src/fftools/ffmpeg.c:345:41: warning: macro 'ATOMIC_VAR_INIT' has been marked as deprecated [-Wdeprecated-pragma]
#76 1.850 static atomic_int transcode_init_done = ATOMIC_VAR_INIT(0);
#76 1.850                                         ^
#76 1.850 /emsdk/upstream/lib/clang/17/include/stdatomic.h:61:41: note: macro marked 'deprecated' here
#76 1.850 #pragma clang deprecated(ATOMIC_VAR_INIT)
#76 1.850                                         ^
#76 1.868 src/fftools/ffmpeg.c:1724:35: warning: passing 'char *' to parameter of type 'const unsigned char *' converts between pointers to integer types where one is of the unique plain 'char' type and the other is not [-Wpointer-sign]
#76 1.868         avio_write(progress_avio, buf_script.str,
#76 1.868                                   ^~~~~~~~~~~~~~
#76 1.868 ./libavformat/avio.h:428:54: note: passing argument to parameter 'buf' here
#76 1.868 void avio_write(AVIOContext *s, const unsigned char *buf, int size);
#76 1.868                                                      ^
#76 1.870 src/fftools/ffmpeg.c:1977:13: warning: 5 enumeration values not handled in switch: 'AVMEDIA_TYPE_UNKNOWN', 'AVMEDIA_TYPE_DATA', 'AVMEDIA_TYPE_SUBTITLE'... [-Wswitch]
#76 1.870     switch (ifilter->ist->st->codecpar->codec_type) {
#76 1.870             ^~~~~~~~~~~~~~~~~~~~~~~~~~~~~~~~~~~~~~
#76 1.871 src/fftools/ffmpeg.c:1995:12: warning: using the result of an assignment as a condition without parentheses [-Wparentheses]
#76 1.871     if (sd = av_frame_get_side_data(frame, AV_FRAME_DATA_DISPLAYMATRIX)) {
#76 1.871         ~~~^~~~~~~~~~~~~~~~~~~~~~~~~~~~~~~~~~~~~~~~~~~~~~~~~~~~~~~~~~~~
#76 1.871 src/fftools/ffmpeg.c:1995:12: note: place parentheses around the assignment to silence this warning
#76 1.872     if (sd = av_frame_get_side_data(frame, AV_FRAME_DATA_DISPLAYMATRIX)) {
#76 1.872            ^
#76 1.872         (                                                              )
#76 1.872 src/fftools/ffmpeg.c:1995:12: note: use '==' to turn this assignment into an equality comparison
#76 1.872     if (sd = av_frame_get_side_data(frame, AV_FRAME_DATA_DISPLAYMATRIX)) {
#76 1.872            ^
#76 1.872            ==
#76 1.875 src/fftools/ffmpeg.c:2536:17: warning: 5 enumeration values not handled in switch: 'AVMEDIA_TYPE_UNKNOWN', 'AVMEDIA_TYPE_DATA', 'AVMEDIA_TYPE_SUBTITLE'... [-Wswitch]
#76 1.875         switch (ist->dec_ctx->codec_type) {
#76 1.875                 ^~~~~~~~~~~~~~~~~~~~~~~~
#76 1.877 src/fftools/ffmpeg.c:2819:13: warning: 5 enumeration values not handled in switch: 'AVMEDIA_TYPE_UNKNOWN', 'AVMEDIA_TYPE_DATA', 'AVMEDIA_TYPE_SUBTITLE'... [-Wswitch]
#76 1.877     switch (par_dst->codec_type) {
#76 1.877             ^~~~~~~~~~~~~~~~~~~
#76 1.877 src/fftools/ffmpeg.c:2886:20: warning: passing 'uint8_t *' (aka 'unsigned char *') to parameter of type 'char *' converts between pointers to integer types where one is of the unique plain 'char' type and the other is not [-Wpointer-sign]
#76 1.878         av_strlcpy(encoder_string, LIBAVCODEC_IDENT " ", encoder_string_len);
#76 1.878                    ^~~~~~~~~~~~~~
#76 1.878 ./libavutil/avstring.h:101:25: note: passing argument to parameter 'dst' here
#76 1.878 size_t av_strlcpy(char *dst, const char *src, size_t size);
#76 1.878                         ^
#76 1.878 src/fftools/ffmpeg.c:2888:20: warning: passing 'uint8_t *' (aka 'unsigned char *') to parameter of type 'char *' converts between pointers to integer types where one is of the unique plain 'char' type and the other is not [-Wpointer-sign]
#76 1.878         av_strlcpy(encoder_string, "Lavc ", encoder_string_len);
#76 1.878                    ^~~~~~~~~~~~~~
#76 1.878 ./libavutil/avstring.h:101:25: note: passing argument to parameter 'dst' here
#76 1.878 size_t av_strlcpy(char *dst, const char *src, size_t size);
#76 1.878                         ^
#76 1.878 src/fftools/ffmpeg.c:2889:16: warning: passing 'uint8_t *' (aka 'unsigned char *') to parameter of type 'char *' converts between pointers to integer types where one is of the unique plain 'char' type and the other is not [-Wpointer-sign]
#76 1.878     av_strlcat(encoder_string, ost->enc->name, encoder_string_len);
#76 1.878                ^~~~~~~~~~~~~~
#76 1.878 ./libavutil/avstring.h:119:25: note: passing argument to parameter 'dst' here
#76 1.878 size_t av_strlcat(char *dst, const char *src, size_t size);
#76 1.878                         ^
#76 1.878 src/fftools/ffmpeg.c:2890:49: warning: passing 'uint8_t *' (aka 'unsigned char *') to parameter of type 'const char *' converts between pointers to integer types where one is of the unique plain 'char' type and the other is not [-Wpointer-sign]
#76 1.878     av_dict_set(&ost->st->metadata, "encoder",  encoder_string,
#76 1.878                                                 ^~~~~~~~~~~~~~
#76 1.878 ./libavutil/dict.h:128:65: note: passing argument to parameter 'value' here
#76 1.878 int av_dict_set(AVDictionary **pm, const char *key, const char *value, int flags);
#76 1.878                                                                 ^
#76 1.880 src/fftools/ffmpeg.c:3254:49: warning: passing 'uint32_t *' (aka 'unsigned int *') to parameter of type 'int32_t *' (aka 'int *') converts between pointers to integer types with different sign [-Wpointer-sign]
#76 1.880                         av_display_rotation_set((uint32_t *)dst, 0);
#76 1.880                                                 ^~~~~~~~~~~~~~~
#76 1.880 ./libavutil/display.h:97:38: note: passing argument to parameter 'matrix' here
#76 1.880 void av_display_rotation_set(int32_t matrix[9], double angle);
#76 1.880                                      ^
#76 1.886 src/fftools/ffmpeg.c:4586:25: warning: macro 'ATOMIC_VAR_INIT' has been marked as deprecated [-Wdeprecated-pragma]
#76 1.886   transcode_init_done = ATOMIC_VAR_INIT(0);
#76 1.886                         ^
#76 1.886 /emsdk/upstream/lib/clang/17/include/stdatomic.h:61:41: note: macro marked 'deprecated' here
#76 1.886 #pragma clang deprecated(ATOMIC_VAR_INIT)
#76 1.886                                         ^
#76 2.936 14 warnings generated.
#76 3.187 src/fftools/ffmpeg_filter.c:305:21: warning: assigning to 'uint8_t *' (aka 'unsigned char *') from 'char *' converts between pointers to integer types where one is of the unique plain 'char' type and the other is not [-Wpointer-sign]
#76 3.188     ifilter->name   = describe_filter_link(fg, in, 1);
#76 3.188                     ^ ~~~~~~~~~~~~~~~~~~~~~~~~~~~~~~~
#76 3.189 src/fftools/ffmpeg_filter.c:342:26: warning: assigning to 'uint8_t *' (aka 'unsigned char *') from 'char *' converts between pointers to integer types where one is of the unique plain 'char' type and the other is not [-Wpointer-sign]
#76 3.189         ofilter->name    = describe_filter_link(fg, cur, 0);
#76 3.189                          ^ ~~~~~~~~~~~~~~~~~~~~~~~~~~~~~~~~
#76 3.202 src/fftools/ffmpeg_filter.c:894:35: warning: floating-point comparison is always true; constant cannot be represented exactly in type 'float' [-Wliteral-range]
#76 3.203         if (audio_drift_threshold != 0.1)
#76 3.203             ~~~~~~~~~~~~~~~~~~~~~ ^  ~~~
#76 3.785 3 warnings generated.
#76 5.377 src/fftools/ffmpeg_opt.c:353:87: warning: implicit conversion from 'long long' to 'double' changes value from 9223372036854775807 to 9223372036854775808 [-Wimplicit-const-int-float-conversion]
#76 5.379         { "abort_on"           , NULL, 0, AV_OPT_TYPE_FLAGS, { .i64 = 0 }, INT64_MIN, INT64_MAX,           .unit = "flags" },
#76 5.379         ~                                                                             ^~~~~~~~~
#76 5.380 /emsdk/upstream/emscripten/cache/sysroot/include/stdint.h:46:21: note: expanded from macro 'INT64_MAX'
#76 5.380 #define INT64_MAX  (0x7fffffffffffffff)
#76 5.380                     ^~~~~~~~~~~~~~~~~~
#76 5.380 src/fftools/ffmpeg_opt.c:427:14: warning: using the result of an assignment as a condition without parentheses [-Wparentheses]
#76 5.380     if (sync = strchr(map, ',')) {
#76 5.380         ~~~~~^~~~~~~~~~~~~~~~~~
#76 5.381 src/fftools/ffmpeg_opt.c:427:14: note: place parentheses around the assignment to silence this warning
#76 5.381     if (sync = strchr(map, ',')) {
#76 5.381              ^
#76 5.381         (                      )
#76 5.381 src/fftools/ffmpeg_opt.c:427:14: note: use '==' to turn this assignment into an equality comparison
#76 5.382     if (sync = strchr(map, ',')) {
#76 5.382              ^
#76 5.382              ==
#76 5.382 src/fftools/ffmpeg_opt.c:466:26: warning: using the result of an assignment as a condition without parentheses [-Wparentheses]
#76 5.382         if (allow_unused = strchr(map, '?'))
#76 5.382             ~~~~~~~~~~~~~^~~~~~~~~~~~~~~~~~
#76 5.382 src/fftools/ffmpeg_opt.c:466:26: note: place parentheses around the assignment to silence this warning
#76 5.382         if (allow_unused = strchr(map, '?'))
#76 5.382                          ^
#76 5.382             (                              )
#76 5.382 src/fftools/ffmpeg_opt.c:466:26: note: use '==' to turn this assignment into an equality comparison
#76 5.382         if (allow_unused = strchr(map, '?'))
#76 5.382                          ^
#76 5.382                          ==
#76 5.383 src/fftools/ffmpeg_opt.c:592:22: warning: using the result of an assignment as a condition without parentheses [-Wparentheses]
#76 5.383     if (allow_unused = strchr(mapchan, '?'))
#76 5.383         ~~~~~~~~~~~~~^~~~~~~~~~~~~~~~~~~~~~
#76 5.383 src/fftools/ffmpeg_opt.c:592:22: note: place parentheses around the assignment to silence this warning
#76 5.383     if (allow_unused = strchr(mapchan, '?'))
#76 5.383                      ^
#76 5.383         (                                  )
#76 5.384 src/fftools/ffmpeg_opt.c:592:22: note: use '==' to turn this assignment into an equality comparison
#76 5.384     if (allow_unused = strchr(mapchan, '?'))
#76 5.384                      ^
#76 5.384                      ==
#76 5.388 src/fftools/ffmpeg_opt.c:851:5: warning: assigning to 'char *' from 'uint8_t *' (aka 'unsigned char *') converts between pointers to integer types where one is of the unique plain 'char' type and the other is not [-Wpointer-sign]
#76 5.389     MATCH_PER_STREAM_OPT(codec_names, str, codec_name, s, st);
#76 5.389     ^~~~~~~~~~~~~~~~~~~~~~~~~~~~~~~~~~~~~~~~~~~~~~~~~~~~~~~~~
#76 5.389 src/fftools/ffmpeg_opt.c:130:20: note: expanded from macro 'MATCH_PER_STREAM_OPT'
#76 5.389             outvar = o->name[i].u.type;\
#76 5.389                    ^ ~~~~~~~~~~~~~~~~~
#76 5.390 src/fftools/ffmpeg_opt.c:898:9: warning: assigning to 'char *' from 'uint8_t *' (aka 'unsigned char *') converts between pointers to integer types where one is of the unique plain 'char' type and the other is not [-Wpointer-sign]
#76 5.390         MATCH_PER_STREAM_OPT(codec_tags, str, codec_tag, ic, st);
#76 5.390         ^~~~~~~~~~~~~~~~~~~~~~~~~~~~~~~~~~~~~~~~~~~~~~~~~~~~~~~~
#76 5.390 src/fftools/ffmpeg_opt.c:130:20: note: expanded from macro 'MATCH_PER_STREAM_OPT'
#76 5.390             outvar = o->name[i].u.type;\
#76 5.390                    ^ ~~~~~~~~~~~~~~~~~
#76 5.390 src/fftools/ffmpeg_opt.c:912:9: warning: assigning to 'char *' from 'uint8_t *' (aka 'unsigned char *') converts between pointers to integer types where one is of the unique plain 'char' type and the other is not [-Wpointer-sign]
#76 5.390         MATCH_PER_STREAM_OPT(discard, str, discard_str, ic, st);
#76 5.390         ^~~~~~~~~~~~~~~~~~~~~~~~~~~~~~~~~~~~~~~~~~~~~~~~~~~~~~~
#76 5.390 src/fftools/ffmpeg_opt.c:130:20: note: expanded from macro 'MATCH_PER_STREAM_OPT'
#76 5.390             outvar = o->name[i].u.type;\
#76 5.390                    ^ ~~~~~~~~~~~~~~~~~
#76 5.391 src/fftools/ffmpeg_opt.c:961:13: warning: assigning to 'char *' from 'uint8_t *' (aka 'unsigned char *') converts between pointers to integer types where one is of the unique plain 'char' type and the other is not [-Wpointer-sign]
#76 5.391             MATCH_PER_STREAM_OPT(frame_rates, str, framerate, ic, st);
#76 5.391             ^~~~~~~~~~~~~~~~~~~~~~~~~~~~~~~~~~~~~~~~~~~~~~~~~~~~~~~~~
#76 5.391 src/fftools/ffmpeg_opt.c:130:20: note: expanded from macro 'MATCH_PER_STREAM_OPT'
#76 5.391             outvar = o->name[i].u.type;\
#76 5.391                    ^ ~~~~~~~~~~~~~~~~~
#76 5.392 src/fftools/ffmpeg_opt.c:972:13: warning: assigning to 'const char *' from 'uint8_t *' (aka 'unsigned char *') converts between pointers to integer types where one is of the unique plain 'char' type and the other is not [-Wpointer-sign]
#76 5.392             MATCH_PER_STREAM_OPT(hwaccels, str, hwaccel, ic, st);
#76 5.392             ^~~~~~~~~~~~~~~~~~~~~~~~~~~~~~~~~~~~~~~~~~~~~~~~~~~~
#76 5.392 src/fftools/ffmpeg_opt.c:130:20: note: expanded from macro 'MATCH_PER_STREAM_OPT'
#76 5.392             outvar = o->name[i].u.type;\
#76 5.392                    ^ ~~~~~~~~~~~~~~~~~
#76 5.392 src/fftools/ffmpeg_opt.c:973:13: warning: assigning to 'char *' from 'uint8_t *' (aka 'unsigned char *') converts between pointers to integer types where one is of the unique plain 'char' type and the other is not [-Wpointer-sign]
#76 5.392             MATCH_PER_STREAM_OPT(hwaccel_output_formats, str,
#76 5.392             ^~~~~~~~~~~~~~~~~~~~~~~~~~~~~~~~~~~~~~~~~~~~~~~~~
#76 5.392 src/fftools/ffmpeg_opt.c:130:20: note: expanded from macro 'MATCH_PER_STREAM_OPT'
#76 5.392             outvar = o->name[i].u.type;\
#76 5.392                    ^ ~~~~~~~~~~~~~~~~~
#76 5.392 src/fftools/ffmpeg_opt.c:1029:13: warning: assigning to 'char *' from 'uint8_t *' (aka 'unsigned char *') converts between pointers to integer types where one is of the unique plain 'char' type and the other is not [-Wpointer-sign]
#76 5.392             MATCH_PER_STREAM_OPT(hwaccel_devices, str, hwaccel_device, ic, st);
#76 5.392             ^~~~~~~~~~~~~~~~~~~~~~~~~~~~~~~~~~~~~~~~~~~~~~~~~~~~~~~~~~~~~~~~~~
#76 5.392 src/fftools/ffmpeg_opt.c:130:20: note: expanded from macro 'MATCH_PER_STREAM_OPT'
#76 5.392             outvar = o->name[i].u.type;\
#76 5.392                    ^ ~~~~~~~~~~~~~~~~~
#76 5.393 src/fftools/ffmpeg_opt.c:1050:13: warning: assigning to 'char *' from 'uint8_t *' (aka 'unsigned char *') converts between pointers to integer types where one is of the unique plain 'char' type and the other is not [-Wpointer-sign]
#76 5.393             MATCH_PER_STREAM_OPT(canvas_sizes, str, canvas_size, ic, st);
#76 5.393             ^~~~~~~~~~~~~~~~~~~~~~~~~~~~~~~~~~~~~~~~~~~~~~~~~~~~~~~~~~~~
#76 5.393 src/fftools/ffmpeg_opt.c:130:20: note: expanded from macro 'MATCH_PER_STREAM_OPT'
#76 5.393             outvar = o->name[i].u.type;\
#76 5.393                    ^ ~~~~~~~~~~~~~~~~~
#76 5.395 src/fftools/ffmpeg_opt.c:1215:58: warning: passing 'uint8_t *' (aka 'unsigned char *') to parameter of type 'const char *' converts between pointers to integer types where one is of the unique plain 'char' type and the other is not [-Wpointer-sign]
#76 5.395             av_dict_set(&o->g->format_opts, "ch_layout", o->audio_ch_layouts[o->nb_audio_ch_layouts - 1].u.str, 0);
#76 5.395                                                          ^~~~~~~~~~~~~~~~~~~~~~~~~~~~~~~~~~~~~~~~~~~~~~~~~~~~~
#76 5.395 ./libavutil/dict.h:128:65: note: passing argument to parameter 'value' here
#76 5.395 int av_dict_set(AVDictionary **pm, const char *key, const char *value, int flags);
#76 5.395                                                                 ^
#76 5.395 src/fftools/ffmpeg_opt.c:1226:25: warning: passing 'uint8_t *' (aka 'unsigned char *') to parameter of type 'const char *' converts between pointers to integer types where one is of the unique plain 'char' type and the other is not [-Wpointer-sign]
#76 5.395                         o->frame_rates[o->nb_frame_rates - 1].u.str, 0);
#76 5.395                         ^~~~~~~~~~~~~~~~~~~~~~~~~~~~~~~~~~~~~~~~~~~
#76 5.395 ./libavutil/dict.h:128:65: note: passing argument to parameter 'value' here
#76 5.395 int av_dict_set(AVDictionary **pm, const char *key, const char *value, int flags);
#76 5.395                                                                 ^
#76 5.396 src/fftools/ffmpeg_opt.c:1230:55: warning: passing 'uint8_t *' (aka 'unsigned char *') to parameter of type 'const char *' converts between pointers to integer types where one is of the unique plain 'char' type and the other is not [-Wpointer-sign]
#76 5.396         av_dict_set(&o->g->format_opts, "video_size", o->frame_sizes[o->nb_frame_sizes - 1].u.str, 0);
#76 5.396                                                       ^~~~~~~~~~~~~~~~~~~~~~~~~~~~~~~~~~~~~~~~~~~
#76 5.396 ./libavutil/dict.h:128:65: note: passing argument to parameter 'value' here
#76 5.397 int av_dict_set(AVDictionary **pm, const char *key, const char *value, int flags);
#76 5.397                                                                 ^
#76 5.397 src/fftools/ffmpeg_opt.c:1233:57: warning: passing 'uint8_t *' (aka 'unsigned char *') to parameter of type 'const char *' converts between pointers to integer types where one is of the unique plain 'char' type and the other is not [-Wpointer-sign]
#76 5.397         av_dict_set(&o->g->format_opts, "pixel_format", o->frame_pix_fmts[o->nb_frame_pix_fmts - 1].u.str, 0);
#76 5.397                                                         ^~~~~~~~~~~~~~~~~~~~~~~~~~~~~~~~~~~~~~~~~~~~~~~~~
#76 5.397 ./libavutil/dict.h:128:65: note: passing argument to parameter 'value' here
#76 5.397 int av_dict_set(AVDictionary **pm, const char *key, const char *value, int flags);
#76 5.397                                                                 ^
#76 5.397 src/fftools/ffmpeg_opt.c:1235:5: warning: assigning to 'char *' from 'uint8_t *' (aka 'unsigned char *') converts between pointers to integer types where one is of the unique plain 'char' type and the other is not [-Wpointer-sign]
#76 5.397     MATCH_PER_TYPE_OPT(codec_names, str,    video_codec_name, ic, "v");
#76 5.397     ^~~~~~~~~~~~~~~~~~~~~~~~~~~~~~~~~~~~~~~~~~~~~~~~~~~~~~~~~~~~~~~~~~
#76 5.397 src/fftools/ffmpeg_opt.c:146:20: note: expanded from macro 'MATCH_PER_TYPE_OPT'
#76 5.397             outvar = o->name[i].u.type;\
#76 5.397                    ^ ~~~~~~~~~~~~~~~~~
#76 5.397 src/fftools/ffmpeg_opt.c:1236:5: warning: assigning to 'char *' from 'uint8_t *' (aka 'unsigned char *') converts between pointers to integer types where one is of the unique plain 'char' type and the other is not [-Wpointer-sign]
#76 5.397     MATCH_PER_TYPE_OPT(codec_names, str,    audio_codec_name, ic, "a");
#76 5.397     ^~~~~~~~~~~~~~~~~~~~~~~~~~~~~~~~~~~~~~~~~~~~~~~~~~~~~~~~~~~~~~~~~~
#76 5.397 src/fftools/ffmpeg_opt.c:146:20: note: expanded from macro 'MATCH_PER_TYPE_OPT'
#76 5.397             outvar = o->name[i].u.type;\
#76 5.397                    ^ ~~~~~~~~~~~~~~~~~
#76 5.397 src/fftools/ffmpeg_opt.c:1237:5: warning: assigning to 'char *' from 'uint8_t *' (aka 'unsigned char *') converts between pointers to integer types where one is of the unique plain 'char' type and the other is not [-Wpointer-sign]
#76 5.397     MATCH_PER_TYPE_OPT(codec_names, str, subtitle_codec_name, ic, "s");
#76 5.397     ^~~~~~~~~~~~~~~~~~~~~~~~~~~~~~~~~~~~~~~~~~~~~~~~~~~~~~~~~~~~~~~~~~
#76 5.397 src/fftools/ffmpeg_opt.c:146:20: note: expanded from macro 'MATCH_PER_TYPE_OPT'
#76 5.397             outvar = o->name[i].u.type;\
#76 5.397                    ^ ~~~~~~~~~~~~~~~~~
#76 5.397 src/fftools/ffmpeg_opt.c:1238:5: warning: assigning to 'char *' from 'uint8_t *' (aka 'unsigned char *') converts between pointers to integer types where one is of the unique plain 'char' type and the other is not [-Wpointer-sign]
#76 5.397     MATCH_PER_TYPE_OPT(codec_names, str,     data_codec_name, ic, "d");
#76 5.397     ^~~~~~~~~~~~~~~~~~~~~~~~~~~~~~~~~~~~~~~~~~~~~~~~~~~~~~~~~~~~~~~~~~
#76 5.397 src/fftools/ffmpeg_opt.c:146:20: note: expanded from macro 'MATCH_PER_TYPE_OPT'
#76 5.397             outvar = o->name[i].u.type;\
#76 5.397                    ^ ~~~~~~~~~~~~~~~~~
#76 5.397 src/fftools/ffmpeg_opt.c:1433:37: warning: passing 'uint8_t *' (aka 'unsigned char *') to parameter of type 'const char *' converts between pointers to integer types where one is of the unique plain 'char' type and the other is not [-Wpointer-sign]
#76 5.397                 dump_attachment(st, o->dump_attachment[i].u.str);
#76 5.397                                     ^~~~~~~~~~~~~~~~~~~~~~~~~~~
#76 5.397 src/fftools/ffmpeg_opt.c:1116:55: note: passing argument to parameter 'filename' here
#76 5.397 static void dump_attachment(AVStream *st, const char *filename)
#76 5.397                                                       ^
#76 5.398 src/fftools/ffmpeg_opt.c:1492:9: warning: assigning to 'char *' from 'uint8_t *' (aka 'unsigned char *') converts between pointers to integer types where one is of the unique plain 'char' type and the other is not [-Wpointer-sign]
#76 5.398         MATCH_PER_STREAM_OPT(codec_names, str, codec_name, s, ost->st);
#76 5.398         ^~~~~~~~~~~~~~~~~~~~~~~~~~~~~~~~~~~~~~~~~~~~~~~~~~~~~~~~~~~~~~
#76 5.398 src/fftools/ffmpeg_opt.c:130:20: note: expanded from macro 'MATCH_PER_STREAM_OPT'
#76 5.398             outvar = o->name[i].u.type;\
#76 5.398                    ^ ~~~~~~~~~~~~~~~~~
#76 5.399 src/fftools/ffmpeg_opt.c:1581:9: warning: assigning to 'char *' from 'uint8_t *' (aka 'unsigned char *') converts between pointers to integer types where one is of the unique plain 'char' type and the other is not [-Wpointer-sign]
#76 5.399         MATCH_PER_STREAM_OPT(presets, str, preset, oc, st);
#76 5.399         ^~~~~~~~~~~~~~~~~~~~~~~~~~~~~~~~~~~~~~~~~~~~~~~~~~
#76 5.399 src/fftools/ffmpeg_opt.c:130:20: note: expanded from macro 'MATCH_PER_STREAM_OPT'
#76 5.399             outvar = o->name[i].u.type;\
#76 5.399                    ^ ~~~~~~~~~~~~~~~~~
#76 5.399 src/fftools/ffmpeg_opt.c:1616:5: warning: assigning to 'const char *' from 'uint8_t *' (aka 'unsigned char *') converts between pointers to integer types where one is of the unique plain 'char' type and the other is not [-Wpointer-sign]
#76 5.399     MATCH_PER_STREAM_OPT(time_bases, str, time_base, oc, st);
#76 5.399     ^~~~~~~~~~~~~~~~~~~~~~~~~~~~~~~~~~~~~~~~~~~~~~~~~~~~~~~~
#76 5.399 src/fftools/ffmpeg_opt.c:130:20: note: expanded from macro 'MATCH_PER_STREAM_OPT'
#76 5.399             outvar = o->name[i].u.type;\
#76 5.399                    ^ ~~~~~~~~~~~~~~~~~
#76 5.400 src/fftools/ffmpeg_opt.c:1627:5: warning: assigning to 'const char *' from 'uint8_t *' (aka 'unsigned char *') converts between pointers to integer types where one is of the unique plain 'char' type and the other is not [-Wpointer-sign]
#76 5.400     MATCH_PER_STREAM_OPT(enc_time_bases, str, time_base, oc, st);
#76 5.400     ^~~~~~~~~~~~~~~~~~~~~~~~~~~~~~~~~~~~~~~~~~~~~~~~~~~~~~~~~~~~
#76 5.400 src/fftools/ffmpeg_opt.c:130:20: note: expanded from macro 'MATCH_PER_STREAM_OPT'
#76 5.400             outvar = o->name[i].u.type;\
#76 5.400                    ^ ~~~~~~~~~~~~~~~~~
#76 5.400 src/fftools/ffmpeg_opt.c:1651:5: warning: assigning to 'const char *' from 'uint8_t *' (aka 'unsigned char *') converts between pointers to integer types where one is of the unique plain 'char' type and the other is not [-Wpointer-sign]
#76 5.400     MATCH_PER_STREAM_OPT(bitstream_filters, str, bsfs, oc, st);
#76 5.400     ^~~~~~~~~~~~~~~~~~~~~~~~~~~~~~~~~~~~~~~~~~~~~~~~~~~~~~~~~~
#76 5.400 src/fftools/ffmpeg_opt.c:130:20: note: expanded from macro 'MATCH_PER_STREAM_OPT'
#76 5.400             outvar = o->name[i].u.type;\
#76 5.400                    ^ ~~~~~~~~~~~~~~~~~
#76 5.400 src/fftools/ffmpeg_opt.c:1660:5: warning: assigning to 'char *' from 'uint8_t *' (aka 'unsigned char *') converts between pointers to integer types where one is of the unique plain 'char' type and the other is not [-Wpointer-sign]
#76 5.401     MATCH_PER_STREAM_OPT(codec_tags, str, codec_tag, oc, st);
#76 5.401     ^~~~~~~~~~~~~~~~~~~~~~~~~~~~~~~~~~~~~~~~~~~~~~~~~~~~~~~~
#76 5.401 src/fftools/ffmpeg_opt.c:130:20: note: expanded from macro 'MATCH_PER_STREAM_OPT'
#76 5.401             outvar = o->name[i].u.type;\
#76 5.401                    ^ ~~~~~~~~~~~~~~~~~
#76 5.401 src/fftools/ffmpeg_opt.c:1675:5: warning: assigning to 'char *' from 'uint8_t *' (aka 'unsigned char *') converts between pointers to integer types where one is of the unique plain 'char' type and the other is not [-Wpointer-sign]
#76 5.401     MATCH_PER_STREAM_OPT(disposition, str, ost->disposition, oc, st);
#76 5.401     ^~~~~~~~~~~~~~~~~~~~~~~~~~~~~~~~~~~~~~~~~~~~~~~~~~~~~~~~~~~~~~~~
#76 5.401 src/fftools/ffmpeg_opt.c:130:20: note: expanded from macro 'MATCH_PER_STREAM_OPT'
#76 5.401             outvar = o->name[i].u.type;\
#76 5.401                    ^ ~~~~~~~~~~~~~~~~~
#76 5.403 src/fftools/ffmpeg_opt.c:1804:5: warning: assigning to 'char *' from 'uint8_t *' (aka 'unsigned char *') converts between pointers to integer types where one is of the unique plain 'char' type and the other is not [-Wpointer-sign]
#76 5.403     MATCH_PER_STREAM_OPT(frame_rates, str, frame_rate, oc, st);
#76 5.403     ^~~~~~~~~~~~~~~~~~~~~~~~~~~~~~~~~~~~~~~~~~~~~~~~~~~~~~~~~~
#76 5.403 src/fftools/ffmpeg_opt.c:130:20: note: expanded from macro 'MATCH_PER_STREAM_OPT'
#76 5.403             outvar = o->name[i].u.type;\
#76 5.403                    ^ ~~~~~~~~~~~~~~~~~
#76 5.403 src/fftools/ffmpeg_opt.c:1810:5: warning: assigning to 'char *' from 'uint8_t *' (aka 'unsigned char *') converts between pointers to integer types where one is of the unique plain 'char' type and the other is not [-Wpointer-sign]
#76 5.403     MATCH_PER_STREAM_OPT(max_frame_rates, str, max_frame_rate, oc, st);
#76 5.403     ^~~~~~~~~~~~~~~~~~~~~~~~~~~~~~~~~~~~~~~~~~~~~~~~~~~~~~~~~~~~~~~~~~
#76 5.403 src/fftools/ffmpeg_opt.c:130:20: note: expanded from macro 'MATCH_PER_STREAM_OPT'
#76 5.403             outvar = o->name[i].u.type;\
#76 5.403                    ^ ~~~~~~~~~~~~~~~~~
#76 5.403 src/fftools/ffmpeg_opt.c:1825:5: warning: assigning to 'char *' from 'uint8_t *' (aka 'unsigned char *') converts between pointers to integer types where one is of the unique plain 'char' type and the other is not [-Wpointer-sign]
#76 5.403     MATCH_PER_STREAM_OPT(frame_aspect_ratios, str, frame_aspect_ratio, oc, st);
#76 5.403     ^~~~~~~~~~~~~~~~~~~~~~~~~~~~~~~~~~~~~~~~~~~~~~~~~~~~~~~~~~~~~~~~~~~~~~~~~~
#76 5.404 src/fftools/ffmpeg_opt.c:130:20: note: expanded from macro 'MATCH_PER_STREAM_OPT'
#76 5.404             outvar = o->name[i].u.type;\
#76 5.404                    ^ ~~~~~~~~~~~~~~~~~
#76 5.404 src/fftools/ffmpeg_opt.c:1836:5: warning: assigning to 'char *' from 'uint8_t *' (aka 'unsigned char *') converts between pointers to integer types where one is of the unique plain 'char' type and the other is not [-Wpointer-sign]
#76 5.404     MATCH_PER_STREAM_OPT(filter_scripts, str, ost->filters_script, oc, st);
#76 5.404     ^~~~~~~~~~~~~~~~~~~~~~~~~~~~~~~~~~~~~~~~~~~~~~~~~~~~~~~~~~~~~~~~~~~~~~
#76 5.404 src/fftools/ffmpeg_opt.c:130:20: note: expanded from macro 'MATCH_PER_STREAM_OPT'
#76 5.404             outvar = o->name[i].u.type;\
#76 5.404                    ^ ~~~~~~~~~~~~~~~~~
#76 5.404 src/fftools/ffmpeg_opt.c:1837:5: warning: assigning to 'char *' from 'uint8_t *' (aka 'unsigned char *') converts between pointers to integer types where one is of the unique plain 'char' type and the other is not [-Wpointer-sign]
#76 5.404     MATCH_PER_STREAM_OPT(filters,        str, ost->filters,        oc, st);
#76 5.404     ^~~~~~~~~~~~~~~~~~~~~~~~~~~~~~~~~~~~~~~~~~~~~~~~~~~~~~~~~~~~~~~~~~~~~~
#76 5.404 src/fftools/ffmpeg_opt.c:130:20: note: expanded from macro 'MATCH_PER_STREAM_OPT'
#76 5.404             outvar = o->name[i].u.type;\
#76 5.404                    ^ ~~~~~~~~~~~~~~~~~
#76 5.404 src/fftools/ffmpeg_opt.c:1848:9: warning: assigning to 'char *' from 'uint8_t *' (aka 'unsigned char *') converts between pointers to integer types where one is of the unique plain 'char' type and the other is not [-Wpointer-sign]
#76 5.404         MATCH_PER_STREAM_OPT(frame_sizes, str, frame_size, oc, st);
#76 5.404         ^~~~~~~~~~~~~~~~~~~~~~~~~~~~~~~~~~~~~~~~~~~~~~~~~~~~~~~~~~
#76 5.404 src/fftools/ffmpeg_opt.c:130:20: note: expanded from macro 'MATCH_PER_STREAM_OPT'
#76 5.404             outvar = o->name[i].u.type;\
#76 5.404                    ^ ~~~~~~~~~~~~~~~~~
#76 5.405 src/fftools/ffmpeg_opt.c:1854:9: warning: assigning to 'char *' from 'uint8_t *' (aka 'unsigned char *') converts between pointers to integer types where one is of the unique plain 'char' type and the other is not [-Wpointer-sign]
#76 5.405         MATCH_PER_STREAM_OPT(frame_pix_fmts, str, frame_pix_fmt, oc, st);
#76 5.405         ^~~~~~~~~~~~~~~~~~~~~~~~~~~~~~~~~~~~~~~~~~~~~~~~~~~~~~~~~~~~~~~~
#76 5.405 src/fftools/ffmpeg_opt.c:130:20: note: expanded from macro 'MATCH_PER_STREAM_OPT'
#76 5.405             outvar = o->name[i].u.type;\
#76 5.405                    ^ ~~~~~~~~~~~~~~~~~
#76 5.407 src/fftools/ffmpeg_opt.c:1866:9: warning: assigning to 'char *' from 'uint8_t *' (aka 'unsigned char *') converts between pointers to integer types where one is of the unique plain 'char' type and the other is not [-Wpointer-sign]
#76 5.407         MATCH_PER_STREAM_OPT(intra_matrices, str, intra_matrix, oc, st);
#76 5.407         ^~~~~~~~~~~~~~~~~~~~~~~~~~~~~~~~~~~~~~~~~~~~~~~~~~~~~~~~~~~~~~~
#76 5.407 src/fftools/ffmpeg_opt.c:130:20: note: expanded from macro 'MATCH_PER_STREAM_OPT'
#76 5.407             outvar = o->name[i].u.type;\
#76 5.407                    ^ ~~~~~~~~~~~~~~~~~
#76 5.407 src/fftools/ffmpeg_opt.c:1874:9: warning: assigning to 'char *' from 'uint8_t *' (aka 'unsigned char *') converts between pointers to integer types where one is of the unique plain 'char' type and the other is not [-Wpointer-sign]
#76 5.407         MATCH_PER_STREAM_OPT(chroma_intra_matrices, str, chroma_intra_matrix, oc, st);
#76 5.407         ^~~~~~~~~~~~~~~~~~~~~~~~~~~~~~~~~~~~~~~~~~~~~~~~~~~~~~~~~~~~~~~~~~~~~~~~~~~~~
#76 5.407 src/fftools/ffmpeg_opt.c:130:20: note: expanded from macro 'MATCH_PER_STREAM_OPT'
#76 5.407             outvar = o->name[i].u.type;\
#76 5.407                    ^ ~~~~~~~~~~~~~~~~~
#76 5.407 src/fftools/ffmpeg_opt.c:1884:9: warning: assigning to 'char *' from 'uint8_t *' (aka 'unsigned char *') converts between pointers to integer types where one is of the unique plain 'char' type and the other is not [-Wpointer-sign]
#76 5.407         MATCH_PER_STREAM_OPT(inter_matrices, str, inter_matrix, oc, st);
#76 5.407         ^~~~~~~~~~~~~~~~~~~~~~~~~~~~~~~~~~~~~~~~~~~~~~~~~~~~~~~~~~~~~~~
#76 5.407 src/fftools/ffmpeg_opt.c:130:20: note: expanded from macro 'MATCH_PER_STREAM_OPT'
#76 5.407             outvar = o->name[i].u.type;\
#76 5.407                    ^ ~~~~~~~~~~~~~~~~~
#76 5.407 src/fftools/ffmpeg_opt.c:1893:9: warning: assigning to 'const char *' from 'uint8_t *' (aka 'unsigned char *') converts between pointers to integer types where one is of the unique plain 'char' type and the other is not [-Wpointer-sign]
#76 5.407         MATCH_PER_STREAM_OPT(rc_overrides, str, p, oc, st);
#76 5.407         ^~~~~~~~~~~~~~~~~~~~~~~~~~~~~~~~~~~~~~~~~~~~~~~~~~
#76 5.407 src/fftools/ffmpeg_opt.c:130:20: note: expanded from macro 'MATCH_PER_STREAM_OPT'
#76 5.407             outvar = o->name[i].u.type;\
#76 5.407                    ^ ~~~~~~~~~~~~~~~~~
#76 5.407 src/fftools/ffmpeg_opt.c:1939:9: warning: assigning to 'char *' from 'uint8_t *' (aka 'unsigned char *') converts between pointers to integer types where one is of the unique plain 'char' type and the other is not [-Wpointer-sign]
#76 5.407         MATCH_PER_STREAM_OPT(passlogfiles, str, ost->logfile_prefix, oc, st);
#76 5.407         ^~~~~~~~~~~~~~~~~~~~~~~~~~~~~~~~~~~~~~~~~~~~~~~~~~~~~~~~~~~~~~~~~~~~
#76 5.407 src/fftools/ffmpeg_opt.c:130:20: note: expanded from macro 'MATCH_PER_STREAM_OPT'
#76 5.407             outvar = o->name[i].u.type;\
#76 5.407                    ^ ~~~~~~~~~~~~~~~~~
#76 5.407 src/fftools/ffmpeg_opt.c:1978:9: warning: assigning to 'char *' from 'uint8_t *' (aka 'unsigned char *') converts between pointers to integer types where one is of the unique plain 'char' type and the other is not [-Wpointer-sign]
#76 5.407         MATCH_PER_STREAM_OPT(forced_key_frames, str, ost->forced_keyframes, oc, st);
#76 5.407         ^~~~~~~~~~~~~~~~~~~~~~~~~~~~~~~~~~~~~~~~~~~~~~~~~~~~~~~~~~~~~~~~~~~~~~~~~~~
#76 5.407 src/fftools/ffmpeg_opt.c:130:20: note: expanded from macro 'MATCH_PER_STREAM_OPT'
#76 5.407             outvar = o->name[i].u.type;\
#76 5.407                    ^ ~~~~~~~~~~~~~~~~~
#76 5.407 src/fftools/ffmpeg_opt.c:1988:9: warning: assigning to 'const char *' from 'uint8_t *' (aka 'unsigned char *') converts between pointers to integer types where one is of the unique plain 'char' type and the other is not [-Wpointer-sign]
#76 5.407         MATCH_PER_STREAM_OPT(fps_mode, str, ost->fps_mode, oc, st);
#76 5.407         ^~~~~~~~~~~~~~~~~~~~~~~~~~~~~~~~~~~~~~~~~~~~~~~~~~~~~~~~~~
#76 5.407 src/fftools/ffmpeg_opt.c:130:20: note: expanded from macro 'MATCH_PER_STREAM_OPT'
#76 5.407             outvar = o->name[i].u.type;\
#76 5.407                    ^ ~~~~~~~~~~~~~~~~~
#76 5.407 src/fftools/ffmpeg_opt.c:2044:5: warning: assigning to 'char *' from 'uint8_t *' (aka 'unsigned char *') converts between pointers to integer types where one is of the unique plain 'char' type and the other is not [-Wpointer-sign]
#76 5.407     MATCH_PER_STREAM_OPT(filter_scripts, str, ost->filters_script, oc, st);
#76 5.407     ^~~~~~~~~~~~~~~~~~~~~~~~~~~~~~~~~~~~~~~~~~~~~~~~~~~~~~~~~~~~~~~~~~~~~~
#76 5.407 src/fftools/ffmpeg_opt.c:130:20: note: expanded from macro 'MATCH_PER_STREAM_OPT'
#76 5.407             outvar = o->name[i].u.type;\
#76 5.407                    ^ ~~~~~~~~~~~~~~~~~
#76 5.407 src/fftools/ffmpeg_opt.c:2045:5: warning: assigning to 'char *' from 'uint8_t *' (aka 'unsigned char *') converts between pointers to integer types where one is of the unique plain 'char' type and the other is not [-Wpointer-sign]
#76 5.408     MATCH_PER_STREAM_OPT(filters,        str, ost->filters,        oc, st);
#76 5.408     ^~~~~~~~~~~~~~~~~~~~~~~~~~~~~~~~~~~~~~~~~~~~~~~~~~~~~~~~~~~~~~~~~~~~~~
#76 5.408 src/fftools/ffmpeg_opt.c:130:20: note: expanded from macro 'MATCH_PER_STREAM_OPT'
#76 5.408             outvar = o->name[i].u.type;\
#76 5.408                    ^ ~~~~~~~~~~~~~~~~~
#76 5.408 src/fftools/ffmpeg_opt.c:2058:9: warning: assigning to 'char *' from 'uint8_t *' (aka 'unsigned char *') converts between pointers to integer types where one is of the unique plain 'char' type and the other is not [-Wpointer-sign]
#76 5.408         MATCH_PER_STREAM_OPT(audio_ch_layouts, str, layout, oc, st);
#76 5.408         ^~~~~~~~~~~~~~~~~~~~~~~~~~~~~~~~~~~~~~~~~~~~~~~~~~~~~~~~~~~
#76 5.408 src/fftools/ffmpeg_opt.c:130:20: note: expanded from macro 'MATCH_PER_STREAM_OPT'
#76 5.408             outvar = o->name[i].u.type;\
#76 5.408                    ^ ~~~~~~~~~~~~~~~~~
#76 5.409 src/fftools/ffmpeg_opt.c:2079:9: warning: assigning to 'char *' from 'uint8_t *' (aka 'unsigned char *') converts between pointers to integer types where one is of the unique plain 'char' type and the other is not [-Wpointer-sign]
#76 5.409         MATCH_PER_STREAM_OPT(sample_fmts, str, sample_fmt, oc, st);
#76 5.409         ^~~~~~~~~~~~~~~~~~~~~~~~~~~~~~~~~~~~~~~~~~~~~~~~~~~~~~~~~~
#76 5.409 src/fftools/ffmpeg_opt.c:130:20: note: expanded from macro 'MATCH_PER_STREAM_OPT'
#76 5.409             outvar = o->name[i].u.type;\
#76 5.409                    ^ ~~~~~~~~~~~~~~~~~
#76 5.410 src/fftools/ffmpeg_opt.c:2088:9: warning: assigning to 'char *' from 'uint8_t *' (aka 'unsigned char *') converts between pointers to integer types where one is of the unique plain 'char' type and the other is not [-Wpointer-sign]
#76 5.410         MATCH_PER_STREAM_OPT(apad, str, ost->apad, oc, st);
#76 5.410         ^~~~~~~~~~~~~~~~~~~~~~~~~~~~~~~~~~~~~~~~~~~~~~~~~~
#76 5.410 src/fftools/ffmpeg_opt.c:130:20: note: expanded from macro 'MATCH_PER_STREAM_OPT'
#76 5.410             outvar = o->name[i].u.type;\
#76 5.410                    ^ ~~~~~~~~~~~~~~~~~
#76 5.410 src/fftools/ffmpeg_opt.c:2180:9: warning: assigning to 'char *' from 'uint8_t *' (aka 'unsigned char *') converts between pointers to integer types where one is of the unique plain 'char' type and the other is not [-Wpointer-sign]
#76 5.410         MATCH_PER_STREAM_OPT(frame_sizes, str, frame_size, oc, st);
#76 5.410         ^~~~~~~~~~~~~~~~~~~~~~~~~~~~~~~~~~~~~~~~~~~~~~~~~~~~~~~~~~
#76 5.410 src/fftools/ffmpeg_opt.c:130:20: note: expanded from macro 'MATCH_PER_STREAM_OPT'
#76 5.411             outvar = o->name[i].u.type;\
#76 5.411                    ^ ~~~~~~~~~~~~~~~~~
#76 5.412 src/fftools/ffmpeg_opt.c:2476:21: warning: 4 enumeration values not handled in switch: 'AVMEDIA_TYPE_UNKNOWN', 'AVMEDIA_TYPE_DATA', 'AVMEDIA_TYPE_ATTACHMENT'... [-Wswitch]
#76 5.412             switch (ofilter->type) {
#76 5.412                     ^~~~~~~~~~~~~
#76 5.413 src/fftools/ffmpeg_opt.c:2560:9: warning: assigning to 'char *' from 'uint8_t *' (aka 'unsigned char *') converts between pointers to integer types where one is of the unique plain 'char' type and the other is not [-Wpointer-sign]
#76 5.413         MATCH_PER_TYPE_OPT(codec_names, str, subtitle_codec_name, oc, "s");
#76 5.413         ^~~~~~~~~~~~~~~~~~~~~~~~~~~~~~~~~~~~~~~~~~~~~~~~~~~~~~~~~~~~~~~~~~
#76 5.413 src/fftools/ffmpeg_opt.c:146:20: note: expanded from macro 'MATCH_PER_TYPE_OPT'
#76 5.413             outvar = o->name[i].u.type;\
#76 5.413                    ^ ~~~~~~~~~~~~~~~~~
#76 5.414 src/fftools/ffmpeg_opt.c:2791:21: warning: 5 enumeration values not handled in switch: 'AVMEDIA_TYPE_UNKNOWN', 'AVMEDIA_TYPE_DATA', 'AVMEDIA_TYPE_SUBTITLE'... [-Wswitch]
#76 5.414             switch (ost->enc_ctx->codec_type) {
#76 5.414                     ^~~~~~~~~~~~~~~~~~~~~~~~
#76 5.414 src/fftools/ffmpeg_opt.c:2859:36: warning: passing 'uint8_t *' (aka 'unsigned char *') to parameter of type 'const char *' converts between pointers to integer types where one is of the unique plain 'char' type and the other is not [-Wpointer-sign]
#76 5.414         int in_file_index = strtol(o->metadata_map[i].u.str, &p, 0);
#76 5.414                                    ^~~~~~~~~~~~~~~~~~~~~~~~
#76 5.415 /emsdk/upstream/emscripten/cache/sysroot/include/stdlib.h:32:36: note: passing argument to parameter here
#76 5.415 long strtol (const char *__restrict, char **__restrict, int);
#76 5.415                                    ^
#76 5.415 src/fftools/ffmpeg_opt.c:2915:21: warning: initializing 'const char *' with an expression of type 'uint8_t *' (aka 'unsigned char *') converts between pointers to integer types where one is of the unique plain 'char' type and the other is not [-Wpointer-sign]
#76 5.415         const char *p = o->program[i].u.str;
#76 5.415                     ^   ~~~~~~~~~~~~~~~~~~~
#76 5.415 src/fftools/ffmpeg_opt.c:2944:11: warning: assigning to 'const char *' from 'uint8_t *' (aka 'unsigned char *') converts between pointers to integer types where one is of the unique plain 'char' type and the other is not [-Wpointer-sign]
#76 5.415         p = o->program[i].u.str;
#76 5.415           ^ ~~~~~~~~~~~~~~~~~~~
#76 5.415 src/fftools/ffmpeg_opt.c:2986:22: warning: passing 'uint8_t *' (aka 'unsigned char *') to parameter of type 'const char *' converts between pointers to integer types where one is of the unique plain 'char' type and the other is not [-Wpointer-sign]
#76 5.415         val = strchr(o->metadata[i].u.str, '=');
#76 5.415                      ^~~~~~~~~~~~~~~~~~~~
#76 5.415 /emsdk/upstream/emscripten/cache/sysroot/include/string.h:45:27: note: passing argument to parameter here
#76 5.415 char *strchr (const char *, int);
#76 5.415                           ^
#76 5.416 src/fftools/ffmpeg_opt.c:2999:33: warning: passing 'uint8_t *' (aka 'unsigned char *') to parameter of type 'const char *' converts between pointers to integer types where one is of the unique plain 'char' type and the other is not [-Wpointer-sign]
#76 5.416                     if (!strcmp(o->metadata[i].u.str, "rotate")) {
#76 5.416                                 ^~~~~~~~~~~~~~~~~~~~
#76 5.416 /emsdk/upstream/emscripten/cache/sysroot/include/string.h:39:25: note: passing argument to parameter here
#76 5.416 int strcmp (const char *, const char *);
#76 5.416                         ^
#76 5.416 src/fftools/ffmpeg_opt.c:3007:64: warning: passing 'uint8_t *' (aka 'unsigned char *') to parameter of type 'const char *' converts between pointers to integer types where one is of the unique plain 'char' type and the other is not [-Wpointer-sign]
#76 5.416                         av_dict_set(&oc->streams[j]->metadata, o->metadata[i].u.str, *val ? val : NULL, 0);
#76 5.416                                                                ^~~~~~~~~~~~~~~~~~~~
#76 5.416 ./libavutil/dict.h:128:48: note: passing argument to parameter 'key' here
#76 5.416 int av_dict_set(AVDictionary **pm, const char *key, const char *value, int flags);
#76 5.416                                                ^
#76 5.416 src/fftools/ffmpeg_opt.c:3036:28: warning: passing 'uint8_t *' (aka 'unsigned char *') to parameter of type 'const char *' converts between pointers to integer types where one is of the unique plain 'char' type and the other is not [-Wpointer-sign]
#76 5.416             av_dict_set(m, o->metadata[i].u.str, *val ? val : NULL, 0);
#76 5.416                            ^~~~~~~~~~~~~~~~~~~~
#76 5.416 ./libavutil/dict.h:128:48: note: passing argument to parameter 'key' here
#76 5.416 int av_dict_set(AVDictionary **pm, const char *key, const char *value, int flags);
#76 5.416                                                ^
#76 5.418 src/fftools/ffmpeg_opt.c:3262:5: warning: assigning to 'const char *' from 'uint8_t *' (aka 'unsigned char *') converts between pointers to integer types where one is of the unique plain 'char' type and the other is not [-Wpointer-sign]
#76 5.418     MATCH_PER_TYPE_OPT(codec_names, str, codec_name, NULL, tmp_line);
#76 5.418     ^~~~~~~~~~~~~~~~~~~~~~~~~~~~~~~~~~~~~~~~~~~~~~~~~~~~~~~~~~~~~~~~
#76 5.418 src/fftools/ffmpeg_opt.c:146:20: note: expanded from macro 'MATCH_PER_TYPE_OPT'
#76 5.418             outvar = o->name[i].u.type;\
#76 5.419                    ^ ~~~~~~~~~~~~~~~~~
#76 5.442 src/fftools/ffmpeg_opt.c:3604:26: warning: passing 'uint8_t[128]' (aka 'unsigned char[128]') to parameter of type 'char *' converts between pointers to integer types where one is of the unique plain 'char' type and the other is not [-Wpointer-sign]
#76 5.443         av_strerror(ret, error, sizeof(error));
#76 5.443                          ^~~~~
#76 5.443 ./libavutil/error.h:99:35: note: passing argument to parameter 'errbuf' here
#76 5.443 int av_strerror(int errnum, char *errbuf, size_t errbuf_size);
#76 5.443                                   ^
#76 6.322 60 warnings generated.
#76 6.573 src/fftools/opt_common.c:950:22: warning: using the result of an assignment as a condition without parentheses [-Wparentheses]
#76 6.575     for (i = 0; name = av_get_known_color_name(i, &rgb); i++)
#76 6.575                 ~~~~~^~~~~~~~~~~~~~~~~~~~~~~~~~~~~~~~~~
#76 6.575 src/fftools/opt_common.c:950:22: note: place parentheses around the assignment to silence this warning
#76 6.576     for (i = 0; name = av_get_known_color_name(i, &rgb); i++)
#76 6.577                      ^
#76 6.577                 (                                      )
#76 6.577 src/fftools/opt_common.c:950:22: note: use '==' to turn this assignment into an equality comparison
#76 6.577     for (i = 0; name = av_get_known_color_name(i, &rgb); i++)
#76 6.577                      ^
#76 6.577                      ==
#76 6.577 src/fftools/opt_common.c:1012:22: warning: using the result of an assignment as a condition without parentheses [-Wparentheses]
#76 6.577     while (ch_layout = av_channel_layout_standard(&iter)) {
#76 6.577            ~~~~~~~~~~^~~~~~~~~~~~~~~~~~~~~~~~~~~~~~~~~~~
#76 6.577 src/fftools/opt_common.c:1012:22: note: place parentheses around the assignment to silence this warning
#76 6.577     while (ch_layout = av_channel_layout_standard(&iter)) {
#76 6.577                      ^
#76 6.577            (                                            )
#76 6.577 src/fftools/opt_common.c:1012:22: note: use '==' to turn this assignment into an equality comparison
#76 6.577     while (ch_layout = av_channel_layout_standard(&iter)) {
#76 6.577                      ^
#76 6.577                      ==
#76 7.123 2 warnings generated.
#76 7.352 src/fftools/ffprobe.c:639:28: warning: passing 'const char *' to parameter of type 'const unsigned char *' converts between pointers to integer types where one is of the unique plain 'char' type and the other is not [-Wpointer-sign]
#76 7.354     avio_write(wctx->avio, str, strlen(str));
#76 7.354                            ^~~
#76 7.354 ./libavformat/avio.h:428:54: note: passing argument to parameter 'buf' here
#76 7.354 void avio_write(AVIOContext *s, const unsigned char *buf, int size);
#76 7.354                                                      ^
#76 7.355 src/fftools/ffprobe.c:724:24: warning: initializing 'const uint8_t *' (aka 'const unsigned char *') with an expression of type 'char *' converts between pointers to integer types where one is of the unique plain 'char' type and the other is not [-Wpointer-sign]
#76 7.356         const uint8_t *p = (*wctx)->string_validation_replacement;
#76 7.356                        ^   ~~~~~~~~~~~~~~~~~~~~~~~~~~~~~~~~~~~~~~
#76 7.356 src/fftools/ffprobe.c:725:42: warning: passing 'const uint8_t *' (aka 'const unsigned char *') to parameter of type 'const char *' converts between pointers to integer types where one is of the unique plain 'char' type and the other is not [-Wpointer-sign]
#76 7.356         const uint8_t *endp = p + strlen(p);
#76 7.356                                          ^
#76 7.356 /emsdk/upstream/emscripten/cache/sysroot/include/string.h:54:28: note: passing argument to parameter here
#76 7.356 size_t strlen (const char *);
#76 7.356                            ^
#76 7.358 src/fftools/ffprobe.c:832:10: warning: assigning to 'const uint8_t *' (aka 'const unsigned char *') from 'const char *' converts between pointers to integer types where one is of the unique plain 'char' type and the other is not [-Wpointer-sign]
#76 7.358     endp = src + strlen(src);
#76 7.358          ^ ~~~~~~~~~~~~~~~~~
#76 7.358 src/fftools/ffprobe.c:838:28: warning: passing 'uint32_t *' (aka 'unsigned int *') to parameter of type 'int32_t *' (aka 'int *') converts between pointers to integer types with different sign [-Wpointer-sign]
#76 7.358         if (av_utf8_decode(&code, &p, endp, wctx->string_validation_utf8_flags) < 0) {
#76 7.358                            ^~~~~
#76 7.358 ./libavutil/avstring.h:417:29: note: passing argument to parameter 'codep' here
#76 7.358 int av_utf8_decode(int32_t *codep, const uint8_t **bufp, const uint8_t *buf_end,
#76 7.358                             ^
#76 7.360 src/fftools/ffprobe.c:865:44: warning: passing 'const uint8_t *' (aka 'const unsigned char *') to parameter of type 'const char *' converts between pointers to integer types where one is of the unique plain 'char' type and the other is not [-Wpointer-sign]
#76 7.360             av_bprint_append_data(&dstbuf, p0, p-p0);
#76 7.360                                            ^~
#76 7.360 ./libavutil/bprint.h:146:55: note: passing argument to parameter 'data' here
#76 7.360 void av_bprint_append_data(AVBPrint *buf, const char *data, unsigned size);
#76 7.360                                                       ^
#76 7.361 src/fftools/ffprobe.c:994:29: warning: passing 'char *' to parameter of type 'uint8_t *' (aka 'unsigned char *') converts between pointers to integer types where one is of the unique plain 'char' type and the other is not [-Wpointer-sign]
#76 7.361     av_hash_final_hex(hash, p, buf + sizeof(buf) - p);
#76 7.361                             ^
#76 7.361 ./libavutil/hash.h:232:60: note: passing argument to parameter 'dst' here
#76 7.361 void av_hash_final_hex(struct AVHashContext *ctx, uint8_t *dst, int size);
#76 7.361                                                            ^
#76 7.365 src/fftools/ffprobe.c:1525:14: warning: using the result of an assignment as a condition without parentheses [-Wparentheses]
#76 7.367     while (c = src[i++]) {
#76 7.367            ~~^~~~~~~~~~
#76 7.367 src/fftools/ffprobe.c:1525:14: note: place parentheses around the assignment to silence this warning
#76 7.367     while (c = src[i++]) {
#76 7.367              ^
#76 7.367            (           )
#76 7.367 src/fftools/ffprobe.c:1525:14: note: use '==' to turn this assignment into an equality comparison
#76 7.367     while (c = src[i++]) {
#76 7.367              ^
#76 7.367              ==
#76 7.369 src/fftools/ffprobe.c:2107:25: warning: enumeration value 'AV_DOVI_NLQ_NONE' not handled in switch [-Wswitch]
#76 7.369                 switch (mapping->nlq_method_idc) {
#76 7.369                         ^~~~~~~~~~~~~~~~~~~~~~~
#76 7.371 src/fftools/ffprobe.c:2632:13: warning: 5 enumeration values not handled in switch: 'AVMEDIA_TYPE_UNKNOWN', 'AVMEDIA_TYPE_DATA', 'AVMEDIA_TYPE_SUBTITLE'... [-Wswitch]
#76 7.371     switch (stream->codecpar->codec_type) {
#76 7.372             ^~~~~~~~~~~~~~~~~~~~~~~~~~~~
#76 7.372 src/fftools/ffprobe.c:2811:13: warning: add explicit braces to avoid dangling else [-Wdangling-else]
#76 7.372             else
#76 7.372             ^
#76 7.375 src/fftools/ffprobe.c:2995:12: warning: using the result of an assignment as a condition without parentheses [-Wparentheses]
#76 7.375     if (cd = avcodec_descriptor_get(par->codec_id)) {
#76 7.375         ~~~^~~~~~~~~~~~~~~~~~~~~~~~~~~~~~~~~~~~~~~
#76 7.375 src/fftools/ffprobe.c:2995:12: note: place parentheses around the assignment to silence this warning
#76 7.375     if (cd = avcodec_descriptor_get(par->codec_id)) {
#76 7.375            ^
#76 7.375         (                                         )
#76 7.375 src/fftools/ffprobe.c:2995:12: note: use '==' to turn this assignment into an equality comparison
#76 7.375     if (cd = avcodec_descriptor_get(par->codec_id)) {
#76 7.375            ^
#76 7.375            ==
#76 7.375 src/fftools/ffprobe.c:3027:13: warning: 4 enumeration values not handled in switch: 'AVMEDIA_TYPE_UNKNOWN', 'AVMEDIA_TYPE_DATA', 'AVMEDIA_TYPE_ATTACHMENT'... [-Wswitch]
#76 7.375     switch (par->codec_type) {
#76 7.375             ^~~~~~~~~~~~~~~
#76 7.376 src/fftools/ffprobe.c:3109:20: warning: using the result of an assignment as a condition without parentheses [-Wparentheses]
#76 7.376         while (opt = av_opt_next(dec_ctx->priv_data,opt)) {
#76 7.376                ~~~~^~~~~~~~~~~~~~~~~~~~~~~~~~~~~~~~~~~~~
#76 7.376 src/fftools/ffprobe.c:3109:20: note: place parentheses around the assignment to silence this warning
#76 7.376         while (opt = av_opt_next(dec_ctx->priv_data,opt)) {
#76 7.376                    ^
#76 7.376                (                                        )
#76 7.376 src/fftools/ffprobe.c:3109:20: note: use '==' to turn this assignment into an equality comparison
#76 7.376         while (opt = av_opt_next(dec_ctx->priv_data,opt)) {
#76 7.376                    ^
#76 7.376                    ==
#76 7.376 src/fftools/ffprobe.c:3113:38: warning: passing 'uint8_t *' (aka 'unsigned char *') to parameter of type 'const char *' converts between pointers to integer types where one is of the unique plain 'char' type and the other is not [-Wpointer-sign]
#76 7.376                 print_str(opt->name, str);
#76 7.376                                      ^~~
#76 7.376 src/fftools/ffprobe.c:1963:59: note: expanded from macro 'print_str'
#76 7.376 #define print_str(k, v)         writer_print_string(w, k, v, 0)
#76 7.376                                                           ^
#76 7.376 src/fftools/ffprobe.c:883:68: note: passing argument to parameter 'val' here
#76 7.376                                       const char *key, const char *val, int flags)
#76 7.376                                                                    ^
#76 7.379 src/fftools/ffprobe.c:3606:20: warning: using the result of an assignment as a condition without parentheses [-Wparentheses]
#76 7.379     while (pixdesc = av_pix_fmt_desc_next(pixdesc)) {
#76 7.379            ~~~~~~~~^~~~~~~~~~~~~~~~~~~~~~~~~~~~~~~
#76 7.380 src/fftools/ffprobe.c:3606:20: note: place parentheses around the assignment to silence this warning
#76 7.380     while (pixdesc = av_pix_fmt_desc_next(pixdesc)) {
#76 7.380                    ^
#76 7.380            (                                      )
#76 7.380 src/fftools/ffprobe.c:3606:20: note: use '==' to turn this assignment into an equality comparison
#76 7.380     while (pixdesc = av_pix_fmt_desc_next(pixdesc)) {
#76 7.380                    ^
#76 7.380                    ==
#76 8.687 16 warnings generated.
#76 8.720 cache:INFO: generating system asset: symbol_lists/83e5441b1412ede0f63e668d6617f9e278987fef.json... (this will be cached in "/emsdk/upstream/emscripten/cache/symbol_lists/83e5441b1412ede0f63e668d6617f9e278987fef.json" for subsequent builds)
#76 9.018 cache:INFO:  - ok
#76 9.286 wasm-ld: warning: function signature mismatch: x265_10bit_cpu_xgetbv
#76 9.286 >>> defined as (i32) -> i64 in /opt/lib/libx265.a(cpu.cpp.o)
#76 9.286 >>> defined as (i32, i32, i32) -> void in /opt/lib/libx265.a(primitives.cpp.o)
#76 9.286 
#76 9.286 wasm-ld: warning: function signature mismatch: x265_cpu_xgetbv
#76 9.286 >>> defined as (i32) -> i64 in /opt/lib/libx265.a(cpu.cpp.o)
#76 9.286 >>> defined as (i32, i32, i32) -> void in /opt/lib/libx265.a(primitives.cpp.o)
#76 9.286 
#76 9.286 wasm-ld: warning: function signature mismatch: x265_12bit_cpu_xgetbv
#76 9.286 >>> defined as (i32) -> i64 in /opt/lib/libx265.a(cpu.cpp.o)
#76 9.286 >>> defined as (i32, i32, i32) -> void in /opt/lib/libx265.a(primitives.cpp.o)
#76 DONE 70.9s

#77 [ffmpeg-wasm-builder 5/5] RUN mkdir -p /src/dist/esm && bash -x /src/build.sh       -lx264       -lx265       -lvpx       -lmp3lame       -logg       -ltheora       -lvorbis       -lvorbisenc       -lvorbisfile       -lopus       -lz       -lwebpmux       -lwebp       -lsharpyuv       -lfreetype       -lfribidi       -lharfbuzz       -lass       -lzimg       -sEXPORT_ES6       -o dist/esm/ffmpeg-core.js
#77 0.097 + set -euo pipefail
#77 0.098 + EXPORT_NAME=createFFmpegCore
#77 0.098 + CONF_FLAGS=(-I. -I./src/fftools -I$INSTALL_DIR/include -L$INSTALL_DIR/lib -Llibavcodec -Llibavdevice -Llibavfilter -Llibavformat -Llibavutil -Llibpostproc -Llibswresample -Llibswscale -lavcodec -lavdevice -lavfilter -lavformat -lavutil -lpostproc -lswresample -lswscale -Wno-deprecated-declarations $LDFLAGS -sENVIRONMENT=worker -sWASM_BIGINT -sUSE_SDL=2 -sMODULARIZE ${FFMPEG_MT:+ -sINITIAL_MEMORY=1024MB} ${FFMPEG_MT:+ -sPTHREAD_POOL_SIZE=32} ${FFMPEG_ST:+ -sINITIAL_MEMORY=32MB -sALLOW_MEMORY_GROWTH} -sEXPORT_NAME="$EXPORT_NAME" -sEXPORTED_FUNCTIONS=$(node src/bind/ffmpeg/export.js) -sEXPORTED_RUNTIME_METHODS=$(node src/bind/ffmpeg/export-runtime.js) -lworkerfs.js --pre-js src/bind/ffmpeg/bind.js src/fftools/cmdutils.c src/fftools/ffmpeg.c src/fftools/ffmpeg_filter.c src/fftools/ffmpeg_hw.c src/fftools/ffmpeg_mux.c src/fftools/ffmpeg_opt.c src/fftools/opt_common.c src/fftools/ffprobe.c)
#77 0.103 ++ node src/bind/ffmpeg/export.js
#77 0.270 ++ node src/bind/ffmpeg/export-runtime.js
#77 0.436 + emcc -I. -I./src/fftools -I/opt/include -L/opt/lib -Llibavcodec -Llibavdevice -Llibavfilter -Llibavformat -Llibavutil -Llibpostproc -Llibswresample -Llibswscale -lavcodec -lavdevice -lavfilter -lavformat -lavutil -lpostproc -lswresample -lswscale -Wno-deprecated-declarations -L/opt/lib -I/opt/include -O3 -msimd128 -sENVIRONMENT=worker -sWASM_BIGINT -sUSE_SDL=2 -sMODULARIZE -sINITIAL_MEMORY=32MB -sALLOW_MEMORY_GROWTH -sEXPORT_NAME=createFFmpegCore -sEXPORTED_FUNCTIONS=_ffmpeg,_abort,_malloc,_ffprobe -sEXPORTED_RUNTIME_METHODS=FS,setValue,getValue,UTF8ToString,lengthBytesUTF8,stringToUTF8 -lworkerfs.js --pre-js src/bind/ffmpeg/bind.js src/fftools/cmdutils.c src/fftools/ffmpeg.c src/fftools/ffmpeg_filter.c src/fftools/ffmpeg_hw.c src/fftools/ffmpeg_mux.c src/fftools/ffmpeg_opt.c src/fftools/opt_common.c src/fftools/ffprobe.c -lx264 -lx265 -lvpx -lmp3lame -logg -ltheora -lvorbis -lvorbisenc -lvorbisfile -lopus -lz -lwebpmux -lwebp -lsharpyuv -lfreetype -lfribidi -lharfbuzz -lass -lzimg -sEXPORT_ES6 -o dist/esm/ffmpeg-core.js
#77 1.124 src/fftools/cmdutils.c:189:18: warning: using the result of an assignment as a condition without parentheses [-Wparentheses]
#77 1.125     while (child = av_opt_child_class_iterate(class, &iter))
#77 1.125            ~~~~~~^~~~~~~~~~~~~~~~~~~~~~~~~~~~~~~~~~~~~~~~~~
#77 1.125 src/fftools/cmdutils.c:189:18: note: place parentheses around the assignment to silence this warning
#77 1.126     while (child = av_opt_child_class_iterate(class, &iter))
#77 1.126                  ^
#77 1.126            (                                               )
#77 1.126 src/fftools/cmdutils.c:189:18: note: use '==' to turn this assignment into an equality comparison
#77 1.126     while (child = av_opt_child_class_iterate(class, &iter))
#77 1.126                  ^
#77 1.126                  ==
#77 1.132 src/fftools/cmdutils.c:301:79: warning: implicit conversion from 'long long' to 'double' changes value from 9223372036854775807 to 9223372036854775808 [-Wimplicit-const-int-float-conversion]
#77 1.132         *(int64_t *)dst = parse_number_or_die(opt, arg, OPT_INT64, INT64_MIN, INT64_MAX);
#77 1.132                           ~~~~~~~~~~~~~~~~~~~                                 ^~~~~~~~~
#77 1.132 /emsdk/upstream/emscripten/cache/sysroot/include/stdint.h:46:21: note: expanded from macro 'INT64_MAX'
#77 1.132 #define INT64_MAX  (0x7fffffffffffffff)
#77 1.132                     ^~~~~~~~~~~~~~~~~~
#77 1.138 src/fftools/cmdutils.c:456:12: warning: assigning to 'const unsigned char *' from 'const char *' converts between pointers to integer types where one is of the unique plain 'char' type and the other is not [-Wpointer-sign]
#77 1.138     for (p = a; *p; p++)
#77 1.138            ^ ~
#77 1.139 src/fftools/cmdutils.c:465:12: warning: assigning to 'const unsigned char *' from 'const char *' converts between pointers to integer types where one is of the unique plain 'char' type and the other is not [-Wpointer-sign]
#77 1.139     for (p = a; *p; p++) {
#77 1.139            ^ ~
#77 1.148 src/fftools/cmdutils.c:925:13: warning: 4 enumeration values not handled in switch: 'AVMEDIA_TYPE_UNKNOWN', 'AVMEDIA_TYPE_DATA', 'AVMEDIA_TYPE_ATTACHMENT'... [-Wswitch]
#77 1.148     switch (st->codecpar->codec_type) {
#77 1.148             ^~~~~~~~~~~~~~~~~~~~~~~~
#77 1.148 src/fftools/cmdutils.c:940:14: warning: using the result of an assignment as a condition without parentheses [-Wparentheses]
#77 1.148     while (t = av_dict_get(opts, "", t, AV_DICT_IGNORE_SUFFIX)) {
#77 1.148            ~~^~~~~~~~~~~~~~~~~~~~~~~~~~~~~~~~~~~~~~~~~~~~~~~~~
#77 1.148 src/fftools/cmdutils.c:940:14: note: place parentheses around the assignment to silence this warning
#77 1.149     while (t = av_dict_get(opts, "", t, AV_DICT_IGNORE_SUFFIX)) {
#77 1.149              ^
#77 1.149            (                                                  )
#77 1.149 src/fftools/cmdutils.c:940:14: note: use '==' to turn this assignment into an equality comparison
#77 1.149     while (t = av_dict_get(opts, "", t, AV_DICT_IGNORE_SUFFIX)) {
#77 1.149              ^
#77 1.149              ==
#77 1.702 6 warnings generated.
#77 1.948 src/fftools/ffmpeg.c:272:18: warning: assigning to 'int8_t *' (aka 'signed char *') from 'uint8_t *' (aka 'unsigned char *') converts between pointers to integer types with different sign [-Wpointer-sign]
#77 1.949     dst          = frame->data    [0];
#77 1.949                  ^ ~~~~~~~~~~~~~~~~~~
#77 1.950 src/fftools/ffmpeg.c:275:29: warning: passing 'int8_t *' (aka 'signed char *') to parameter of type 'uint8_t *' (aka 'unsigned char *') converts between pointers to integer types with different sign [-Wpointer-sign]
#77 1.951         sub2video_copy_rect(dst, dst_linesize, frame->width, frame->height, sub->rects[i]);
#77 1.951                             ^~~
#77 1.952 src/fftools/ffmpeg.c:192:42: note: passing argument to parameter 'dst' here
#77 1.952 static void sub2video_copy_rect(uint8_t *dst, int dst_linesize, int w, int h,
#77 1.952                                          ^
#77 1.976 src/fftools/ffmpeg.c:345:41: warning: macro 'ATOMIC_VAR_INIT' has been marked as deprecated [-Wdeprecated-pragma]
#77 1.977 static atomic_int transcode_init_done = ATOMIC_VAR_INIT(0);
#77 1.977                                         ^
#77 1.977 /emsdk/upstream/lib/clang/17/include/stdatomic.h:61:41: note: macro marked 'deprecated' here
#77 1.977 #pragma clang deprecated(ATOMIC_VAR_INIT)
#77 1.977                                         ^
#77 1.996 src/fftools/ffmpeg.c:1724:35: warning: passing 'char *' to parameter of type 'const unsigned char *' converts between pointers to integer types where one is of the unique plain 'char' type and the other is not [-Wpointer-sign]
#77 1.997         avio_write(progress_avio, buf_script.str,
#77 1.997                                   ^~~~~~~~~~~~~~
#77 1.997 ./libavformat/avio.h:428:54: note: passing argument to parameter 'buf' here
#77 1.997 void avio_write(AVIOContext *s, const unsigned char *buf, int size);
#77 1.997                                                      ^
#77 1.999 src/fftools/ffmpeg.c:1977:13: warning: 5 enumeration values not handled in switch: 'AVMEDIA_TYPE_UNKNOWN', 'AVMEDIA_TYPE_DATA', 'AVMEDIA_TYPE_SUBTITLE'... [-Wswitch]
#77 1.999     switch (ifilter->ist->st->codecpar->codec_type) {
#77 1.999             ^~~~~~~~~~~~~~~~~~~~~~~~~~~~~~~~~~~~~~
#77 1.999 src/fftools/ffmpeg.c:1995:12: warning: using the result of an assignment as a condition without parentheses [-Wparentheses]
#77 1.999     if (sd = av_frame_get_side_data(frame, AV_FRAME_DATA_DISPLAYMATRIX)) {
#77 1.999         ~~~^~~~~~~~~~~~~~~~~~~~~~~~~~~~~~~~~~~~~~~~~~~~~~~~~~~~~~~~~~~~
#77 2.000 src/fftools/ffmpeg.c:1995:12: note: place parentheses around the assignment to silence this warning
#77 2.000     if (sd = av_frame_get_side_data(frame, AV_FRAME_DATA_DISPLAYMATRIX)) {
#77 2.000            ^
#77 2.000         (                                                              )
#77 2.000 src/fftools/ffmpeg.c:1995:12: note: use '==' to turn this assignment into an equality comparison
#77 2.000     if (sd = av_frame_get_side_data(frame, AV_FRAME_DATA_DISPLAYMATRIX)) {
#77 2.000            ^
#77 2.000            ==
#77 2.003 src/fftools/ffmpeg.c:2536:17: warning: 5 enumeration values not handled in switch: 'AVMEDIA_TYPE_UNKNOWN', 'AVMEDIA_TYPE_DATA', 'AVMEDIA_TYPE_SUBTITLE'... [-Wswitch]
#77 2.003         switch (ist->dec_ctx->codec_type) {
#77 2.003                 ^~~~~~~~~~~~~~~~~~~~~~~~
#77 2.005 src/fftools/ffmpeg.c:2819:13: warning: 5 enumeration values not handled in switch: 'AVMEDIA_TYPE_UNKNOWN', 'AVMEDIA_TYPE_DATA', 'AVMEDIA_TYPE_SUBTITLE'... [-Wswitch]
#77 2.005     switch (par_dst->codec_type) {
#77 2.005             ^~~~~~~~~~~~~~~~~~~
#77 2.006 src/fftools/ffmpeg.c:2886:20: warning: passing 'uint8_t *' (aka 'unsigned char *') to parameter of type 'char *' converts between pointers to integer types where one is of the unique plain 'char' type and the other is not [-Wpointer-sign]
#77 2.006         av_strlcpy(encoder_string, LIBAVCODEC_IDENT " ", encoder_string_len);
#77 2.006                    ^~~~~~~~~~~~~~
#77 2.006 ./libavutil/avstring.h:101:25: note: passing argument to parameter 'dst' here
#77 2.006 size_t av_strlcpy(char *dst, const char *src, size_t size);
#77 2.006                         ^
#77 2.006 src/fftools/ffmpeg.c:2888:20: warning: passing 'uint8_t *' (aka 'unsigned char *') to parameter of type 'char *' converts between pointers to integer types where one is of the unique plain 'char' type and the other is not [-Wpointer-sign]
#77 2.006         av_strlcpy(encoder_string, "Lavc ", encoder_string_len);
#77 2.006                    ^~~~~~~~~~~~~~
#77 2.006 ./libavutil/avstring.h:101:25: note: passing argument to parameter 'dst' here
#77 2.006 size_t av_strlcpy(char *dst, const char *src, size_t size);
#77 2.006                         ^
#77 2.006 src/fftools/ffmpeg.c:2889:16: warning: passing 'uint8_t *' (aka 'unsigned char *') to parameter of type 'char *' converts between pointers to integer types where one is of the unique plain 'char' type and the other is not [-Wpointer-sign]
#77 2.006     av_strlcat(encoder_string, ost->enc->name, encoder_string_len);
#77 2.006                ^~~~~~~~~~~~~~
#77 2.006 ./libavutil/avstring.h:119:25: note: passing argument to parameter 'dst' here
#77 2.006 size_t av_strlcat(char *dst, const char *src, size_t size);
#77 2.006                         ^
#77 2.006 src/fftools/ffmpeg.c:2890:49: warning: passing 'uint8_t *' (aka 'unsigned char *') to parameter of type 'const char *' converts between pointers to integer types where one is of the unique plain 'char' type and the other is not [-Wpointer-sign]
#77 2.006     av_dict_set(&ost->st->metadata, "encoder",  encoder_string,
#77 2.006                                                 ^~~~~~~~~~~~~~
#77 2.006 ./libavutil/dict.h:128:65: note: passing argument to parameter 'value' here
#77 2.006 int av_dict_set(AVDictionary **pm, const char *key, const char *value, int flags);
#77 2.006                                                                 ^
#77 2.008 src/fftools/ffmpeg.c:3254:49: warning: passing 'uint32_t *' (aka 'unsigned int *') to parameter of type 'int32_t *' (aka 'int *') converts between pointers to integer types with different sign [-Wpointer-sign]
#77 2.009                         av_display_rotation_set((uint32_t *)dst, 0);
#77 2.009                                                 ^~~~~~~~~~~~~~~
#77 2.009 ./libavutil/display.h:97:38: note: passing argument to parameter 'matrix' here
#77 2.009 void av_display_rotation_set(int32_t matrix[9], double angle);
#77 2.009                                      ^
#77 2.015 src/fftools/ffmpeg.c:4586:25: warning: macro 'ATOMIC_VAR_INIT' has been marked as deprecated [-Wdeprecated-pragma]
#77 2.015   transcode_init_done = ATOMIC_VAR_INIT(0);
#77 2.015                         ^
#77 2.015 /emsdk/upstream/lib/clang/17/include/stdatomic.h:61:41: note: macro marked 'deprecated' here
#77 2.015 #pragma clang deprecated(ATOMIC_VAR_INIT)
#77 2.015                                         ^
#77 3.065 14 warnings generated.
#77 3.309 src/fftools/ffmpeg_filter.c:305:21: warning: assigning to 'uint8_t *' (aka 'unsigned char *') from 'char *' converts between pointers to integer types where one is of the unique plain 'char' type and the other is not [-Wpointer-sign]
#77 3.310     ifilter->name   = describe_filter_link(fg, in, 1);
#77 3.310                     ^ ~~~~~~~~~~~~~~~~~~~~~~~~~~~~~~~
#77 3.311 src/fftools/ffmpeg_filter.c:342:26: warning: assigning to 'uint8_t *' (aka 'unsigned char *') from 'char *' converts between pointers to integer types where one is of the unique plain 'char' type and the other is not [-Wpointer-sign]
#77 3.311         ofilter->name    = describe_filter_link(fg, cur, 0);
#77 3.311                          ^ ~~~~~~~~~~~~~~~~~~~~~~~~~~~~~~~~
#77 3.324 src/fftools/ffmpeg_filter.c:894:35: warning: floating-point comparison is always true; constant cannot be represented exactly in type 'float' [-Wliteral-range]
#77 3.324         if (audio_drift_threshold != 0.1)
#77 3.324             ~~~~~~~~~~~~~~~~~~~~~ ^  ~~~
#77 3.900 3 warnings generated.
#77 5.474 src/fftools/ffmpeg_opt.c:353:87: warning: implicit conversion from 'long long' to 'double' changes value from 9223372036854775807 to 9223372036854775808 [-Wimplicit-const-int-float-conversion]
#77 5.476         { "abort_on"           , NULL, 0, AV_OPT_TYPE_FLAGS, { .i64 = 0 }, INT64_MIN, INT64_MAX,           .unit = "flags" },
#77 5.476         ~                                                                             ^~~~~~~~~
#77 5.476 /emsdk/upstream/emscripten/cache/sysroot/include/stdint.h:46:21: note: expanded from macro 'INT64_MAX'
#77 5.476 #define INT64_MAX  (0x7fffffffffffffff)
#77 5.476                     ^~~~~~~~~~~~~~~~~~
#77 5.477 src/fftools/ffmpeg_opt.c:427:14: warning: using the result of an assignment as a condition without parentheses [-Wparentheses]
#77 5.477     if (sync = strchr(map, ',')) {
#77 5.477         ~~~~~^~~~~~~~~~~~~~~~~~
#77 5.477 src/fftools/ffmpeg_opt.c:427:14: note: place parentheses around the assignment to silence this warning
#77 5.477     if (sync = strchr(map, ',')) {
#77 5.477              ^
#77 5.477         (                      )
#77 5.478 src/fftools/ffmpeg_opt.c:427:14: note: use '==' to turn this assignment into an equality comparison
#77 5.478     if (sync = strchr(map, ',')) {
#77 5.478              ^
#77 5.478              ==
#77 5.478 src/fftools/ffmpeg_opt.c:466:26: warning: using the result of an assignment as a condition without parentheses [-Wparentheses]
#77 5.478         if (allow_unused = strchr(map, '?'))
#77 5.478             ~~~~~~~~~~~~~^~~~~~~~~~~~~~~~~~
#77 5.478 src/fftools/ffmpeg_opt.c:466:26: note: place parentheses around the assignment to silence this warning
#77 5.478         if (allow_unused = strchr(map, '?'))
#77 5.478                          ^
#77 5.478             (                              )
#77 5.478 src/fftools/ffmpeg_opt.c:466:26: note: use '==' to turn this assignment into an equality comparison
#77 5.478         if (allow_unused = strchr(map, '?'))
#77 5.478                          ^
#77 5.478                          ==
#77 5.480 src/fftools/ffmpeg_opt.c:592:22: warning: using the result of an assignment as a condition without parentheses [-Wparentheses]
#77 5.480     if (allow_unused = strchr(mapchan, '?'))
#77 5.480         ~~~~~~~~~~~~~^~~~~~~~~~~~~~~~~~~~~~
#77 5.480 src/fftools/ffmpeg_opt.c:592:22: note: place parentheses around the assignment to silence this warning
#77 5.480     if (allow_unused = strchr(mapchan, '?'))
#77 5.480                      ^
#77 5.480         (                                  )
#77 5.480 src/fftools/ffmpeg_opt.c:592:22: note: use '==' to turn this assignment into an equality comparison
#77 5.480     if (allow_unused = strchr(mapchan, '?'))
#77 5.480                      ^
#77 5.480                      ==
#77 5.485 src/fftools/ffmpeg_opt.c:851:5: warning: assigning to 'char *' from 'uint8_t *' (aka 'unsigned char *') converts between pointers to integer types where one is of the unique plain 'char' type and the other is not [-Wpointer-sign]
#77 5.485     MATCH_PER_STREAM_OPT(codec_names, str, codec_name, s, st);
#77 5.485     ^~~~~~~~~~~~~~~~~~~~~~~~~~~~~~~~~~~~~~~~~~~~~~~~~~~~~~~~~
#77 5.485 src/fftools/ffmpeg_opt.c:130:20: note: expanded from macro 'MATCH_PER_STREAM_OPT'
#77 5.485             outvar = o->name[i].u.type;\
#77 5.485                    ^ ~~~~~~~~~~~~~~~~~
#77 5.486 src/fftools/ffmpeg_opt.c:898:9: warning: assigning to 'char *' from 'uint8_t *' (aka 'unsigned char *') converts between pointers to integer types where one is of the unique plain 'char' type and the other is not [-Wpointer-sign]
#77 5.486         MATCH_PER_STREAM_OPT(codec_tags, str, codec_tag, ic, st);
#77 5.486         ^~~~~~~~~~~~~~~~~~~~~~~~~~~~~~~~~~~~~~~~~~~~~~~~~~~~~~~~
#77 5.486 src/fftools/ffmpeg_opt.c:130:20: note: expanded from macro 'MATCH_PER_STREAM_OPT'
#77 5.486             outvar = o->name[i].u.type;\
#77 5.486                    ^ ~~~~~~~~~~~~~~~~~
#77 5.486 src/fftools/ffmpeg_opt.c:912:9: warning: assigning to 'char *' from 'uint8_t *' (aka 'unsigned char *') converts between pointers to integer types where one is of the unique plain 'char' type and the other is not [-Wpointer-sign]
#77 5.486         MATCH_PER_STREAM_OPT(discard, str, discard_str, ic, st);
#77 5.486         ^~~~~~~~~~~~~~~~~~~~~~~~~~~~~~~~~~~~~~~~~~~~~~~~~~~~~~~
#77 5.486 src/fftools/ffmpeg_opt.c:130:20: note: expanded from macro 'MATCH_PER_STREAM_OPT'
#77 5.486             outvar = o->name[i].u.type;\
#77 5.486                    ^ ~~~~~~~~~~~~~~~~~
#77 5.487 src/fftools/ffmpeg_opt.c:961:13: warning: assigning to 'char *' from 'uint8_t *' (aka 'unsigned char *') converts between pointers to integer types where one is of the unique plain 'char' type and the other is not [-Wpointer-sign]
#77 5.487             MATCH_PER_STREAM_OPT(frame_rates, str, framerate, ic, st);
#77 5.487             ^~~~~~~~~~~~~~~~~~~~~~~~~~~~~~~~~~~~~~~~~~~~~~~~~~~~~~~~~
#77 5.487 src/fftools/ffmpeg_opt.c:130:20: note: expanded from macro 'MATCH_PER_STREAM_OPT'
#77 5.487             outvar = o->name[i].u.type;\
#77 5.487                    ^ ~~~~~~~~~~~~~~~~~
#77 5.487 src/fftools/ffmpeg_opt.c:972:13: warning: assigning to 'const char *' from 'uint8_t *' (aka 'unsigned char *') converts between pointers to integer types where one is of the unique plain 'char' type and the other is not [-Wpointer-sign]
#77 5.487             MATCH_PER_STREAM_OPT(hwaccels, str, hwaccel, ic, st);
#77 5.487             ^~~~~~~~~~~~~~~~~~~~~~~~~~~~~~~~~~~~~~~~~~~~~~~~~~~~
#77 5.487 src/fftools/ffmpeg_opt.c:130:20: note: expanded from macro 'MATCH_PER_STREAM_OPT'
#77 5.488             outvar = o->name[i].u.type;\
#77 5.488                    ^ ~~~~~~~~~~~~~~~~~
#77 5.488 src/fftools/ffmpeg_opt.c:973:13: warning: assigning to 'char *' from 'uint8_t *' (aka 'unsigned char *') converts between pointers to integer types where one is of the unique plain 'char' type and the other is not [-Wpointer-sign]
#77 5.488             MATCH_PER_STREAM_OPT(hwaccel_output_formats, str,
#77 5.488             ^~~~~~~~~~~~~~~~~~~~~~~~~~~~~~~~~~~~~~~~~~~~~~~~~
#77 5.488 src/fftools/ffmpeg_opt.c:130:20: note: expanded from macro 'MATCH_PER_STREAM_OPT'
#77 5.488             outvar = o->name[i].u.type;\
#77 5.488                    ^ ~~~~~~~~~~~~~~~~~
#77 5.488 src/fftools/ffmpeg_opt.c:1029:13: warning: assigning to 'char *' from 'uint8_t *' (aka 'unsigned char *') converts between pointers to integer types where one is of the unique plain 'char' type and the other is not [-Wpointer-sign]
#77 5.488             MATCH_PER_STREAM_OPT(hwaccel_devices, str, hwaccel_device, ic, st);
#77 5.488             ^~~~~~~~~~~~~~~~~~~~~~~~~~~~~~~~~~~~~~~~~~~~~~~~~~~~~~~~~~~~~~~~~~
#77 5.488 src/fftools/ffmpeg_opt.c:130:20: note: expanded from macro 'MATCH_PER_STREAM_OPT'
#77 5.488             outvar = o->name[i].u.type;\
#77 5.488                    ^ ~~~~~~~~~~~~~~~~~
#77 5.489 src/fftools/ffmpeg_opt.c:1050:13: warning: assigning to 'char *' from 'uint8_t *' (aka 'unsigned char *') converts between pointers to integer types where one is of the unique plain 'char' type and the other is not [-Wpointer-sign]
#77 5.489             MATCH_PER_STREAM_OPT(canvas_sizes, str, canvas_size, ic, st);
#77 5.489             ^~~~~~~~~~~~~~~~~~~~~~~~~~~~~~~~~~~~~~~~~~~~~~~~~~~~~~~~~~~~
#77 5.489 src/fftools/ffmpeg_opt.c:130:20: note: expanded from macro 'MATCH_PER_STREAM_OPT'
#77 5.489             outvar = o->name[i].u.type;\
#77 5.489                    ^ ~~~~~~~~~~~~~~~~~
#77 5.490 src/fftools/ffmpeg_opt.c:1215:58: warning: passing 'uint8_t *' (aka 'unsigned char *') to parameter of type 'const char *' converts between pointers to integer types where one is of the unique plain 'char' type and the other is not [-Wpointer-sign]
#77 5.491             av_dict_set(&o->g->format_opts, "ch_layout", o->audio_ch_layouts[o->nb_audio_ch_layouts - 1].u.str, 0);
#77 5.491                                                          ^~~~~~~~~~~~~~~~~~~~~~~~~~~~~~~~~~~~~~~~~~~~~~~~~~~~~
#77 5.491 ./libavutil/dict.h:128:65: note: passing argument to parameter 'value' here
#77 5.491 int av_dict_set(AVDictionary **pm, const char *key, const char *value, int flags);
#77 5.491                                                                 ^
#77 5.491 src/fftools/ffmpeg_opt.c:1226:25: warning: passing 'uint8_t *' (aka 'unsigned char *') to parameter of type 'const char *' converts between pointers to integer types where one is of the unique plain 'char' type and the other is not [-Wpointer-sign]
#77 5.491                         o->frame_rates[o->nb_frame_rates - 1].u.str, 0);
#77 5.491                         ^~~~~~~~~~~~~~~~~~~~~~~~~~~~~~~~~~~~~~~~~~~
#77 5.491 ./libavutil/dict.h:128:65: note: passing argument to parameter 'value' here
#77 5.491 int av_dict_set(AVDictionary **pm, const char *key, const char *value, int flags);
#77 5.491                                                                 ^
#77 5.491 src/fftools/ffmpeg_opt.c:1230:55: warning: passing 'uint8_t *' (aka 'unsigned char *') to parameter of type 'const char *' converts between pointers to integer types where one is of the unique plain 'char' type and the other is not [-Wpointer-sign]
#77 5.491         av_dict_set(&o->g->format_opts, "video_size", o->frame_sizes[o->nb_frame_sizes - 1].u.str, 0);
#77 5.491                                                       ^~~~~~~~~~~~~~~~~~~~~~~~~~~~~~~~~~~~~~~~~~~
#77 5.491 ./libavutil/dict.h:128:65: note: passing argument to parameter 'value' here
#77 5.491 int av_dict_set(AVDictionary **pm, const char *key, const char *value, int flags);
#77 5.491                                                                 ^
#77 5.491 src/fftools/ffmpeg_opt.c:1233:57: warning: passing 'uint8_t *' (aka 'unsigned char *') to parameter of type 'const char *' converts between pointers to integer types where one is of the unique plain 'char' type and the other is not [-Wpointer-sign]
#77 5.491         av_dict_set(&o->g->format_opts, "pixel_format", o->frame_pix_fmts[o->nb_frame_pix_fmts - 1].u.str, 0);
#77 5.491                                                         ^~~~~~~~~~~~~~~~~~~~~~~~~~~~~~~~~~~~~~~~~~~~~~~~~
#77 5.491 ./libavutil/dict.h:128:65: note: passing argument to parameter 'value' here
#77 5.491 int av_dict_set(AVDictionary **pm, const char *key, const char *value, int flags);
#77 5.491                                                                 ^
#77 5.491 src/fftools/ffmpeg_opt.c:1235:5: warning: assigning to 'char *' from 'uint8_t *' (aka 'unsigned char *') converts between pointers to integer types where one is of the unique plain 'char' type and the other is not [-Wpointer-sign]
#77 5.491     MATCH_PER_TYPE_OPT(codec_names, str,    video_codec_name, ic, "v");
#77 5.491     ^~~~~~~~~~~~~~~~~~~~~~~~~~~~~~~~~~~~~~~~~~~~~~~~~~~~~~~~~~~~~~~~~~
#77 5.491 src/fftools/ffmpeg_opt.c:146:20: note: expanded from macro 'MATCH_PER_TYPE_OPT'
#77 5.491             outvar = o->name[i].u.type;\
#77 5.491                    ^ ~~~~~~~~~~~~~~~~~
#77 5.491 src/fftools/ffmpeg_opt.c:1236:5: warning: assigning to 'char *' from 'uint8_t *' (aka 'unsigned char *') converts between pointers to integer types where one is of the unique plain 'char' type and the other is not [-Wpointer-sign]
#77 5.491     MATCH_PER_TYPE_OPT(codec_names, str,    audio_codec_name, ic, "a");
#77 5.491     ^~~~~~~~~~~~~~~~~~~~~~~~~~~~~~~~~~~~~~~~~~~~~~~~~~~~~~~~~~~~~~~~~~
#77 5.491 src/fftools/ffmpeg_opt.c:146:20: note: expanded from macro 'MATCH_PER_TYPE_OPT'
#77 5.492             outvar = o->name[i].u.type;\
#77 5.492                    ^ ~~~~~~~~~~~~~~~~~
#77 5.492 src/fftools/ffmpeg_opt.c:1237:5: warning: assigning to 'char *' from 'uint8_t *' (aka 'unsigned char *') converts between pointers to integer types where one is of the unique plain 'char' type and the other is not [-Wpointer-sign]
#77 5.492     MATCH_PER_TYPE_OPT(codec_names, str, subtitle_codec_name, ic, "s");
#77 5.492     ^~~~~~~~~~~~~~~~~~~~~~~~~~~~~~~~~~~~~~~~~~~~~~~~~~~~~~~~~~~~~~~~~~
#77 5.492 src/fftools/ffmpeg_opt.c:146:20: note: expanded from macro 'MATCH_PER_TYPE_OPT'
#77 5.492             outvar = o->name[i].u.type;\
#77 5.492                    ^ ~~~~~~~~~~~~~~~~~
#77 5.492 src/fftools/ffmpeg_opt.c:1238:5: warning: assigning to 'char *' from 'uint8_t *' (aka 'unsigned char *') converts between pointers to integer types where one is of the unique plain 'char' type and the other is not [-Wpointer-sign]
#77 5.492     MATCH_PER_TYPE_OPT(codec_names, str,     data_codec_name, ic, "d");
#77 5.492     ^~~~~~~~~~~~~~~~~~~~~~~~~~~~~~~~~~~~~~~~~~~~~~~~~~~~~~~~~~~~~~~~~~
#77 5.492 src/fftools/ffmpeg_opt.c:146:20: note: expanded from macro 'MATCH_PER_TYPE_OPT'
#77 5.492             outvar = o->name[i].u.type;\
#77 5.492                    ^ ~~~~~~~~~~~~~~~~~
#77 5.493 src/fftools/ffmpeg_opt.c:1433:37: warning: passing 'uint8_t *' (aka 'unsigned char *') to parameter of type 'const char *' converts between pointers to integer types where one is of the unique plain 'char' type and the other is not [-Wpointer-sign]
#77 5.493                 dump_attachment(st, o->dump_attachment[i].u.str);
#77 5.493                                     ^~~~~~~~~~~~~~~~~~~~~~~~~~~
#77 5.493 src/fftools/ffmpeg_opt.c:1116:55: note: passing argument to parameter 'filename' here
#77 5.493 static void dump_attachment(AVStream *st, const char *filename)
#77 5.493                                                       ^
#77 5.494 src/fftools/ffmpeg_opt.c:1492:9: warning: assigning to 'char *' from 'uint8_t *' (aka 'unsigned char *') converts between pointers to integer types where one is of the unique plain 'char' type and the other is not [-Wpointer-sign]
#77 5.494         MATCH_PER_STREAM_OPT(codec_names, str, codec_name, s, ost->st);
#77 5.494         ^~~~~~~~~~~~~~~~~~~~~~~~~~~~~~~~~~~~~~~~~~~~~~~~~~~~~~~~~~~~~~
#77 5.494 src/fftools/ffmpeg_opt.c:130:20: note: expanded from macro 'MATCH_PER_STREAM_OPT'
#77 5.494             outvar = o->name[i].u.type;\
#77 5.494                    ^ ~~~~~~~~~~~~~~~~~
#77 5.495 src/fftools/ffmpeg_opt.c:1581:9: warning: assigning to 'char *' from 'uint8_t *' (aka 'unsigned char *') converts between pointers to integer types where one is of the unique plain 'char' type and the other is not [-Wpointer-sign]
#77 5.495         MATCH_PER_STREAM_OPT(presets, str, preset, oc, st);
#77 5.495         ^~~~~~~~~~~~~~~~~~~~~~~~~~~~~~~~~~~~~~~~~~~~~~~~~~
#77 5.495 src/fftools/ffmpeg_opt.c:130:20: note: expanded from macro 'MATCH_PER_STREAM_OPT'
#77 5.495             outvar = o->name[i].u.type;\
#77 5.495                    ^ ~~~~~~~~~~~~~~~~~
#77 5.495 src/fftools/ffmpeg_opt.c:1616:5: warning: assigning to 'const char *' from 'uint8_t *' (aka 'unsigned char *') converts between pointers to integer types where one is of the unique plain 'char' type and the other is not [-Wpointer-sign]
#77 5.495     MATCH_PER_STREAM_OPT(time_bases, str, time_base, oc, st);
#77 5.495     ^~~~~~~~~~~~~~~~~~~~~~~~~~~~~~~~~~~~~~~~~~~~~~~~~~~~~~~~
#77 5.495 src/fftools/ffmpeg_opt.c:130:20: note: expanded from macro 'MATCH_PER_STREAM_OPT'
#77 5.495             outvar = o->name[i].u.type;\
#77 5.495                    ^ ~~~~~~~~~~~~~~~~~
#77 5.495 src/fftools/ffmpeg_opt.c:1627:5: warning: assigning to 'const char *' from 'uint8_t *' (aka 'unsigned char *') converts between pointers to integer types where one is of the unique plain 'char' type and the other is not [-Wpointer-sign]
#77 5.495     MATCH_PER_STREAM_OPT(enc_time_bases, str, time_base, oc, st);
#77 5.495     ^~~~~~~~~~~~~~~~~~~~~~~~~~~~~~~~~~~~~~~~~~~~~~~~~~~~~~~~~~~~
#77 5.495 src/fftools/ffmpeg_opt.c:130:20: note: expanded from macro 'MATCH_PER_STREAM_OPT'
#77 5.495             outvar = o->name[i].u.type;\
#77 5.495                    ^ ~~~~~~~~~~~~~~~~~
#77 5.496 src/fftools/ffmpeg_opt.c:1651:5: warning: assigning to 'const char *' from 'uint8_t *' (aka 'unsigned char *') converts between pointers to integer types where one is of the unique plain 'char' type and the other is not [-Wpointer-sign]
#77 5.496     MATCH_PER_STREAM_OPT(bitstream_filters, str, bsfs, oc, st);
#77 5.496     ^~~~~~~~~~~~~~~~~~~~~~~~~~~~~~~~~~~~~~~~~~~~~~~~~~~~~~~~~~
#77 5.496 src/fftools/ffmpeg_opt.c:130:20: note: expanded from macro 'MATCH_PER_STREAM_OPT'
#77 5.496             outvar = o->name[i].u.type;\
#77 5.496                    ^ ~~~~~~~~~~~~~~~~~
#77 5.496 src/fftools/ffmpeg_opt.c:1660:5: warning: assigning to 'char *' from 'uint8_t *' (aka 'unsigned char *') converts between pointers to integer types where one is of the unique plain 'char' type and the other is not [-Wpointer-sign]
#77 5.496     MATCH_PER_STREAM_OPT(codec_tags, str, codec_tag, oc, st);
#77 5.496     ^~~~~~~~~~~~~~~~~~~~~~~~~~~~~~~~~~~~~~~~~~~~~~~~~~~~~~~~
#77 5.496 src/fftools/ffmpeg_opt.c:130:20: note: expanded from macro 'MATCH_PER_STREAM_OPT'
#77 5.496             outvar = o->name[i].u.type;\
#77 5.496                    ^ ~~~~~~~~~~~~~~~~~
#77 5.497 src/fftools/ffmpeg_opt.c:1675:5: warning: assigning to 'char *' from 'uint8_t *' (aka 'unsigned char *') converts between pointers to integer types where one is of the unique plain 'char' type and the other is not [-Wpointer-sign]
#77 5.497     MATCH_PER_STREAM_OPT(disposition, str, ost->disposition, oc, st);
#77 5.497     ^~~~~~~~~~~~~~~~~~~~~~~~~~~~~~~~~~~~~~~~~~~~~~~~~~~~~~~~~~~~~~~~
#77 5.497 src/fftools/ffmpeg_opt.c:130:20: note: expanded from macro 'MATCH_PER_STREAM_OPT'
#77 5.497             outvar = o->name[i].u.type;\
#77 5.497                    ^ ~~~~~~~~~~~~~~~~~
#77 5.498 src/fftools/ffmpeg_opt.c:1804:5: warning: assigning to 'char *' from 'uint8_t *' (aka 'unsigned char *') converts between pointers to integer types where one is of the unique plain 'char' type and the other is not [-Wpointer-sign]
#77 5.498     MATCH_PER_STREAM_OPT(frame_rates, str, frame_rate, oc, st);
#77 5.498     ^~~~~~~~~~~~~~~~~~~~~~~~~~~~~~~~~~~~~~~~~~~~~~~~~~~~~~~~~~
#77 5.498 src/fftools/ffmpeg_opt.c:130:20: note: expanded from macro 'MATCH_PER_STREAM_OPT'
#77 5.498             outvar = o->name[i].u.type;\
#77 5.498                    ^ ~~~~~~~~~~~~~~~~~
#77 5.498 src/fftools/ffmpeg_opt.c:1810:5: warning: assigning to 'char *' from 'uint8_t *' (aka 'unsigned char *') converts between pointers to integer types where one is of the unique plain 'char' type and the other is not [-Wpointer-sign]
#77 5.498     MATCH_PER_STREAM_OPT(max_frame_rates, str, max_frame_rate, oc, st);
#77 5.498     ^~~~~~~~~~~~~~~~~~~~~~~~~~~~~~~~~~~~~~~~~~~~~~~~~~~~~~~~~~~~~~~~~~
#77 5.498 src/fftools/ffmpeg_opt.c:130:20: note: expanded from macro 'MATCH_PER_STREAM_OPT'
#77 5.498             outvar = o->name[i].u.type;\
#77 5.498                    ^ ~~~~~~~~~~~~~~~~~
#77 5.499 src/fftools/ffmpeg_opt.c:1825:5: warning: assigning to 'char *' from 'uint8_t *' (aka 'unsigned char *') converts between pointers to integer types where one is of the unique plain 'char' type and the other is not [-Wpointer-sign]
#77 5.499     MATCH_PER_STREAM_OPT(frame_aspect_ratios, str, frame_aspect_ratio, oc, st);
#77 5.499     ^~~~~~~~~~~~~~~~~~~~~~~~~~~~~~~~~~~~~~~~~~~~~~~~~~~~~~~~~~~~~~~~~~~~~~~~~~
#77 5.499 src/fftools/ffmpeg_opt.c:130:20: note: expanded from macro 'MATCH_PER_STREAM_OPT'
#77 5.499             outvar = o->name[i].u.type;\
#77 5.499                    ^ ~~~~~~~~~~~~~~~~~
#77 5.499 src/fftools/ffmpeg_opt.c:1836:5: warning: assigning to 'char *' from 'uint8_t *' (aka 'unsigned char *') converts between pointers to integer types where one is of the unique plain 'char' type and the other is not [-Wpointer-sign]
#77 5.499     MATCH_PER_STREAM_OPT(filter_scripts, str, ost->filters_script, oc, st);
#77 5.499     ^~~~~~~~~~~~~~~~~~~~~~~~~~~~~~~~~~~~~~~~~~~~~~~~~~~~~~~~~~~~~~~~~~~~~~
#77 5.499 src/fftools/ffmpeg_opt.c:130:20: note: expanded from macro 'MATCH_PER_STREAM_OPT'
#77 5.499             outvar = o->name[i].u.type;\
#77 5.499                    ^ ~~~~~~~~~~~~~~~~~
#77 5.499 src/fftools/ffmpeg_opt.c:1837:5: warning: assigning to 'char *' from 'uint8_t *' (aka 'unsigned char *') converts between pointers to integer types where one is of the unique plain 'char' type and the other is not [-Wpointer-sign]
#77 5.499     MATCH_PER_STREAM_OPT(filters,        str, ost->filters,        oc, st);
#77 5.499     ^~~~~~~~~~~~~~~~~~~~~~~~~~~~~~~~~~~~~~~~~~~~~~~~~~~~~~~~~~~~~~~~~~~~~~
#77 5.499 src/fftools/ffmpeg_opt.c:130:20: note: expanded from macro 'MATCH_PER_STREAM_OPT'
#77 5.499             outvar = o->name[i].u.type;\
#77 5.499                    ^ ~~~~~~~~~~~~~~~~~
#77 5.499 src/fftools/ffmpeg_opt.c:1848:9: warning: assigning to 'char *' from 'uint8_t *' (aka 'unsigned char *') converts between pointers to integer types where one is of the unique plain 'char' type and the other is not [-Wpointer-sign]
#77 5.499         MATCH_PER_STREAM_OPT(frame_sizes, str, frame_size, oc, st);
#77 5.499         ^~~~~~~~~~~~~~~~~~~~~~~~~~~~~~~~~~~~~~~~~~~~~~~~~~~~~~~~~~
#77 5.499 src/fftools/ffmpeg_opt.c:130:20: note: expanded from macro 'MATCH_PER_STREAM_OPT'
#77 5.500             outvar = o->name[i].u.type;\
#77 5.500                    ^ ~~~~~~~~~~~~~~~~~
#77 5.500 src/fftools/ffmpeg_opt.c:1854:9: warning: assigning to 'char *' from 'uint8_t *' (aka 'unsigned char *') converts between pointers to integer types where one is of the unique plain 'char' type and the other is not [-Wpointer-sign]
#77 5.500         MATCH_PER_STREAM_OPT(frame_pix_fmts, str, frame_pix_fmt, oc, st);
#77 5.500         ^~~~~~~~~~~~~~~~~~~~~~~~~~~~~~~~~~~~~~~~~~~~~~~~~~~~~~~~~~~~~~~~
#77 5.500 src/fftools/ffmpeg_opt.c:130:20: note: expanded from macro 'MATCH_PER_STREAM_OPT'
#77 5.500             outvar = o->name[i].u.type;\
#77 5.500                    ^ ~~~~~~~~~~~~~~~~~
#77 5.500 src/fftools/ffmpeg_opt.c:1866:9: warning: assigning to 'char *' from 'uint8_t *' (aka 'unsigned char *') converts between pointers to integer types where one is of the unique plain 'char' type and the other is not [-Wpointer-sign]
#77 5.500         MATCH_PER_STREAM_OPT(intra_matrices, str, intra_matrix, oc, st);
#77 5.500         ^~~~~~~~~~~~~~~~~~~~~~~~~~~~~~~~~~~~~~~~~~~~~~~~~~~~~~~~~~~~~~~
#77 5.500 src/fftools/ffmpeg_opt.c:130:20: note: expanded from macro 'MATCH_PER_STREAM_OPT'
#77 5.500             outvar = o->name[i].u.type;\
#77 5.500                    ^ ~~~~~~~~~~~~~~~~~
#77 5.500 src/fftools/ffmpeg_opt.c:1874:9: warning: assigning to 'char *' from 'uint8_t *' (aka 'unsigned char *') converts between pointers to integer types where one is of the unique plain 'char' type and the other is not [-Wpointer-sign]
#77 5.500         MATCH_PER_STREAM_OPT(chroma_intra_matrices, str, chroma_intra_matrix, oc, st);
#77 5.500         ^~~~~~~~~~~~~~~~~~~~~~~~~~~~~~~~~~~~~~~~~~~~~~~~~~~~~~~~~~~~~~~~~~~~~~~~~~~~~
#77 5.500 src/fftools/ffmpeg_opt.c:130:20: note: expanded from macro 'MATCH_PER_STREAM_OPT'
#77 5.500             outvar = o->name[i].u.type;\
#77 5.500                    ^ ~~~~~~~~~~~~~~~~~
#77 5.501 src/fftools/ffmpeg_opt.c:1884:9: warning: assigning to 'char *' from 'uint8_t *' (aka 'unsigned char *') converts between pointers to integer types where one is of the unique plain 'char' type and the other is not [-Wpointer-sign]
#77 5.501         MATCH_PER_STREAM_OPT(inter_matrices, str, inter_matrix, oc, st);
#77 5.501         ^~~~~~~~~~~~~~~~~~~~~~~~~~~~~~~~~~~~~~~~~~~~~~~~~~~~~~~~~~~~~~~
#77 5.501 src/fftools/ffmpeg_opt.c:130:20: note: expanded from macro 'MATCH_PER_STREAM_OPT'
#77 5.501             outvar = o->name[i].u.type;\
#77 5.501                    ^ ~~~~~~~~~~~~~~~~~
#77 5.501 src/fftools/ffmpeg_opt.c:1893:9: warning: assigning to 'const char *' from 'uint8_t *' (aka 'unsigned char *') converts between pointers to integer types where one is of the unique plain 'char' type and the other is not [-Wpointer-sign]
#77 5.501         MATCH_PER_STREAM_OPT(rc_overrides, str, p, oc, st);
#77 5.501         ^~~~~~~~~~~~~~~~~~~~~~~~~~~~~~~~~~~~~~~~~~~~~~~~~~
#77 5.501 src/fftools/ffmpeg_opt.c:130:20: note: expanded from macro 'MATCH_PER_STREAM_OPT'
#77 5.501             outvar = o->name[i].u.type;\
#77 5.501                    ^ ~~~~~~~~~~~~~~~~~
#77 5.501 src/fftools/ffmpeg_opt.c:1939:9: warning: assigning to 'char *' from 'uint8_t *' (aka 'unsigned char *') converts between pointers to integer types where one is of the unique plain 'char' type and the other is not [-Wpointer-sign]
#77 5.501         MATCH_PER_STREAM_OPT(passlogfiles, str, ost->logfile_prefix, oc, st);
#77 5.501         ^~~~~~~~~~~~~~~~~~~~~~~~~~~~~~~~~~~~~~~~~~~~~~~~~~~~~~~~~~~~~~~~~~~~
#77 5.501 src/fftools/ffmpeg_opt.c:130:20: note: expanded from macro 'MATCH_PER_STREAM_OPT'
#77 5.502             outvar = o->name[i].u.type;\
#77 5.502                    ^ ~~~~~~~~~~~~~~~~~
#77 5.502 src/fftools/ffmpeg_opt.c:1978:9: warning: assigning to 'char *' from 'uint8_t *' (aka 'unsigned char *') converts between pointers to integer types where one is of the unique plain 'char' type and the other is not [-Wpointer-sign]
#77 5.502         MATCH_PER_STREAM_OPT(forced_key_frames, str, ost->forced_keyframes, oc, st);
#77 5.502         ^~~~~~~~~~~~~~~~~~~~~~~~~~~~~~~~~~~~~~~~~~~~~~~~~~~~~~~~~~~~~~~~~~~~~~~~~~~
#77 5.502 src/fftools/ffmpeg_opt.c:130:20: note: expanded from macro 'MATCH_PER_STREAM_OPT'
#77 5.502             outvar = o->name[i].u.type;\
#77 5.502                    ^ ~~~~~~~~~~~~~~~~~
#77 5.502 src/fftools/ffmpeg_opt.c:1988:9: warning: assigning to 'const char *' from 'uint8_t *' (aka 'unsigned char *') converts between pointers to integer types where one is of the unique plain 'char' type and the other is not [-Wpointer-sign]
#77 5.502         MATCH_PER_STREAM_OPT(fps_mode, str, ost->fps_mode, oc, st);
#77 5.502         ^~~~~~~~~~~~~~~~~~~~~~~~~~~~~~~~~~~~~~~~~~~~~~~~~~~~~~~~~~
#77 5.502 src/fftools/ffmpeg_opt.c:130:20: note: expanded from macro 'MATCH_PER_STREAM_OPT'
#77 5.502             outvar = o->name[i].u.type;\
#77 5.502                    ^ ~~~~~~~~~~~~~~~~~
#77 5.503 src/fftools/ffmpeg_opt.c:2044:5: warning: assigning to 'char *' from 'uint8_t *' (aka 'unsigned char *') converts between pointers to integer types where one is of the unique plain 'char' type and the other is not [-Wpointer-sign]
#77 5.503     MATCH_PER_STREAM_OPT(filter_scripts, str, ost->filters_script, oc, st);
#77 5.503     ^~~~~~~~~~~~~~~~~~~~~~~~~~~~~~~~~~~~~~~~~~~~~~~~~~~~~~~~~~~~~~~~~~~~~~
#77 5.503 src/fftools/ffmpeg_opt.c:130:20: note: expanded from macro 'MATCH_PER_STREAM_OPT'
#77 5.503             outvar = o->name[i].u.type;\
#77 5.503                    ^ ~~~~~~~~~~~~~~~~~
#77 5.503 src/fftools/ffmpeg_opt.c:2045:5: warning: assigning to 'char *' from 'uint8_t *' (aka 'unsigned char *') converts between pointers to integer types where one is of the unique plain 'char' type and the other is not [-Wpointer-sign]
#77 5.503     MATCH_PER_STREAM_OPT(filters,        str, ost->filters,        oc, st);
#77 5.503     ^~~~~~~~~~~~~~~~~~~~~~~~~~~~~~~~~~~~~~~~~~~~~~~~~~~~~~~~~~~~~~~~~~~~~~
#77 5.503 src/fftools/ffmpeg_opt.c:130:20: note: expanded from macro 'MATCH_PER_STREAM_OPT'
#77 5.503             outvar = o->name[i].u.type;\
#77 5.503                    ^ ~~~~~~~~~~~~~~~~~
#77 5.504 src/fftools/ffmpeg_opt.c:2058:9: warning: assigning to 'char *' from 'uint8_t *' (aka 'unsigned char *') converts between pointers to integer types where one is of the unique plain 'char' type and the other is not [-Wpointer-sign]
#77 5.504         MATCH_PER_STREAM_OPT(audio_ch_layouts, str, layout, oc, st);
#77 5.504         ^~~~~~~~~~~~~~~~~~~~~~~~~~~~~~~~~~~~~~~~~~~~~~~~~~~~~~~~~~~
#77 5.504 src/fftools/ffmpeg_opt.c:130:20: note: expanded from macro 'MATCH_PER_STREAM_OPT'
#77 5.504             outvar = o->name[i].u.type;\
#77 5.504                    ^ ~~~~~~~~~~~~~~~~~
#77 5.505 src/fftools/ffmpeg_opt.c:2079:9: warning: assigning to 'char *' from 'uint8_t *' (aka 'unsigned char *') converts between pointers to integer types where one is of the unique plain 'char' type and the other is not [-Wpointer-sign]
#77 5.505         MATCH_PER_STREAM_OPT(sample_fmts, str, sample_fmt, oc, st);
#77 5.505         ^~~~~~~~~~~~~~~~~~~~~~~~~~~~~~~~~~~~~~~~~~~~~~~~~~~~~~~~~~
#77 5.505 src/fftools/ffmpeg_opt.c:130:20: note: expanded from macro 'MATCH_PER_STREAM_OPT'
#77 5.505             outvar = o->name[i].u.type;\
#77 5.505                    ^ ~~~~~~~~~~~~~~~~~
#77 5.505 src/fftools/ffmpeg_opt.c:2088:9: warning: assigning to 'char *' from 'uint8_t *' (aka 'unsigned char *') converts between pointers to integer types where one is of the unique plain 'char' type and the other is not [-Wpointer-sign]
#77 5.505         MATCH_PER_STREAM_OPT(apad, str, ost->apad, oc, st);
#77 5.505         ^~~~~~~~~~~~~~~~~~~~~~~~~~~~~~~~~~~~~~~~~~~~~~~~~~
#77 5.505 src/fftools/ffmpeg_opt.c:130:20: note: expanded from macro 'MATCH_PER_STREAM_OPT'
#77 5.506             outvar = o->name[i].u.type;\
#77 5.506                    ^ ~~~~~~~~~~~~~~~~~
#77 5.506 src/fftools/ffmpeg_opt.c:2180:9: warning: assigning to 'char *' from 'uint8_t *' (aka 'unsigned char *') converts between pointers to integer types where one is of the unique plain 'char' type and the other is not [-Wpointer-sign]
#77 5.506         MATCH_PER_STREAM_OPT(frame_sizes, str, frame_size, oc, st);
#77 5.506         ^~~~~~~~~~~~~~~~~~~~~~~~~~~~~~~~~~~~~~~~~~~~~~~~~~~~~~~~~~
#77 5.506 src/fftools/ffmpeg_opt.c:130:20: note: expanded from macro 'MATCH_PER_STREAM_OPT'
#77 5.506             outvar = o->name[i].u.type;\
#77 5.506                    ^ ~~~~~~~~~~~~~~~~~
#77 5.508 src/fftools/ffmpeg_opt.c:2476:21: warning: 4 enumeration values not handled in switch: 'AVMEDIA_TYPE_UNKNOWN', 'AVMEDIA_TYPE_DATA', 'AVMEDIA_TYPE_ATTACHMENT'... [-Wswitch]
#77 5.508             switch (ofilter->type) {
#77 5.508                     ^~~~~~~~~~~~~
#77 5.508 src/fftools/ffmpeg_opt.c:2560:9: warning: assigning to 'char *' from 'uint8_t *' (aka 'unsigned char *') converts between pointers to integer types where one is of the unique plain 'char' type and the other is not [-Wpointer-sign]
#77 5.508         MATCH_PER_TYPE_OPT(codec_names, str, subtitle_codec_name, oc, "s");
#77 5.508         ^~~~~~~~~~~~~~~~~~~~~~~~~~~~~~~~~~~~~~~~~~~~~~~~~~~~~~~~~~~~~~~~~~
#77 5.508 src/fftools/ffmpeg_opt.c:146:20: note: expanded from macro 'MATCH_PER_TYPE_OPT'
#77 5.508             outvar = o->name[i].u.type;\
#77 5.508                    ^ ~~~~~~~~~~~~~~~~~
#77 5.510 src/fftools/ffmpeg_opt.c:2791:21: warning: 5 enumeration values not handled in switch: 'AVMEDIA_TYPE_UNKNOWN', 'AVMEDIA_TYPE_DATA', 'AVMEDIA_TYPE_SUBTITLE'... [-Wswitch]
#77 5.510             switch (ost->enc_ctx->codec_type) {
#77 5.510                     ^~~~~~~~~~~~~~~~~~~~~~~~
#77 5.510 src/fftools/ffmpeg_opt.c:2859:36: warning: passing 'uint8_t *' (aka 'unsigned char *') to parameter of type 'const char *' converts between pointers to integer types where one is of the unique plain 'char' type and the other is not [-Wpointer-sign]
#77 5.510         int in_file_index = strtol(o->metadata_map[i].u.str, &p, 0);
#77 5.510                                    ^~~~~~~~~~~~~~~~~~~~~~~~
#77 5.510 /emsdk/upstream/emscripten/cache/sysroot/include/stdlib.h:32:36: note: passing argument to parameter here
#77 5.510 long strtol (const char *__restrict, char **__restrict, int);
#77 5.510                                    ^
#77 5.510 src/fftools/ffmpeg_opt.c:2915:21: warning: initializing 'const char *' with an expression of type 'uint8_t *' (aka 'unsigned char *') converts between pointers to integer types where one is of the unique plain 'char' type and the other is not [-Wpointer-sign]
#77 5.510         const char *p = o->program[i].u.str;
#77 5.510                     ^   ~~~~~~~~~~~~~~~~~~~
#77 5.510 src/fftools/ffmpeg_opt.c:2944:11: warning: assigning to 'const char *' from 'uint8_t *' (aka 'unsigned char *') converts between pointers to integer types where one is of the unique plain 'char' type and the other is not [-Wpointer-sign]
#77 5.511         p = o->program[i].u.str;
#77 5.511           ^ ~~~~~~~~~~~~~~~~~~~
#77 5.511 src/fftools/ffmpeg_opt.c:2986:22: warning: passing 'uint8_t *' (aka 'unsigned char *') to parameter of type 'const char *' converts between pointers to integer types where one is of the unique plain 'char' type and the other is not [-Wpointer-sign]
#77 5.511         val = strchr(o->metadata[i].u.str, '=');
#77 5.511                      ^~~~~~~~~~~~~~~~~~~~
#77 5.511 /emsdk/upstream/emscripten/cache/sysroot/include/string.h:45:27: note: passing argument to parameter here
#77 5.511 char *strchr (const char *, int);
#77 5.511                           ^
#77 5.511 src/fftools/ffmpeg_opt.c:2999:33: warning: passing 'uint8_t *' (aka 'unsigned char *') to parameter of type 'const char *' converts between pointers to integer types where one is of the unique plain 'char' type and the other is not [-Wpointer-sign]
#77 5.511                     if (!strcmp(o->metadata[i].u.str, "rotate")) {
#77 5.511                                 ^~~~~~~~~~~~~~~~~~~~
#77 5.511 /emsdk/upstream/emscripten/cache/sysroot/include/string.h:39:25: note: passing argument to parameter here
#77 5.511 int strcmp (const char *, const char *);
#77 5.511                         ^
#77 5.511 src/fftools/ffmpeg_opt.c:3007:64: warning: passing 'uint8_t *' (aka 'unsigned char *') to parameter of type 'const char *' converts between pointers to integer types where one is of the unique plain 'char' type and the other is not [-Wpointer-sign]
#77 5.511                         av_dict_set(&oc->streams[j]->metadata, o->metadata[i].u.str, *val ? val : NULL, 0);
#77 5.511                                                                ^~~~~~~~~~~~~~~~~~~~
#77 5.511 ./libavutil/dict.h:128:48: note: passing argument to parameter 'key' here
#77 5.511 int av_dict_set(AVDictionary **pm, const char *key, const char *value, int flags);
#77 5.511                                                ^
#77 5.512 src/fftools/ffmpeg_opt.c:3036:28: warning: passing 'uint8_t *' (aka 'unsigned char *') to parameter of type 'const char *' converts between pointers to integer types where one is of the unique plain 'char' type and the other is not [-Wpointer-sign]
#77 5.512             av_dict_set(m, o->metadata[i].u.str, *val ? val : NULL, 0);
#77 5.512                            ^~~~~~~~~~~~~~~~~~~~
#77 5.512 ./libavutil/dict.h:128:48: note: passing argument to parameter 'key' here
#77 5.512 int av_dict_set(AVDictionary **pm, const char *key, const char *value, int flags);
#77 5.512                                                ^
#77 5.514 src/fftools/ffmpeg_opt.c:3262:5: warning: assigning to 'const char *' from 'uint8_t *' (aka 'unsigned char *') converts between pointers to integer types where one is of the unique plain 'char' type and the other is not [-Wpointer-sign]
#77 5.514     MATCH_PER_TYPE_OPT(codec_names, str, codec_name, NULL, tmp_line);
#77 5.514     ^~~~~~~~~~~~~~~~~~~~~~~~~~~~~~~~~~~~~~~~~~~~~~~~~~~~~~~~~~~~~~~~
#77 5.514 src/fftools/ffmpeg_opt.c:146:20: note: expanded from macro 'MATCH_PER_TYPE_OPT'
#77 5.514             outvar = o->name[i].u.type;\
#77 5.514                    ^ ~~~~~~~~~~~~~~~~~
#77 5.537 src/fftools/ffmpeg_opt.c:3604:26: warning: passing 'uint8_t[128]' (aka 'unsigned char[128]') to parameter of type 'char *' converts between pointers to integer types where one is of the unique plain 'char' type and the other is not [-Wpointer-sign]
#77 5.537         av_strerror(ret, error, sizeof(error));
#77 5.537                          ^~~~~
#77 5.537 ./libavutil/error.h:99:35: note: passing argument to parameter 'errbuf' here
#77 5.537 int av_strerror(int errnum, char *errbuf, size_t errbuf_size);
#77 5.537                                   ^
#77 6.435 60 warnings generated.
#77 6.706 src/fftools/opt_common.c:950:22: warning: using the result of an assignment as a condition without parentheses [-Wparentheses]
#77 6.707     for (i = 0; name = av_get_known_color_name(i, &rgb); i++)
#77 6.707                 ~~~~~^~~~~~~~~~~~~~~~~~~~~~~~~~~~~~~~~~
#77 6.708 src/fftools/opt_common.c:950:22: note: place parentheses around the assignment to silence this warning
#77 6.708     for (i = 0; name = av_get_known_color_name(i, &rgb); i++)
#77 6.708                      ^
#77 6.708                 (                                      )
#77 6.708 src/fftools/opt_common.c:950:22: note: use '==' to turn this assignment into an equality comparison
#77 6.708     for (i = 0; name = av_get_known_color_name(i, &rgb); i++)
#77 6.708                      ^
#77 6.708                      ==
#77 6.710 src/fftools/opt_common.c:1012:22: warning: using the result of an assignment as a condition without parentheses [-Wparentheses]
#77 6.710     while (ch_layout = av_channel_layout_standard(&iter)) {
#77 6.710            ~~~~~~~~~~^~~~~~~~~~~~~~~~~~~~~~~~~~~~~~~~~~~
#77 6.710 src/fftools/opt_common.c:1012:22: note: place parentheses around the assignment to silence this warning
#77 6.710     while (ch_layout = av_channel_layout_standard(&iter)) {
#77 6.710                      ^
#77 6.710            (                                            )
#77 6.710 src/fftools/opt_common.c:1012:22: note: use '==' to turn this assignment into an equality comparison
#77 6.710     while (ch_layout = av_channel_layout_standard(&iter)) {
#77 6.710                      ^
#77 6.710                      ==
#77 7.291 2 warnings generated.
#77 7.533 src/fftools/ffprobe.c:639:28: warning: passing 'const char *' to parameter of type 'const unsigned char *' converts between pointers to integer types where one is of the unique plain 'char' type and the other is not [-Wpointer-sign]
#77 7.534     avio_write(wctx->avio, str, strlen(str));
#77 7.534                            ^~~
#77 7.534 ./libavformat/avio.h:428:54: note: passing argument to parameter 'buf' here
#77 7.534 void avio_write(AVIOContext *s, const unsigned char *buf, int size);
#77 7.534                                                      ^
#77 7.535 src/fftools/ffprobe.c:724:24: warning: initializing 'const uint8_t *' (aka 'const unsigned char *') with an expression of type 'char *' converts between pointers to integer types where one is of the unique plain 'char' type and the other is not [-Wpointer-sign]
#77 7.536         const uint8_t *p = (*wctx)->string_validation_replacement;
#77 7.536                        ^   ~~~~~~~~~~~~~~~~~~~~~~~~~~~~~~~~~~~~~~
#77 7.536 src/fftools/ffprobe.c:725:42: warning: passing 'const uint8_t *' (aka 'const unsigned char *') to parameter of type 'const char *' converts between pointers to integer types where one is of the unique plain 'char' type and the other is not [-Wpointer-sign]
#77 7.536         const uint8_t *endp = p + strlen(p);
#77 7.536                                          ^
#77 7.536 /emsdk/upstream/emscripten/cache/sysroot/include/string.h:54:28: note: passing argument to parameter here
#77 7.536 size_t strlen (const char *);
#77 7.536                            ^
#77 7.538 src/fftools/ffprobe.c:832:10: warning: assigning to 'const uint8_t *' (aka 'const unsigned char *') from 'const char *' converts between pointers to integer types where one is of the unique plain 'char' type and the other is not [-Wpointer-sign]
#77 7.538     endp = src + strlen(src);
#77 7.538          ^ ~~~~~~~~~~~~~~~~~
#77 7.538 src/fftools/ffprobe.c:838:28: warning: passing 'uint32_t *' (aka 'unsigned int *') to parameter of type 'int32_t *' (aka 'int *') converts between pointers to integer types with different sign [-Wpointer-sign]
#77 7.538         if (av_utf8_decode(&code, &p, endp, wctx->string_validation_utf8_flags) < 0) {
#77 7.538                            ^~~~~
#77 7.538 ./libavutil/avstring.h:417:29: note: passing argument to parameter 'codep' here
#77 7.538 int av_utf8_decode(int32_t *codep, const uint8_t **bufp, const uint8_t *buf_end,
#77 7.538                             ^
#77 7.540 src/fftools/ffprobe.c:865:44: warning: passing 'const uint8_t *' (aka 'const unsigned char *') to parameter of type 'const char *' converts between pointers to integer types where one is of the unique plain 'char' type and the other is not [-Wpointer-sign]
#77 7.540             av_bprint_append_data(&dstbuf, p0, p-p0);
#77 7.540                                            ^~
#77 7.540 ./libavutil/bprint.h:146:55: note: passing argument to parameter 'data' here
#77 7.540 void av_bprint_append_data(AVBPrint *buf, const char *data, unsigned size);
#77 7.540                                                       ^
#77 7.541 src/fftools/ffprobe.c:994:29: warning: passing 'char *' to parameter of type 'uint8_t *' (aka 'unsigned char *') converts between pointers to integer types where one is of the unique plain 'char' type and the other is not [-Wpointer-sign]
#77 7.541     av_hash_final_hex(hash, p, buf + sizeof(buf) - p);
#77 7.541                             ^
#77 7.541 ./libavutil/hash.h:232:60: note: passing argument to parameter 'dst' here
#77 7.541 void av_hash_final_hex(struct AVHashContext *ctx, uint8_t *dst, int size);
#77 7.541                                                            ^
#77 7.545 src/fftools/ffprobe.c:1525:14: warning: using the result of an assignment as a condition without parentheses [-Wparentheses]
#77 7.545     while (c = src[i++]) {
#77 7.545            ~~^~~~~~~~~~
#77 7.546 src/fftools/ffprobe.c:1525:14: note: place parentheses around the assignment to silence this warning
#77 7.546     while (c = src[i++]) {
#77 7.546              ^
#77 7.546            (           )
#77 7.546 src/fftools/ffprobe.c:1525:14: note: use '==' to turn this assignment into an equality comparison
#77 7.546     while (c = src[i++]) {
#77 7.546              ^
#77 7.546              ==
#77 7.549 src/fftools/ffprobe.c:2107:25: warning: enumeration value 'AV_DOVI_NLQ_NONE' not handled in switch [-Wswitch]
#77 7.550                 switch (mapping->nlq_method_idc) {
#77 7.550                         ^~~~~~~~~~~~~~~~~~~~~~~
#77 7.552 src/fftools/ffprobe.c:2632:13: warning: 5 enumeration values not handled in switch: 'AVMEDIA_TYPE_UNKNOWN', 'AVMEDIA_TYPE_DATA', 'AVMEDIA_TYPE_SUBTITLE'... [-Wswitch]
#77 7.552     switch (stream->codecpar->codec_type) {
#77 7.552             ^~~~~~~~~~~~~~~~~~~~~~~~~~~~
#77 7.553 src/fftools/ffprobe.c:2811:13: warning: add explicit braces to avoid dangling else [-Wdangling-else]
#77 7.553             else
#77 7.553             ^
#77 7.556 src/fftools/ffprobe.c:2995:12: warning: using the result of an assignment as a condition without parentheses [-Wparentheses]
#77 7.556     if (cd = avcodec_descriptor_get(par->codec_id)) {
#77 7.556         ~~~^~~~~~~~~~~~~~~~~~~~~~~~~~~~~~~~~~~~~~~
#77 7.556 src/fftools/ffprobe.c:2995:12: note: place parentheses around the assignment to silence this warning
#77 7.556     if (cd = avcodec_descriptor_get(par->codec_id)) {
#77 7.556            ^
#77 7.556         (                                         )
#77 7.556 src/fftools/ffprobe.c:2995:12: note: use '==' to turn this assignment into an equality comparison
#77 7.556     if (cd = avcodec_descriptor_get(par->codec_id)) {
#77 7.556            ^
#77 7.556            ==
#77 7.556 src/fftools/ffprobe.c:3027:13: warning: 4 enumeration values not handled in switch: 'AVMEDIA_TYPE_UNKNOWN', 'AVMEDIA_TYPE_DATA', 'AVMEDIA_TYPE_ATTACHMENT'... [-Wswitch]
#77 7.557     switch (par->codec_type) {
#77 7.557             ^~~~~~~~~~~~~~~
#77 7.557 src/fftools/ffprobe.c:3109:20: warning: using the result of an assignment as a condition without parentheses [-Wparentheses]
#77 7.557         while (opt = av_opt_next(dec_ctx->priv_data,opt)) {
#77 7.557                ~~~~^~~~~~~~~~~~~~~~~~~~~~~~~~~~~~~~~~~~~
#77 7.557 src/fftools/ffprobe.c:3109:20: note: place parentheses around the assignment to silence this warning
#77 7.557         while (opt = av_opt_next(dec_ctx->priv_data,opt)) {
#77 7.557                    ^
#77 7.557                (                                        )
#77 7.557 src/fftools/ffprobe.c:3109:20: note: use '==' to turn this assignment into an equality comparison
#77 7.559         while (opt = av_opt_next(dec_ctx->priv_data,opt)) {
#77 7.559                    ^
#77 7.559                    ==
#77 7.559 src/fftools/ffprobe.c:3113:38: warning: passing 'uint8_t *' (aka 'unsigned char *') to parameter of type 'const char *' converts between pointers to integer types where one is of the unique plain 'char' type and the other is not [-Wpointer-sign]
#77 7.559                 print_str(opt->name, str);
#77 7.559                                      ^~~
#77 7.559 src/fftools/ffprobe.c:1963:59: note: expanded from macro 'print_str'
#77 7.559 #define print_str(k, v)         writer_print_string(w, k, v, 0)
#77 7.559                                                           ^
#77 7.559 src/fftools/ffprobe.c:883:68: note: passing argument to parameter 'val' here
#77 7.559                                       const char *key, const char *val, int flags)
#77 7.559                                                                    ^
#77 7.560 src/fftools/ffprobe.c:3606:20: warning: using the result of an assignment as a condition without parentheses [-Wparentheses]
#77 7.560     while (pixdesc = av_pix_fmt_desc_next(pixdesc)) {
#77 7.560            ~~~~~~~~^~~~~~~~~~~~~~~~~~~~~~~~~~~~~~~
#77 7.560 src/fftools/ffprobe.c:3606:20: note: place parentheses around the assignment to silence this warning
#77 7.561     while (pixdesc = av_pix_fmt_desc_next(pixdesc)) {
#77 7.561                    ^
#77 7.561            (                                      )
#77 7.561 src/fftools/ffprobe.c:3606:20: note: use '==' to turn this assignment into an equality comparison
#77 7.561     while (pixdesc = av_pix_fmt_desc_next(pixdesc)) {
#77 7.561                    ^
#77 7.561                    ==
#77 8.855 16 warnings generated.
#77 8.878 cache:INFO: generating system asset: symbol_lists/083d0b363dff3dd73ac0232987d5b60d31804299.json... (this will be cached in "/emsdk/upstream/emscripten/cache/symbol_lists/083d0b363dff3dd73ac0232987d5b60d31804299.json" for subsequent builds)
#77 9.181 cache:INFO:  - ok
#77 9.380 wasm-ld: warning: function signature mismatch: x265_10bit_cpu_xgetbv
#77 9.380 >>> defined as (i32) -> i64 in /opt/lib/libx265.a(cpu.cpp.o)
#77 9.380 >>> defined as (i32, i32, i32) -> void in /opt/lib/libx265.a(primitives.cpp.o)
#77 9.380 
#77 9.380 wasm-ld: warning: function signature mismatch: x265_cpu_xgetbv
#77 9.380 >>> defined as (i32) -> i64 in /opt/lib/libx265.a(cpu.cpp.o)
#77 9.380 >>> defined as (i32, i32, i32) -> void in /opt/lib/libx265.a(primitives.cpp.o)
#77 9.380 
#77 9.380 wasm-ld: warning: function signature mismatch: x265_12bit_cpu_xgetbv
#77 9.380 >>> defined as (i32) -> i64 in /opt/lib/libx265.a(cpu.cpp.o)
#77 9.380 >>> defined as (i32, i32, i32) -> void in /opt/lib/libx265.a(primitives.cpp.o)
#77 DONE 70.8s

#78 [exportor 1/1] COPY --from=ffmpeg-wasm-builder /src/dist /dist
#78 DONE 0.1s

#79 exporting to client directory
#79 copying files 49.36MB 0.1s
#79 copying files 64.70MB 0.1s done
#79 DONE 0.1s

 [33m5 warnings found (use docker --debug to expand):
[0m - UndefinedVar: Usage of undefined variable '$CFLAGS' (line 11)
 - UndefinedVar: Usage of undefined variable '$LDFLAGS' (did you mean $CFLAGS?) (line 13)
 - UndefinedVar: Usage of undefined variable '$EM_PKG_CONFIG_PATH' (line 14)
 - UndefinedVar: Usage of undefined variable '$PKG_CONFIG_PATH' (line 16)
 - LegacyKeyValueFormat: "ENV key=value" should be used instead of legacy "ENV key value" format (line 174)
