info: syncing channel updates for 1.96.0-aarch64-unknown-linux-gnu
info: latest update on 2026-05-28 for version 1.96.0 (ac68faa20 2026-05-25)
info: downloading 2 components
    Updating crates.io index
 Downloading crates ...
  Downloaded digest v0.10.7
  Downloaded errno v0.3.14
  Downloaded crypto-common v0.1.7
  Downloaded crc32fast v1.5.1
  Downloaded cfg-if v1.0.4
  Downloaded cpufeatures v0.2.17
  Downloaded color_quant v1.1.0
  Downloaded cfg_aliases v0.2.2
  Downloaded byteorder-lite v0.1.0
  Downloaded autocfg v1.5.1
  Downloaded data-url v0.3.2
  Downloaded fdeflate v0.3.7
  Downloaded fastrand v2.5.0
  Downloaded equivalent v1.0.2
  Downloaded adler2 v2.0.1
  Downloaded bytemuck_derive v1.12.1
  Downloaded rgb v0.8.53
  Downloaded block-buffer v0.10.4
  Downloaded siphasher v1.0.3
  Downloaded itoa v1.0.18
  Downloaded quick-error v2.0.1
  Downloaded arrayref v0.3.9
  Downloaded smallvec v1.16.0
  Downloaded tinyvec_macros v0.1.1
  Downloaded bytemuck v1.25.2
  Downloaded base64 v0.23.1
  Downloaded strict-num v0.1.1
  Downloaded pico-args v0.5.0
  Downloaded generic-array v0.14.7
  Downloaded float-cmp v0.9.0
  Downloaded quote v1.0.47
  Downloaded sha2 v0.10.9
  Downloaded xmlwriter v0.1.0
  Downloaded tempfile v3.27.0
  Downloaded gif v0.14.2
  Downloaded font-types v0.12.5
  Downloaded flate2 v1.1.10
  Downloaded version_check v0.9.5
  Downloaded unicode-vo v0.1.0
  Downloaded tinyvec v1.13.2
  Downloaded tiny-skia-path v0.12.0
  Downloaded svgtypes v0.16.1
  Downloaded simplecss v0.2.2
  Downloaded simd-adler32 v0.3.10
  Downloaded serde_core v1.0.229
  Downloaded polycool v0.4.0
  Downloaded pin-project-lite v0.2.17
  Downloaded imagesize v0.15.0
  Downloaded tracing-attributes v0.1.31
  Downloaded zmij v1.0.23
  Downloaded zune-core v0.5.3
  Downloaded unicode-ident v1.0.24
  Downloaded unicode-script v0.5.8
  Downloaded unicode-bidi v0.3.18
  Downloaded roxmltree v0.21.1
  Downloaded uuid v1.26.0
  Downloaded memchr v2.8.3
  Downloaded weezl v0.1.12
  Downloaded zune-jpeg v0.5.15
  Downloaded typenum v1.20.1
  Downloaded fontdb v0.24.0
  Downloaded serde_json v1.0.151
  Downloaded hashbrown v0.17.1
  Downloaded png v0.18.1
  Downloaded indexmap v2.14.2
  Downloaded tracing-core v0.1.36
  Downloaded serde v1.0.229
  Downloaded image-webp v0.2.4
  Downloaded miniz_oxide v0.8.9
  Downloaded euclid v0.22.14
  Downloaded miniz_oxide v0.9.1
  Downloaded getrandom v0.4.3
  Downloaded bitflags v2.13.1
  Downloaded arrayvec v0.7.8
  Downloaded slotmap v1.1.1
  Downloaded serde_derive v1.0.229
  Downloaded resvg v0.48.1
  Downloaded proc-macro2 v1.0.107
  Downloaded once_cell v1.21.4
  Downloaded log v0.4.34
  Downloaded num-traits v0.2.19
  Downloaded usvg v0.48.1
  Downloaded kurbo v0.13.1
  Downloaded process-wrap v10.0.0
  Downloaded zlib-rs v0.6.7
  Downloaded tiny-skia v0.12.0
  Downloaded harfrust v0.12.0
  Downloaded syn v3.0.5
  Downloaded syn v2.0.119
  Downloaded nix v0.31.3
  Downloaded skrifa v0.44.0
  Downloaded rustix v1.1.4
  Downloaded tracing v0.1.44
  Downloaded read-fonts v0.41.0
  Downloaded libc v0.2.189
  Downloaded linux-raw-sys v0.12.1
   Compiling z8-native v0.1.0 (/work/src-tauri/native)
    Finished `release` profile [optimized] target(s) in 15.47s
[validation] magick ["-size", "32x24", "xc:black", "-fill", "white", "-draw", "rectangle 0,0 15,11", "-fill", "red", "-draw", "rectangle 16,0 31,11", "-fill", "blue", "-draw", "rectangle 0,12 15,23", "-fill", "lime", "-draw", "rectangle 16,12 31,23", "PNG:/tmp/.tmpYQObaU/matrix-source.png"]
[validation] magick ["identify", "-format", "%w %h", "PNG:/tmp/.tmpYQObaU/image-input.png"]
[validation] magick ["identify", "-format", "%w %h", "PNG:/tmp/.tmpYQObaU/output/image-input-z8-1.png"]
[validation] magick ["PNG:/tmp/.tmpYQObaU/output/image-input-z8-1.png", "-auto-orient", "-depth", "8", "RGBA:/tmp/.tmpYQObaU/decoded-image-png-Png.rgba"]
[validation] magick ["identify", "-format", "%w %h", "JPEG:/tmp/.tmpYQObaU/output/image-input-z8-1.jpg"]
[validation] magick ["JPEG:/tmp/.tmpYQObaU/output/image-input-z8-1.jpg", "-auto-orient", "-depth", "8", "RGBA:/tmp/.tmpYQObaU/decoded-image-png-Jpeg.rgba"]
[validation] magick ["identify", "-format", "%w %h", "WEBP:/tmp/.tmpYQObaU/output/image-input-z8-1.webp"]
[validation] magick ["WEBP:/tmp/.tmpYQObaU/output/image-input-z8-1.webp", "-auto-orient", "-depth", "8", "RGBA:/tmp/.tmpYQObaU/decoded-image-png-Webp.rgba"]
[validation] magick ["identify", "-format", "%w %h", "AVIF:/tmp/.tmpYQObaU/output/image-input-z8-1.avif"]
[validation] magick ["AVIF:/tmp/.tmpYQObaU/output/image-input-z8-1.avif", "-auto-orient", "-depth", "8", "RGBA:/tmp/.tmpYQObaU/decoded-image-png-Avif.rgba"]
[validation] magick ["identify", "-format", "%w %h", "BMP3:/tmp/.tmpYQObaU/output/image-input-z8-1.bmp"]
[validation] magick ["BMP3:/tmp/.tmpYQObaU/output/image-input-z8-1.bmp", "-auto-orient", "-depth", "8", "RGBA:/tmp/.tmpYQObaU/decoded-image-png-Bmp.rgba"]
[validation] magick ["identify", "-format", "%w %h", "TGA:/tmp/.tmpYQObaU/output/image-input-z8-1.tga"]
[validation] magick ["TGA:/tmp/.tmpYQObaU/output/image-input-z8-1.tga", "-auto-orient", "-depth", "8", "RGBA:/tmp/.tmpYQObaU/decoded-image-png-Tga.rgba"]
[validation] magick ["identify", "-format", "%w %h", "QOI:/tmp/.tmpYQObaU/output/image-input-z8-1.qoi"]
[validation] magick ["QOI:/tmp/.tmpYQObaU/output/image-input-z8-1.qoi", "-auto-orient", "-depth", "8", "RGBA:/tmp/.tmpYQObaU/decoded-image-png-Qoi.rgba"]
[validation] magick ["identify", "-format", "%w %h", "PBM:/tmp/.tmpYQObaU/output/image-input-z8-1.pbm"]
[validation] magick ["PBM:/tmp/.tmpYQObaU/output/image-input-z8-1.pbm", "-auto-orient", "-depth", "8", "RGBA:/tmp/.tmpYQObaU/decoded-image-png-Pbm.rgba"]
[validation] magick ["identify", "-format", "%w %h", "PGM:/tmp/.tmpYQObaU/output/image-input-z8-1.pgm"]
[validation] magick ["PGM:/tmp/.tmpYQObaU/output/image-input-z8-1.pgm", "-auto-orient", "-depth", "8", "RGBA:/tmp/.tmpYQObaU/decoded-image-png-Pgm.rgba"]
[validation] magick ["identify", "-format", "%w %h", "PPM:/tmp/.tmpYQObaU/output/image-input-z8-1.ppm"]
[validation] magick ["PPM:/tmp/.tmpYQObaU/output/image-input-z8-1.ppm", "-auto-orient", "-depth", "8", "RGBA:/tmp/.tmpYQObaU/decoded-image-png-Ppm.rgba"]
[validation] magick ["identify", "-format", "%w %h", "PNM:/tmp/.tmpYQObaU/output/image-input-z8-1.pnm"]
[validation] magick ["PNM:/tmp/.tmpYQObaU/output/image-input-z8-1.pnm", "-auto-orient", "-depth", "8", "RGBA:/tmp/.tmpYQObaU/decoded-image-png-Pnm.rgba"]
[validation] magick ["identify", "-format", "%w %h", "PAM:/tmp/.tmpYQObaU/output/image-input-z8-1.pam"]
[validation] magick ["PAM:/tmp/.tmpYQObaU/output/image-input-z8-1.pam", "-auto-orient", "-depth", "8", "RGBA:/tmp/.tmpYQObaU/decoded-image-png-Pam.rgba"]
[validation] magick ["identify", "-format", "%w %h", "GIF:/tmp/.tmpYQObaU/output/image-input-z8-1.gif"]
[validation] magick ["GIF:/tmp/.tmpYQObaU/output/image-input-z8-1.gif", "-auto-orient", "-depth", "8", "RGBA:/tmp/.tmpYQObaU/decoded-image-png-Gif.rgba"]
[validation] magick ["identify", "-format", "%w %h", "TIFF:/tmp/.tmpYQObaU/output/image-input-z8-1.tiff"]
[validation] magick ["TIFF:/tmp/.tmpYQObaU/output/image-input-z8-1.tiff", "-auto-orient", "-depth", "8", "RGBA:/tmp/.tmpYQObaU/decoded-image-png-Tiff.rgba"]
[validation] magick ["identify", "-format", "%w %h", "ICO:/tmp/.tmpYQObaU/output/image-input-z8-1.ico"]
[validation] magick ["ICO:/tmp/.tmpYQObaU/output/image-input-z8-1.ico", "-auto-orient", "-depth", "8", "RGBA:/tmp/.tmpYQObaU/decoded-image-png-Ico.rgba"]
[validation] magick ["identify", "-format", "%w %h", "PCX:/tmp/.tmpYQObaU/output/image-input-z8-1.pcx"]
[validation] magick ["PCX:/tmp/.tmpYQObaU/output/image-input-z8-1.pcx", "-auto-orient", "-depth", "8", "RGBA:/tmp/.tmpYQObaU/decoded-image-png-Pcx.rgba"]
[validation] magick ["identify", "-format", "%w %h", "XBM:/tmp/.tmpYQObaU/output/image-input-z8-1.xbm"]
[validation] magick ["XBM:/tmp/.tmpYQObaU/output/image-input-z8-1.xbm", "-auto-orient", "-depth", "8", "RGBA:/tmp/.tmpYQObaU/decoded-image-png-Xbm.rgba"]
[validation] magick ["identify", "-format", "%w %h", "XPM:/tmp/.tmpYQObaU/output/image-input-z8-1.xpm"]
[validation] magick ["XPM:/tmp/.tmpYQObaU/output/image-input-z8-1.xpm", "-auto-orient", "-depth", "8", "RGBA:/tmp/.tmpYQObaU/decoded-image-png-Xpm.rgba"]
[validation] magick ["identify", "-format", "%w %h", "HEIC:/tmp/.tmpYQObaU/output/image-input-z8-1.heic"]
[validation] magick ["HEIC:/tmp/.tmpYQObaU/output/image-input-z8-1.heic", "-auto-orient", "-depth", "8", "RGBA:/tmp/.tmpYQObaU/decoded-image-png-Heic.rgba"]
[validation] magick ["identify", "-format", "%w %h", "HEIC:/tmp/.tmpYQObaU/output/image-input-z8-1.heif"]
[validation] magick ["HEIC:/tmp/.tmpYQObaU/output/image-input-z8-1.heif", "-auto-orient", "-depth", "8", "RGBA:/tmp/.tmpYQObaU/decoded-image-png-Heif.rgba"]
[validation] magick ["identify", "-format", "%w %h", "JXL:/tmp/.tmpYQObaU/output/image-input-z8-1.jxl"]
[validation] magick ["JXL:/tmp/.tmpYQObaU/output/image-input-z8-1.jxl", "-auto-orient", "-depth", "8", "RGBA:/tmp/.tmpYQObaU/decoded-image-png-Jxl.rgba"]
[validation] magick ["PNG:/tmp/.tmpYQObaU/matrix-source.png", "JPEG:/tmp/.tmpYQObaU/image-input.jpg"]
[validation] magick ["identify", "-format", "%w %h", "JPEG:/tmp/.tmpYQObaU/image-input.jpg"]
[validation] magick ["identify", "-format", "%w %h", "PNG:/tmp/.tmpYQObaU/output/image-input-z8-2.png"]
[validation] magick ["PNG:/tmp/.tmpYQObaU/output/image-input-z8-2.png", "-auto-orient", "-depth", "8", "RGBA:/tmp/.tmpYQObaU/decoded-image-jpg-Png.rgba"]
[validation] magick ["identify", "-format", "%w %h", "JPEG:/tmp/.tmpYQObaU/output/image-input-z8-2.jpg"]
[validation] magick ["JPEG:/tmp/.tmpYQObaU/output/image-input-z8-2.jpg", "-auto-orient", "-depth", "8", "RGBA:/tmp/.tmpYQObaU/decoded-image-jpg-Jpeg.rgba"]
[validation] magick ["identify", "-format", "%w %h", "WEBP:/tmp/.tmpYQObaU/output/image-input-z8-2.webp"]
[validation] magick ["WEBP:/tmp/.tmpYQObaU/output/image-input-z8-2.webp", "-auto-orient", "-depth", "8", "RGBA:/tmp/.tmpYQObaU/decoded-image-jpg-Webp.rgba"]
[validation] magick ["identify", "-format", "%w %h", "AVIF:/tmp/.tmpYQObaU/output/image-input-z8-2.avif"]
[validation] magick ["AVIF:/tmp/.tmpYQObaU/output/image-input-z8-2.avif", "-auto-orient", "-depth", "8", "RGBA:/tmp/.tmpYQObaU/decoded-image-jpg-Avif.rgba"]
[validation] magick ["identify", "-format", "%w %h", "BMP3:/tmp/.tmpYQObaU/output/image-input-z8-2.bmp"]
[validation] magick ["BMP3:/tmp/.tmpYQObaU/output/image-input-z8-2.bmp", "-auto-orient", "-depth", "8", "RGBA:/tmp/.tmpYQObaU/decoded-image-jpg-Bmp.rgba"]
[validation] magick ["identify", "-format", "%w %h", "TGA:/tmp/.tmpYQObaU/output/image-input-z8-2.tga"]
[validation] magick ["TGA:/tmp/.tmpYQObaU/output/image-input-z8-2.tga", "-auto-orient", "-depth", "8", "RGBA:/tmp/.tmpYQObaU/decoded-image-jpg-Tga.rgba"]
[validation] magick ["identify", "-format", "%w %h", "QOI:/tmp/.tmpYQObaU/output/image-input-z8-2.qoi"]
[validation] magick ["QOI:/tmp/.tmpYQObaU/output/image-input-z8-2.qoi", "-auto-orient", "-depth", "8", "RGBA:/tmp/.tmpYQObaU/decoded-image-jpg-Qoi.rgba"]
[validation] magick ["identify", "-format", "%w %h", "PBM:/tmp/.tmpYQObaU/output/image-input-z8-2.pbm"]
[validation] magick ["PBM:/tmp/.tmpYQObaU/output/image-input-z8-2.pbm", "-auto-orient", "-depth", "8", "RGBA:/tmp/.tmpYQObaU/decoded-image-jpg-Pbm.rgba"]
[validation] magick ["identify", "-format", "%w %h", "PGM:/tmp/.tmpYQObaU/output/image-input-z8-2.pgm"]
[validation] magick ["PGM:/tmp/.tmpYQObaU/output/image-input-z8-2.pgm", "-auto-orient", "-depth", "8", "RGBA:/tmp/.tmpYQObaU/decoded-image-jpg-Pgm.rgba"]
[validation] magick ["identify", "-format", "%w %h", "PPM:/tmp/.tmpYQObaU/output/image-input-z8-2.ppm"]
[validation] magick ["PPM:/tmp/.tmpYQObaU/output/image-input-z8-2.ppm", "-auto-orient", "-depth", "8", "RGBA:/tmp/.tmpYQObaU/decoded-image-jpg-Ppm.rgba"]
[validation] magick ["identify", "-format", "%w %h", "PNM:/tmp/.tmpYQObaU/output/image-input-z8-2.pnm"]
[validation] magick ["PNM:/tmp/.tmpYQObaU/output/image-input-z8-2.pnm", "-auto-orient", "-depth", "8", "RGBA:/tmp/.tmpYQObaU/decoded-image-jpg-Pnm.rgba"]
[validation] magick ["identify", "-format", "%w %h", "PAM:/tmp/.tmpYQObaU/output/image-input-z8-2.pam"]
[validation] magick ["PAM:/tmp/.tmpYQObaU/output/image-input-z8-2.pam", "-auto-orient", "-depth", "8", "RGBA:/tmp/.tmpYQObaU/decoded-image-jpg-Pam.rgba"]
[validation] magick ["identify", "-format", "%w %h", "GIF:/tmp/.tmpYQObaU/output/image-input-z8-2.gif"]
[validation] magick ["GIF:/tmp/.tmpYQObaU/output/image-input-z8-2.gif", "-auto-orient", "-depth", "8", "RGBA:/tmp/.tmpYQObaU/decoded-image-jpg-Gif.rgba"]
[validation] magick ["identify", "-format", "%w %h", "TIFF:/tmp/.tmpYQObaU/output/image-input-z8-2.tiff"]
[validation] magick ["TIFF:/tmp/.tmpYQObaU/output/image-input-z8-2.tiff", "-auto-orient", "-depth", "8", "RGBA:/tmp/.tmpYQObaU/decoded-image-jpg-Tiff.rgba"]
[validation] magick ["identify", "-format", "%w %h", "ICO:/tmp/.tmpYQObaU/output/image-input-z8-2.ico"]
[validation] magick ["ICO:/tmp/.tmpYQObaU/output/image-input-z8-2.ico", "-auto-orient", "-depth", "8", "RGBA:/tmp/.tmpYQObaU/decoded-image-jpg-Ico.rgba"]
[validation] magick ["identify", "-format", "%w %h", "PCX:/tmp/.tmpYQObaU/output/image-input-z8-2.pcx"]
[validation] magick ["PCX:/tmp/.tmpYQObaU/output/image-input-z8-2.pcx", "-auto-orient", "-depth", "8", "RGBA:/tmp/.tmpYQObaU/decoded-image-jpg-Pcx.rgba"]
[validation] magick ["identify", "-format", "%w %h", "XBM:/tmp/.tmpYQObaU/output/image-input-z8-2.xbm"]
[validation] magick ["XBM:/tmp/.tmpYQObaU/output/image-input-z8-2.xbm", "-auto-orient", "-depth", "8", "RGBA:/tmp/.tmpYQObaU/decoded-image-jpg-Xbm.rgba"]
[validation] magick ["identify", "-format", "%w %h", "XPM:/tmp/.tmpYQObaU/output/image-input-z8-2.xpm"]
[validation] magick ["XPM:/tmp/.tmpYQObaU/output/image-input-z8-2.xpm", "-auto-orient", "-depth", "8", "RGBA:/tmp/.tmpYQObaU/decoded-image-jpg-Xpm.rgba"]
[validation] magick ["identify", "-format", "%w %h", "HEIC:/tmp/.tmpYQObaU/output/image-input-z8-2.heic"]
[validation] magick ["HEIC:/tmp/.tmpYQObaU/output/image-input-z8-2.heic", "-auto-orient", "-depth", "8", "RGBA:/tmp/.tmpYQObaU/decoded-image-jpg-Heic.rgba"]
[validation] magick ["identify", "-format", "%w %h", "HEIC:/tmp/.tmpYQObaU/output/image-input-z8-2.heif"]
[validation] magick ["HEIC:/tmp/.tmpYQObaU/output/image-input-z8-2.heif", "-auto-orient", "-depth", "8", "RGBA:/tmp/.tmpYQObaU/decoded-image-jpg-Heif.rgba"]
[validation] magick ["identify", "-format", "%w %h", "JXL:/tmp/.tmpYQObaU/output/image-input-z8-2.jxl"]
[validation] magick ["JXL:/tmp/.tmpYQObaU/output/image-input-z8-2.jxl", "-auto-orient", "-depth", "8", "RGBA:/tmp/.tmpYQObaU/decoded-image-jpg-Jxl.rgba"]
[validation] magick ["PNG:/tmp/.tmpYQObaU/matrix-source.png", "JPEG:/tmp/.tmpYQObaU/image-input.jpeg"]
[validation] magick ["identify", "-format", "%w %h", "JPEG:/tmp/.tmpYQObaU/image-input.jpeg"]
[validation] magick ["identify", "-format", "%w %h", "PNG:/tmp/.tmpYQObaU/output/image-input-z8-3.png"]
[validation] magick ["PNG:/tmp/.tmpYQObaU/output/image-input-z8-3.png", "-auto-orient", "-depth", "8", "RGBA:/tmp/.tmpYQObaU/decoded-image-jpeg-Png.rgba"]
[validation] magick ["identify", "-format", "%w %h", "JPEG:/tmp/.tmpYQObaU/output/image-input-z8-3.jpg"]
[validation] magick ["JPEG:/tmp/.tmpYQObaU/output/image-input-z8-3.jpg", "-auto-orient", "-depth", "8", "RGBA:/tmp/.tmpYQObaU/decoded-image-jpeg-Jpeg.rgba"]
[validation] magick ["identify", "-format", "%w %h", "WEBP:/tmp/.tmpYQObaU/output/image-input-z8-3.webp"]
[validation] magick ["WEBP:/tmp/.tmpYQObaU/output/image-input-z8-3.webp", "-auto-orient", "-depth", "8", "RGBA:/tmp/.tmpYQObaU/decoded-image-jpeg-Webp.rgba"]
[validation] magick ["identify", "-format", "%w %h", "AVIF:/tmp/.tmpYQObaU/output/image-input-z8-3.avif"]
[validation] magick ["AVIF:/tmp/.tmpYQObaU/output/image-input-z8-3.avif", "-auto-orient", "-depth", "8", "RGBA:/tmp/.tmpYQObaU/decoded-image-jpeg-Avif.rgba"]
[validation] magick ["identify", "-format", "%w %h", "BMP3:/tmp/.tmpYQObaU/output/image-input-z8-3.bmp"]
[validation] magick ["BMP3:/tmp/.tmpYQObaU/output/image-input-z8-3.bmp", "-auto-orient", "-depth", "8", "RGBA:/tmp/.tmpYQObaU/decoded-image-jpeg-Bmp.rgba"]
[validation] magick ["identify", "-format", "%w %h", "TGA:/tmp/.tmpYQObaU/output/image-input-z8-3.tga"]
[validation] magick ["TGA:/tmp/.tmpYQObaU/output/image-input-z8-3.tga", "-auto-orient", "-depth", "8", "RGBA:/tmp/.tmpYQObaU/decoded-image-jpeg-Tga.rgba"]
[validation] magick ["identify", "-format", "%w %h", "QOI:/tmp/.tmpYQObaU/output/image-input-z8-3.qoi"]
[validation] magick ["QOI:/tmp/.tmpYQObaU/output/image-input-z8-3.qoi", "-auto-orient", "-depth", "8", "RGBA:/tmp/.tmpYQObaU/decoded-image-jpeg-Qoi.rgba"]
[validation] magick ["identify", "-format", "%w %h", "PBM:/tmp/.tmpYQObaU/output/image-input-z8-3.pbm"]
[validation] magick ["PBM:/tmp/.tmpYQObaU/output/image-input-z8-3.pbm", "-auto-orient", "-depth", "8", "RGBA:/tmp/.tmpYQObaU/decoded-image-jpeg-Pbm.rgba"]
[validation] magick ["identify", "-format", "%w %h", "PGM:/tmp/.tmpYQObaU/output/image-input-z8-3.pgm"]
[validation] magick ["PGM:/tmp/.tmpYQObaU/output/image-input-z8-3.pgm", "-auto-orient", "-depth", "8", "RGBA:/tmp/.tmpYQObaU/decoded-image-jpeg-Pgm.rgba"]
[validation] magick ["identify", "-format", "%w %h", "PPM:/tmp/.tmpYQObaU/output/image-input-z8-3.ppm"]
[validation] magick ["PPM:/tmp/.tmpYQObaU/output/image-input-z8-3.ppm", "-auto-orient", "-depth", "8", "RGBA:/tmp/.tmpYQObaU/decoded-image-jpeg-Ppm.rgba"]
[validation] magick ["identify", "-format", "%w %h", "PNM:/tmp/.tmpYQObaU/output/image-input-z8-3.pnm"]
[validation] magick ["PNM:/tmp/.tmpYQObaU/output/image-input-z8-3.pnm", "-auto-orient", "-depth", "8", "RGBA:/tmp/.tmpYQObaU/decoded-image-jpeg-Pnm.rgba"]
[validation] magick ["identify", "-format", "%w %h", "PAM:/tmp/.tmpYQObaU/output/image-input-z8-3.pam"]
[validation] magick ["PAM:/tmp/.tmpYQObaU/output/image-input-z8-3.pam", "-auto-orient", "-depth", "8", "RGBA:/tmp/.tmpYQObaU/decoded-image-jpeg-Pam.rgba"]
[validation] magick ["identify", "-format", "%w %h", "GIF:/tmp/.tmpYQObaU/output/image-input-z8-3.gif"]
[validation] magick ["GIF:/tmp/.tmpYQObaU/output/image-input-z8-3.gif", "-auto-orient", "-depth", "8", "RGBA:/tmp/.tmpYQObaU/decoded-image-jpeg-Gif.rgba"]
[validation] magick ["identify", "-format", "%w %h", "TIFF:/tmp/.tmpYQObaU/output/image-input-z8-3.tiff"]
[validation] magick ["TIFF:/tmp/.tmpYQObaU/output/image-input-z8-3.tiff", "-auto-orient", "-depth", "8", "RGBA:/tmp/.tmpYQObaU/decoded-image-jpeg-Tiff.rgba"]
[validation] magick ["identify", "-format", "%w %h", "ICO:/tmp/.tmpYQObaU/output/image-input-z8-3.ico"]
[validation] magick ["ICO:/tmp/.tmpYQObaU/output/image-input-z8-3.ico", "-auto-orient", "-depth", "8", "RGBA:/tmp/.tmpYQObaU/decoded-image-jpeg-Ico.rgba"]
[validation] magick ["identify", "-format", "%w %h", "PCX:/tmp/.tmpYQObaU/output/image-input-z8-3.pcx"]
[validation] magick ["PCX:/tmp/.tmpYQObaU/output/image-input-z8-3.pcx", "-auto-orient", "-depth", "8", "RGBA:/tmp/.tmpYQObaU/decoded-image-jpeg-Pcx.rgba"]
[validation] magick ["identify", "-format", "%w %h", "XBM:/tmp/.tmpYQObaU/output/image-input-z8-3.xbm"]
[validation] magick ["XBM:/tmp/.tmpYQObaU/output/image-input-z8-3.xbm", "-auto-orient", "-depth", "8", "RGBA:/tmp/.tmpYQObaU/decoded-image-jpeg-Xbm.rgba"]
[validation] magick ["identify", "-format", "%w %h", "XPM:/tmp/.tmpYQObaU/output/image-input-z8-3.xpm"]
[validation] magick ["XPM:/tmp/.tmpYQObaU/output/image-input-z8-3.xpm", "-auto-orient", "-depth", "8", "RGBA:/tmp/.tmpYQObaU/decoded-image-jpeg-Xpm.rgba"]
[validation] magick ["identify", "-format", "%w %h", "HEIC:/tmp/.tmpYQObaU/output/image-input-z8-3.heic"]
[validation] magick ["HEIC:/tmp/.tmpYQObaU/output/image-input-z8-3.heic", "-auto-orient", "-depth", "8", "RGBA:/tmp/.tmpYQObaU/decoded-image-jpeg-Heic.rgba"]
[validation] magick ["identify", "-format", "%w %h", "HEIC:/tmp/.tmpYQObaU/output/image-input-z8-3.heif"]
[validation] magick ["HEIC:/tmp/.tmpYQObaU/output/image-input-z8-3.heif", "-auto-orient", "-depth", "8", "RGBA:/tmp/.tmpYQObaU/decoded-image-jpeg-Heif.rgba"]
[validation] magick ["identify", "-format", "%w %h", "JXL:/tmp/.tmpYQObaU/output/image-input-z8-3.jxl"]
[validation] magick ["JXL:/tmp/.tmpYQObaU/output/image-input-z8-3.jxl", "-auto-orient", "-depth", "8", "RGBA:/tmp/.tmpYQObaU/decoded-image-jpeg-Jxl.rgba"]
[validation] magick ["PNG:/tmp/.tmpYQObaU/matrix-source.png", "JPEG:/tmp/.tmpYQObaU/image-input.jpe"]
[validation] magick ["identify", "-format", "%w %h", "JPEG:/tmp/.tmpYQObaU/image-input.jpe"]
[validation] magick ["identify", "-format", "%w %h", "PNG:/tmp/.tmpYQObaU/output/image-input-z8-4.png"]
[validation] magick ["PNG:/tmp/.tmpYQObaU/output/image-input-z8-4.png", "-auto-orient", "-depth", "8", "RGBA:/tmp/.tmpYQObaU/decoded-image-jpe-Png.rgba"]
[validation] magick ["identify", "-format", "%w %h", "JPEG:/tmp/.tmpYQObaU/output/image-input-z8-4.jpg"]
[validation] magick ["JPEG:/tmp/.tmpYQObaU/output/image-input-z8-4.jpg", "-auto-orient", "-depth", "8", "RGBA:/tmp/.tmpYQObaU/decoded-image-jpe-Jpeg.rgba"]
[validation] magick ["identify", "-format", "%w %h", "WEBP:/tmp/.tmpYQObaU/output/image-input-z8-4.webp"]
[validation] magick ["WEBP:/tmp/.tmpYQObaU/output/image-input-z8-4.webp", "-auto-orient", "-depth", "8", "RGBA:/tmp/.tmpYQObaU/decoded-image-jpe-Webp.rgba"]
[validation] magick ["identify", "-format", "%w %h", "AVIF:/tmp/.tmpYQObaU/output/image-input-z8-4.avif"]
[validation] magick ["AVIF:/tmp/.tmpYQObaU/output/image-input-z8-4.avif", "-auto-orient", "-depth", "8", "RGBA:/tmp/.tmpYQObaU/decoded-image-jpe-Avif.rgba"]
[validation] magick ["identify", "-format", "%w %h", "BMP3:/tmp/.tmpYQObaU/output/image-input-z8-4.bmp"]
[validation] magick ["BMP3:/tmp/.tmpYQObaU/output/image-input-z8-4.bmp", "-auto-orient", "-depth", "8", "RGBA:/tmp/.tmpYQObaU/decoded-image-jpe-Bmp.rgba"]
[validation] magick ["identify", "-format", "%w %h", "TGA:/tmp/.tmpYQObaU/output/image-input-z8-4.tga"]
[validation] magick ["TGA:/tmp/.tmpYQObaU/output/image-input-z8-4.tga", "-auto-orient", "-depth", "8", "RGBA:/tmp/.tmpYQObaU/decoded-image-jpe-Tga.rgba"]
[validation] magick ["identify", "-format", "%w %h", "QOI:/tmp/.tmpYQObaU/output/image-input-z8-4.qoi"]
[validation] magick ["QOI:/tmp/.tmpYQObaU/output/image-input-z8-4.qoi", "-auto-orient", "-depth", "8", "RGBA:/tmp/.tmpYQObaU/decoded-image-jpe-Qoi.rgba"]
[validation] magick ["identify", "-format", "%w %h", "PBM:/tmp/.tmpYQObaU/output/image-input-z8-4.pbm"]
[validation] magick ["PBM:/tmp/.tmpYQObaU/output/image-input-z8-4.pbm", "-auto-orient", "-depth", "8", "RGBA:/tmp/.tmpYQObaU/decoded-image-jpe-Pbm.rgba"]
[validation] magick ["identify", "-format", "%w %h", "PGM:/tmp/.tmpYQObaU/output/image-input-z8-4.pgm"]
[validation] magick ["PGM:/tmp/.tmpYQObaU/output/image-input-z8-4.pgm", "-auto-orient", "-depth", "8", "RGBA:/tmp/.tmpYQObaU/decoded-image-jpe-Pgm.rgba"]
[validation] magick ["identify", "-format", "%w %h", "PPM:/tmp/.tmpYQObaU/output/image-input-z8-4.ppm"]
[validation] magick ["PPM:/tmp/.tmpYQObaU/output/image-input-z8-4.ppm", "-auto-orient", "-depth", "8", "RGBA:/tmp/.tmpYQObaU/decoded-image-jpe-Ppm.rgba"]
[validation] magick ["identify", "-format", "%w %h", "PNM:/tmp/.tmpYQObaU/output/image-input-z8-4.pnm"]
[validation] magick ["PNM:/tmp/.tmpYQObaU/output/image-input-z8-4.pnm", "-auto-orient", "-depth", "8", "RGBA:/tmp/.tmpYQObaU/decoded-image-jpe-Pnm.rgba"]
[validation] magick ["identify", "-format", "%w %h", "PAM:/tmp/.tmpYQObaU/output/image-input-z8-4.pam"]
[validation] magick ["PAM:/tmp/.tmpYQObaU/output/image-input-z8-4.pam", "-auto-orient", "-depth", "8", "RGBA:/tmp/.tmpYQObaU/decoded-image-jpe-Pam.rgba"]
[validation] magick ["identify", "-format", "%w %h", "GIF:/tmp/.tmpYQObaU/output/image-input-z8-4.gif"]
[validation] magick ["GIF:/tmp/.tmpYQObaU/output/image-input-z8-4.gif", "-auto-orient", "-depth", "8", "RGBA:/tmp/.tmpYQObaU/decoded-image-jpe-Gif.rgba"]
[validation] magick ["identify", "-format", "%w %h", "TIFF:/tmp/.tmpYQObaU/output/image-input-z8-4.tiff"]
[validation] magick ["TIFF:/tmp/.tmpYQObaU/output/image-input-z8-4.tiff", "-auto-orient", "-depth", "8", "RGBA:/tmp/.tmpYQObaU/decoded-image-jpe-Tiff.rgba"]
[validation] magick ["identify", "-format", "%w %h", "ICO:/tmp/.tmpYQObaU/output/image-input-z8-4.ico"]
[validation] magick ["ICO:/tmp/.tmpYQObaU/output/image-input-z8-4.ico", "-auto-orient", "-depth", "8", "RGBA:/tmp/.tmpYQObaU/decoded-image-jpe-Ico.rgba"]
[validation] magick ["identify", "-format", "%w %h", "PCX:/tmp/.tmpYQObaU/output/image-input-z8-4.pcx"]
[validation] magick ["PCX:/tmp/.tmpYQObaU/output/image-input-z8-4.pcx", "-auto-orient", "-depth", "8", "RGBA:/tmp/.tmpYQObaU/decoded-image-jpe-Pcx.rgba"]
[validation] magick ["identify", "-format", "%w %h", "XBM:/tmp/.tmpYQObaU/output/image-input-z8-4.xbm"]
[validation] magick ["XBM:/tmp/.tmpYQObaU/output/image-input-z8-4.xbm", "-auto-orient", "-depth", "8", "RGBA:/tmp/.tmpYQObaU/decoded-image-jpe-Xbm.rgba"]
[validation] magick ["identify", "-format", "%w %h", "XPM:/tmp/.tmpYQObaU/output/image-input-z8-4.xpm"]
[validation] magick ["XPM:/tmp/.tmpYQObaU/output/image-input-z8-4.xpm", "-auto-orient", "-depth", "8", "RGBA:/tmp/.tmpYQObaU/decoded-image-jpe-Xpm.rgba"]
[validation] magick ["identify", "-format", "%w %h", "HEIC:/tmp/.tmpYQObaU/output/image-input-z8-4.heic"]
[validation] magick ["HEIC:/tmp/.tmpYQObaU/output/image-input-z8-4.heic", "-auto-orient", "-depth", "8", "RGBA:/tmp/.tmpYQObaU/decoded-image-jpe-Heic.rgba"]
[validation] magick ["identify", "-format", "%w %h", "HEIC:/tmp/.tmpYQObaU/output/image-input-z8-4.heif"]
[validation] magick ["HEIC:/tmp/.tmpYQObaU/output/image-input-z8-4.heif", "-auto-orient", "-depth", "8", "RGBA:/tmp/.tmpYQObaU/decoded-image-jpe-Heif.rgba"]
[validation] magick ["identify", "-format", "%w %h", "JXL:/tmp/.tmpYQObaU/output/image-input-z8-4.jxl"]
[validation] magick ["JXL:/tmp/.tmpYQObaU/output/image-input-z8-4.jxl", "-auto-orient", "-depth", "8", "RGBA:/tmp/.tmpYQObaU/decoded-image-jpe-Jxl.rgba"]
[validation] magick ["PNG:/tmp/.tmpYQObaU/matrix-source.png", "JPEG:/tmp/.tmpYQObaU/image-input.jfif"]
[validation] magick ["identify", "-format", "%w %h", "JPEG:/tmp/.tmpYQObaU/image-input.jfif"]
[validation] magick ["identify", "-format", "%w %h", "PNG:/tmp/.tmpYQObaU/output/image-input-z8-5.png"]
[validation] magick ["PNG:/tmp/.tmpYQObaU/output/image-input-z8-5.png", "-auto-orient", "-depth", "8", "RGBA:/tmp/.tmpYQObaU/decoded-image-jfif-Png.rgba"]
[validation] magick ["identify", "-format", "%w %h", "JPEG:/tmp/.tmpYQObaU/output/image-input-z8-5.jpg"]
[validation] magick ["JPEG:/tmp/.tmpYQObaU/output/image-input-z8-5.jpg", "-auto-orient", "-depth", "8", "RGBA:/tmp/.tmpYQObaU/decoded-image-jfif-Jpeg.rgba"]
[validation] magick ["identify", "-format", "%w %h", "WEBP:/tmp/.tmpYQObaU/output/image-input-z8-5.webp"]
[validation] magick ["WEBP:/tmp/.tmpYQObaU/output/image-input-z8-5.webp", "-auto-orient", "-depth", "8", "RGBA:/tmp/.tmpYQObaU/decoded-image-jfif-Webp.rgba"]
[validation] magick ["identify", "-format", "%w %h", "AVIF:/tmp/.tmpYQObaU/output/image-input-z8-5.avif"]
[validation] magick ["AVIF:/tmp/.tmpYQObaU/output/image-input-z8-5.avif", "-auto-orient", "-depth", "8", "RGBA:/tmp/.tmpYQObaU/decoded-image-jfif-Avif.rgba"]
[validation] magick ["identify", "-format", "%w %h", "BMP3:/tmp/.tmpYQObaU/output/image-input-z8-5.bmp"]
[validation] magick ["BMP3:/tmp/.tmpYQObaU/output/image-input-z8-5.bmp", "-auto-orient", "-depth", "8", "RGBA:/tmp/.tmpYQObaU/decoded-image-jfif-Bmp.rgba"]
[validation] magick ["identify", "-format", "%w %h", "TGA:/tmp/.tmpYQObaU/output/image-input-z8-5.tga"]
[validation] magick ["TGA:/tmp/.tmpYQObaU/output/image-input-z8-5.tga", "-auto-orient", "-depth", "8", "RGBA:/tmp/.tmpYQObaU/decoded-image-jfif-Tga.rgba"]
[validation] magick ["identify", "-format", "%w %h", "QOI:/tmp/.tmpYQObaU/output/image-input-z8-5.qoi"]
[validation] magick ["QOI:/tmp/.tmpYQObaU/output/image-input-z8-5.qoi", "-auto-orient", "-depth", "8", "RGBA:/tmp/.tmpYQObaU/decoded-image-jfif-Qoi.rgba"]
[validation] magick ["identify", "-format", "%w %h", "PBM:/tmp/.tmpYQObaU/output/image-input-z8-5.pbm"]
[validation] magick ["PBM:/tmp/.tmpYQObaU/output/image-input-z8-5.pbm", "-auto-orient", "-depth", "8", "RGBA:/tmp/.tmpYQObaU/decoded-image-jfif-Pbm.rgba"]
[validation] magick ["identify", "-format", "%w %h", "PGM:/tmp/.tmpYQObaU/output/image-input-z8-5.pgm"]
[validation] magick ["PGM:/tmp/.tmpYQObaU/output/image-input-z8-5.pgm", "-auto-orient", "-depth", "8", "RGBA:/tmp/.tmpYQObaU/decoded-image-jfif-Pgm.rgba"]
[validation] magick ["identify", "-format", "%w %h", "PPM:/tmp/.tmpYQObaU/output/image-input-z8-5.ppm"]
[validation] magick ["PPM:/tmp/.tmpYQObaU/output/image-input-z8-5.ppm", "-auto-orient", "-depth", "8", "RGBA:/tmp/.tmpYQObaU/decoded-image-jfif-Ppm.rgba"]
[validation] magick ["identify", "-format", "%w %h", "PNM:/tmp/.tmpYQObaU/output/image-input-z8-5.pnm"]
[validation] magick ["PNM:/tmp/.tmpYQObaU/output/image-input-z8-5.pnm", "-auto-orient", "-depth", "8", "RGBA:/tmp/.tmpYQObaU/decoded-image-jfif-Pnm.rgba"]
[validation] magick ["identify", "-format", "%w %h", "PAM:/tmp/.tmpYQObaU/output/image-input-z8-5.pam"]
[validation] magick ["PAM:/tmp/.tmpYQObaU/output/image-input-z8-5.pam", "-auto-orient", "-depth", "8", "RGBA:/tmp/.tmpYQObaU/decoded-image-jfif-Pam.rgba"]
[validation] magick ["identify", "-format", "%w %h", "GIF:/tmp/.tmpYQObaU/output/image-input-z8-5.gif"]
[validation] magick ["GIF:/tmp/.tmpYQObaU/output/image-input-z8-5.gif", "-auto-orient", "-depth", "8", "RGBA:/tmp/.tmpYQObaU/decoded-image-jfif-Gif.rgba"]
[validation] magick ["identify", "-format", "%w %h", "TIFF:/tmp/.tmpYQObaU/output/image-input-z8-5.tiff"]
[validation] magick ["TIFF:/tmp/.tmpYQObaU/output/image-input-z8-5.tiff", "-auto-orient", "-depth", "8", "RGBA:/tmp/.tmpYQObaU/decoded-image-jfif-Tiff.rgba"]
[validation] magick ["identify", "-format", "%w %h", "ICO:/tmp/.tmpYQObaU/output/image-input-z8-5.ico"]
[validation] magick ["ICO:/tmp/.tmpYQObaU/output/image-input-z8-5.ico", "-auto-orient", "-depth", "8", "RGBA:/tmp/.tmpYQObaU/decoded-image-jfif-Ico.rgba"]
[validation] magick ["identify", "-format", "%w %h", "PCX:/tmp/.tmpYQObaU/output/image-input-z8-5.pcx"]
[validation] magick ["PCX:/tmp/.tmpYQObaU/output/image-input-z8-5.pcx", "-auto-orient", "-depth", "8", "RGBA:/tmp/.tmpYQObaU/decoded-image-jfif-Pcx.rgba"]
[validation] magick ["identify", "-format", "%w %h", "XBM:/tmp/.tmpYQObaU/output/image-input-z8-5.xbm"]
[validation] magick ["XBM:/tmp/.tmpYQObaU/output/image-input-z8-5.xbm", "-auto-orient", "-depth", "8", "RGBA:/tmp/.tmpYQObaU/decoded-image-jfif-Xbm.rgba"]
[validation] magick ["identify", "-format", "%w %h", "XPM:/tmp/.tmpYQObaU/output/image-input-z8-5.xpm"]
[validation] magick ["XPM:/tmp/.tmpYQObaU/output/image-input-z8-5.xpm", "-auto-orient", "-depth", "8", "RGBA:/tmp/.tmpYQObaU/decoded-image-jfif-Xpm.rgba"]
[validation] magick ["identify", "-format", "%w %h", "HEIC:/tmp/.tmpYQObaU/output/image-input-z8-5.heic"]
[validation] magick ["HEIC:/tmp/.tmpYQObaU/output/image-input-z8-5.heic", "-auto-orient", "-depth", "8", "RGBA:/tmp/.tmpYQObaU/decoded-image-jfif-Heic.rgba"]
[validation] magick ["identify", "-format", "%w %h", "HEIC:/tmp/.tmpYQObaU/output/image-input-z8-5.heif"]
[validation] magick ["HEIC:/tmp/.tmpYQObaU/output/image-input-z8-5.heif", "-auto-orient", "-depth", "8", "RGBA:/tmp/.tmpYQObaU/decoded-image-jfif-Heif.rgba"]
[validation] magick ["identify", "-format", "%w %h", "JXL:/tmp/.tmpYQObaU/output/image-input-z8-5.jxl"]
[validation] magick ["JXL:/tmp/.tmpYQObaU/output/image-input-z8-5.jxl", "-auto-orient", "-depth", "8", "RGBA:/tmp/.tmpYQObaU/decoded-image-jfif-Jxl.rgba"]
[validation] magick ["PNG:/tmp/.tmpYQObaU/matrix-source.png", "WEBP:/tmp/.tmpYQObaU/image-input.webp"]
[validation] magick ["identify", "-format", "%w %h", "WEBP:/tmp/.tmpYQObaU/image-input.webp"]
[validation] magick ["identify", "-format", "%w %h", "PNG:/tmp/.tmpYQObaU/output/image-input-z8-6.png"]
[validation] magick ["PNG:/tmp/.tmpYQObaU/output/image-input-z8-6.png", "-auto-orient", "-depth", "8", "RGBA:/tmp/.tmpYQObaU/decoded-image-webp-Png.rgba"]
[validation] magick ["identify", "-format", "%w %h", "JPEG:/tmp/.tmpYQObaU/output/image-input-z8-6.jpg"]
[validation] magick ["JPEG:/tmp/.tmpYQObaU/output/image-input-z8-6.jpg", "-auto-orient", "-depth", "8", "RGBA:/tmp/.tmpYQObaU/decoded-image-webp-Jpeg.rgba"]
[validation] magick ["identify", "-format", "%w %h", "WEBP:/tmp/.tmpYQObaU/output/image-input-z8-6.webp"]
[validation] magick ["WEBP:/tmp/.tmpYQObaU/output/image-input-z8-6.webp", "-auto-orient", "-depth", "8", "RGBA:/tmp/.tmpYQObaU/decoded-image-webp-Webp.rgba"]
[validation] magick ["identify", "-format", "%w %h", "AVIF:/tmp/.tmpYQObaU/output/image-input-z8-6.avif"]
[validation] magick ["AVIF:/tmp/.tmpYQObaU/output/image-input-z8-6.avif", "-auto-orient", "-depth", "8", "RGBA:/tmp/.tmpYQObaU/decoded-image-webp-Avif.rgba"]
[validation] magick ["identify", "-format", "%w %h", "BMP3:/tmp/.tmpYQObaU/output/image-input-z8-6.bmp"]
[validation] magick ["BMP3:/tmp/.tmpYQObaU/output/image-input-z8-6.bmp", "-auto-orient", "-depth", "8", "RGBA:/tmp/.tmpYQObaU/decoded-image-webp-Bmp.rgba"]
[validation] magick ["identify", "-format", "%w %h", "TGA:/tmp/.tmpYQObaU/output/image-input-z8-6.tga"]
[validation] magick ["TGA:/tmp/.tmpYQObaU/output/image-input-z8-6.tga", "-auto-orient", "-depth", "8", "RGBA:/tmp/.tmpYQObaU/decoded-image-webp-Tga.rgba"]
[validation] magick ["identify", "-format", "%w %h", "QOI:/tmp/.tmpYQObaU/output/image-input-z8-6.qoi"]
[validation] magick ["QOI:/tmp/.tmpYQObaU/output/image-input-z8-6.qoi", "-auto-orient", "-depth", "8", "RGBA:/tmp/.tmpYQObaU/decoded-image-webp-Qoi.rgba"]
[validation] magick ["identify", "-format", "%w %h", "PBM:/tmp/.tmpYQObaU/output/image-input-z8-6.pbm"]
[validation] magick ["PBM:/tmp/.tmpYQObaU/output/image-input-z8-6.pbm", "-auto-orient", "-depth", "8", "RGBA:/tmp/.tmpYQObaU/decoded-image-webp-Pbm.rgba"]
[validation] magick ["identify", "-format", "%w %h", "PGM:/tmp/.tmpYQObaU/output/image-input-z8-6.pgm"]
[validation] magick ["PGM:/tmp/.tmpYQObaU/output/image-input-z8-6.pgm", "-auto-orient", "-depth", "8", "RGBA:/tmp/.tmpYQObaU/decoded-image-webp-Pgm.rgba"]
[validation] magick ["identify", "-format", "%w %h", "PPM:/tmp/.tmpYQObaU/output/image-input-z8-6.ppm"]
[validation] magick ["PPM:/tmp/.tmpYQObaU/output/image-input-z8-6.ppm", "-auto-orient", "-depth", "8", "RGBA:/tmp/.tmpYQObaU/decoded-image-webp-Ppm.rgba"]
[validation] magick ["identify", "-format", "%w %h", "PNM:/tmp/.tmpYQObaU/output/image-input-z8-6.pnm"]
[validation] magick ["PNM:/tmp/.tmpYQObaU/output/image-input-z8-6.pnm", "-auto-orient", "-depth", "8", "RGBA:/tmp/.tmpYQObaU/decoded-image-webp-Pnm.rgba"]
[validation] magick ["identify", "-format", "%w %h", "PAM:/tmp/.tmpYQObaU/output/image-input-z8-6.pam"]
[validation] magick ["PAM:/tmp/.tmpYQObaU/output/image-input-z8-6.pam", "-auto-orient", "-depth", "8", "RGBA:/tmp/.tmpYQObaU/decoded-image-webp-Pam.rgba"]
[validation] magick ["identify", "-format", "%w %h", "GIF:/tmp/.tmpYQObaU/output/image-input-z8-6.gif"]
[validation] magick ["GIF:/tmp/.tmpYQObaU/output/image-input-z8-6.gif", "-auto-orient", "-depth", "8", "RGBA:/tmp/.tmpYQObaU/decoded-image-webp-Gif.rgba"]
[validation] magick ["identify", "-format", "%w %h", "TIFF:/tmp/.tmpYQObaU/output/image-input-z8-6.tiff"]
[validation] magick ["TIFF:/tmp/.tmpYQObaU/output/image-input-z8-6.tiff", "-auto-orient", "-depth", "8", "RGBA:/tmp/.tmpYQObaU/decoded-image-webp-Tiff.rgba"]
[validation] magick ["identify", "-format", "%w %h", "ICO:/tmp/.tmpYQObaU/output/image-input-z8-6.ico"]
[validation] magick ["ICO:/tmp/.tmpYQObaU/output/image-input-z8-6.ico", "-auto-orient", "-depth", "8", "RGBA:/tmp/.tmpYQObaU/decoded-image-webp-Ico.rgba"]
[validation] magick ["identify", "-format", "%w %h", "PCX:/tmp/.tmpYQObaU/output/image-input-z8-6.pcx"]
[validation] magick ["PCX:/tmp/.tmpYQObaU/output/image-input-z8-6.pcx", "-auto-orient", "-depth", "8", "RGBA:/tmp/.tmpYQObaU/decoded-image-webp-Pcx.rgba"]
[validation] magick ["identify", "-format", "%w %h", "XBM:/tmp/.tmpYQObaU/output/image-input-z8-6.xbm"]
[validation] magick ["XBM:/tmp/.tmpYQObaU/output/image-input-z8-6.xbm", "-auto-orient", "-depth", "8", "RGBA:/tmp/.tmpYQObaU/decoded-image-webp-Xbm.rgba"]
[validation] magick ["identify", "-format", "%w %h", "XPM:/tmp/.tmpYQObaU/output/image-input-z8-6.xpm"]
[validation] magick ["XPM:/tmp/.tmpYQObaU/output/image-input-z8-6.xpm", "-auto-orient", "-depth", "8", "RGBA:/tmp/.tmpYQObaU/decoded-image-webp-Xpm.rgba"]
[validation] magick ["identify", "-format", "%w %h", "HEIC:/tmp/.tmpYQObaU/output/image-input-z8-6.heic"]
[validation] magick ["HEIC:/tmp/.tmpYQObaU/output/image-input-z8-6.heic", "-auto-orient", "-depth", "8", "RGBA:/tmp/.tmpYQObaU/decoded-image-webp-Heic.rgba"]
[validation] magick ["identify", "-format", "%w %h", "HEIC:/tmp/.tmpYQObaU/output/image-input-z8-6.heif"]
[validation] magick ["HEIC:/tmp/.tmpYQObaU/output/image-input-z8-6.heif", "-auto-orient", "-depth", "8", "RGBA:/tmp/.tmpYQObaU/decoded-image-webp-Heif.rgba"]
[validation] magick ["identify", "-format", "%w %h", "JXL:/tmp/.tmpYQObaU/output/image-input-z8-6.jxl"]
[validation] magick ["JXL:/tmp/.tmpYQObaU/output/image-input-z8-6.jxl", "-auto-orient", "-depth", "8", "RGBA:/tmp/.tmpYQObaU/decoded-image-webp-Jxl.rgba"]
[validation] magick ["PNG:/tmp/.tmpYQObaU/matrix-source.png", "AVIF:/tmp/.tmpYQObaU/image-input.avif"]
[validation] magick ["identify", "-format", "%w %h", "AVIF:/tmp/.tmpYQObaU/image-input.avif"]
[validation] magick ["identify", "-format", "%w %h", "PNG:/tmp/.tmpYQObaU/output/image-input-z8-7.png"]
[validation] magick ["PNG:/tmp/.tmpYQObaU/output/image-input-z8-7.png", "-auto-orient", "-depth", "8", "RGBA:/tmp/.tmpYQObaU/decoded-image-avif-Png.rgba"]
[validation] magick ["identify", "-format", "%w %h", "JPEG:/tmp/.tmpYQObaU/output/image-input-z8-7.jpg"]
[validation] magick ["JPEG:/tmp/.tmpYQObaU/output/image-input-z8-7.jpg", "-auto-orient", "-depth", "8", "RGBA:/tmp/.tmpYQObaU/decoded-image-avif-Jpeg.rgba"]
[validation] magick ["identify", "-format", "%w %h", "WEBP:/tmp/.tmpYQObaU/output/image-input-z8-7.webp"]
[validation] magick ["WEBP:/tmp/.tmpYQObaU/output/image-input-z8-7.webp", "-auto-orient", "-depth", "8", "RGBA:/tmp/.tmpYQObaU/decoded-image-avif-Webp.rgba"]
[validation] magick ["identify", "-format", "%w %h", "AVIF:/tmp/.tmpYQObaU/output/image-input-z8-7.avif"]
[validation] magick ["AVIF:/tmp/.tmpYQObaU/output/image-input-z8-7.avif", "-auto-orient", "-depth", "8", "RGBA:/tmp/.tmpYQObaU/decoded-image-avif-Avif.rgba"]
[validation] magick ["identify", "-format", "%w %h", "BMP3:/tmp/.tmpYQObaU/output/image-input-z8-7.bmp"]
[validation] magick ["BMP3:/tmp/.tmpYQObaU/output/image-input-z8-7.bmp", "-auto-orient", "-depth", "8", "RGBA:/tmp/.tmpYQObaU/decoded-image-avif-Bmp.rgba"]
[validation] magick ["identify", "-format", "%w %h", "TGA:/tmp/.tmpYQObaU/output/image-input-z8-7.tga"]
[validation] magick ["TGA:/tmp/.tmpYQObaU/output/image-input-z8-7.tga", "-auto-orient", "-depth", "8", "RGBA:/tmp/.tmpYQObaU/decoded-image-avif-Tga.rgba"]
[validation] magick ["identify", "-format", "%w %h", "QOI:/tmp/.tmpYQObaU/output/image-input-z8-7.qoi"]
[validation] magick ["QOI:/tmp/.tmpYQObaU/output/image-input-z8-7.qoi", "-auto-orient", "-depth", "8", "RGBA:/tmp/.tmpYQObaU/decoded-image-avif-Qoi.rgba"]
[validation] magick ["identify", "-format", "%w %h", "PBM:/tmp/.tmpYQObaU/output/image-input-z8-7.pbm"]
[validation] magick ["PBM:/tmp/.tmpYQObaU/output/image-input-z8-7.pbm", "-auto-orient", "-depth", "8", "RGBA:/tmp/.tmpYQObaU/decoded-image-avif-Pbm.rgba"]
[validation] magick ["identify", "-format", "%w %h", "PGM:/tmp/.tmpYQObaU/output/image-input-z8-7.pgm"]
[validation] magick ["PGM:/tmp/.tmpYQObaU/output/image-input-z8-7.pgm", "-auto-orient", "-depth", "8", "RGBA:/tmp/.tmpYQObaU/decoded-image-avif-Pgm.rgba"]
[validation] magick ["identify", "-format", "%w %h", "PPM:/tmp/.tmpYQObaU/output/image-input-z8-7.ppm"]
[validation] magick ["PPM:/tmp/.tmpYQObaU/output/image-input-z8-7.ppm", "-auto-orient", "-depth", "8", "RGBA:/tmp/.tmpYQObaU/decoded-image-avif-Ppm.rgba"]
[validation] magick ["identify", "-format", "%w %h", "PNM:/tmp/.tmpYQObaU/output/image-input-z8-7.pnm"]
[validation] magick ["PNM:/tmp/.tmpYQObaU/output/image-input-z8-7.pnm", "-auto-orient", "-depth", "8", "RGBA:/tmp/.tmpYQObaU/decoded-image-avif-Pnm.rgba"]
[validation] magick ["identify", "-format", "%w %h", "PAM:/tmp/.tmpYQObaU/output/image-input-z8-7.pam"]
[validation] magick ["PAM:/tmp/.tmpYQObaU/output/image-input-z8-7.pam", "-auto-orient", "-depth", "8", "RGBA:/tmp/.tmpYQObaU/decoded-image-avif-Pam.rgba"]
[validation] magick ["identify", "-format", "%w %h", "GIF:/tmp/.tmpYQObaU/output/image-input-z8-7.gif"]
[validation] magick ["GIF:/tmp/.tmpYQObaU/output/image-input-z8-7.gif", "-auto-orient", "-depth", "8", "RGBA:/tmp/.tmpYQObaU/decoded-image-avif-Gif.rgba"]
[validation] magick ["identify", "-format", "%w %h", "TIFF:/tmp/.tmpYQObaU/output/image-input-z8-7.tiff"]
[validation] magick ["TIFF:/tmp/.tmpYQObaU/output/image-input-z8-7.tiff", "-auto-orient", "-depth", "8", "RGBA:/tmp/.tmpYQObaU/decoded-image-avif-Tiff.rgba"]
[validation] magick ["identify", "-format", "%w %h", "ICO:/tmp/.tmpYQObaU/output/image-input-z8-7.ico"]
[validation] magick ["ICO:/tmp/.tmpYQObaU/output/image-input-z8-7.ico", "-auto-orient", "-depth", "8", "RGBA:/tmp/.tmpYQObaU/decoded-image-avif-Ico.rgba"]
[validation] magick ["identify", "-format", "%w %h", "PCX:/tmp/.tmpYQObaU/output/image-input-z8-7.pcx"]
[validation] magick ["PCX:/tmp/.tmpYQObaU/output/image-input-z8-7.pcx", "-auto-orient", "-depth", "8", "RGBA:/tmp/.tmpYQObaU/decoded-image-avif-Pcx.rgba"]
[validation] magick ["identify", "-format", "%w %h", "XBM:/tmp/.tmpYQObaU/output/image-input-z8-7.xbm"]
[validation] magick ["XBM:/tmp/.tmpYQObaU/output/image-input-z8-7.xbm", "-auto-orient", "-depth", "8", "RGBA:/tmp/.tmpYQObaU/decoded-image-avif-Xbm.rgba"]
[validation] magick ["identify", "-format", "%w %h", "XPM:/tmp/.tmpYQObaU/output/image-input-z8-7.xpm"]
[validation] magick ["XPM:/tmp/.tmpYQObaU/output/image-input-z8-7.xpm", "-auto-orient", "-depth", "8", "RGBA:/tmp/.tmpYQObaU/decoded-image-avif-Xpm.rgba"]
[validation] magick ["identify", "-format", "%w %h", "HEIC:/tmp/.tmpYQObaU/output/image-input-z8-7.heic"]
[validation] magick ["HEIC:/tmp/.tmpYQObaU/output/image-input-z8-7.heic", "-auto-orient", "-depth", "8", "RGBA:/tmp/.tmpYQObaU/decoded-image-avif-Heic.rgba"]
[validation] magick ["identify", "-format", "%w %h", "HEIC:/tmp/.tmpYQObaU/output/image-input-z8-7.heif"]
[validation] magick ["HEIC:/tmp/.tmpYQObaU/output/image-input-z8-7.heif", "-auto-orient", "-depth", "8", "RGBA:/tmp/.tmpYQObaU/decoded-image-avif-Heif.rgba"]
[validation] magick ["identify", "-format", "%w %h", "JXL:/tmp/.tmpYQObaU/output/image-input-z8-7.jxl"]
[validation] magick ["JXL:/tmp/.tmpYQObaU/output/image-input-z8-7.jxl", "-auto-orient", "-depth", "8", "RGBA:/tmp/.tmpYQObaU/decoded-image-avif-Jxl.rgba"]
[validation] magick ["identify", "-format", "%w %h", "HEIC:/tmp/.tmpYQObaU/image-input.heic"]
[validation] magick ["identify", "-format", "%w %h", "PNG:/tmp/.tmpYQObaU/output/image-input-z8-8.png"]
[validation] magick ["PNG:/tmp/.tmpYQObaU/output/image-input-z8-8.png", "-auto-orient", "-depth", "8", "RGBA:/tmp/.tmpYQObaU/decoded-image-heic-Png.rgba"]
[validation] magick ["identify", "-format", "%w %h", "JPEG:/tmp/.tmpYQObaU/output/image-input-z8-8.jpg"]
[validation] magick ["JPEG:/tmp/.tmpYQObaU/output/image-input-z8-8.jpg", "-auto-orient", "-depth", "8", "RGBA:/tmp/.tmpYQObaU/decoded-image-heic-Jpeg.rgba"]
[validation] magick ["identify", "-format", "%w %h", "WEBP:/tmp/.tmpYQObaU/output/image-input-z8-8.webp"]
[validation] magick ["WEBP:/tmp/.tmpYQObaU/output/image-input-z8-8.webp", "-auto-orient", "-depth", "8", "RGBA:/tmp/.tmpYQObaU/decoded-image-heic-Webp.rgba"]
[validation] magick ["identify", "-format", "%w %h", "AVIF:/tmp/.tmpYQObaU/output/image-input-z8-8.avif"]
[validation] magick ["AVIF:/tmp/.tmpYQObaU/output/image-input-z8-8.avif", "-auto-orient", "-depth", "8", "RGBA:/tmp/.tmpYQObaU/decoded-image-heic-Avif.rgba"]
[validation] magick ["identify", "-format", "%w %h", "BMP3:/tmp/.tmpYQObaU/output/image-input-z8-8.bmp"]
[validation] magick ["BMP3:/tmp/.tmpYQObaU/output/image-input-z8-8.bmp", "-auto-orient", "-depth", "8", "RGBA:/tmp/.tmpYQObaU/decoded-image-heic-Bmp.rgba"]
[validation] magick ["identify", "-format", "%w %h", "TGA:/tmp/.tmpYQObaU/output/image-input-z8-8.tga"]
[validation] magick ["TGA:/tmp/.tmpYQObaU/output/image-input-z8-8.tga", "-auto-orient", "-depth", "8", "RGBA:/tmp/.tmpYQObaU/decoded-image-heic-Tga.rgba"]
[validation] magick ["identify", "-format", "%w %h", "QOI:/tmp/.tmpYQObaU/output/image-input-z8-8.qoi"]
[validation] magick ["QOI:/tmp/.tmpYQObaU/output/image-input-z8-8.qoi", "-auto-orient", "-depth", "8", "RGBA:/tmp/.tmpYQObaU/decoded-image-heic-Qoi.rgba"]
[validation] magick ["identify", "-format", "%w %h", "PBM:/tmp/.tmpYQObaU/output/image-input-z8-8.pbm"]
[validation] magick ["PBM:/tmp/.tmpYQObaU/output/image-input-z8-8.pbm", "-auto-orient", "-depth", "8", "RGBA:/tmp/.tmpYQObaU/decoded-image-heic-Pbm.rgba"]
[validation] magick ["identify", "-format", "%w %h", "PGM:/tmp/.tmpYQObaU/output/image-input-z8-8.pgm"]
[validation] magick ["PGM:/tmp/.tmpYQObaU/output/image-input-z8-8.pgm", "-auto-orient", "-depth", "8", "RGBA:/tmp/.tmpYQObaU/decoded-image-heic-Pgm.rgba"]
[validation] magick ["identify", "-format", "%w %h", "PPM:/tmp/.tmpYQObaU/output/image-input-z8-8.ppm"]
[validation] magick ["PPM:/tmp/.tmpYQObaU/output/image-input-z8-8.ppm", "-auto-orient", "-depth", "8", "RGBA:/tmp/.tmpYQObaU/decoded-image-heic-Ppm.rgba"]
[validation] magick ["identify", "-format", "%w %h", "PNM:/tmp/.tmpYQObaU/output/image-input-z8-8.pnm"]
[validation] magick ["PNM:/tmp/.tmpYQObaU/output/image-input-z8-8.pnm", "-auto-orient", "-depth", "8", "RGBA:/tmp/.tmpYQObaU/decoded-image-heic-Pnm.rgba"]
[validation] magick ["identify", "-format", "%w %h", "PAM:/tmp/.tmpYQObaU/output/image-input-z8-8.pam"]
[validation] magick ["PAM:/tmp/.tmpYQObaU/output/image-input-z8-8.pam", "-auto-orient", "-depth", "8", "RGBA:/tmp/.tmpYQObaU/decoded-image-heic-Pam.rgba"]
[validation] magick ["identify", "-format", "%w %h", "GIF:/tmp/.tmpYQObaU/output/image-input-z8-8.gif"]
[validation] magick ["GIF:/tmp/.tmpYQObaU/output/image-input-z8-8.gif", "-auto-orient", "-depth", "8", "RGBA:/tmp/.tmpYQObaU/decoded-image-heic-Gif.rgba"]
[validation] magick ["identify", "-format", "%w %h", "TIFF:/tmp/.tmpYQObaU/output/image-input-z8-8.tiff"]
[validation] magick ["TIFF:/tmp/.tmpYQObaU/output/image-input-z8-8.tiff", "-auto-orient", "-depth", "8", "RGBA:/tmp/.tmpYQObaU/decoded-image-heic-Tiff.rgba"]
[validation] magick ["identify", "-format", "%w %h", "ICO:/tmp/.tmpYQObaU/output/image-input-z8-8.ico"]
[validation] magick ["ICO:/tmp/.tmpYQObaU/output/image-input-z8-8.ico", "-auto-orient", "-depth", "8", "RGBA:/tmp/.tmpYQObaU/decoded-image-heic-Ico.rgba"]
[validation] magick ["identify", "-format", "%w %h", "PCX:/tmp/.tmpYQObaU/output/image-input-z8-8.pcx"]
[validation] magick ["PCX:/tmp/.tmpYQObaU/output/image-input-z8-8.pcx", "-auto-orient", "-depth", "8", "RGBA:/tmp/.tmpYQObaU/decoded-image-heic-Pcx.rgba"]
[validation] magick ["identify", "-format", "%w %h", "XBM:/tmp/.tmpYQObaU/output/image-input-z8-8.xbm"]
[validation] magick ["XBM:/tmp/.tmpYQObaU/output/image-input-z8-8.xbm", "-auto-orient", "-depth", "8", "RGBA:/tmp/.tmpYQObaU/decoded-image-heic-Xbm.rgba"]
[validation] magick ["identify", "-format", "%w %h", "XPM:/tmp/.tmpYQObaU/output/image-input-z8-8.xpm"]
[validation] magick ["XPM:/tmp/.tmpYQObaU/output/image-input-z8-8.xpm", "-auto-orient", "-depth", "8", "RGBA:/tmp/.tmpYQObaU/decoded-image-heic-Xpm.rgba"]
[validation] magick ["identify", "-format", "%w %h", "HEIC:/tmp/.tmpYQObaU/output/image-input-z8-8.heic"]
[validation] magick ["HEIC:/tmp/.tmpYQObaU/output/image-input-z8-8.heic", "-auto-orient", "-depth", "8", "RGBA:/tmp/.tmpYQObaU/decoded-image-heic-Heic.rgba"]
[validation] magick ["identify", "-format", "%w %h", "HEIC:/tmp/.tmpYQObaU/output/image-input-z8-8.heif"]
[validation] magick ["HEIC:/tmp/.tmpYQObaU/output/image-input-z8-8.heif", "-auto-orient", "-depth", "8", "RGBA:/tmp/.tmpYQObaU/decoded-image-heic-Heif.rgba"]
[validation] magick ["identify", "-format", "%w %h", "JXL:/tmp/.tmpYQObaU/output/image-input-z8-8.jxl"]
[validation] magick ["JXL:/tmp/.tmpYQObaU/output/image-input-z8-8.jxl", "-auto-orient", "-depth", "8", "RGBA:/tmp/.tmpYQObaU/decoded-image-heic-Jxl.rgba"]
[validation] magick ["identify", "-format", "%w %h", "HEIC:/tmp/.tmpYQObaU/image-input.heif"]
[validation] magick ["identify", "-format", "%w %h", "PNG:/tmp/.tmpYQObaU/output/image-input-z8-9.png"]
[validation] magick ["PNG:/tmp/.tmpYQObaU/output/image-input-z8-9.png", "-auto-orient", "-depth", "8", "RGBA:/tmp/.tmpYQObaU/decoded-image-heif-Png.rgba"]
[validation] magick ["identify", "-format", "%w %h", "JPEG:/tmp/.tmpYQObaU/output/image-input-z8-9.jpg"]
[validation] magick ["JPEG:/tmp/.tmpYQObaU/output/image-input-z8-9.jpg", "-auto-orient", "-depth", "8", "RGBA:/tmp/.tmpYQObaU/decoded-image-heif-Jpeg.rgba"]
[validation] magick ["identify", "-format", "%w %h", "WEBP:/tmp/.tmpYQObaU/output/image-input-z8-9.webp"]
[validation] magick ["WEBP:/tmp/.tmpYQObaU/output/image-input-z8-9.webp", "-auto-orient", "-depth", "8", "RGBA:/tmp/.tmpYQObaU/decoded-image-heif-Webp.rgba"]
[validation] magick ["identify", "-format", "%w %h", "AVIF:/tmp/.tmpYQObaU/output/image-input-z8-9.avif"]
[validation] magick ["AVIF:/tmp/.tmpYQObaU/output/image-input-z8-9.avif", "-auto-orient", "-depth", "8", "RGBA:/tmp/.tmpYQObaU/decoded-image-heif-Avif.rgba"]
[validation] magick ["identify", "-format", "%w %h", "BMP3:/tmp/.tmpYQObaU/output/image-input-z8-9.bmp"]
[validation] magick ["BMP3:/tmp/.tmpYQObaU/output/image-input-z8-9.bmp", "-auto-orient", "-depth", "8", "RGBA:/tmp/.tmpYQObaU/decoded-image-heif-Bmp.rgba"]
[validation] magick ["identify", "-format", "%w %h", "TGA:/tmp/.tmpYQObaU/output/image-input-z8-9.tga"]
[validation] magick ["TGA:/tmp/.tmpYQObaU/output/image-input-z8-9.tga", "-auto-orient", "-depth", "8", "RGBA:/tmp/.tmpYQObaU/decoded-image-heif-Tga.rgba"]
[validation] magick ["identify", "-format", "%w %h", "QOI:/tmp/.tmpYQObaU/output/image-input-z8-9.qoi"]
[validation] magick ["QOI:/tmp/.tmpYQObaU/output/image-input-z8-9.qoi", "-auto-orient", "-depth", "8", "RGBA:/tmp/.tmpYQObaU/decoded-image-heif-Qoi.rgba"]
[validation] magick ["identify", "-format", "%w %h", "PBM:/tmp/.tmpYQObaU/output/image-input-z8-9.pbm"]
[validation] magick ["PBM:/tmp/.tmpYQObaU/output/image-input-z8-9.pbm", "-auto-orient", "-depth", "8", "RGBA:/tmp/.tmpYQObaU/decoded-image-heif-Pbm.rgba"]
[validation] magick ["identify", "-format", "%w %h", "PGM:/tmp/.tmpYQObaU/output/image-input-z8-9.pgm"]
[validation] magick ["PGM:/tmp/.tmpYQObaU/output/image-input-z8-9.pgm", "-auto-orient", "-depth", "8", "RGBA:/tmp/.tmpYQObaU/decoded-image-heif-Pgm.rgba"]
[validation] magick ["identify", "-format", "%w %h", "PPM:/tmp/.tmpYQObaU/output/image-input-z8-9.ppm"]
[validation] magick ["PPM:/tmp/.tmpYQObaU/output/image-input-z8-9.ppm", "-auto-orient", "-depth", "8", "RGBA:/tmp/.tmpYQObaU/decoded-image-heif-Ppm.rgba"]
[validation] magick ["identify", "-format", "%w %h", "PNM:/tmp/.tmpYQObaU/output/image-input-z8-9.pnm"]
[validation] magick ["PNM:/tmp/.tmpYQObaU/output/image-input-z8-9.pnm", "-auto-orient", "-depth", "8", "RGBA:/tmp/.tmpYQObaU/decoded-image-heif-Pnm.rgba"]
[validation] magick ["identify", "-format", "%w %h", "PAM:/tmp/.tmpYQObaU/output/image-input-z8-9.pam"]
[validation] magick ["PAM:/tmp/.tmpYQObaU/output/image-input-z8-9.pam", "-auto-orient", "-depth", "8", "RGBA:/tmp/.tmpYQObaU/decoded-image-heif-Pam.rgba"]
[validation] magick ["identify", "-format", "%w %h", "GIF:/tmp/.tmpYQObaU/output/image-input-z8-9.gif"]
[validation] magick ["GIF:/tmp/.tmpYQObaU/output/image-input-z8-9.gif", "-auto-orient", "-depth", "8", "RGBA:/tmp/.tmpYQObaU/decoded-image-heif-Gif.rgba"]
[validation] magick ["identify", "-format", "%w %h", "TIFF:/tmp/.tmpYQObaU/output/image-input-z8-9.tiff"]
[validation] magick ["TIFF:/tmp/.tmpYQObaU/output/image-input-z8-9.tiff", "-auto-orient", "-depth", "8", "RGBA:/tmp/.tmpYQObaU/decoded-image-heif-Tiff.rgba"]
[validation] magick ["identify", "-format", "%w %h", "ICO:/tmp/.tmpYQObaU/output/image-input-z8-9.ico"]
[validation] magick ["ICO:/tmp/.tmpYQObaU/output/image-input-z8-9.ico", "-auto-orient", "-depth", "8", "RGBA:/tmp/.tmpYQObaU/decoded-image-heif-Ico.rgba"]
[validation] magick ["identify", "-format", "%w %h", "PCX:/tmp/.tmpYQObaU/output/image-input-z8-9.pcx"]
[validation] magick ["PCX:/tmp/.tmpYQObaU/output/image-input-z8-9.pcx", "-auto-orient", "-depth", "8", "RGBA:/tmp/.tmpYQObaU/decoded-image-heif-Pcx.rgba"]
[validation] magick ["identify", "-format", "%w %h", "XBM:/tmp/.tmpYQObaU/output/image-input-z8-9.xbm"]
[validation] magick ["XBM:/tmp/.tmpYQObaU/output/image-input-z8-9.xbm", "-auto-orient", "-depth", "8", "RGBA:/tmp/.tmpYQObaU/decoded-image-heif-Xbm.rgba"]
[validation] magick ["identify", "-format", "%w %h", "XPM:/tmp/.tmpYQObaU/output/image-input-z8-9.xpm"]
[validation] magick ["XPM:/tmp/.tmpYQObaU/output/image-input-z8-9.xpm", "-auto-orient", "-depth", "8", "RGBA:/tmp/.tmpYQObaU/decoded-image-heif-Xpm.rgba"]
[validation] magick ["identify", "-format", "%w %h", "HEIC:/tmp/.tmpYQObaU/output/image-input-z8-9.heic"]
[validation] magick ["HEIC:/tmp/.tmpYQObaU/output/image-input-z8-9.heic", "-auto-orient", "-depth", "8", "RGBA:/tmp/.tmpYQObaU/decoded-image-heif-Heic.rgba"]
[validation] magick ["identify", "-format", "%w %h", "HEIC:/tmp/.tmpYQObaU/output/image-input-z8-9.heif"]
[validation] magick ["HEIC:/tmp/.tmpYQObaU/output/image-input-z8-9.heif", "-auto-orient", "-depth", "8", "RGBA:/tmp/.tmpYQObaU/decoded-image-heif-Heif.rgba"]
[validation] magick ["identify", "-format", "%w %h", "JXL:/tmp/.tmpYQObaU/output/image-input-z8-9.jxl"]
[validation] magick ["JXL:/tmp/.tmpYQObaU/output/image-input-z8-9.jxl", "-auto-orient", "-depth", "8", "RGBA:/tmp/.tmpYQObaU/decoded-image-heif-Jxl.rgba"]
[validation] magick ["PNG:/tmp/.tmpYQObaU/matrix-source.png", "BMP:/tmp/.tmpYQObaU/image-input.bmp"]
[validation] magick ["identify", "-format", "%w %h", "BMP:/tmp/.tmpYQObaU/image-input.bmp"]
[validation] magick ["identify", "-format", "%w %h", "PNG:/tmp/.tmpYQObaU/output/image-input-z8-10.png"]
[validation] magick ["PNG:/tmp/.tmpYQObaU/output/image-input-z8-10.png", "-auto-orient", "-depth", "8", "RGBA:/tmp/.tmpYQObaU/decoded-image-bmp-Png.rgba"]
[validation] magick ["identify", "-format", "%w %h", "JPEG:/tmp/.tmpYQObaU/output/image-input-z8-10.jpg"]
[validation] magick ["JPEG:/tmp/.tmpYQObaU/output/image-input-z8-10.jpg", "-auto-orient", "-depth", "8", "RGBA:/tmp/.tmpYQObaU/decoded-image-bmp-Jpeg.rgba"]
[validation] magick ["identify", "-format", "%w %h", "WEBP:/tmp/.tmpYQObaU/output/image-input-z8-10.webp"]
[validation] magick ["WEBP:/tmp/.tmpYQObaU/output/image-input-z8-10.webp", "-auto-orient", "-depth", "8", "RGBA:/tmp/.tmpYQObaU/decoded-image-bmp-Webp.rgba"]
[validation] magick ["identify", "-format", "%w %h", "AVIF:/tmp/.tmpYQObaU/output/image-input-z8-10.avif"]
[validation] magick ["AVIF:/tmp/.tmpYQObaU/output/image-input-z8-10.avif", "-auto-orient", "-depth", "8", "RGBA:/tmp/.tmpYQObaU/decoded-image-bmp-Avif.rgba"]
[validation] magick ["identify", "-format", "%w %h", "BMP3:/tmp/.tmpYQObaU/output/image-input-z8-10.bmp"]
[validation] magick ["BMP3:/tmp/.tmpYQObaU/output/image-input-z8-10.bmp", "-auto-orient", "-depth", "8", "RGBA:/tmp/.tmpYQObaU/decoded-image-bmp-Bmp.rgba"]
[validation] magick ["identify", "-format", "%w %h", "TGA:/tmp/.tmpYQObaU/output/image-input-z8-10.tga"]
[validation] magick ["TGA:/tmp/.tmpYQObaU/output/image-input-z8-10.tga", "-auto-orient", "-depth", "8", "RGBA:/tmp/.tmpYQObaU/decoded-image-bmp-Tga.rgba"]
[validation] magick ["identify", "-format", "%w %h", "QOI:/tmp/.tmpYQObaU/output/image-input-z8-10.qoi"]
[validation] magick ["QOI:/tmp/.tmpYQObaU/output/image-input-z8-10.qoi", "-auto-orient", "-depth", "8", "RGBA:/tmp/.tmpYQObaU/decoded-image-bmp-Qoi.rgba"]
[validation] magick ["identify", "-format", "%w %h", "PBM:/tmp/.tmpYQObaU/output/image-input-z8-10.pbm"]
[validation] magick ["PBM:/tmp/.tmpYQObaU/output/image-input-z8-10.pbm", "-auto-orient", "-depth", "8", "RGBA:/tmp/.tmpYQObaU/decoded-image-bmp-Pbm.rgba"]
[validation] magick ["identify", "-format", "%w %h", "PGM:/tmp/.tmpYQObaU/output/image-input-z8-10.pgm"]
[validation] magick ["PGM:/tmp/.tmpYQObaU/output/image-input-z8-10.pgm", "-auto-orient", "-depth", "8", "RGBA:/tmp/.tmpYQObaU/decoded-image-bmp-Pgm.rgba"]
[validation] magick ["identify", "-format", "%w %h", "PPM:/tmp/.tmpYQObaU/output/image-input-z8-10.ppm"]
[validation] magick ["PPM:/tmp/.tmpYQObaU/output/image-input-z8-10.ppm", "-auto-orient", "-depth", "8", "RGBA:/tmp/.tmpYQObaU/decoded-image-bmp-Ppm.rgba"]
[validation] magick ["identify", "-format", "%w %h", "PNM:/tmp/.tmpYQObaU/output/image-input-z8-10.pnm"]
[validation] magick ["PNM:/tmp/.tmpYQObaU/output/image-input-z8-10.pnm", "-auto-orient", "-depth", "8", "RGBA:/tmp/.tmpYQObaU/decoded-image-bmp-Pnm.rgba"]
[validation] magick ["identify", "-format", "%w %h", "PAM:/tmp/.tmpYQObaU/output/image-input-z8-10.pam"]
[validation] magick ["PAM:/tmp/.tmpYQObaU/output/image-input-z8-10.pam", "-auto-orient", "-depth", "8", "RGBA:/tmp/.tmpYQObaU/decoded-image-bmp-Pam.rgba"]
[validation] magick ["identify", "-format", "%w %h", "GIF:/tmp/.tmpYQObaU/output/image-input-z8-10.gif"]
[validation] magick ["GIF:/tmp/.tmpYQObaU/output/image-input-z8-10.gif", "-auto-orient", "-depth", "8", "RGBA:/tmp/.tmpYQObaU/decoded-image-bmp-Gif.rgba"]
[validation] magick ["identify", "-format", "%w %h", "TIFF:/tmp/.tmpYQObaU/output/image-input-z8-10.tiff"]
[validation] magick ["TIFF:/tmp/.tmpYQObaU/output/image-input-z8-10.tiff", "-auto-orient", "-depth", "8", "RGBA:/tmp/.tmpYQObaU/decoded-image-bmp-Tiff.rgba"]
[validation] magick ["identify", "-format", "%w %h", "ICO:/tmp/.tmpYQObaU/output/image-input-z8-10.ico"]
[validation] magick ["ICO:/tmp/.tmpYQObaU/output/image-input-z8-10.ico", "-auto-orient", "-depth", "8", "RGBA:/tmp/.tmpYQObaU/decoded-image-bmp-Ico.rgba"]
[validation] magick ["identify", "-format", "%w %h", "PCX:/tmp/.tmpYQObaU/output/image-input-z8-10.pcx"]
[validation] magick ["PCX:/tmp/.tmpYQObaU/output/image-input-z8-10.pcx", "-auto-orient", "-depth", "8", "RGBA:/tmp/.tmpYQObaU/decoded-image-bmp-Pcx.rgba"]
[validation] magick ["identify", "-format", "%w %h", "XBM:/tmp/.tmpYQObaU/output/image-input-z8-10.xbm"]
[validation] magick ["XBM:/tmp/.tmpYQObaU/output/image-input-z8-10.xbm", "-auto-orient", "-depth", "8", "RGBA:/tmp/.tmpYQObaU/decoded-image-bmp-Xbm.rgba"]
[validation] magick ["identify", "-format", "%w %h", "XPM:/tmp/.tmpYQObaU/output/image-input-z8-10.xpm"]
[validation] magick ["XPM:/tmp/.tmpYQObaU/output/image-input-z8-10.xpm", "-auto-orient", "-depth", "8", "RGBA:/tmp/.tmpYQObaU/decoded-image-bmp-Xpm.rgba"]
[validation] magick ["identify", "-format", "%w %h", "HEIC:/tmp/.tmpYQObaU/output/image-input-z8-10.heic"]
[validation] magick ["HEIC:/tmp/.tmpYQObaU/output/image-input-z8-10.heic", "-auto-orient", "-depth", "8", "RGBA:/tmp/.tmpYQObaU/decoded-image-bmp-Heic.rgba"]
[validation] magick ["identify", "-format", "%w %h", "HEIC:/tmp/.tmpYQObaU/output/image-input-z8-10.heif"]
[validation] magick ["HEIC:/tmp/.tmpYQObaU/output/image-input-z8-10.heif", "-auto-orient", "-depth", "8", "RGBA:/tmp/.tmpYQObaU/decoded-image-bmp-Heif.rgba"]
[validation] magick ["identify", "-format", "%w %h", "JXL:/tmp/.tmpYQObaU/output/image-input-z8-10.jxl"]
[validation] magick ["JXL:/tmp/.tmpYQObaU/output/image-input-z8-10.jxl", "-auto-orient", "-depth", "8", "RGBA:/tmp/.tmpYQObaU/decoded-image-bmp-Jxl.rgba"]
[validation] magick ["PNG:/tmp/.tmpYQObaU/matrix-source.png", "TGA:/tmp/.tmpYQObaU/image-input.tga"]
[validation] magick ["identify", "-format", "%w %h", "TGA:/tmp/.tmpYQObaU/image-input.tga"]
[validation] magick ["identify", "-format", "%w %h", "PNG:/tmp/.tmpYQObaU/output/image-input-z8-11.png"]
[validation] magick ["PNG:/tmp/.tmpYQObaU/output/image-input-z8-11.png", "-auto-orient", "-depth", "8", "RGBA:/tmp/.tmpYQObaU/decoded-image-tga-Png.rgba"]
[validation] magick ["identify", "-format", "%w %h", "JPEG:/tmp/.tmpYQObaU/output/image-input-z8-11.jpg"]
[validation] magick ["JPEG:/tmp/.tmpYQObaU/output/image-input-z8-11.jpg", "-auto-orient", "-depth", "8", "RGBA:/tmp/.tmpYQObaU/decoded-image-tga-Jpeg.rgba"]
[validation] magick ["identify", "-format", "%w %h", "WEBP:/tmp/.tmpYQObaU/output/image-input-z8-11.webp"]
[validation] magick ["WEBP:/tmp/.tmpYQObaU/output/image-input-z8-11.webp", "-auto-orient", "-depth", "8", "RGBA:/tmp/.tmpYQObaU/decoded-image-tga-Webp.rgba"]
[validation] magick ["identify", "-format", "%w %h", "AVIF:/tmp/.tmpYQObaU/output/image-input-z8-11.avif"]
[validation] magick ["AVIF:/tmp/.tmpYQObaU/output/image-input-z8-11.avif", "-auto-orient", "-depth", "8", "RGBA:/tmp/.tmpYQObaU/decoded-image-tga-Avif.rgba"]
[validation] magick ["identify", "-format", "%w %h", "BMP3:/tmp/.tmpYQObaU/output/image-input-z8-11.bmp"]
[validation] magick ["BMP3:/tmp/.tmpYQObaU/output/image-input-z8-11.bmp", "-auto-orient", "-depth", "8", "RGBA:/tmp/.tmpYQObaU/decoded-image-tga-Bmp.rgba"]
[validation] magick ["identify", "-format", "%w %h", "TGA:/tmp/.tmpYQObaU/output/image-input-z8-11.tga"]
[validation] magick ["TGA:/tmp/.tmpYQObaU/output/image-input-z8-11.tga", "-auto-orient", "-depth", "8", "RGBA:/tmp/.tmpYQObaU/decoded-image-tga-Tga.rgba"]
[validation] magick ["identify", "-format", "%w %h", "QOI:/tmp/.tmpYQObaU/output/image-input-z8-11.qoi"]
[validation] magick ["QOI:/tmp/.tmpYQObaU/output/image-input-z8-11.qoi", "-auto-orient", "-depth", "8", "RGBA:/tmp/.tmpYQObaU/decoded-image-tga-Qoi.rgba"]
[validation] magick ["identify", "-format", "%w %h", "PBM:/tmp/.tmpYQObaU/output/image-input-z8-11.pbm"]
[validation] magick ["PBM:/tmp/.tmpYQObaU/output/image-input-z8-11.pbm", "-auto-orient", "-depth", "8", "RGBA:/tmp/.tmpYQObaU/decoded-image-tga-Pbm.rgba"]
[validation] magick ["identify", "-format", "%w %h", "PGM:/tmp/.tmpYQObaU/output/image-input-z8-11.pgm"]
[validation] magick ["PGM:/tmp/.tmpYQObaU/output/image-input-z8-11.pgm", "-auto-orient", "-depth", "8", "RGBA:/tmp/.tmpYQObaU/decoded-image-tga-Pgm.rgba"]
[validation] magick ["identify", "-format", "%w %h", "PPM:/tmp/.tmpYQObaU/output/image-input-z8-11.ppm"]
[validation] magick ["PPM:/tmp/.tmpYQObaU/output/image-input-z8-11.ppm", "-auto-orient", "-depth", "8", "RGBA:/tmp/.tmpYQObaU/decoded-image-tga-Ppm.rgba"]
[validation] magick ["identify", "-format", "%w %h", "PNM:/tmp/.tmpYQObaU/output/image-input-z8-11.pnm"]
[validation] magick ["PNM:/tmp/.tmpYQObaU/output/image-input-z8-11.pnm", "-auto-orient", "-depth", "8", "RGBA:/tmp/.tmpYQObaU/decoded-image-tga-Pnm.rgba"]
[validation] magick ["identify", "-format", "%w %h", "PAM:/tmp/.tmpYQObaU/output/image-input-z8-11.pam"]
[validation] magick ["PAM:/tmp/.tmpYQObaU/output/image-input-z8-11.pam", "-auto-orient", "-depth", "8", "RGBA:/tmp/.tmpYQObaU/decoded-image-tga-Pam.rgba"]
[validation] magick ["identify", "-format", "%w %h", "GIF:/tmp/.tmpYQObaU/output/image-input-z8-11.gif"]
[validation] magick ["GIF:/tmp/.tmpYQObaU/output/image-input-z8-11.gif", "-auto-orient", "-depth", "8", "RGBA:/tmp/.tmpYQObaU/decoded-image-tga-Gif.rgba"]
[validation] magick ["identify", "-format", "%w %h", "TIFF:/tmp/.tmpYQObaU/output/image-input-z8-11.tiff"]
[validation] magick ["TIFF:/tmp/.tmpYQObaU/output/image-input-z8-11.tiff", "-auto-orient", "-depth", "8", "RGBA:/tmp/.tmpYQObaU/decoded-image-tga-Tiff.rgba"]
[validation] magick ["identify", "-format", "%w %h", "ICO:/tmp/.tmpYQObaU/output/image-input-z8-11.ico"]
[validation] magick ["ICO:/tmp/.tmpYQObaU/output/image-input-z8-11.ico", "-auto-orient", "-depth", "8", "RGBA:/tmp/.tmpYQObaU/decoded-image-tga-Ico.rgba"]
[validation] magick ["identify", "-format", "%w %h", "PCX:/tmp/.tmpYQObaU/output/image-input-z8-11.pcx"]
[validation] magick ["PCX:/tmp/.tmpYQObaU/output/image-input-z8-11.pcx", "-auto-orient", "-depth", "8", "RGBA:/tmp/.tmpYQObaU/decoded-image-tga-Pcx.rgba"]
[validation] magick ["identify", "-format", "%w %h", "XBM:/tmp/.tmpYQObaU/output/image-input-z8-11.xbm"]
[validation] magick ["XBM:/tmp/.tmpYQObaU/output/image-input-z8-11.xbm", "-auto-orient", "-depth", "8", "RGBA:/tmp/.tmpYQObaU/decoded-image-tga-Xbm.rgba"]
[validation] magick ["identify", "-format", "%w %h", "XPM:/tmp/.tmpYQObaU/output/image-input-z8-11.xpm"]
[validation] magick ["XPM:/tmp/.tmpYQObaU/output/image-input-z8-11.xpm", "-auto-orient", "-depth", "8", "RGBA:/tmp/.tmpYQObaU/decoded-image-tga-Xpm.rgba"]
[validation] magick ["identify", "-format", "%w %h", "HEIC:/tmp/.tmpYQObaU/output/image-input-z8-11.heic"]
[validation] magick ["HEIC:/tmp/.tmpYQObaU/output/image-input-z8-11.heic", "-auto-orient", "-depth", "8", "RGBA:/tmp/.tmpYQObaU/decoded-image-tga-Heic.rgba"]
[validation] magick ["identify", "-format", "%w %h", "HEIC:/tmp/.tmpYQObaU/output/image-input-z8-11.heif"]
[validation] magick ["HEIC:/tmp/.tmpYQObaU/output/image-input-z8-11.heif", "-auto-orient", "-depth", "8", "RGBA:/tmp/.tmpYQObaU/decoded-image-tga-Heif.rgba"]
[validation] magick ["identify", "-format", "%w %h", "JXL:/tmp/.tmpYQObaU/output/image-input-z8-11.jxl"]
[validation] magick ["JXL:/tmp/.tmpYQObaU/output/image-input-z8-11.jxl", "-auto-orient", "-depth", "8", "RGBA:/tmp/.tmpYQObaU/decoded-image-tga-Jxl.rgba"]
[validation] magick ["PNG:/tmp/.tmpYQObaU/matrix-source.png", "QOI:/tmp/.tmpYQObaU/image-input.qoi"]
[validation] magick ["identify", "-format", "%w %h", "QOI:/tmp/.tmpYQObaU/image-input.qoi"]
[validation] magick ["identify", "-format", "%w %h", "PNG:/tmp/.tmpYQObaU/output/image-input-z8-12.png"]
[validation] magick ["PNG:/tmp/.tmpYQObaU/output/image-input-z8-12.png", "-auto-orient", "-depth", "8", "RGBA:/tmp/.tmpYQObaU/decoded-image-qoi-Png.rgba"]
[validation] magick ["identify", "-format", "%w %h", "JPEG:/tmp/.tmpYQObaU/output/image-input-z8-12.jpg"]
[validation] magick ["JPEG:/tmp/.tmpYQObaU/output/image-input-z8-12.jpg", "-auto-orient", "-depth", "8", "RGBA:/tmp/.tmpYQObaU/decoded-image-qoi-Jpeg.rgba"]
[validation] magick ["identify", "-format", "%w %h", "WEBP:/tmp/.tmpYQObaU/output/image-input-z8-12.webp"]
[validation] magick ["WEBP:/tmp/.tmpYQObaU/output/image-input-z8-12.webp", "-auto-orient", "-depth", "8", "RGBA:/tmp/.tmpYQObaU/decoded-image-qoi-Webp.rgba"]
[validation] magick ["identify", "-format", "%w %h", "AVIF:/tmp/.tmpYQObaU/output/image-input-z8-12.avif"]
[validation] magick ["AVIF:/tmp/.tmpYQObaU/output/image-input-z8-12.avif", "-auto-orient", "-depth", "8", "RGBA:/tmp/.tmpYQObaU/decoded-image-qoi-Avif.rgba"]
[validation] magick ["identify", "-format", "%w %h", "BMP3:/tmp/.tmpYQObaU/output/image-input-z8-12.bmp"]
[validation] magick ["BMP3:/tmp/.tmpYQObaU/output/image-input-z8-12.bmp", "-auto-orient", "-depth", "8", "RGBA:/tmp/.tmpYQObaU/decoded-image-qoi-Bmp.rgba"]
[validation] magick ["identify", "-format", "%w %h", "TGA:/tmp/.tmpYQObaU/output/image-input-z8-12.tga"]
[validation] magick ["TGA:/tmp/.tmpYQObaU/output/image-input-z8-12.tga", "-auto-orient", "-depth", "8", "RGBA:/tmp/.tmpYQObaU/decoded-image-qoi-Tga.rgba"]
[validation] magick ["identify", "-format", "%w %h", "QOI:/tmp/.tmpYQObaU/output/image-input-z8-12.qoi"]
[validation] magick ["QOI:/tmp/.tmpYQObaU/output/image-input-z8-12.qoi", "-auto-orient", "-depth", "8", "RGBA:/tmp/.tmpYQObaU/decoded-image-qoi-Qoi.rgba"]
[validation] magick ["identify", "-format", "%w %h", "PBM:/tmp/.tmpYQObaU/output/image-input-z8-12.pbm"]
[validation] magick ["PBM:/tmp/.tmpYQObaU/output/image-input-z8-12.pbm", "-auto-orient", "-depth", "8", "RGBA:/tmp/.tmpYQObaU/decoded-image-qoi-Pbm.rgba"]
[validation] magick ["identify", "-format", "%w %h", "PGM:/tmp/.tmpYQObaU/output/image-input-z8-12.pgm"]
[validation] magick ["PGM:/tmp/.tmpYQObaU/output/image-input-z8-12.pgm", "-auto-orient", "-depth", "8", "RGBA:/tmp/.tmpYQObaU/decoded-image-qoi-Pgm.rgba"]
[validation] magick ["identify", "-format", "%w %h", "PPM:/tmp/.tmpYQObaU/output/image-input-z8-12.ppm"]
[validation] magick ["PPM:/tmp/.tmpYQObaU/output/image-input-z8-12.ppm", "-auto-orient", "-depth", "8", "RGBA:/tmp/.tmpYQObaU/decoded-image-qoi-Ppm.rgba"]
[validation] magick ["identify", "-format", "%w %h", "PNM:/tmp/.tmpYQObaU/output/image-input-z8-12.pnm"]
[validation] magick ["PNM:/tmp/.tmpYQObaU/output/image-input-z8-12.pnm", "-auto-orient", "-depth", "8", "RGBA:/tmp/.tmpYQObaU/decoded-image-qoi-Pnm.rgba"]
[validation] magick ["identify", "-format", "%w %h", "PAM:/tmp/.tmpYQObaU/output/image-input-z8-12.pam"]
[validation] magick ["PAM:/tmp/.tmpYQObaU/output/image-input-z8-12.pam", "-auto-orient", "-depth", "8", "RGBA:/tmp/.tmpYQObaU/decoded-image-qoi-Pam.rgba"]
[validation] magick ["identify", "-format", "%w %h", "GIF:/tmp/.tmpYQObaU/output/image-input-z8-12.gif"]
[validation] magick ["GIF:/tmp/.tmpYQObaU/output/image-input-z8-12.gif", "-auto-orient", "-depth", "8", "RGBA:/tmp/.tmpYQObaU/decoded-image-qoi-Gif.rgba"]
[validation] magick ["identify", "-format", "%w %h", "TIFF:/tmp/.tmpYQObaU/output/image-input-z8-12.tiff"]
[validation] magick ["TIFF:/tmp/.tmpYQObaU/output/image-input-z8-12.tiff", "-auto-orient", "-depth", "8", "RGBA:/tmp/.tmpYQObaU/decoded-image-qoi-Tiff.rgba"]
[validation] magick ["identify", "-format", "%w %h", "ICO:/tmp/.tmpYQObaU/output/image-input-z8-12.ico"]
[validation] magick ["ICO:/tmp/.tmpYQObaU/output/image-input-z8-12.ico", "-auto-orient", "-depth", "8", "RGBA:/tmp/.tmpYQObaU/decoded-image-qoi-Ico.rgba"]
[validation] magick ["identify", "-format", "%w %h", "PCX:/tmp/.tmpYQObaU/output/image-input-z8-12.pcx"]
[validation] magick ["PCX:/tmp/.tmpYQObaU/output/image-input-z8-12.pcx", "-auto-orient", "-depth", "8", "RGBA:/tmp/.tmpYQObaU/decoded-image-qoi-Pcx.rgba"]
[validation] magick ["identify", "-format", "%w %h", "XBM:/tmp/.tmpYQObaU/output/image-input-z8-12.xbm"]
[validation] magick ["XBM:/tmp/.tmpYQObaU/output/image-input-z8-12.xbm", "-auto-orient", "-depth", "8", "RGBA:/tmp/.tmpYQObaU/decoded-image-qoi-Xbm.rgba"]
[validation] magick ["identify", "-format", "%w %h", "XPM:/tmp/.tmpYQObaU/output/image-input-z8-12.xpm"]
[validation] magick ["XPM:/tmp/.tmpYQObaU/output/image-input-z8-12.xpm", "-auto-orient", "-depth", "8", "RGBA:/tmp/.tmpYQObaU/decoded-image-qoi-Xpm.rgba"]
[validation] magick ["identify", "-format", "%w %h", "HEIC:/tmp/.tmpYQObaU/output/image-input-z8-12.heic"]
[validation] magick ["HEIC:/tmp/.tmpYQObaU/output/image-input-z8-12.heic", "-auto-orient", "-depth", "8", "RGBA:/tmp/.tmpYQObaU/decoded-image-qoi-Heic.rgba"]
[validation] magick ["identify", "-format", "%w %h", "HEIC:/tmp/.tmpYQObaU/output/image-input-z8-12.heif"]
[validation] magick ["HEIC:/tmp/.tmpYQObaU/output/image-input-z8-12.heif", "-auto-orient", "-depth", "8", "RGBA:/tmp/.tmpYQObaU/decoded-image-qoi-Heif.rgba"]
[validation] magick ["identify", "-format", "%w %h", "JXL:/tmp/.tmpYQObaU/output/image-input-z8-12.jxl"]
[validation] magick ["JXL:/tmp/.tmpYQObaU/output/image-input-z8-12.jxl", "-auto-orient", "-depth", "8", "RGBA:/tmp/.tmpYQObaU/decoded-image-qoi-Jxl.rgba"]
[validation] magick ["PNG:/tmp/.tmpYQObaU/matrix-source.png", "PBM:/tmp/.tmpYQObaU/image-input.pbm"]
[validation] magick ["identify", "-format", "%w %h", "PBM:/tmp/.tmpYQObaU/image-input.pbm"]
[validation] magick ["identify", "-format", "%w %h", "PNG:/tmp/.tmpYQObaU/output/image-input-z8-13.png"]
[validation] magick ["PNG:/tmp/.tmpYQObaU/output/image-input-z8-13.png", "-auto-orient", "-depth", "8", "RGBA:/tmp/.tmpYQObaU/decoded-image-pbm-Png.rgba"]
[validation] magick ["identify", "-format", "%w %h", "JPEG:/tmp/.tmpYQObaU/output/image-input-z8-13.jpg"]
[validation] magick ["JPEG:/tmp/.tmpYQObaU/output/image-input-z8-13.jpg", "-auto-orient", "-depth", "8", "RGBA:/tmp/.tmpYQObaU/decoded-image-pbm-Jpeg.rgba"]
[validation] magick ["identify", "-format", "%w %h", "WEBP:/tmp/.tmpYQObaU/output/image-input-z8-13.webp"]
[validation] magick ["WEBP:/tmp/.tmpYQObaU/output/image-input-z8-13.webp", "-auto-orient", "-depth", "8", "RGBA:/tmp/.tmpYQObaU/decoded-image-pbm-Webp.rgba"]
[validation] magick ["identify", "-format", "%w %h", "AVIF:/tmp/.tmpYQObaU/output/image-input-z8-13.avif"]
[validation] magick ["AVIF:/tmp/.tmpYQObaU/output/image-input-z8-13.avif", "-auto-orient", "-depth", "8", "RGBA:/tmp/.tmpYQObaU/decoded-image-pbm-Avif.rgba"]
[validation] magick ["identify", "-format", "%w %h", "BMP3:/tmp/.tmpYQObaU/output/image-input-z8-13.bmp"]
[validation] magick ["BMP3:/tmp/.tmpYQObaU/output/image-input-z8-13.bmp", "-auto-orient", "-depth", "8", "RGBA:/tmp/.tmpYQObaU/decoded-image-pbm-Bmp.rgba"]
[validation] magick ["identify", "-format", "%w %h", "TGA:/tmp/.tmpYQObaU/output/image-input-z8-13.tga"]
[validation] magick ["TGA:/tmp/.tmpYQObaU/output/image-input-z8-13.tga", "-auto-orient", "-depth", "8", "RGBA:/tmp/.tmpYQObaU/decoded-image-pbm-Tga.rgba"]
[validation] magick ["identify", "-format", "%w %h", "QOI:/tmp/.tmpYQObaU/output/image-input-z8-13.qoi"]
[validation] magick ["QOI:/tmp/.tmpYQObaU/output/image-input-z8-13.qoi", "-auto-orient", "-depth", "8", "RGBA:/tmp/.tmpYQObaU/decoded-image-pbm-Qoi.rgba"]
[validation] magick ["identify", "-format", "%w %h", "PBM:/tmp/.tmpYQObaU/output/image-input-z8-13.pbm"]
[validation] magick ["PBM:/tmp/.tmpYQObaU/output/image-input-z8-13.pbm", "-auto-orient", "-depth", "8", "RGBA:/tmp/.tmpYQObaU/decoded-image-pbm-Pbm.rgba"]
[validation] magick ["identify", "-format", "%w %h", "PGM:/tmp/.tmpYQObaU/output/image-input-z8-13.pgm"]
[validation] magick ["PGM:/tmp/.tmpYQObaU/output/image-input-z8-13.pgm", "-auto-orient", "-depth", "8", "RGBA:/tmp/.tmpYQObaU/decoded-image-pbm-Pgm.rgba"]
[validation] magick ["identify", "-format", "%w %h", "PPM:/tmp/.tmpYQObaU/output/image-input-z8-13.ppm"]
[validation] magick ["PPM:/tmp/.tmpYQObaU/output/image-input-z8-13.ppm", "-auto-orient", "-depth", "8", "RGBA:/tmp/.tmpYQObaU/decoded-image-pbm-Ppm.rgba"]
[validation] magick ["identify", "-format", "%w %h", "PNM:/tmp/.tmpYQObaU/output/image-input-z8-13.pnm"]
[validation] magick ["PNM:/tmp/.tmpYQObaU/output/image-input-z8-13.pnm", "-auto-orient", "-depth", "8", "RGBA:/tmp/.tmpYQObaU/decoded-image-pbm-Pnm.rgba"]
[validation] magick ["identify", "-format", "%w %h", "PAM:/tmp/.tmpYQObaU/output/image-input-z8-13.pam"]
[validation] magick ["PAM:/tmp/.tmpYQObaU/output/image-input-z8-13.pam", "-auto-orient", "-depth", "8", "RGBA:/tmp/.tmpYQObaU/decoded-image-pbm-Pam.rgba"]
[validation] magick ["identify", "-format", "%w %h", "GIF:/tmp/.tmpYQObaU/output/image-input-z8-13.gif"]
[validation] magick ["GIF:/tmp/.tmpYQObaU/output/image-input-z8-13.gif", "-auto-orient", "-depth", "8", "RGBA:/tmp/.tmpYQObaU/decoded-image-pbm-Gif.rgba"]
[validation] magick ["identify", "-format", "%w %h", "TIFF:/tmp/.tmpYQObaU/output/image-input-z8-13.tiff"]
[validation] magick ["TIFF:/tmp/.tmpYQObaU/output/image-input-z8-13.tiff", "-auto-orient", "-depth", "8", "RGBA:/tmp/.tmpYQObaU/decoded-image-pbm-Tiff.rgba"]
[validation] magick ["identify", "-format", "%w %h", "ICO:/tmp/.tmpYQObaU/output/image-input-z8-13.ico"]
[validation] magick ["ICO:/tmp/.tmpYQObaU/output/image-input-z8-13.ico", "-auto-orient", "-depth", "8", "RGBA:/tmp/.tmpYQObaU/decoded-image-pbm-Ico.rgba"]
[validation] magick ["identify", "-format", "%w %h", "PCX:/tmp/.tmpYQObaU/output/image-input-z8-13.pcx"]
[validation] magick ["PCX:/tmp/.tmpYQObaU/output/image-input-z8-13.pcx", "-auto-orient", "-depth", "8", "RGBA:/tmp/.tmpYQObaU/decoded-image-pbm-Pcx.rgba"]
[validation] magick ["identify", "-format", "%w %h", "XBM:/tmp/.tmpYQObaU/output/image-input-z8-13.xbm"]
[validation] magick ["XBM:/tmp/.tmpYQObaU/output/image-input-z8-13.xbm", "-auto-orient", "-depth", "8", "RGBA:/tmp/.tmpYQObaU/decoded-image-pbm-Xbm.rgba"]
[validation] magick ["identify", "-format", "%w %h", "XPM:/tmp/.tmpYQObaU/output/image-input-z8-13.xpm"]
[validation] magick ["XPM:/tmp/.tmpYQObaU/output/image-input-z8-13.xpm", "-auto-orient", "-depth", "8", "RGBA:/tmp/.tmpYQObaU/decoded-image-pbm-Xpm.rgba"]
[validation] magick ["identify", "-format", "%w %h", "HEIC:/tmp/.tmpYQObaU/output/image-input-z8-13.heic"]
[validation] magick ["HEIC:/tmp/.tmpYQObaU/output/image-input-z8-13.heic", "-auto-orient", "-depth", "8", "RGBA:/tmp/.tmpYQObaU/decoded-image-pbm-Heic.rgba"]
[validation] magick ["identify", "-format", "%w %h", "HEIC:/tmp/.tmpYQObaU/output/image-input-z8-13.heif"]
[validation] magick ["HEIC:/tmp/.tmpYQObaU/output/image-input-z8-13.heif", "-auto-orient", "-depth", "8", "RGBA:/tmp/.tmpYQObaU/decoded-image-pbm-Heif.rgba"]
[validation] magick ["identify", "-format", "%w %h", "JXL:/tmp/.tmpYQObaU/output/image-input-z8-13.jxl"]
[validation] magick ["JXL:/tmp/.tmpYQObaU/output/image-input-z8-13.jxl", "-auto-orient", "-depth", "8", "RGBA:/tmp/.tmpYQObaU/decoded-image-pbm-Jxl.rgba"]
[validation] magick ["PNG:/tmp/.tmpYQObaU/matrix-source.png", "PGM:/tmp/.tmpYQObaU/image-input.pgm"]
[validation] magick ["identify", "-format", "%w %h", "PGM:/tmp/.tmpYQObaU/image-input.pgm"]
[validation] magick ["identify", "-format", "%w %h", "PNG:/tmp/.tmpYQObaU/output/image-input-z8-14.png"]
[validation] magick ["PNG:/tmp/.tmpYQObaU/output/image-input-z8-14.png", "-auto-orient", "-depth", "8", "RGBA:/tmp/.tmpYQObaU/decoded-image-pgm-Png.rgba"]
[validation] magick ["identify", "-format", "%w %h", "JPEG:/tmp/.tmpYQObaU/output/image-input-z8-14.jpg"]
[validation] magick ["JPEG:/tmp/.tmpYQObaU/output/image-input-z8-14.jpg", "-auto-orient", "-depth", "8", "RGBA:/tmp/.tmpYQObaU/decoded-image-pgm-Jpeg.rgba"]
[validation] magick ["identify", "-format", "%w %h", "WEBP:/tmp/.tmpYQObaU/output/image-input-z8-14.webp"]
[validation] magick ["WEBP:/tmp/.tmpYQObaU/output/image-input-z8-14.webp", "-auto-orient", "-depth", "8", "RGBA:/tmp/.tmpYQObaU/decoded-image-pgm-Webp.rgba"]
[validation] magick ["identify", "-format", "%w %h", "AVIF:/tmp/.tmpYQObaU/output/image-input-z8-14.avif"]
[validation] magick ["AVIF:/tmp/.tmpYQObaU/output/image-input-z8-14.avif", "-auto-orient", "-depth", "8", "RGBA:/tmp/.tmpYQObaU/decoded-image-pgm-Avif.rgba"]
[validation] magick ["identify", "-format", "%w %h", "BMP3:/tmp/.tmpYQObaU/output/image-input-z8-14.bmp"]
[validation] magick ["BMP3:/tmp/.tmpYQObaU/output/image-input-z8-14.bmp", "-auto-orient", "-depth", "8", "RGBA:/tmp/.tmpYQObaU/decoded-image-pgm-Bmp.rgba"]
[validation] magick ["identify", "-format", "%w %h", "TGA:/tmp/.tmpYQObaU/output/image-input-z8-14.tga"]
[validation] magick ["TGA:/tmp/.tmpYQObaU/output/image-input-z8-14.tga", "-auto-orient", "-depth", "8", "RGBA:/tmp/.tmpYQObaU/decoded-image-pgm-Tga.rgba"]
[validation] magick ["identify", "-format", "%w %h", "QOI:/tmp/.tmpYQObaU/output/image-input-z8-14.qoi"]
[validation] magick ["QOI:/tmp/.tmpYQObaU/output/image-input-z8-14.qoi", "-auto-orient", "-depth", "8", "RGBA:/tmp/.tmpYQObaU/decoded-image-pgm-Qoi.rgba"]
[validation] magick ["identify", "-format", "%w %h", "PBM:/tmp/.tmpYQObaU/output/image-input-z8-14.pbm"]
[validation] magick ["PBM:/tmp/.tmpYQObaU/output/image-input-z8-14.pbm", "-auto-orient", "-depth", "8", "RGBA:/tmp/.tmpYQObaU/decoded-image-pgm-Pbm.rgba"]
[validation] magick ["identify", "-format", "%w %h", "PGM:/tmp/.tmpYQObaU/output/image-input-z8-14.pgm"]
[validation] magick ["PGM:/tmp/.tmpYQObaU/output/image-input-z8-14.pgm", "-auto-orient", "-depth", "8", "RGBA:/tmp/.tmpYQObaU/decoded-image-pgm-Pgm.rgba"]
[validation] magick ["identify", "-format", "%w %h", "PPM:/tmp/.tmpYQObaU/output/image-input-z8-14.ppm"]
[validation] magick ["PPM:/tmp/.tmpYQObaU/output/image-input-z8-14.ppm", "-auto-orient", "-depth", "8", "RGBA:/tmp/.tmpYQObaU/decoded-image-pgm-Ppm.rgba"]
[validation] magick ["identify", "-format", "%w %h", "PNM:/tmp/.tmpYQObaU/output/image-input-z8-14.pnm"]
[validation] magick ["PNM:/tmp/.tmpYQObaU/output/image-input-z8-14.pnm", "-auto-orient", "-depth", "8", "RGBA:/tmp/.tmpYQObaU/decoded-image-pgm-Pnm.rgba"]
[validation] magick ["identify", "-format", "%w %h", "PAM:/tmp/.tmpYQObaU/output/image-input-z8-14.pam"]
[validation] magick ["PAM:/tmp/.tmpYQObaU/output/image-input-z8-14.pam", "-auto-orient", "-depth", "8", "RGBA:/tmp/.tmpYQObaU/decoded-image-pgm-Pam.rgba"]
[validation] magick ["identify", "-format", "%w %h", "GIF:/tmp/.tmpYQObaU/output/image-input-z8-14.gif"]
[validation] magick ["GIF:/tmp/.tmpYQObaU/output/image-input-z8-14.gif", "-auto-orient", "-depth", "8", "RGBA:/tmp/.tmpYQObaU/decoded-image-pgm-Gif.rgba"]
[validation] magick ["identify", "-format", "%w %h", "TIFF:/tmp/.tmpYQObaU/output/image-input-z8-14.tiff"]
[validation] magick ["TIFF:/tmp/.tmpYQObaU/output/image-input-z8-14.tiff", "-auto-orient", "-depth", "8", "RGBA:/tmp/.tmpYQObaU/decoded-image-pgm-Tiff.rgba"]
[validation] magick ["identify", "-format", "%w %h", "ICO:/tmp/.tmpYQObaU/output/image-input-z8-14.ico"]
[validation] magick ["ICO:/tmp/.tmpYQObaU/output/image-input-z8-14.ico", "-auto-orient", "-depth", "8", "RGBA:/tmp/.tmpYQObaU/decoded-image-pgm-Ico.rgba"]
[validation] magick ["identify", "-format", "%w %h", "PCX:/tmp/.tmpYQObaU/output/image-input-z8-14.pcx"]
[validation] magick ["PCX:/tmp/.tmpYQObaU/output/image-input-z8-14.pcx", "-auto-orient", "-depth", "8", "RGBA:/tmp/.tmpYQObaU/decoded-image-pgm-Pcx.rgba"]
[validation] magick ["identify", "-format", "%w %h", "XBM:/tmp/.tmpYQObaU/output/image-input-z8-14.xbm"]
[validation] magick ["XBM:/tmp/.tmpYQObaU/output/image-input-z8-14.xbm", "-auto-orient", "-depth", "8", "RGBA:/tmp/.tmpYQObaU/decoded-image-pgm-Xbm.rgba"]
[validation] magick ["identify", "-format", "%w %h", "XPM:/tmp/.tmpYQObaU/output/image-input-z8-14.xpm"]
[validation] magick ["XPM:/tmp/.tmpYQObaU/output/image-input-z8-14.xpm", "-auto-orient", "-depth", "8", "RGBA:/tmp/.tmpYQObaU/decoded-image-pgm-Xpm.rgba"]
[validation] magick ["identify", "-format", "%w %h", "HEIC:/tmp/.tmpYQObaU/output/image-input-z8-14.heic"]
[validation] magick ["HEIC:/tmp/.tmpYQObaU/output/image-input-z8-14.heic", "-auto-orient", "-depth", "8", "RGBA:/tmp/.tmpYQObaU/decoded-image-pgm-Heic.rgba"]
[validation] magick ["identify", "-format", "%w %h", "HEIC:/tmp/.tmpYQObaU/output/image-input-z8-14.heif"]
[validation] magick ["HEIC:/tmp/.tmpYQObaU/output/image-input-z8-14.heif", "-auto-orient", "-depth", "8", "RGBA:/tmp/.tmpYQObaU/decoded-image-pgm-Heif.rgba"]
[validation] magick ["identify", "-format", "%w %h", "JXL:/tmp/.tmpYQObaU/output/image-input-z8-14.jxl"]
[validation] magick ["JXL:/tmp/.tmpYQObaU/output/image-input-z8-14.jxl", "-auto-orient", "-depth", "8", "RGBA:/tmp/.tmpYQObaU/decoded-image-pgm-Jxl.rgba"]
[validation] magick ["PNG:/tmp/.tmpYQObaU/matrix-source.png", "PPM:/tmp/.tmpYQObaU/image-input.ppm"]
[validation] magick ["identify", "-format", "%w %h", "PPM:/tmp/.tmpYQObaU/image-input.ppm"]
[validation] magick ["identify", "-format", "%w %h", "PNG:/tmp/.tmpYQObaU/output/image-input-z8-15.png"]
[validation] magick ["PNG:/tmp/.tmpYQObaU/output/image-input-z8-15.png", "-auto-orient", "-depth", "8", "RGBA:/tmp/.tmpYQObaU/decoded-image-ppm-Png.rgba"]
[validation] magick ["identify", "-format", "%w %h", "JPEG:/tmp/.tmpYQObaU/output/image-input-z8-15.jpg"]
[validation] magick ["JPEG:/tmp/.tmpYQObaU/output/image-input-z8-15.jpg", "-auto-orient", "-depth", "8", "RGBA:/tmp/.tmpYQObaU/decoded-image-ppm-Jpeg.rgba"]
[validation] magick ["identify", "-format", "%w %h", "WEBP:/tmp/.tmpYQObaU/output/image-input-z8-15.webp"]
[validation] magick ["WEBP:/tmp/.tmpYQObaU/output/image-input-z8-15.webp", "-auto-orient", "-depth", "8", "RGBA:/tmp/.tmpYQObaU/decoded-image-ppm-Webp.rgba"]
[validation] magick ["identify", "-format", "%w %h", "AVIF:/tmp/.tmpYQObaU/output/image-input-z8-15.avif"]
[validation] magick ["AVIF:/tmp/.tmpYQObaU/output/image-input-z8-15.avif", "-auto-orient", "-depth", "8", "RGBA:/tmp/.tmpYQObaU/decoded-image-ppm-Avif.rgba"]
[validation] magick ["identify", "-format", "%w %h", "BMP3:/tmp/.tmpYQObaU/output/image-input-z8-15.bmp"]
[validation] magick ["BMP3:/tmp/.tmpYQObaU/output/image-input-z8-15.bmp", "-auto-orient", "-depth", "8", "RGBA:/tmp/.tmpYQObaU/decoded-image-ppm-Bmp.rgba"]
[validation] magick ["identify", "-format", "%w %h", "TGA:/tmp/.tmpYQObaU/output/image-input-z8-15.tga"]
[validation] magick ["TGA:/tmp/.tmpYQObaU/output/image-input-z8-15.tga", "-auto-orient", "-depth", "8", "RGBA:/tmp/.tmpYQObaU/decoded-image-ppm-Tga.rgba"]
[validation] magick ["identify", "-format", "%w %h", "QOI:/tmp/.tmpYQObaU/output/image-input-z8-15.qoi"]
[validation] magick ["QOI:/tmp/.tmpYQObaU/output/image-input-z8-15.qoi", "-auto-orient", "-depth", "8", "RGBA:/tmp/.tmpYQObaU/decoded-image-ppm-Qoi.rgba"]
[validation] magick ["identify", "-format", "%w %h", "PBM:/tmp/.tmpYQObaU/output/image-input-z8-15.pbm"]
[validation] magick ["PBM:/tmp/.tmpYQObaU/output/image-input-z8-15.pbm", "-auto-orient", "-depth", "8", "RGBA:/tmp/.tmpYQObaU/decoded-image-ppm-Pbm.rgba"]
[validation] magick ["identify", "-format", "%w %h", "PGM:/tmp/.tmpYQObaU/output/image-input-z8-15.pgm"]
[validation] magick ["PGM:/tmp/.tmpYQObaU/output/image-input-z8-15.pgm", "-auto-orient", "-depth", "8", "RGBA:/tmp/.tmpYQObaU/decoded-image-ppm-Pgm.rgba"]
[validation] magick ["identify", "-format", "%w %h", "PPM:/tmp/.tmpYQObaU/output/image-input-z8-15.ppm"]
[validation] magick ["PPM:/tmp/.tmpYQObaU/output/image-input-z8-15.ppm", "-auto-orient", "-depth", "8", "RGBA:/tmp/.tmpYQObaU/decoded-image-ppm-Ppm.rgba"]
[validation] magick ["identify", "-format", "%w %h", "PNM:/tmp/.tmpYQObaU/output/image-input-z8-15.pnm"]
[validation] magick ["PNM:/tmp/.tmpYQObaU/output/image-input-z8-15.pnm", "-auto-orient", "-depth", "8", "RGBA:/tmp/.tmpYQObaU/decoded-image-ppm-Pnm.rgba"]
[validation] magick ["identify", "-format", "%w %h", "PAM:/tmp/.tmpYQObaU/output/image-input-z8-15.pam"]
[validation] magick ["PAM:/tmp/.tmpYQObaU/output/image-input-z8-15.pam", "-auto-orient", "-depth", "8", "RGBA:/tmp/.tmpYQObaU/decoded-image-ppm-Pam.rgba"]
[validation] magick ["identify", "-format", "%w %h", "GIF:/tmp/.tmpYQObaU/output/image-input-z8-15.gif"]
[validation] magick ["GIF:/tmp/.tmpYQObaU/output/image-input-z8-15.gif", "-auto-orient", "-depth", "8", "RGBA:/tmp/.tmpYQObaU/decoded-image-ppm-Gif.rgba"]
[validation] magick ["identify", "-format", "%w %h", "TIFF:/tmp/.tmpYQObaU/output/image-input-z8-15.tiff"]
[validation] magick ["TIFF:/tmp/.tmpYQObaU/output/image-input-z8-15.tiff", "-auto-orient", "-depth", "8", "RGBA:/tmp/.tmpYQObaU/decoded-image-ppm-Tiff.rgba"]
[validation] magick ["identify", "-format", "%w %h", "ICO:/tmp/.tmpYQObaU/output/image-input-z8-15.ico"]
[validation] magick ["ICO:/tmp/.tmpYQObaU/output/image-input-z8-15.ico", "-auto-orient", "-depth", "8", "RGBA:/tmp/.tmpYQObaU/decoded-image-ppm-Ico.rgba"]
[validation] magick ["identify", "-format", "%w %h", "PCX:/tmp/.tmpYQObaU/output/image-input-z8-15.pcx"]
[validation] magick ["PCX:/tmp/.tmpYQObaU/output/image-input-z8-15.pcx", "-auto-orient", "-depth", "8", "RGBA:/tmp/.tmpYQObaU/decoded-image-ppm-Pcx.rgba"]
[validation] magick ["identify", "-format", "%w %h", "XBM:/tmp/.tmpYQObaU/output/image-input-z8-15.xbm"]
[validation] magick ["XBM:/tmp/.tmpYQObaU/output/image-input-z8-15.xbm", "-auto-orient", "-depth", "8", "RGBA:/tmp/.tmpYQObaU/decoded-image-ppm-Xbm.rgba"]
[validation] magick ["identify", "-format", "%w %h", "XPM:/tmp/.tmpYQObaU/output/image-input-z8-15.xpm"]
[validation] magick ["XPM:/tmp/.tmpYQObaU/output/image-input-z8-15.xpm", "-auto-orient", "-depth", "8", "RGBA:/tmp/.tmpYQObaU/decoded-image-ppm-Xpm.rgba"]
[validation] magick ["identify", "-format", "%w %h", "HEIC:/tmp/.tmpYQObaU/output/image-input-z8-15.heic"]
[validation] magick ["HEIC:/tmp/.tmpYQObaU/output/image-input-z8-15.heic", "-auto-orient", "-depth", "8", "RGBA:/tmp/.tmpYQObaU/decoded-image-ppm-Heic.rgba"]
[validation] magick ["identify", "-format", "%w %h", "HEIC:/tmp/.tmpYQObaU/output/image-input-z8-15.heif"]
[validation] magick ["HEIC:/tmp/.tmpYQObaU/output/image-input-z8-15.heif", "-auto-orient", "-depth", "8", "RGBA:/tmp/.tmpYQObaU/decoded-image-ppm-Heif.rgba"]
[validation] magick ["identify", "-format", "%w %h", "JXL:/tmp/.tmpYQObaU/output/image-input-z8-15.jxl"]
[validation] magick ["JXL:/tmp/.tmpYQObaU/output/image-input-z8-15.jxl", "-auto-orient", "-depth", "8", "RGBA:/tmp/.tmpYQObaU/decoded-image-ppm-Jxl.rgba"]
[validation] magick ["PNG:/tmp/.tmpYQObaU/matrix-source.png", "PNM:/tmp/.tmpYQObaU/image-input.pnm"]
[validation] magick ["identify", "-format", "%w %h", "PNM:/tmp/.tmpYQObaU/image-input.pnm"]
[validation] magick ["identify", "-format", "%w %h", "PNG:/tmp/.tmpYQObaU/output/image-input-z8-16.png"]
[validation] magick ["PNG:/tmp/.tmpYQObaU/output/image-input-z8-16.png", "-auto-orient", "-depth", "8", "RGBA:/tmp/.tmpYQObaU/decoded-image-pnm-Png.rgba"]
[validation] magick ["identify", "-format", "%w %h", "JPEG:/tmp/.tmpYQObaU/output/image-input-z8-16.jpg"]
[validation] magick ["JPEG:/tmp/.tmpYQObaU/output/image-input-z8-16.jpg", "-auto-orient", "-depth", "8", "RGBA:/tmp/.tmpYQObaU/decoded-image-pnm-Jpeg.rgba"]
[validation] magick ["identify", "-format", "%w %h", "WEBP:/tmp/.tmpYQObaU/output/image-input-z8-16.webp"]
[validation] magick ["WEBP:/tmp/.tmpYQObaU/output/image-input-z8-16.webp", "-auto-orient", "-depth", "8", "RGBA:/tmp/.tmpYQObaU/decoded-image-pnm-Webp.rgba"]
[validation] magick ["identify", "-format", "%w %h", "AVIF:/tmp/.tmpYQObaU/output/image-input-z8-16.avif"]
[validation] magick ["AVIF:/tmp/.tmpYQObaU/output/image-input-z8-16.avif", "-auto-orient", "-depth", "8", "RGBA:/tmp/.tmpYQObaU/decoded-image-pnm-Avif.rgba"]
[validation] magick ["identify", "-format", "%w %h", "BMP3:/tmp/.tmpYQObaU/output/image-input-z8-16.bmp"]
[validation] magick ["BMP3:/tmp/.tmpYQObaU/output/image-input-z8-16.bmp", "-auto-orient", "-depth", "8", "RGBA:/tmp/.tmpYQObaU/decoded-image-pnm-Bmp.rgba"]
[validation] magick ["identify", "-format", "%w %h", "TGA:/tmp/.tmpYQObaU/output/image-input-z8-16.tga"]
[validation] magick ["TGA:/tmp/.tmpYQObaU/output/image-input-z8-16.tga", "-auto-orient", "-depth", "8", "RGBA:/tmp/.tmpYQObaU/decoded-image-pnm-Tga.rgba"]
[validation] magick ["identify", "-format", "%w %h", "QOI:/tmp/.tmpYQObaU/output/image-input-z8-16.qoi"]
[validation] magick ["QOI:/tmp/.tmpYQObaU/output/image-input-z8-16.qoi", "-auto-orient", "-depth", "8", "RGBA:/tmp/.tmpYQObaU/decoded-image-pnm-Qoi.rgba"]
[validation] magick ["identify", "-format", "%w %h", "PBM:/tmp/.tmpYQObaU/output/image-input-z8-16.pbm"]
[validation] magick ["PBM:/tmp/.tmpYQObaU/output/image-input-z8-16.pbm", "-auto-orient", "-depth", "8", "RGBA:/tmp/.tmpYQObaU/decoded-image-pnm-Pbm.rgba"]
[validation] magick ["identify", "-format", "%w %h", "PGM:/tmp/.tmpYQObaU/output/image-input-z8-16.pgm"]
[validation] magick ["PGM:/tmp/.tmpYQObaU/output/image-input-z8-16.pgm", "-auto-orient", "-depth", "8", "RGBA:/tmp/.tmpYQObaU/decoded-image-pnm-Pgm.rgba"]
[validation] magick ["identify", "-format", "%w %h", "PPM:/tmp/.tmpYQObaU/output/image-input-z8-16.ppm"]
[validation] magick ["PPM:/tmp/.tmpYQObaU/output/image-input-z8-16.ppm", "-auto-orient", "-depth", "8", "RGBA:/tmp/.tmpYQObaU/decoded-image-pnm-Ppm.rgba"]
[validation] magick ["identify", "-format", "%w %h", "PNM:/tmp/.tmpYQObaU/output/image-input-z8-16.pnm"]
[validation] magick ["PNM:/tmp/.tmpYQObaU/output/image-input-z8-16.pnm", "-auto-orient", "-depth", "8", "RGBA:/tmp/.tmpYQObaU/decoded-image-pnm-Pnm.rgba"]
[validation] magick ["identify", "-format", "%w %h", "PAM:/tmp/.tmpYQObaU/output/image-input-z8-16.pam"]
[validation] magick ["PAM:/tmp/.tmpYQObaU/output/image-input-z8-16.pam", "-auto-orient", "-depth", "8", "RGBA:/tmp/.tmpYQObaU/decoded-image-pnm-Pam.rgba"]
[validation] magick ["identify", "-format", "%w %h", "GIF:/tmp/.tmpYQObaU/output/image-input-z8-16.gif"]
[validation] magick ["GIF:/tmp/.tmpYQObaU/output/image-input-z8-16.gif", "-auto-orient", "-depth", "8", "RGBA:/tmp/.tmpYQObaU/decoded-image-pnm-Gif.rgba"]
[validation] magick ["identify", "-format", "%w %h", "TIFF:/tmp/.tmpYQObaU/output/image-input-z8-16.tiff"]
[validation] magick ["TIFF:/tmp/.tmpYQObaU/output/image-input-z8-16.tiff", "-auto-orient", "-depth", "8", "RGBA:/tmp/.tmpYQObaU/decoded-image-pnm-Tiff.rgba"]
[validation] magick ["identify", "-format", "%w %h", "ICO:/tmp/.tmpYQObaU/output/image-input-z8-16.ico"]
[validation] magick ["ICO:/tmp/.tmpYQObaU/output/image-input-z8-16.ico", "-auto-orient", "-depth", "8", "RGBA:/tmp/.tmpYQObaU/decoded-image-pnm-Ico.rgba"]
[validation] magick ["identify", "-format", "%w %h", "PCX:/tmp/.tmpYQObaU/output/image-input-z8-16.pcx"]
[validation] magick ["PCX:/tmp/.tmpYQObaU/output/image-input-z8-16.pcx", "-auto-orient", "-depth", "8", "RGBA:/tmp/.tmpYQObaU/decoded-image-pnm-Pcx.rgba"]
[validation] magick ["identify", "-format", "%w %h", "XBM:/tmp/.tmpYQObaU/output/image-input-z8-16.xbm"]
[validation] magick ["XBM:/tmp/.tmpYQObaU/output/image-input-z8-16.xbm", "-auto-orient", "-depth", "8", "RGBA:/tmp/.tmpYQObaU/decoded-image-pnm-Xbm.rgba"]
[validation] magick ["identify", "-format", "%w %h", "XPM:/tmp/.tmpYQObaU/output/image-input-z8-16.xpm"]
[validation] magick ["XPM:/tmp/.tmpYQObaU/output/image-input-z8-16.xpm", "-auto-orient", "-depth", "8", "RGBA:/tmp/.tmpYQObaU/decoded-image-pnm-Xpm.rgba"]
[validation] magick ["identify", "-format", "%w %h", "HEIC:/tmp/.tmpYQObaU/output/image-input-z8-16.heic"]
[validation] magick ["HEIC:/tmp/.tmpYQObaU/output/image-input-z8-16.heic", "-auto-orient", "-depth", "8", "RGBA:/tmp/.tmpYQObaU/decoded-image-pnm-Heic.rgba"]
[validation] magick ["identify", "-format", "%w %h", "HEIC:/tmp/.tmpYQObaU/output/image-input-z8-16.heif"]
[validation] magick ["HEIC:/tmp/.tmpYQObaU/output/image-input-z8-16.heif", "-auto-orient", "-depth", "8", "RGBA:/tmp/.tmpYQObaU/decoded-image-pnm-Heif.rgba"]
[validation] magick ["identify", "-format", "%w %h", "JXL:/tmp/.tmpYQObaU/output/image-input-z8-16.jxl"]
[validation] magick ["JXL:/tmp/.tmpYQObaU/output/image-input-z8-16.jxl", "-auto-orient", "-depth", "8", "RGBA:/tmp/.tmpYQObaU/decoded-image-pnm-Jxl.rgba"]
[validation] magick ["PNG:/tmp/.tmpYQObaU/matrix-source.png", "PAM:/tmp/.tmpYQObaU/image-input.pam"]
[validation] magick ["identify", "-format", "%w %h", "PAM:/tmp/.tmpYQObaU/image-input.pam"]
[validation] magick ["identify", "-format", "%w %h", "PNG:/tmp/.tmpYQObaU/output/image-input-z8-17.png"]
[validation] magick ["PNG:/tmp/.tmpYQObaU/output/image-input-z8-17.png", "-auto-orient", "-depth", "8", "RGBA:/tmp/.tmpYQObaU/decoded-image-pam-Png.rgba"]
[validation] magick ["identify", "-format", "%w %h", "JPEG:/tmp/.tmpYQObaU/output/image-input-z8-17.jpg"]
[validation] magick ["JPEG:/tmp/.tmpYQObaU/output/image-input-z8-17.jpg", "-auto-orient", "-depth", "8", "RGBA:/tmp/.tmpYQObaU/decoded-image-pam-Jpeg.rgba"]
[validation] magick ["identify", "-format", "%w %h", "WEBP:/tmp/.tmpYQObaU/output/image-input-z8-17.webp"]
[validation] magick ["WEBP:/tmp/.tmpYQObaU/output/image-input-z8-17.webp", "-auto-orient", "-depth", "8", "RGBA:/tmp/.tmpYQObaU/decoded-image-pam-Webp.rgba"]
[validation] magick ["identify", "-format", "%w %h", "AVIF:/tmp/.tmpYQObaU/output/image-input-z8-17.avif"]
[validation] magick ["AVIF:/tmp/.tmpYQObaU/output/image-input-z8-17.avif", "-auto-orient", "-depth", "8", "RGBA:/tmp/.tmpYQObaU/decoded-image-pam-Avif.rgba"]
[validation] magick ["identify", "-format", "%w %h", "BMP3:/tmp/.tmpYQObaU/output/image-input-z8-17.bmp"]
[validation] magick ["BMP3:/tmp/.tmpYQObaU/output/image-input-z8-17.bmp", "-auto-orient", "-depth", "8", "RGBA:/tmp/.tmpYQObaU/decoded-image-pam-Bmp.rgba"]
[validation] magick ["identify", "-format", "%w %h", "TGA:/tmp/.tmpYQObaU/output/image-input-z8-17.tga"]
[validation] magick ["TGA:/tmp/.tmpYQObaU/output/image-input-z8-17.tga", "-auto-orient", "-depth", "8", "RGBA:/tmp/.tmpYQObaU/decoded-image-pam-Tga.rgba"]
[validation] magick ["identify", "-format", "%w %h", "QOI:/tmp/.tmpYQObaU/output/image-input-z8-17.qoi"]
[validation] magick ["QOI:/tmp/.tmpYQObaU/output/image-input-z8-17.qoi", "-auto-orient", "-depth", "8", "RGBA:/tmp/.tmpYQObaU/decoded-image-pam-Qoi.rgba"]
[validation] magick ["identify", "-format", "%w %h", "PBM:/tmp/.tmpYQObaU/output/image-input-z8-17.pbm"]
[validation] magick ["PBM:/tmp/.tmpYQObaU/output/image-input-z8-17.pbm", "-auto-orient", "-depth", "8", "RGBA:/tmp/.tmpYQObaU/decoded-image-pam-Pbm.rgba"]
[validation] magick ["identify", "-format", "%w %h", "PGM:/tmp/.tmpYQObaU/output/image-input-z8-17.pgm"]
[validation] magick ["PGM:/tmp/.tmpYQObaU/output/image-input-z8-17.pgm", "-auto-orient", "-depth", "8", "RGBA:/tmp/.tmpYQObaU/decoded-image-pam-Pgm.rgba"]
[validation] magick ["identify", "-format", "%w %h", "PPM:/tmp/.tmpYQObaU/output/image-input-z8-17.ppm"]
[validation] magick ["PPM:/tmp/.tmpYQObaU/output/image-input-z8-17.ppm", "-auto-orient", "-depth", "8", "RGBA:/tmp/.tmpYQObaU/decoded-image-pam-Ppm.rgba"]
[validation] magick ["identify", "-format", "%w %h", "PNM:/tmp/.tmpYQObaU/output/image-input-z8-17.pnm"]
[validation] magick ["PNM:/tmp/.tmpYQObaU/output/image-input-z8-17.pnm", "-auto-orient", "-depth", "8", "RGBA:/tmp/.tmpYQObaU/decoded-image-pam-Pnm.rgba"]
[validation] magick ["identify", "-format", "%w %h", "PAM:/tmp/.tmpYQObaU/output/image-input-z8-17.pam"]
[validation] magick ["PAM:/tmp/.tmpYQObaU/output/image-input-z8-17.pam", "-auto-orient", "-depth", "8", "RGBA:/tmp/.tmpYQObaU/decoded-image-pam-Pam.rgba"]
[validation] magick ["identify", "-format", "%w %h", "GIF:/tmp/.tmpYQObaU/output/image-input-z8-17.gif"]
[validation] magick ["GIF:/tmp/.tmpYQObaU/output/image-input-z8-17.gif", "-auto-orient", "-depth", "8", "RGBA:/tmp/.tmpYQObaU/decoded-image-pam-Gif.rgba"]
[validation] magick ["identify", "-format", "%w %h", "TIFF:/tmp/.tmpYQObaU/output/image-input-z8-17.tiff"]
[validation] magick ["TIFF:/tmp/.tmpYQObaU/output/image-input-z8-17.tiff", "-auto-orient", "-depth", "8", "RGBA:/tmp/.tmpYQObaU/decoded-image-pam-Tiff.rgba"]
[validation] magick ["identify", "-format", "%w %h", "ICO:/tmp/.tmpYQObaU/output/image-input-z8-17.ico"]
[validation] magick ["ICO:/tmp/.tmpYQObaU/output/image-input-z8-17.ico", "-auto-orient", "-depth", "8", "RGBA:/tmp/.tmpYQObaU/decoded-image-pam-Ico.rgba"]
[validation] magick ["identify", "-format", "%w %h", "PCX:/tmp/.tmpYQObaU/output/image-input-z8-17.pcx"]
[validation] magick ["PCX:/tmp/.tmpYQObaU/output/image-input-z8-17.pcx", "-auto-orient", "-depth", "8", "RGBA:/tmp/.tmpYQObaU/decoded-image-pam-Pcx.rgba"]
[validation] magick ["identify", "-format", "%w %h", "XBM:/tmp/.tmpYQObaU/output/image-input-z8-17.xbm"]
[validation] magick ["XBM:/tmp/.tmpYQObaU/output/image-input-z8-17.xbm", "-auto-orient", "-depth", "8", "RGBA:/tmp/.tmpYQObaU/decoded-image-pam-Xbm.rgba"]
[validation] magick ["identify", "-format", "%w %h", "XPM:/tmp/.tmpYQObaU/output/image-input-z8-17.xpm"]
[validation] magick ["XPM:/tmp/.tmpYQObaU/output/image-input-z8-17.xpm", "-auto-orient", "-depth", "8", "RGBA:/tmp/.tmpYQObaU/decoded-image-pam-Xpm.rgba"]
[validation] magick ["identify", "-format", "%w %h", "HEIC:/tmp/.tmpYQObaU/output/image-input-z8-17.heic"]
[validation] magick ["HEIC:/tmp/.tmpYQObaU/output/image-input-z8-17.heic", "-auto-orient", "-depth", "8", "RGBA:/tmp/.tmpYQObaU/decoded-image-pam-Heic.rgba"]
[validation] magick ["identify", "-format", "%w %h", "HEIC:/tmp/.tmpYQObaU/output/image-input-z8-17.heif"]
[validation] magick ["HEIC:/tmp/.tmpYQObaU/output/image-input-z8-17.heif", "-auto-orient", "-depth", "8", "RGBA:/tmp/.tmpYQObaU/decoded-image-pam-Heif.rgba"]
[validation] magick ["identify", "-format", "%w %h", "JXL:/tmp/.tmpYQObaU/output/image-input-z8-17.jxl"]
[validation] magick ["JXL:/tmp/.tmpYQObaU/output/image-input-z8-17.jxl", "-auto-orient", "-depth", "8", "RGBA:/tmp/.tmpYQObaU/decoded-image-pam-Jxl.rgba"]
[validation] magick ["PNG:/tmp/.tmpYQObaU/matrix-source.png", "GIF:/tmp/.tmpYQObaU/image-input.gif"]
[validation] magick ["identify", "-format", "%w %h", "GIF:/tmp/.tmpYQObaU/image-input.gif"]
[validation] magick ["identify", "-format", "%w %h", "PNG:/tmp/.tmpYQObaU/output/image-input-z8-18.png"]
[validation] magick ["PNG:/tmp/.tmpYQObaU/output/image-input-z8-18.png", "-auto-orient", "-depth", "8", "RGBA:/tmp/.tmpYQObaU/decoded-image-gif-Png.rgba"]
[validation] magick ["identify", "-format", "%w %h", "JPEG:/tmp/.tmpYQObaU/output/image-input-z8-18.jpg"]
[validation] magick ["JPEG:/tmp/.tmpYQObaU/output/image-input-z8-18.jpg", "-auto-orient", "-depth", "8", "RGBA:/tmp/.tmpYQObaU/decoded-image-gif-Jpeg.rgba"]
[validation] magick ["identify", "-format", "%w %h", "WEBP:/tmp/.tmpYQObaU/output/image-input-z8-18.webp"]
[validation] magick ["WEBP:/tmp/.tmpYQObaU/output/image-input-z8-18.webp", "-auto-orient", "-depth", "8", "RGBA:/tmp/.tmpYQObaU/decoded-image-gif-Webp.rgba"]
[validation] magick ["identify", "-format", "%w %h", "AVIF:/tmp/.tmpYQObaU/output/image-input-z8-18.avif"]
[validation] magick ["AVIF:/tmp/.tmpYQObaU/output/image-input-z8-18.avif", "-auto-orient", "-depth", "8", "RGBA:/tmp/.tmpYQObaU/decoded-image-gif-Avif.rgba"]
[validation] magick ["identify", "-format", "%w %h", "BMP3:/tmp/.tmpYQObaU/output/image-input-z8-18.bmp"]
[validation] magick ["BMP3:/tmp/.tmpYQObaU/output/image-input-z8-18.bmp", "-auto-orient", "-depth", "8", "RGBA:/tmp/.tmpYQObaU/decoded-image-gif-Bmp.rgba"]
[validation] magick ["identify", "-format", "%w %h", "TGA:/tmp/.tmpYQObaU/output/image-input-z8-18.tga"]
[validation] magick ["TGA:/tmp/.tmpYQObaU/output/image-input-z8-18.tga", "-auto-orient", "-depth", "8", "RGBA:/tmp/.tmpYQObaU/decoded-image-gif-Tga.rgba"]
[validation] magick ["identify", "-format", "%w %h", "QOI:/tmp/.tmpYQObaU/output/image-input-z8-18.qoi"]
[validation] magick ["QOI:/tmp/.tmpYQObaU/output/image-input-z8-18.qoi", "-auto-orient", "-depth", "8", "RGBA:/tmp/.tmpYQObaU/decoded-image-gif-Qoi.rgba"]
[validation] magick ["identify", "-format", "%w %h", "PBM:/tmp/.tmpYQObaU/output/image-input-z8-18.pbm"]
[validation] magick ["PBM:/tmp/.tmpYQObaU/output/image-input-z8-18.pbm", "-auto-orient", "-depth", "8", "RGBA:/tmp/.tmpYQObaU/decoded-image-gif-Pbm.rgba"]
[validation] magick ["identify", "-format", "%w %h", "PGM:/tmp/.tmpYQObaU/output/image-input-z8-18.pgm"]
[validation] magick ["PGM:/tmp/.tmpYQObaU/output/image-input-z8-18.pgm", "-auto-orient", "-depth", "8", "RGBA:/tmp/.tmpYQObaU/decoded-image-gif-Pgm.rgba"]
[validation] magick ["identify", "-format", "%w %h", "PPM:/tmp/.tmpYQObaU/output/image-input-z8-18.ppm"]
[validation] magick ["PPM:/tmp/.tmpYQObaU/output/image-input-z8-18.ppm", "-auto-orient", "-depth", "8", "RGBA:/tmp/.tmpYQObaU/decoded-image-gif-Ppm.rgba"]
[validation] magick ["identify", "-format", "%w %h", "PNM:/tmp/.tmpYQObaU/output/image-input-z8-18.pnm"]
[validation] magick ["PNM:/tmp/.tmpYQObaU/output/image-input-z8-18.pnm", "-auto-orient", "-depth", "8", "RGBA:/tmp/.tmpYQObaU/decoded-image-gif-Pnm.rgba"]
[validation] magick ["identify", "-format", "%w %h", "PAM:/tmp/.tmpYQObaU/output/image-input-z8-18.pam"]
[validation] magick ["PAM:/tmp/.tmpYQObaU/output/image-input-z8-18.pam", "-auto-orient", "-depth", "8", "RGBA:/tmp/.tmpYQObaU/decoded-image-gif-Pam.rgba"]
[validation] magick ["identify", "-format", "%w %h", "GIF:/tmp/.tmpYQObaU/output/image-input-z8-18.gif"]
[validation] magick ["GIF:/tmp/.tmpYQObaU/output/image-input-z8-18.gif", "-auto-orient", "-depth", "8", "RGBA:/tmp/.tmpYQObaU/decoded-image-gif-Gif.rgba"]
[validation] magick ["identify", "-format", "%w %h", "TIFF:/tmp/.tmpYQObaU/output/image-input-z8-18.tiff"]
[validation] magick ["TIFF:/tmp/.tmpYQObaU/output/image-input-z8-18.tiff", "-auto-orient", "-depth", "8", "RGBA:/tmp/.tmpYQObaU/decoded-image-gif-Tiff.rgba"]
[validation] magick ["identify", "-format", "%w %h", "ICO:/tmp/.tmpYQObaU/output/image-input-z8-18.ico"]
[validation] magick ["ICO:/tmp/.tmpYQObaU/output/image-input-z8-18.ico", "-auto-orient", "-depth", "8", "RGBA:/tmp/.tmpYQObaU/decoded-image-gif-Ico.rgba"]
[validation] magick ["identify", "-format", "%w %h", "PCX:/tmp/.tmpYQObaU/output/image-input-z8-18.pcx"]
[validation] magick ["PCX:/tmp/.tmpYQObaU/output/image-input-z8-18.pcx", "-auto-orient", "-depth", "8", "RGBA:/tmp/.tmpYQObaU/decoded-image-gif-Pcx.rgba"]
[validation] magick ["identify", "-format", "%w %h", "XBM:/tmp/.tmpYQObaU/output/image-input-z8-18.xbm"]
[validation] magick ["XBM:/tmp/.tmpYQObaU/output/image-input-z8-18.xbm", "-auto-orient", "-depth", "8", "RGBA:/tmp/.tmpYQObaU/decoded-image-gif-Xbm.rgba"]
[validation] magick ["identify", "-format", "%w %h", "XPM:/tmp/.tmpYQObaU/output/image-input-z8-18.xpm"]
[validation] magick ["XPM:/tmp/.tmpYQObaU/output/image-input-z8-18.xpm", "-auto-orient", "-depth", "8", "RGBA:/tmp/.tmpYQObaU/decoded-image-gif-Xpm.rgba"]
[validation] magick ["identify", "-format", "%w %h", "HEIC:/tmp/.tmpYQObaU/output/image-input-z8-18.heic"]
[validation] magick ["HEIC:/tmp/.tmpYQObaU/output/image-input-z8-18.heic", "-auto-orient", "-depth", "8", "RGBA:/tmp/.tmpYQObaU/decoded-image-gif-Heic.rgba"]
[validation] magick ["identify", "-format", "%w %h", "HEIC:/tmp/.tmpYQObaU/output/image-input-z8-18.heif"]
[validation] magick ["HEIC:/tmp/.tmpYQObaU/output/image-input-z8-18.heif", "-auto-orient", "-depth", "8", "RGBA:/tmp/.tmpYQObaU/decoded-image-gif-Heif.rgba"]
[validation] magick ["identify", "-format", "%w %h", "JXL:/tmp/.tmpYQObaU/output/image-input-z8-18.jxl"]
[validation] magick ["JXL:/tmp/.tmpYQObaU/output/image-input-z8-18.jxl", "-auto-orient", "-depth", "8", "RGBA:/tmp/.tmpYQObaU/decoded-image-gif-Jxl.rgba"]
[validation] magick ["PNG:/tmp/.tmpYQObaU/matrix-source.png", "TIFF:/tmp/.tmpYQObaU/image-input.tif"]
[validation] magick ["identify", "-format", "%w %h", "TIFF:/tmp/.tmpYQObaU/image-input.tif"]
[validation] magick ["identify", "-format", "%w %h", "PNG:/tmp/.tmpYQObaU/output/image-input-z8-19.png"]
[validation] magick ["PNG:/tmp/.tmpYQObaU/output/image-input-z8-19.png", "-auto-orient", "-depth", "8", "RGBA:/tmp/.tmpYQObaU/decoded-image-tif-Png.rgba"]
[validation] magick ["identify", "-format", "%w %h", "JPEG:/tmp/.tmpYQObaU/output/image-input-z8-19.jpg"]
[validation] magick ["JPEG:/tmp/.tmpYQObaU/output/image-input-z8-19.jpg", "-auto-orient", "-depth", "8", "RGBA:/tmp/.tmpYQObaU/decoded-image-tif-Jpeg.rgba"]
[validation] magick ["identify", "-format", "%w %h", "WEBP:/tmp/.tmpYQObaU/output/image-input-z8-19.webp"]
[validation] magick ["WEBP:/tmp/.tmpYQObaU/output/image-input-z8-19.webp", "-auto-orient", "-depth", "8", "RGBA:/tmp/.tmpYQObaU/decoded-image-tif-Webp.rgba"]
[validation] magick ["identify", "-format", "%w %h", "AVIF:/tmp/.tmpYQObaU/output/image-input-z8-19.avif"]
[validation] magick ["AVIF:/tmp/.tmpYQObaU/output/image-input-z8-19.avif", "-auto-orient", "-depth", "8", "RGBA:/tmp/.tmpYQObaU/decoded-image-tif-Avif.rgba"]
[validation] magick ["identify", "-format", "%w %h", "BMP3:/tmp/.tmpYQObaU/output/image-input-z8-19.bmp"]
[validation] magick ["BMP3:/tmp/.tmpYQObaU/output/image-input-z8-19.bmp", "-auto-orient", "-depth", "8", "RGBA:/tmp/.tmpYQObaU/decoded-image-tif-Bmp.rgba"]
[validation] magick ["identify", "-format", "%w %h", "TGA:/tmp/.tmpYQObaU/output/image-input-z8-19.tga"]
[validation] magick ["TGA:/tmp/.tmpYQObaU/output/image-input-z8-19.tga", "-auto-orient", "-depth", "8", "RGBA:/tmp/.tmpYQObaU/decoded-image-tif-Tga.rgba"]
[validation] magick ["identify", "-format", "%w %h", "QOI:/tmp/.tmpYQObaU/output/image-input-z8-19.qoi"]
[validation] magick ["QOI:/tmp/.tmpYQObaU/output/image-input-z8-19.qoi", "-auto-orient", "-depth", "8", "RGBA:/tmp/.tmpYQObaU/decoded-image-tif-Qoi.rgba"]
[validation] magick ["identify", "-format", "%w %h", "PBM:/tmp/.tmpYQObaU/output/image-input-z8-19.pbm"]
[validation] magick ["PBM:/tmp/.tmpYQObaU/output/image-input-z8-19.pbm", "-auto-orient", "-depth", "8", "RGBA:/tmp/.tmpYQObaU/decoded-image-tif-Pbm.rgba"]
[validation] magick ["identify", "-format", "%w %h", "PGM:/tmp/.tmpYQObaU/output/image-input-z8-19.pgm"]
[validation] magick ["PGM:/tmp/.tmpYQObaU/output/image-input-z8-19.pgm", "-auto-orient", "-depth", "8", "RGBA:/tmp/.tmpYQObaU/decoded-image-tif-Pgm.rgba"]
[validation] magick ["identify", "-format", "%w %h", "PPM:/tmp/.tmpYQObaU/output/image-input-z8-19.ppm"]
[validation] magick ["PPM:/tmp/.tmpYQObaU/output/image-input-z8-19.ppm", "-auto-orient", "-depth", "8", "RGBA:/tmp/.tmpYQObaU/decoded-image-tif-Ppm.rgba"]
[validation] magick ["identify", "-format", "%w %h", "PNM:/tmp/.tmpYQObaU/output/image-input-z8-19.pnm"]
[validation] magick ["PNM:/tmp/.tmpYQObaU/output/image-input-z8-19.pnm", "-auto-orient", "-depth", "8", "RGBA:/tmp/.tmpYQObaU/decoded-image-tif-Pnm.rgba"]
[validation] magick ["identify", "-format", "%w %h", "PAM:/tmp/.tmpYQObaU/output/image-input-z8-19.pam"]
[validation] magick ["PAM:/tmp/.tmpYQObaU/output/image-input-z8-19.pam", "-auto-orient", "-depth", "8", "RGBA:/tmp/.tmpYQObaU/decoded-image-tif-Pam.rgba"]
[validation] magick ["identify", "-format", "%w %h", "GIF:/tmp/.tmpYQObaU/output/image-input-z8-19.gif"]
[validation] magick ["GIF:/tmp/.tmpYQObaU/output/image-input-z8-19.gif", "-auto-orient", "-depth", "8", "RGBA:/tmp/.tmpYQObaU/decoded-image-tif-Gif.rgba"]
[validation] magick ["identify", "-format", "%w %h", "TIFF:/tmp/.tmpYQObaU/output/image-input-z8-19.tiff"]
[validation] magick ["TIFF:/tmp/.tmpYQObaU/output/image-input-z8-19.tiff", "-auto-orient", "-depth", "8", "RGBA:/tmp/.tmpYQObaU/decoded-image-tif-Tiff.rgba"]
[validation] magick ["identify", "-format", "%w %h", "ICO:/tmp/.tmpYQObaU/output/image-input-z8-19.ico"]
[validation] magick ["ICO:/tmp/.tmpYQObaU/output/image-input-z8-19.ico", "-auto-orient", "-depth", "8", "RGBA:/tmp/.tmpYQObaU/decoded-image-tif-Ico.rgba"]
[validation] magick ["identify", "-format", "%w %h", "PCX:/tmp/.tmpYQObaU/output/image-input-z8-19.pcx"]
[validation] magick ["PCX:/tmp/.tmpYQObaU/output/image-input-z8-19.pcx", "-auto-orient", "-depth", "8", "RGBA:/tmp/.tmpYQObaU/decoded-image-tif-Pcx.rgba"]
[validation] magick ["identify", "-format", "%w %h", "XBM:/tmp/.tmpYQObaU/output/image-input-z8-19.xbm"]
[validation] magick ["XBM:/tmp/.tmpYQObaU/output/image-input-z8-19.xbm", "-auto-orient", "-depth", "8", "RGBA:/tmp/.tmpYQObaU/decoded-image-tif-Xbm.rgba"]
[validation] magick ["identify", "-format", "%w %h", "XPM:/tmp/.tmpYQObaU/output/image-input-z8-19.xpm"]
[validation] magick ["XPM:/tmp/.tmpYQObaU/output/image-input-z8-19.xpm", "-auto-orient", "-depth", "8", "RGBA:/tmp/.tmpYQObaU/decoded-image-tif-Xpm.rgba"]
[validation] magick ["identify", "-format", "%w %h", "HEIC:/tmp/.tmpYQObaU/output/image-input-z8-19.heic"]
[validation] magick ["HEIC:/tmp/.tmpYQObaU/output/image-input-z8-19.heic", "-auto-orient", "-depth", "8", "RGBA:/tmp/.tmpYQObaU/decoded-image-tif-Heic.rgba"]
[validation] magick ["identify", "-format", "%w %h", "HEIC:/tmp/.tmpYQObaU/output/image-input-z8-19.heif"]
[validation] magick ["HEIC:/tmp/.tmpYQObaU/output/image-input-z8-19.heif", "-auto-orient", "-depth", "8", "RGBA:/tmp/.tmpYQObaU/decoded-image-tif-Heif.rgba"]
[validation] magick ["identify", "-format", "%w %h", "JXL:/tmp/.tmpYQObaU/output/image-input-z8-19.jxl"]
[validation] magick ["JXL:/tmp/.tmpYQObaU/output/image-input-z8-19.jxl", "-auto-orient", "-depth", "8", "RGBA:/tmp/.tmpYQObaU/decoded-image-tif-Jxl.rgba"]
[validation] magick ["PNG:/tmp/.tmpYQObaU/matrix-source.png", "TIFF:/tmp/.tmpYQObaU/image-input.tiff"]
[validation] magick ["identify", "-format", "%w %h", "TIFF:/tmp/.tmpYQObaU/image-input.tiff"]
[validation] magick ["identify", "-format", "%w %h", "PNG:/tmp/.tmpYQObaU/output/image-input-z8-20.png"]
[validation] magick ["PNG:/tmp/.tmpYQObaU/output/image-input-z8-20.png", "-auto-orient", "-depth", "8", "RGBA:/tmp/.tmpYQObaU/decoded-image-tiff-Png.rgba"]
[validation] magick ["identify", "-format", "%w %h", "JPEG:/tmp/.tmpYQObaU/output/image-input-z8-20.jpg"]
[validation] magick ["JPEG:/tmp/.tmpYQObaU/output/image-input-z8-20.jpg", "-auto-orient", "-depth", "8", "RGBA:/tmp/.tmpYQObaU/decoded-image-tiff-Jpeg.rgba"]
[validation] magick ["identify", "-format", "%w %h", "WEBP:/tmp/.tmpYQObaU/output/image-input-z8-20.webp"]
[validation] magick ["WEBP:/tmp/.tmpYQObaU/output/image-input-z8-20.webp", "-auto-orient", "-depth", "8", "RGBA:/tmp/.tmpYQObaU/decoded-image-tiff-Webp.rgba"]
[validation] magick ["identify", "-format", "%w %h", "AVIF:/tmp/.tmpYQObaU/output/image-input-z8-20.avif"]
[validation] magick ["AVIF:/tmp/.tmpYQObaU/output/image-input-z8-20.avif", "-auto-orient", "-depth", "8", "RGBA:/tmp/.tmpYQObaU/decoded-image-tiff-Avif.rgba"]
[validation] magick ["identify", "-format", "%w %h", "BMP3:/tmp/.tmpYQObaU/output/image-input-z8-20.bmp"]
[validation] magick ["BMP3:/tmp/.tmpYQObaU/output/image-input-z8-20.bmp", "-auto-orient", "-depth", "8", "RGBA:/tmp/.tmpYQObaU/decoded-image-tiff-Bmp.rgba"]
[validation] magick ["identify", "-format", "%w %h", "TGA:/tmp/.tmpYQObaU/output/image-input-z8-20.tga"]
[validation] magick ["TGA:/tmp/.tmpYQObaU/output/image-input-z8-20.tga", "-auto-orient", "-depth", "8", "RGBA:/tmp/.tmpYQObaU/decoded-image-tiff-Tga.rgba"]
[validation] magick ["identify", "-format", "%w %h", "QOI:/tmp/.tmpYQObaU/output/image-input-z8-20.qoi"]
[validation] magick ["QOI:/tmp/.tmpYQObaU/output/image-input-z8-20.qoi", "-auto-orient", "-depth", "8", "RGBA:/tmp/.tmpYQObaU/decoded-image-tiff-Qoi.rgba"]
[validation] magick ["identify", "-format", "%w %h", "PBM:/tmp/.tmpYQObaU/output/image-input-z8-20.pbm"]
[validation] magick ["PBM:/tmp/.tmpYQObaU/output/image-input-z8-20.pbm", "-auto-orient", "-depth", "8", "RGBA:/tmp/.tmpYQObaU/decoded-image-tiff-Pbm.rgba"]
[validation] magick ["identify", "-format", "%w %h", "PGM:/tmp/.tmpYQObaU/output/image-input-z8-20.pgm"]
[validation] magick ["PGM:/tmp/.tmpYQObaU/output/image-input-z8-20.pgm", "-auto-orient", "-depth", "8", "RGBA:/tmp/.tmpYQObaU/decoded-image-tiff-Pgm.rgba"]
[validation] magick ["identify", "-format", "%w %h", "PPM:/tmp/.tmpYQObaU/output/image-input-z8-20.ppm"]
[validation] magick ["PPM:/tmp/.tmpYQObaU/output/image-input-z8-20.ppm", "-auto-orient", "-depth", "8", "RGBA:/tmp/.tmpYQObaU/decoded-image-tiff-Ppm.rgba"]
[validation] magick ["identify", "-format", "%w %h", "PNM:/tmp/.tmpYQObaU/output/image-input-z8-20.pnm"]
[validation] magick ["PNM:/tmp/.tmpYQObaU/output/image-input-z8-20.pnm", "-auto-orient", "-depth", "8", "RGBA:/tmp/.tmpYQObaU/decoded-image-tiff-Pnm.rgba"]
[validation] magick ["identify", "-format", "%w %h", "PAM:/tmp/.tmpYQObaU/output/image-input-z8-20.pam"]
[validation] magick ["PAM:/tmp/.tmpYQObaU/output/image-input-z8-20.pam", "-auto-orient", "-depth", "8", "RGBA:/tmp/.tmpYQObaU/decoded-image-tiff-Pam.rgba"]
[validation] magick ["identify", "-format", "%w %h", "GIF:/tmp/.tmpYQObaU/output/image-input-z8-20.gif"]
[validation] magick ["GIF:/tmp/.tmpYQObaU/output/image-input-z8-20.gif", "-auto-orient", "-depth", "8", "RGBA:/tmp/.tmpYQObaU/decoded-image-tiff-Gif.rgba"]
[validation] magick ["identify", "-format", "%w %h", "TIFF:/tmp/.tmpYQObaU/output/image-input-z8-20.tiff"]
[validation] magick ["TIFF:/tmp/.tmpYQObaU/output/image-input-z8-20.tiff", "-auto-orient", "-depth", "8", "RGBA:/tmp/.tmpYQObaU/decoded-image-tiff-Tiff.rgba"]
[validation] magick ["identify", "-format", "%w %h", "ICO:/tmp/.tmpYQObaU/output/image-input-z8-20.ico"]
[validation] magick ["ICO:/tmp/.tmpYQObaU/output/image-input-z8-20.ico", "-auto-orient", "-depth", "8", "RGBA:/tmp/.tmpYQObaU/decoded-image-tiff-Ico.rgba"]
[validation] magick ["identify", "-format", "%w %h", "PCX:/tmp/.tmpYQObaU/output/image-input-z8-20.pcx"]
[validation] magick ["PCX:/tmp/.tmpYQObaU/output/image-input-z8-20.pcx", "-auto-orient", "-depth", "8", "RGBA:/tmp/.tmpYQObaU/decoded-image-tiff-Pcx.rgba"]
[validation] magick ["identify", "-format", "%w %h", "XBM:/tmp/.tmpYQObaU/output/image-input-z8-20.xbm"]
[validation] magick ["XBM:/tmp/.tmpYQObaU/output/image-input-z8-20.xbm", "-auto-orient", "-depth", "8", "RGBA:/tmp/.tmpYQObaU/decoded-image-tiff-Xbm.rgba"]
[validation] magick ["identify", "-format", "%w %h", "XPM:/tmp/.tmpYQObaU/output/image-input-z8-20.xpm"]
[validation] magick ["XPM:/tmp/.tmpYQObaU/output/image-input-z8-20.xpm", "-auto-orient", "-depth", "8", "RGBA:/tmp/.tmpYQObaU/decoded-image-tiff-Xpm.rgba"]
[validation] magick ["identify", "-format", "%w %h", "HEIC:/tmp/.tmpYQObaU/output/image-input-z8-20.heic"]
[validation] magick ["HEIC:/tmp/.tmpYQObaU/output/image-input-z8-20.heic", "-auto-orient", "-depth", "8", "RGBA:/tmp/.tmpYQObaU/decoded-image-tiff-Heic.rgba"]
[validation] magick ["identify", "-format", "%w %h", "HEIC:/tmp/.tmpYQObaU/output/image-input-z8-20.heif"]
[validation] magick ["HEIC:/tmp/.tmpYQObaU/output/image-input-z8-20.heif", "-auto-orient", "-depth", "8", "RGBA:/tmp/.tmpYQObaU/decoded-image-tiff-Heif.rgba"]
[validation] magick ["identify", "-format", "%w %h", "JXL:/tmp/.tmpYQObaU/output/image-input-z8-20.jxl"]
[validation] magick ["JXL:/tmp/.tmpYQObaU/output/image-input-z8-20.jxl", "-auto-orient", "-depth", "8", "RGBA:/tmp/.tmpYQObaU/decoded-image-tiff-Jxl.rgba"]
[validation] magick ["PNG:/tmp/.tmpYQObaU/matrix-source.png", "ICO:/tmp/.tmpYQObaU/image-input.ico"]
[validation] magick ["identify", "-format", "%w %h", "ICO:/tmp/.tmpYQObaU/image-input.ico"]
[validation] magick ["identify", "-format", "%w %h", "PNG:/tmp/.tmpYQObaU/output/image-input-z8-21.png"]
[validation] magick ["PNG:/tmp/.tmpYQObaU/output/image-input-z8-21.png", "-auto-orient", "-depth", "8", "RGBA:/tmp/.tmpYQObaU/decoded-image-ico-Png.rgba"]
[validation] magick ["identify", "-format", "%w %h", "JPEG:/tmp/.tmpYQObaU/output/image-input-z8-21.jpg"]
[validation] magick ["JPEG:/tmp/.tmpYQObaU/output/image-input-z8-21.jpg", "-auto-orient", "-depth", "8", "RGBA:/tmp/.tmpYQObaU/decoded-image-ico-Jpeg.rgba"]
[validation] magick ["identify", "-format", "%w %h", "WEBP:/tmp/.tmpYQObaU/output/image-input-z8-21.webp"]
[validation] magick ["WEBP:/tmp/.tmpYQObaU/output/image-input-z8-21.webp", "-auto-orient", "-depth", "8", "RGBA:/tmp/.tmpYQObaU/decoded-image-ico-Webp.rgba"]
[validation] magick ["identify", "-format", "%w %h", "AVIF:/tmp/.tmpYQObaU/output/image-input-z8-21.avif"]
[validation] magick ["AVIF:/tmp/.tmpYQObaU/output/image-input-z8-21.avif", "-auto-orient", "-depth", "8", "RGBA:/tmp/.tmpYQObaU/decoded-image-ico-Avif.rgba"]
[validation] magick ["identify", "-format", "%w %h", "BMP3:/tmp/.tmpYQObaU/output/image-input-z8-21.bmp"]
[validation] magick ["BMP3:/tmp/.tmpYQObaU/output/image-input-z8-21.bmp", "-auto-orient", "-depth", "8", "RGBA:/tmp/.tmpYQObaU/decoded-image-ico-Bmp.rgba"]
[validation] magick ["identify", "-format", "%w %h", "TGA:/tmp/.tmpYQObaU/output/image-input-z8-21.tga"]
[validation] magick ["TGA:/tmp/.tmpYQObaU/output/image-input-z8-21.tga", "-auto-orient", "-depth", "8", "RGBA:/tmp/.tmpYQObaU/decoded-image-ico-Tga.rgba"]
[validation] magick ["identify", "-format", "%w %h", "QOI:/tmp/.tmpYQObaU/output/image-input-z8-21.qoi"]
[validation] magick ["QOI:/tmp/.tmpYQObaU/output/image-input-z8-21.qoi", "-auto-orient", "-depth", "8", "RGBA:/tmp/.tmpYQObaU/decoded-image-ico-Qoi.rgba"]
[validation] magick ["identify", "-format", "%w %h", "PBM:/tmp/.tmpYQObaU/output/image-input-z8-21.pbm"]
[validation] magick ["PBM:/tmp/.tmpYQObaU/output/image-input-z8-21.pbm", "-auto-orient", "-depth", "8", "RGBA:/tmp/.tmpYQObaU/decoded-image-ico-Pbm.rgba"]
[validation] magick ["identify", "-format", "%w %h", "PGM:/tmp/.tmpYQObaU/output/image-input-z8-21.pgm"]
[validation] magick ["PGM:/tmp/.tmpYQObaU/output/image-input-z8-21.pgm", "-auto-orient", "-depth", "8", "RGBA:/tmp/.tmpYQObaU/decoded-image-ico-Pgm.rgba"]
[validation] magick ["identify", "-format", "%w %h", "PPM:/tmp/.tmpYQObaU/output/image-input-z8-21.ppm"]
[validation] magick ["PPM:/tmp/.tmpYQObaU/output/image-input-z8-21.ppm", "-auto-orient", "-depth", "8", "RGBA:/tmp/.tmpYQObaU/decoded-image-ico-Ppm.rgba"]
[validation] magick ["identify", "-format", "%w %h", "PNM:/tmp/.tmpYQObaU/output/image-input-z8-21.pnm"]
[validation] magick ["PNM:/tmp/.tmpYQObaU/output/image-input-z8-21.pnm", "-auto-orient", "-depth", "8", "RGBA:/tmp/.tmpYQObaU/decoded-image-ico-Pnm.rgba"]
[validation] magick ["identify", "-format", "%w %h", "PAM:/tmp/.tmpYQObaU/output/image-input-z8-21.pam"]
[validation] magick ["PAM:/tmp/.tmpYQObaU/output/image-input-z8-21.pam", "-auto-orient", "-depth", "8", "RGBA:/tmp/.tmpYQObaU/decoded-image-ico-Pam.rgba"]
[validation] magick ["identify", "-format", "%w %h", "GIF:/tmp/.tmpYQObaU/output/image-input-z8-21.gif"]
[validation] magick ["GIF:/tmp/.tmpYQObaU/output/image-input-z8-21.gif", "-auto-orient", "-depth", "8", "RGBA:/tmp/.tmpYQObaU/decoded-image-ico-Gif.rgba"]
[validation] magick ["identify", "-format", "%w %h", "TIFF:/tmp/.tmpYQObaU/output/image-input-z8-21.tiff"]
[validation] magick ["TIFF:/tmp/.tmpYQObaU/output/image-input-z8-21.tiff", "-auto-orient", "-depth", "8", "RGBA:/tmp/.tmpYQObaU/decoded-image-ico-Tiff.rgba"]
[validation] magick ["identify", "-format", "%w %h", "ICO:/tmp/.tmpYQObaU/output/image-input-z8-21.ico"]
[validation] magick ["ICO:/tmp/.tmpYQObaU/output/image-input-z8-21.ico", "-auto-orient", "-depth", "8", "RGBA:/tmp/.tmpYQObaU/decoded-image-ico-Ico.rgba"]
[validation] magick ["identify", "-format", "%w %h", "PCX:/tmp/.tmpYQObaU/output/image-input-z8-21.pcx"]
[validation] magick ["PCX:/tmp/.tmpYQObaU/output/image-input-z8-21.pcx", "-auto-orient", "-depth", "8", "RGBA:/tmp/.tmpYQObaU/decoded-image-ico-Pcx.rgba"]
[validation] magick ["identify", "-format", "%w %h", "XBM:/tmp/.tmpYQObaU/output/image-input-z8-21.xbm"]
[validation] magick ["XBM:/tmp/.tmpYQObaU/output/image-input-z8-21.xbm", "-auto-orient", "-depth", "8", "RGBA:/tmp/.tmpYQObaU/decoded-image-ico-Xbm.rgba"]
[validation] magick ["identify", "-format", "%w %h", "XPM:/tmp/.tmpYQObaU/output/image-input-z8-21.xpm"]
[validation] magick ["XPM:/tmp/.tmpYQObaU/output/image-input-z8-21.xpm", "-auto-orient", "-depth", "8", "RGBA:/tmp/.tmpYQObaU/decoded-image-ico-Xpm.rgba"]
[validation] magick ["identify", "-format", "%w %h", "HEIC:/tmp/.tmpYQObaU/output/image-input-z8-21.heic"]
[validation] magick ["HEIC:/tmp/.tmpYQObaU/output/image-input-z8-21.heic", "-auto-orient", "-depth", "8", "RGBA:/tmp/.tmpYQObaU/decoded-image-ico-Heic.rgba"]
[validation] magick ["identify", "-format", "%w %h", "HEIC:/tmp/.tmpYQObaU/output/image-input-z8-21.heif"]
[validation] magick ["HEIC:/tmp/.tmpYQObaU/output/image-input-z8-21.heif", "-auto-orient", "-depth", "8", "RGBA:/tmp/.tmpYQObaU/decoded-image-ico-Heif.rgba"]
[validation] magick ["identify", "-format", "%w %h", "JXL:/tmp/.tmpYQObaU/output/image-input-z8-21.jxl"]
[validation] magick ["JXL:/tmp/.tmpYQObaU/output/image-input-z8-21.jxl", "-auto-orient", "-depth", "8", "RGBA:/tmp/.tmpYQObaU/decoded-image-ico-Jxl.rgba"]
[validation] magick ["PNG:/tmp/.tmpYQObaU/matrix-source.png", "PCX:/tmp/.tmpYQObaU/image-input.pcx"]
[validation] magick ["identify", "-format", "%w %h", "PCX:/tmp/.tmpYQObaU/image-input.pcx"]
[validation] magick ["identify", "-format", "%w %h", "PNG:/tmp/.tmpYQObaU/output/image-input-z8-22.png"]
[validation] magick ["PNG:/tmp/.tmpYQObaU/output/image-input-z8-22.png", "-auto-orient", "-depth", "8", "RGBA:/tmp/.tmpYQObaU/decoded-image-pcx-Png.rgba"]
[validation] magick ["identify", "-format", "%w %h", "JPEG:/tmp/.tmpYQObaU/output/image-input-z8-22.jpg"]
[validation] magick ["JPEG:/tmp/.tmpYQObaU/output/image-input-z8-22.jpg", "-auto-orient", "-depth", "8", "RGBA:/tmp/.tmpYQObaU/decoded-image-pcx-Jpeg.rgba"]
[validation] magick ["identify", "-format", "%w %h", "WEBP:/tmp/.tmpYQObaU/output/image-input-z8-22.webp"]
[validation] magick ["WEBP:/tmp/.tmpYQObaU/output/image-input-z8-22.webp", "-auto-orient", "-depth", "8", "RGBA:/tmp/.tmpYQObaU/decoded-image-pcx-Webp.rgba"]
[validation] magick ["identify", "-format", "%w %h", "AVIF:/tmp/.tmpYQObaU/output/image-input-z8-22.avif"]
[validation] magick ["AVIF:/tmp/.tmpYQObaU/output/image-input-z8-22.avif", "-auto-orient", "-depth", "8", "RGBA:/tmp/.tmpYQObaU/decoded-image-pcx-Avif.rgba"]
[validation] magick ["identify", "-format", "%w %h", "BMP3:/tmp/.tmpYQObaU/output/image-input-z8-22.bmp"]
[validation] magick ["BMP3:/tmp/.tmpYQObaU/output/image-input-z8-22.bmp", "-auto-orient", "-depth", "8", "RGBA:/tmp/.tmpYQObaU/decoded-image-pcx-Bmp.rgba"]
[validation] magick ["identify", "-format", "%w %h", "TGA:/tmp/.tmpYQObaU/output/image-input-z8-22.tga"]
[validation] magick ["TGA:/tmp/.tmpYQObaU/output/image-input-z8-22.tga", "-auto-orient", "-depth", "8", "RGBA:/tmp/.tmpYQObaU/decoded-image-pcx-Tga.rgba"]
[validation] magick ["identify", "-format", "%w %h", "QOI:/tmp/.tmpYQObaU/output/image-input-z8-22.qoi"]
[validation] magick ["QOI:/tmp/.tmpYQObaU/output/image-input-z8-22.qoi", "-auto-orient", "-depth", "8", "RGBA:/tmp/.tmpYQObaU/decoded-image-pcx-Qoi.rgba"]
[validation] magick ["identify", "-format", "%w %h", "PBM:/tmp/.tmpYQObaU/output/image-input-z8-22.pbm"]
[validation] magick ["PBM:/tmp/.tmpYQObaU/output/image-input-z8-22.pbm", "-auto-orient", "-depth", "8", "RGBA:/tmp/.tmpYQObaU/decoded-image-pcx-Pbm.rgba"]
[validation] magick ["identify", "-format", "%w %h", "PGM:/tmp/.tmpYQObaU/output/image-input-z8-22.pgm"]
[validation] magick ["PGM:/tmp/.tmpYQObaU/output/image-input-z8-22.pgm", "-auto-orient", "-depth", "8", "RGBA:/tmp/.tmpYQObaU/decoded-image-pcx-Pgm.rgba"]
[validation] magick ["identify", "-format", "%w %h", "PPM:/tmp/.tmpYQObaU/output/image-input-z8-22.ppm"]
[validation] magick ["PPM:/tmp/.tmpYQObaU/output/image-input-z8-22.ppm", "-auto-orient", "-depth", "8", "RGBA:/tmp/.tmpYQObaU/decoded-image-pcx-Ppm.rgba"]
[validation] magick ["identify", "-format", "%w %h", "PNM:/tmp/.tmpYQObaU/output/image-input-z8-22.pnm"]
[validation] magick ["PNM:/tmp/.tmpYQObaU/output/image-input-z8-22.pnm", "-auto-orient", "-depth", "8", "RGBA:/tmp/.tmpYQObaU/decoded-image-pcx-Pnm.rgba"]
[validation] magick ["identify", "-format", "%w %h", "PAM:/tmp/.tmpYQObaU/output/image-input-z8-22.pam"]
[validation] magick ["PAM:/tmp/.tmpYQObaU/output/image-input-z8-22.pam", "-auto-orient", "-depth", "8", "RGBA:/tmp/.tmpYQObaU/decoded-image-pcx-Pam.rgba"]
[validation] magick ["identify", "-format", "%w %h", "GIF:/tmp/.tmpYQObaU/output/image-input-z8-22.gif"]
[validation] magick ["GIF:/tmp/.tmpYQObaU/output/image-input-z8-22.gif", "-auto-orient", "-depth", "8", "RGBA:/tmp/.tmpYQObaU/decoded-image-pcx-Gif.rgba"]
[validation] magick ["identify", "-format", "%w %h", "TIFF:/tmp/.tmpYQObaU/output/image-input-z8-22.tiff"]
[validation] magick ["TIFF:/tmp/.tmpYQObaU/output/image-input-z8-22.tiff", "-auto-orient", "-depth", "8", "RGBA:/tmp/.tmpYQObaU/decoded-image-pcx-Tiff.rgba"]
[validation] magick ["identify", "-format", "%w %h", "ICO:/tmp/.tmpYQObaU/output/image-input-z8-22.ico"]
[validation] magick ["ICO:/tmp/.tmpYQObaU/output/image-input-z8-22.ico", "-auto-orient", "-depth", "8", "RGBA:/tmp/.tmpYQObaU/decoded-image-pcx-Ico.rgba"]
[validation] magick ["identify", "-format", "%w %h", "PCX:/tmp/.tmpYQObaU/output/image-input-z8-22.pcx"]
[validation] magick ["PCX:/tmp/.tmpYQObaU/output/image-input-z8-22.pcx", "-auto-orient", "-depth", "8", "RGBA:/tmp/.tmpYQObaU/decoded-image-pcx-Pcx.rgba"]
[validation] magick ["identify", "-format", "%w %h", "XBM:/tmp/.tmpYQObaU/output/image-input-z8-22.xbm"]
[validation] magick ["XBM:/tmp/.tmpYQObaU/output/image-input-z8-22.xbm", "-auto-orient", "-depth", "8", "RGBA:/tmp/.tmpYQObaU/decoded-image-pcx-Xbm.rgba"]
[validation] magick ["identify", "-format", "%w %h", "XPM:/tmp/.tmpYQObaU/output/image-input-z8-22.xpm"]
[validation] magick ["XPM:/tmp/.tmpYQObaU/output/image-input-z8-22.xpm", "-auto-orient", "-depth", "8", "RGBA:/tmp/.tmpYQObaU/decoded-image-pcx-Xpm.rgba"]
[validation] magick ["identify", "-format", "%w %h", "HEIC:/tmp/.tmpYQObaU/output/image-input-z8-22.heic"]
[validation] magick ["HEIC:/tmp/.tmpYQObaU/output/image-input-z8-22.heic", "-auto-orient", "-depth", "8", "RGBA:/tmp/.tmpYQObaU/decoded-image-pcx-Heic.rgba"]
[validation] magick ["identify", "-format", "%w %h", "HEIC:/tmp/.tmpYQObaU/output/image-input-z8-22.heif"]
[validation] magick ["HEIC:/tmp/.tmpYQObaU/output/image-input-z8-22.heif", "-auto-orient", "-depth", "8", "RGBA:/tmp/.tmpYQObaU/decoded-image-pcx-Heif.rgba"]
[validation] magick ["identify", "-format", "%w %h", "JXL:/tmp/.tmpYQObaU/output/image-input-z8-22.jxl"]
[validation] magick ["JXL:/tmp/.tmpYQObaU/output/image-input-z8-22.jxl", "-auto-orient", "-depth", "8", "RGBA:/tmp/.tmpYQObaU/decoded-image-pcx-Jxl.rgba"]
[validation] magick ["PNG:/tmp/.tmpYQObaU/matrix-source.png", "XBM:/tmp/.tmpYQObaU/image-input.xbm"]
[validation] magick ["identify", "-format", "%w %h", "XBM:/tmp/.tmpYQObaU/image-input.xbm"]
[validation] magick ["identify", "-format", "%w %h", "PNG:/tmp/.tmpYQObaU/output/image-input-z8-23.png"]
[validation] magick ["PNG:/tmp/.tmpYQObaU/output/image-input-z8-23.png", "-auto-orient", "-depth", "8", "RGBA:/tmp/.tmpYQObaU/decoded-image-xbm-Png.rgba"]
[validation] magick ["identify", "-format", "%w %h", "JPEG:/tmp/.tmpYQObaU/output/image-input-z8-23.jpg"]
[validation] magick ["JPEG:/tmp/.tmpYQObaU/output/image-input-z8-23.jpg", "-auto-orient", "-depth", "8", "RGBA:/tmp/.tmpYQObaU/decoded-image-xbm-Jpeg.rgba"]
[validation] magick ["identify", "-format", "%w %h", "WEBP:/tmp/.tmpYQObaU/output/image-input-z8-23.webp"]
[validation] magick ["WEBP:/tmp/.tmpYQObaU/output/image-input-z8-23.webp", "-auto-orient", "-depth", "8", "RGBA:/tmp/.tmpYQObaU/decoded-image-xbm-Webp.rgba"]
[validation] magick ["identify", "-format", "%w %h", "AVIF:/tmp/.tmpYQObaU/output/image-input-z8-23.avif"]
[validation] magick ["AVIF:/tmp/.tmpYQObaU/output/image-input-z8-23.avif", "-auto-orient", "-depth", "8", "RGBA:/tmp/.tmpYQObaU/decoded-image-xbm-Avif.rgba"]
[validation] magick ["identify", "-format", "%w %h", "BMP3:/tmp/.tmpYQObaU/output/image-input-z8-23.bmp"]
[validation] magick ["BMP3:/tmp/.tmpYQObaU/output/image-input-z8-23.bmp", "-auto-orient", "-depth", "8", "RGBA:/tmp/.tmpYQObaU/decoded-image-xbm-Bmp.rgba"]
[validation] magick ["identify", "-format", "%w %h", "TGA:/tmp/.tmpYQObaU/output/image-input-z8-23.tga"]
[validation] magick ["TGA:/tmp/.tmpYQObaU/output/image-input-z8-23.tga", "-auto-orient", "-depth", "8", "RGBA:/tmp/.tmpYQObaU/decoded-image-xbm-Tga.rgba"]
[validation] magick ["identify", "-format", "%w %h", "QOI:/tmp/.tmpYQObaU/output/image-input-z8-23.qoi"]
[validation] magick ["QOI:/tmp/.tmpYQObaU/output/image-input-z8-23.qoi", "-auto-orient", "-depth", "8", "RGBA:/tmp/.tmpYQObaU/decoded-image-xbm-Qoi.rgba"]
[validation] magick ["identify", "-format", "%w %h", "PBM:/tmp/.tmpYQObaU/output/image-input-z8-23.pbm"]
[validation] magick ["PBM:/tmp/.tmpYQObaU/output/image-input-z8-23.pbm", "-auto-orient", "-depth", "8", "RGBA:/tmp/.tmpYQObaU/decoded-image-xbm-Pbm.rgba"]
[validation] magick ["identify", "-format", "%w %h", "PGM:/tmp/.tmpYQObaU/output/image-input-z8-23.pgm"]
[validation] magick ["PGM:/tmp/.tmpYQObaU/output/image-input-z8-23.pgm", "-auto-orient", "-depth", "8", "RGBA:/tmp/.tmpYQObaU/decoded-image-xbm-Pgm.rgba"]
[validation] magick ["identify", "-format", "%w %h", "PPM:/tmp/.tmpYQObaU/output/image-input-z8-23.ppm"]
[validation] magick ["PPM:/tmp/.tmpYQObaU/output/image-input-z8-23.ppm", "-auto-orient", "-depth", "8", "RGBA:/tmp/.tmpYQObaU/decoded-image-xbm-Ppm.rgba"]
[validation] magick ["identify", "-format", "%w %h", "PNM:/tmp/.tmpYQObaU/output/image-input-z8-23.pnm"]
[validation] magick ["PNM:/tmp/.tmpYQObaU/output/image-input-z8-23.pnm", "-auto-orient", "-depth", "8", "RGBA:/tmp/.tmpYQObaU/decoded-image-xbm-Pnm.rgba"]
[validation] magick ["identify", "-format", "%w %h", "PAM:/tmp/.tmpYQObaU/output/image-input-z8-23.pam"]
[validation] magick ["PAM:/tmp/.tmpYQObaU/output/image-input-z8-23.pam", "-auto-orient", "-depth", "8", "RGBA:/tmp/.tmpYQObaU/decoded-image-xbm-Pam.rgba"]
[validation] magick ["identify", "-format", "%w %h", "GIF:/tmp/.tmpYQObaU/output/image-input-z8-23.gif"]
[validation] magick ["GIF:/tmp/.tmpYQObaU/output/image-input-z8-23.gif", "-auto-orient", "-depth", "8", "RGBA:/tmp/.tmpYQObaU/decoded-image-xbm-Gif.rgba"]
[validation] magick ["identify", "-format", "%w %h", "TIFF:/tmp/.tmpYQObaU/output/image-input-z8-23.tiff"]
[validation] magick ["TIFF:/tmp/.tmpYQObaU/output/image-input-z8-23.tiff", "-auto-orient", "-depth", "8", "RGBA:/tmp/.tmpYQObaU/decoded-image-xbm-Tiff.rgba"]
[validation] magick ["identify", "-format", "%w %h", "ICO:/tmp/.tmpYQObaU/output/image-input-z8-23.ico"]
[validation] magick ["ICO:/tmp/.tmpYQObaU/output/image-input-z8-23.ico", "-auto-orient", "-depth", "8", "RGBA:/tmp/.tmpYQObaU/decoded-image-xbm-Ico.rgba"]
[validation] magick ["identify", "-format", "%w %h", "PCX:/tmp/.tmpYQObaU/output/image-input-z8-23.pcx"]
[validation] magick ["PCX:/tmp/.tmpYQObaU/output/image-input-z8-23.pcx", "-auto-orient", "-depth", "8", "RGBA:/tmp/.tmpYQObaU/decoded-image-xbm-Pcx.rgba"]
[validation] magick ["identify", "-format", "%w %h", "XBM:/tmp/.tmpYQObaU/output/image-input-z8-23.xbm"]
[validation] magick ["XBM:/tmp/.tmpYQObaU/output/image-input-z8-23.xbm", "-auto-orient", "-depth", "8", "RGBA:/tmp/.tmpYQObaU/decoded-image-xbm-Xbm.rgba"]
[validation] magick ["identify", "-format", "%w %h", "XPM:/tmp/.tmpYQObaU/output/image-input-z8-23.xpm"]
[validation] magick ["XPM:/tmp/.tmpYQObaU/output/image-input-z8-23.xpm", "-auto-orient", "-depth", "8", "RGBA:/tmp/.tmpYQObaU/decoded-image-xbm-Xpm.rgba"]
[validation] magick ["identify", "-format", "%w %h", "HEIC:/tmp/.tmpYQObaU/output/image-input-z8-23.heic"]
[validation] magick ["HEIC:/tmp/.tmpYQObaU/output/image-input-z8-23.heic", "-auto-orient", "-depth", "8", "RGBA:/tmp/.tmpYQObaU/decoded-image-xbm-Heic.rgba"]
[validation] magick ["identify", "-format", "%w %h", "HEIC:/tmp/.tmpYQObaU/output/image-input-z8-23.heif"]
[validation] magick ["HEIC:/tmp/.tmpYQObaU/output/image-input-z8-23.heif", "-auto-orient", "-depth", "8", "RGBA:/tmp/.tmpYQObaU/decoded-image-xbm-Heif.rgba"]
[validation] magick ["identify", "-format", "%w %h", "JXL:/tmp/.tmpYQObaU/output/image-input-z8-23.jxl"]
[validation] magick ["JXL:/tmp/.tmpYQObaU/output/image-input-z8-23.jxl", "-auto-orient", "-depth", "8", "RGBA:/tmp/.tmpYQObaU/decoded-image-xbm-Jxl.rgba"]
[validation] magick ["PNG:/tmp/.tmpYQObaU/matrix-source.png", "XPM:/tmp/.tmpYQObaU/image-input.xpm"]
[validation] magick ["identify", "-format", "%w %h", "XPM:/tmp/.tmpYQObaU/image-input.xpm"]
[validation] magick ["identify", "-format", "%w %h", "PNG:/tmp/.tmpYQObaU/output/image-input-z8-24.png"]
[validation] magick ["PNG:/tmp/.tmpYQObaU/output/image-input-z8-24.png", "-auto-orient", "-depth", "8", "RGBA:/tmp/.tmpYQObaU/decoded-image-xpm-Png.rgba"]
[validation] magick ["identify", "-format", "%w %h", "JPEG:/tmp/.tmpYQObaU/output/image-input-z8-24.jpg"]
[validation] magick ["JPEG:/tmp/.tmpYQObaU/output/image-input-z8-24.jpg", "-auto-orient", "-depth", "8", "RGBA:/tmp/.tmpYQObaU/decoded-image-xpm-Jpeg.rgba"]
[validation] magick ["identify", "-format", "%w %h", "WEBP:/tmp/.tmpYQObaU/output/image-input-z8-24.webp"]
[validation] magick ["WEBP:/tmp/.tmpYQObaU/output/image-input-z8-24.webp", "-auto-orient", "-depth", "8", "RGBA:/tmp/.tmpYQObaU/decoded-image-xpm-Webp.rgba"]
[validation] magick ["identify", "-format", "%w %h", "AVIF:/tmp/.tmpYQObaU/output/image-input-z8-24.avif"]
[validation] magick ["AVIF:/tmp/.tmpYQObaU/output/image-input-z8-24.avif", "-auto-orient", "-depth", "8", "RGBA:/tmp/.tmpYQObaU/decoded-image-xpm-Avif.rgba"]
[validation] magick ["identify", "-format", "%w %h", "BMP3:/tmp/.tmpYQObaU/output/image-input-z8-24.bmp"]
[validation] magick ["BMP3:/tmp/.tmpYQObaU/output/image-input-z8-24.bmp", "-auto-orient", "-depth", "8", "RGBA:/tmp/.tmpYQObaU/decoded-image-xpm-Bmp.rgba"]
[validation] magick ["identify", "-format", "%w %h", "TGA:/tmp/.tmpYQObaU/output/image-input-z8-24.tga"]
[validation] magick ["TGA:/tmp/.tmpYQObaU/output/image-input-z8-24.tga", "-auto-orient", "-depth", "8", "RGBA:/tmp/.tmpYQObaU/decoded-image-xpm-Tga.rgba"]
[validation] magick ["identify", "-format", "%w %h", "QOI:/tmp/.tmpYQObaU/output/image-input-z8-24.qoi"]
[validation] magick ["QOI:/tmp/.tmpYQObaU/output/image-input-z8-24.qoi", "-auto-orient", "-depth", "8", "RGBA:/tmp/.tmpYQObaU/decoded-image-xpm-Qoi.rgba"]
[validation] magick ["identify", "-format", "%w %h", "PBM:/tmp/.tmpYQObaU/output/image-input-z8-24.pbm"]
[validation] magick ["PBM:/tmp/.tmpYQObaU/output/image-input-z8-24.pbm", "-auto-orient", "-depth", "8", "RGBA:/tmp/.tmpYQObaU/decoded-image-xpm-Pbm.rgba"]
[validation] magick ["identify", "-format", "%w %h", "PGM:/tmp/.tmpYQObaU/output/image-input-z8-24.pgm"]
[validation] magick ["PGM:/tmp/.tmpYQObaU/output/image-input-z8-24.pgm", "-auto-orient", "-depth", "8", "RGBA:/tmp/.tmpYQObaU/decoded-image-xpm-Pgm.rgba"]
[validation] magick ["identify", "-format", "%w %h", "PPM:/tmp/.tmpYQObaU/output/image-input-z8-24.ppm"]
[validation] magick ["PPM:/tmp/.tmpYQObaU/output/image-input-z8-24.ppm", "-auto-orient", "-depth", "8", "RGBA:/tmp/.tmpYQObaU/decoded-image-xpm-Ppm.rgba"]
[validation] magick ["identify", "-format", "%w %h", "PNM:/tmp/.tmpYQObaU/output/image-input-z8-24.pnm"]
[validation] magick ["PNM:/tmp/.tmpYQObaU/output/image-input-z8-24.pnm", "-auto-orient", "-depth", "8", "RGBA:/tmp/.tmpYQObaU/decoded-image-xpm-Pnm.rgba"]
[validation] magick ["identify", "-format", "%w %h", "PAM:/tmp/.tmpYQObaU/output/image-input-z8-24.pam"]
[validation] magick ["PAM:/tmp/.tmpYQObaU/output/image-input-z8-24.pam", "-auto-orient", "-depth", "8", "RGBA:/tmp/.tmpYQObaU/decoded-image-xpm-Pam.rgba"]
[validation] magick ["identify", "-format", "%w %h", "GIF:/tmp/.tmpYQObaU/output/image-input-z8-24.gif"]
[validation] magick ["GIF:/tmp/.tmpYQObaU/output/image-input-z8-24.gif", "-auto-orient", "-depth", "8", "RGBA:/tmp/.tmpYQObaU/decoded-image-xpm-Gif.rgba"]
[validation] magick ["identify", "-format", "%w %h", "TIFF:/tmp/.tmpYQObaU/output/image-input-z8-24.tiff"]
[validation] magick ["TIFF:/tmp/.tmpYQObaU/output/image-input-z8-24.tiff", "-auto-orient", "-depth", "8", "RGBA:/tmp/.tmpYQObaU/decoded-image-xpm-Tiff.rgba"]
[validation] magick ["identify", "-format", "%w %h", "ICO:/tmp/.tmpYQObaU/output/image-input-z8-24.ico"]
[validation] magick ["ICO:/tmp/.tmpYQObaU/output/image-input-z8-24.ico", "-auto-orient", "-depth", "8", "RGBA:/tmp/.tmpYQObaU/decoded-image-xpm-Ico.rgba"]
[validation] magick ["identify", "-format", "%w %h", "PCX:/tmp/.tmpYQObaU/output/image-input-z8-24.pcx"]
[validation] magick ["PCX:/tmp/.tmpYQObaU/output/image-input-z8-24.pcx", "-auto-orient", "-depth", "8", "RGBA:/tmp/.tmpYQObaU/decoded-image-xpm-Pcx.rgba"]
[validation] magick ["identify", "-format", "%w %h", "XBM:/tmp/.tmpYQObaU/output/image-input-z8-24.xbm"]
[validation] magick ["XBM:/tmp/.tmpYQObaU/output/image-input-z8-24.xbm", "-auto-orient", "-depth", "8", "RGBA:/tmp/.tmpYQObaU/decoded-image-xpm-Xbm.rgba"]
[validation] magick ["identify", "-format", "%w %h", "XPM:/tmp/.tmpYQObaU/output/image-input-z8-24.xpm"]
[validation] magick ["XPM:/tmp/.tmpYQObaU/output/image-input-z8-24.xpm", "-auto-orient", "-depth", "8", "RGBA:/tmp/.tmpYQObaU/decoded-image-xpm-Xpm.rgba"]
[validation] magick ["identify", "-format", "%w %h", "HEIC:/tmp/.tmpYQObaU/output/image-input-z8-24.heic"]
[validation] magick ["HEIC:/tmp/.tmpYQObaU/output/image-input-z8-24.heic", "-auto-orient", "-depth", "8", "RGBA:/tmp/.tmpYQObaU/decoded-image-xpm-Heic.rgba"]
[validation] magick ["identify", "-format", "%w %h", "HEIC:/tmp/.tmpYQObaU/output/image-input-z8-24.heif"]
[validation] magick ["HEIC:/tmp/.tmpYQObaU/output/image-input-z8-24.heif", "-auto-orient", "-depth", "8", "RGBA:/tmp/.tmpYQObaU/decoded-image-xpm-Heif.rgba"]
[validation] magick ["identify", "-format", "%w %h", "JXL:/tmp/.tmpYQObaU/output/image-input-z8-24.jxl"]
[validation] magick ["JXL:/tmp/.tmpYQObaU/output/image-input-z8-24.jxl", "-auto-orient", "-depth", "8", "RGBA:/tmp/.tmpYQObaU/decoded-image-xpm-Jxl.rgba"]
[validation] magick ["identify", "-format", "%w %h", "PNG:/tmp/.tmpYQObaU/output/image-input-z8-25.png"]
[validation] magick ["PNG:/tmp/.tmpYQObaU/output/image-input-z8-25.png", "-auto-orient", "-depth", "8", "RGBA:/tmp/.tmpYQObaU/decoded-image-svg-Png.rgba"]
[validation] magick ["identify", "-format", "%w %h", "JPEG:/tmp/.tmpYQObaU/output/image-input-z8-25.jpg"]
[validation] magick ["JPEG:/tmp/.tmpYQObaU/output/image-input-z8-25.jpg", "-auto-orient", "-depth", "8", "RGBA:/tmp/.tmpYQObaU/decoded-image-svg-Jpeg.rgba"]
[validation] magick ["identify", "-format", "%w %h", "WEBP:/tmp/.tmpYQObaU/output/image-input-z8-25.webp"]
[validation] magick ["WEBP:/tmp/.tmpYQObaU/output/image-input-z8-25.webp", "-auto-orient", "-depth", "8", "RGBA:/tmp/.tmpYQObaU/decoded-image-svg-Webp.rgba"]
[validation] magick ["identify", "-format", "%w %h", "AVIF:/tmp/.tmpYQObaU/output/image-input-z8-25.avif"]
[validation] magick ["AVIF:/tmp/.tmpYQObaU/output/image-input-z8-25.avif", "-auto-orient", "-depth", "8", "RGBA:/tmp/.tmpYQObaU/decoded-image-svg-Avif.rgba"]
[validation] magick ["identify", "-format", "%w %h", "BMP3:/tmp/.tmpYQObaU/output/image-input-z8-25.bmp"]
[validation] magick ["BMP3:/tmp/.tmpYQObaU/output/image-input-z8-25.bmp", "-auto-orient", "-depth", "8", "RGBA:/tmp/.tmpYQObaU/decoded-image-svg-Bmp.rgba"]
[validation] magick ["identify", "-format", "%w %h", "TGA:/tmp/.tmpYQObaU/output/image-input-z8-25.tga"]
[validation] magick ["TGA:/tmp/.tmpYQObaU/output/image-input-z8-25.tga", "-auto-orient", "-depth", "8", "RGBA:/tmp/.tmpYQObaU/decoded-image-svg-Tga.rgba"]
[validation] magick ["identify", "-format", "%w %h", "QOI:/tmp/.tmpYQObaU/output/image-input-z8-25.qoi"]
[validation] magick ["QOI:/tmp/.tmpYQObaU/output/image-input-z8-25.qoi", "-auto-orient", "-depth", "8", "RGBA:/tmp/.tmpYQObaU/decoded-image-svg-Qoi.rgba"]
[validation] magick ["identify", "-format", "%w %h", "PBM:/tmp/.tmpYQObaU/output/image-input-z8-25.pbm"]
[validation] magick ["PBM:/tmp/.tmpYQObaU/output/image-input-z8-25.pbm", "-auto-orient", "-depth", "8", "RGBA:/tmp/.tmpYQObaU/decoded-image-svg-Pbm.rgba"]
[validation] magick ["identify", "-format", "%w %h", "PGM:/tmp/.tmpYQObaU/output/image-input-z8-25.pgm"]
[validation] magick ["PGM:/tmp/.tmpYQObaU/output/image-input-z8-25.pgm", "-auto-orient", "-depth", "8", "RGBA:/tmp/.tmpYQObaU/decoded-image-svg-Pgm.rgba"]
[validation] magick ["identify", "-format", "%w %h", "PPM:/tmp/.tmpYQObaU/output/image-input-z8-25.ppm"]
[validation] magick ["PPM:/tmp/.tmpYQObaU/output/image-input-z8-25.ppm", "-auto-orient", "-depth", "8", "RGBA:/tmp/.tmpYQObaU/decoded-image-svg-Ppm.rgba"]
[validation] magick ["identify", "-format", "%w %h", "PNM:/tmp/.tmpYQObaU/output/image-input-z8-25.pnm"]
[validation] magick ["PNM:/tmp/.tmpYQObaU/output/image-input-z8-25.pnm", "-auto-orient", "-depth", "8", "RGBA:/tmp/.tmpYQObaU/decoded-image-svg-Pnm.rgba"]
[validation] magick ["identify", "-format", "%w %h", "PAM:/tmp/.tmpYQObaU/output/image-input-z8-25.pam"]
[validation] magick ["PAM:/tmp/.tmpYQObaU/output/image-input-z8-25.pam", "-auto-orient", "-depth", "8", "RGBA:/tmp/.tmpYQObaU/decoded-image-svg-Pam.rgba"]
[validation] magick ["identify", "-format", "%w %h", "GIF:/tmp/.tmpYQObaU/output/image-input-z8-25.gif"]
[validation] magick ["GIF:/tmp/.tmpYQObaU/output/image-input-z8-25.gif", "-auto-orient", "-depth", "8", "RGBA:/tmp/.tmpYQObaU/decoded-image-svg-Gif.rgba"]
[validation] magick ["identify", "-format", "%w %h", "TIFF:/tmp/.tmpYQObaU/output/image-input-z8-25.tiff"]
[validation] magick ["TIFF:/tmp/.tmpYQObaU/output/image-input-z8-25.tiff", "-auto-orient", "-depth", "8", "RGBA:/tmp/.tmpYQObaU/decoded-image-svg-Tiff.rgba"]
[validation] magick ["identify", "-format", "%w %h", "ICO:/tmp/.tmpYQObaU/output/image-input-z8-25.ico"]
[validation] magick ["ICO:/tmp/.tmpYQObaU/output/image-input-z8-25.ico", "-auto-orient", "-depth", "8", "RGBA:/tmp/.tmpYQObaU/decoded-image-svg-Ico.rgba"]
[validation] magick ["identify", "-format", "%w %h", "PCX:/tmp/.tmpYQObaU/output/image-input-z8-25.pcx"]
[validation] magick ["PCX:/tmp/.tmpYQObaU/output/image-input-z8-25.pcx", "-auto-orient", "-depth", "8", "RGBA:/tmp/.tmpYQObaU/decoded-image-svg-Pcx.rgba"]
[validation] magick ["identify", "-format", "%w %h", "XBM:/tmp/.tmpYQObaU/output/image-input-z8-25.xbm"]
[validation] magick ["XBM:/tmp/.tmpYQObaU/output/image-input-z8-25.xbm", "-auto-orient", "-depth", "8", "RGBA:/tmp/.tmpYQObaU/decoded-image-svg-Xbm.rgba"]
[validation] magick ["identify", "-format", "%w %h", "XPM:/tmp/.tmpYQObaU/output/image-input-z8-25.xpm"]
[validation] magick ["XPM:/tmp/.tmpYQObaU/output/image-input-z8-25.xpm", "-auto-orient", "-depth", "8", "RGBA:/tmp/.tmpYQObaU/decoded-image-svg-Xpm.rgba"]
[validation] magick ["identify", "-format", "%w %h", "HEIC:/tmp/.tmpYQObaU/output/image-input-z8-25.heic"]
[validation] magick ["HEIC:/tmp/.tmpYQObaU/output/image-input-z8-25.heic", "-auto-orient", "-depth", "8", "RGBA:/tmp/.tmpYQObaU/decoded-image-svg-Heic.rgba"]
[validation] magick ["identify", "-format", "%w %h", "HEIC:/tmp/.tmpYQObaU/output/image-input-z8-25.heif"]
[validation] magick ["HEIC:/tmp/.tmpYQObaU/output/image-input-z8-25.heif", "-auto-orient", "-depth", "8", "RGBA:/tmp/.tmpYQObaU/decoded-image-svg-Heif.rgba"]
[validation] magick ["identify", "-format", "%w %h", "JXL:/tmp/.tmpYQObaU/output/image-input-z8-25.jxl"]
[validation] magick ["JXL:/tmp/.tmpYQObaU/output/image-input-z8-25.jxl", "-auto-orient", "-depth", "8", "RGBA:/tmp/.tmpYQObaU/decoded-image-svg-Jxl.rgba"]
[validation] magick ["PNG:/tmp/.tmpYQObaU/matrix-source.png", "JXL:/tmp/.tmpYQObaU/image-input.jxl"]
[validation] magick ["identify", "-format", "%w %h", "JXL:/tmp/.tmpYQObaU/image-input.jxl"]
[validation] magick ["identify", "-format", "%w %h", "PNG:/tmp/.tmpYQObaU/output/image-input-z8-26.png"]
[validation] magick ["PNG:/tmp/.tmpYQObaU/output/image-input-z8-26.png", "-auto-orient", "-depth", "8", "RGBA:/tmp/.tmpYQObaU/decoded-image-jxl-Png.rgba"]
[validation] magick ["identify", "-format", "%w %h", "JPEG:/tmp/.tmpYQObaU/output/image-input-z8-26.jpg"]
[validation] magick ["JPEG:/tmp/.tmpYQObaU/output/image-input-z8-26.jpg", "-auto-orient", "-depth", "8", "RGBA:/tmp/.tmpYQObaU/decoded-image-jxl-Jpeg.rgba"]
[validation] magick ["identify", "-format", "%w %h", "WEBP:/tmp/.tmpYQObaU/output/image-input-z8-26.webp"]
[validation] magick ["WEBP:/tmp/.tmpYQObaU/output/image-input-z8-26.webp", "-auto-orient", "-depth", "8", "RGBA:/tmp/.tmpYQObaU/decoded-image-jxl-Webp.rgba"]
[validation] magick ["identify", "-format", "%w %h", "AVIF:/tmp/.tmpYQObaU/output/image-input-z8-26.avif"]
[validation] magick ["AVIF:/tmp/.tmpYQObaU/output/image-input-z8-26.avif", "-auto-orient", "-depth", "8", "RGBA:/tmp/.tmpYQObaU/decoded-image-jxl-Avif.rgba"]
[validation] magick ["identify", "-format", "%w %h", "BMP3:/tmp/.tmpYQObaU/output/image-input-z8-26.bmp"]
[validation] magick ["BMP3:/tmp/.tmpYQObaU/output/image-input-z8-26.bmp", "-auto-orient", "-depth", "8", "RGBA:/tmp/.tmpYQObaU/decoded-image-jxl-Bmp.rgba"]
[validation] magick ["identify", "-format", "%w %h", "TGA:/tmp/.tmpYQObaU/output/image-input-z8-26.tga"]
[validation] magick ["TGA:/tmp/.tmpYQObaU/output/image-input-z8-26.tga", "-auto-orient", "-depth", "8", "RGBA:/tmp/.tmpYQObaU/decoded-image-jxl-Tga.rgba"]
[validation] magick ["identify", "-format", "%w %h", "QOI:/tmp/.tmpYQObaU/output/image-input-z8-26.qoi"]
[validation] magick ["QOI:/tmp/.tmpYQObaU/output/image-input-z8-26.qoi", "-auto-orient", "-depth", "8", "RGBA:/tmp/.tmpYQObaU/decoded-image-jxl-Qoi.rgba"]
[validation] magick ["identify", "-format", "%w %h", "PBM:/tmp/.tmpYQObaU/output/image-input-z8-26.pbm"]
[validation] magick ["PBM:/tmp/.tmpYQObaU/output/image-input-z8-26.pbm", "-auto-orient", "-depth", "8", "RGBA:/tmp/.tmpYQObaU/decoded-image-jxl-Pbm.rgba"]
[validation] magick ["identify", "-format", "%w %h", "PGM:/tmp/.tmpYQObaU/output/image-input-z8-26.pgm"]
[validation] magick ["PGM:/tmp/.tmpYQObaU/output/image-input-z8-26.pgm", "-auto-orient", "-depth", "8", "RGBA:/tmp/.tmpYQObaU/decoded-image-jxl-Pgm.rgba"]
[validation] magick ["identify", "-format", "%w %h", "PPM:/tmp/.tmpYQObaU/output/image-input-z8-26.ppm"]
[validation] magick ["PPM:/tmp/.tmpYQObaU/output/image-input-z8-26.ppm", "-auto-orient", "-depth", "8", "RGBA:/tmp/.tmpYQObaU/decoded-image-jxl-Ppm.rgba"]
[validation] magick ["identify", "-format", "%w %h", "PNM:/tmp/.tmpYQObaU/output/image-input-z8-26.pnm"]
[validation] magick ["PNM:/tmp/.tmpYQObaU/output/image-input-z8-26.pnm", "-auto-orient", "-depth", "8", "RGBA:/tmp/.tmpYQObaU/decoded-image-jxl-Pnm.rgba"]
[validation] magick ["identify", "-format", "%w %h", "PAM:/tmp/.tmpYQObaU/output/image-input-z8-26.pam"]
[validation] magick ["PAM:/tmp/.tmpYQObaU/output/image-input-z8-26.pam", "-auto-orient", "-depth", "8", "RGBA:/tmp/.tmpYQObaU/decoded-image-jxl-Pam.rgba"]
[validation] magick ["identify", "-format", "%w %h", "GIF:/tmp/.tmpYQObaU/output/image-input-z8-26.gif"]
[validation] magick ["GIF:/tmp/.tmpYQObaU/output/image-input-z8-26.gif", "-auto-orient", "-depth", "8", "RGBA:/tmp/.tmpYQObaU/decoded-image-jxl-Gif.rgba"]
[validation] magick ["identify", "-format", "%w %h", "TIFF:/tmp/.tmpYQObaU/output/image-input-z8-26.tiff"]
[validation] magick ["TIFF:/tmp/.tmpYQObaU/output/image-input-z8-26.tiff", "-auto-orient", "-depth", "8", "RGBA:/tmp/.tmpYQObaU/decoded-image-jxl-Tiff.rgba"]
[validation] magick ["identify", "-format", "%w %h", "ICO:/tmp/.tmpYQObaU/output/image-input-z8-26.ico"]
[validation] magick ["ICO:/tmp/.tmpYQObaU/output/image-input-z8-26.ico", "-auto-orient", "-depth", "8", "RGBA:/tmp/.tmpYQObaU/decoded-image-jxl-Ico.rgba"]
[validation] magick ["identify", "-format", "%w %h", "PCX:/tmp/.tmpYQObaU/output/image-input-z8-26.pcx"]
[validation] magick ["PCX:/tmp/.tmpYQObaU/output/image-input-z8-26.pcx", "-auto-orient", "-depth", "8", "RGBA:/tmp/.tmpYQObaU/decoded-image-jxl-Pcx.rgba"]
[validation] magick ["identify", "-format", "%w %h", "XBM:/tmp/.tmpYQObaU/output/image-input-z8-26.xbm"]
[validation] magick ["XBM:/tmp/.tmpYQObaU/output/image-input-z8-26.xbm", "-auto-orient", "-depth", "8", "RGBA:/tmp/.tmpYQObaU/decoded-image-jxl-Xbm.rgba"]
[validation] magick ["identify", "-format", "%w %h", "XPM:/tmp/.tmpYQObaU/output/image-input-z8-26.xpm"]
[validation] magick ["XPM:/tmp/.tmpYQObaU/output/image-input-z8-26.xpm", "-auto-orient", "-depth", "8", "RGBA:/tmp/.tmpYQObaU/decoded-image-jxl-Xpm.rgba"]
[validation] magick ["identify", "-format", "%w %h", "HEIC:/tmp/.tmpYQObaU/output/image-input-z8-26.heic"]
[validation] magick ["HEIC:/tmp/.tmpYQObaU/output/image-input-z8-26.heic", "-auto-orient", "-depth", "8", "RGBA:/tmp/.tmpYQObaU/decoded-image-jxl-Heic.rgba"]
[validation] magick ["identify", "-format", "%w %h", "HEIC:/tmp/.tmpYQObaU/output/image-input-z8-26.heif"]
[validation] magick ["HEIC:/tmp/.tmpYQObaU/output/image-input-z8-26.heif", "-auto-orient", "-depth", "8", "RGBA:/tmp/.tmpYQObaU/decoded-image-jxl-Heif.rgba"]
[validation] magick ["identify", "-format", "%w %h", "JXL:/tmp/.tmpYQObaU/output/image-input-z8-26.jxl"]
[validation] magick ["JXL:/tmp/.tmpYQObaU/output/image-input-z8-26.jxl", "-auto-orient", "-depth", "8", "RGBA:/tmp/.tmpYQObaU/decoded-image-jxl-Jxl.rgba"]
[validation] magick ["PNG:/tmp/.tmpYQObaU/matrix-source.png", "-colorspace", "RGB", "-evaluate", "Multiply", "4", "EXR:/tmp/.tmpYQObaU/image-input.exr"]
[validation] magick ["identify", "-format", "%w %h", "EXR:/tmp/.tmpYQObaU/image-input.exr"]
[validation] magick ["identify", "-format", "%w %h", "PNG:/tmp/.tmpYQObaU/output/image-input-z8-27.png"]
[validation] magick ["PNG:/tmp/.tmpYQObaU/output/image-input-z8-27.png", "-auto-orient", "-depth", "8", "RGBA:/tmp/.tmpYQObaU/decoded-image-exr-Png.rgba"]
[validation] magick ["identify", "-format", "%w %h", "JPEG:/tmp/.tmpYQObaU/output/image-input-z8-27.jpg"]
[validation] magick ["JPEG:/tmp/.tmpYQObaU/output/image-input-z8-27.jpg", "-auto-orient", "-depth", "8", "RGBA:/tmp/.tmpYQObaU/decoded-image-exr-Jpeg.rgba"]
[validation] magick ["identify", "-format", "%w %h", "WEBP:/tmp/.tmpYQObaU/output/image-input-z8-27.webp"]
[validation] magick ["WEBP:/tmp/.tmpYQObaU/output/image-input-z8-27.webp", "-auto-orient", "-depth", "8", "RGBA:/tmp/.tmpYQObaU/decoded-image-exr-Webp.rgba"]
[validation] magick ["identify", "-format", "%w %h", "AVIF:/tmp/.tmpYQObaU/output/image-input-z8-27.avif"]
[validation] magick ["AVIF:/tmp/.tmpYQObaU/output/image-input-z8-27.avif", "-auto-orient", "-depth", "8", "RGBA:/tmp/.tmpYQObaU/decoded-image-exr-Avif.rgba"]
[validation] magick ["identify", "-format", "%w %h", "BMP3:/tmp/.tmpYQObaU/output/image-input-z8-27.bmp"]
[validation] magick ["BMP3:/tmp/.tmpYQObaU/output/image-input-z8-27.bmp", "-auto-orient", "-depth", "8", "RGBA:/tmp/.tmpYQObaU/decoded-image-exr-Bmp.rgba"]
[validation] magick ["identify", "-format", "%w %h", "TGA:/tmp/.tmpYQObaU/output/image-input-z8-27.tga"]
[validation] magick ["TGA:/tmp/.tmpYQObaU/output/image-input-z8-27.tga", "-auto-orient", "-depth", "8", "RGBA:/tmp/.tmpYQObaU/decoded-image-exr-Tga.rgba"]
[validation] magick ["identify", "-format", "%w %h", "QOI:/tmp/.tmpYQObaU/output/image-input-z8-27.qoi"]
[validation] magick ["QOI:/tmp/.tmpYQObaU/output/image-input-z8-27.qoi", "-auto-orient", "-depth", "8", "RGBA:/tmp/.tmpYQObaU/decoded-image-exr-Qoi.rgba"]
[validation] magick ["identify", "-format", "%w %h", "PBM:/tmp/.tmpYQObaU/output/image-input-z8-27.pbm"]
[validation] magick ["PBM:/tmp/.tmpYQObaU/output/image-input-z8-27.pbm", "-auto-orient", "-depth", "8", "RGBA:/tmp/.tmpYQObaU/decoded-image-exr-Pbm.rgba"]
[validation] magick ["identify", "-format", "%w %h", "PGM:/tmp/.tmpYQObaU/output/image-input-z8-27.pgm"]
[validation] magick ["PGM:/tmp/.tmpYQObaU/output/image-input-z8-27.pgm", "-auto-orient", "-depth", "8", "RGBA:/tmp/.tmpYQObaU/decoded-image-exr-Pgm.rgba"]
[validation] magick ["identify", "-format", "%w %h", "PPM:/tmp/.tmpYQObaU/output/image-input-z8-27.ppm"]
[validation] magick ["PPM:/tmp/.tmpYQObaU/output/image-input-z8-27.ppm", "-auto-orient", "-depth", "8", "RGBA:/tmp/.tmpYQObaU/decoded-image-exr-Ppm.rgba"]
[validation] magick ["identify", "-format", "%w %h", "PNM:/tmp/.tmpYQObaU/output/image-input-z8-27.pnm"]
[validation] magick ["PNM:/tmp/.tmpYQObaU/output/image-input-z8-27.pnm", "-auto-orient", "-depth", "8", "RGBA:/tmp/.tmpYQObaU/decoded-image-exr-Pnm.rgba"]
[validation] magick ["identify", "-format", "%w %h", "PAM:/tmp/.tmpYQObaU/output/image-input-z8-27.pam"]
[validation] magick ["PAM:/tmp/.tmpYQObaU/output/image-input-z8-27.pam", "-auto-orient", "-depth", "8", "RGBA:/tmp/.tmpYQObaU/decoded-image-exr-Pam.rgba"]
[validation] magick ["identify", "-format", "%w %h", "GIF:/tmp/.tmpYQObaU/output/image-input-z8-27.gif"]
[validation] magick ["GIF:/tmp/.tmpYQObaU/output/image-input-z8-27.gif", "-auto-orient", "-depth", "8", "RGBA:/tmp/.tmpYQObaU/decoded-image-exr-Gif.rgba"]
[validation] magick ["identify", "-format", "%w %h", "TIFF:/tmp/.tmpYQObaU/output/image-input-z8-27.tiff"]
[validation] magick ["TIFF:/tmp/.tmpYQObaU/output/image-input-z8-27.tiff", "-auto-orient", "-depth", "8", "RGBA:/tmp/.tmpYQObaU/decoded-image-exr-Tiff.rgba"]
[validation] magick ["identify", "-format", "%w %h", "ICO:/tmp/.tmpYQObaU/output/image-input-z8-27.ico"]
[validation] magick ["ICO:/tmp/.tmpYQObaU/output/image-input-z8-27.ico", "-auto-orient", "-depth", "8", "RGBA:/tmp/.tmpYQObaU/decoded-image-exr-Ico.rgba"]
[validation] magick ["identify", "-format", "%w %h", "PCX:/tmp/.tmpYQObaU/output/image-input-z8-27.pcx"]
[validation] magick ["PCX:/tmp/.tmpYQObaU/output/image-input-z8-27.pcx", "-auto-orient", "-depth", "8", "RGBA:/tmp/.tmpYQObaU/decoded-image-exr-Pcx.rgba"]
[validation] magick ["identify", "-format", "%w %h", "XBM:/tmp/.tmpYQObaU/output/image-input-z8-27.xbm"]
[validation] magick ["XBM:/tmp/.tmpYQObaU/output/image-input-z8-27.xbm", "-auto-orient", "-depth", "8", "RGBA:/tmp/.tmpYQObaU/decoded-image-exr-Xbm.rgba"]
[validation] magick ["identify", "-format", "%w %h", "XPM:/tmp/.tmpYQObaU/output/image-input-z8-27.xpm"]
[validation] magick ["XPM:/tmp/.tmpYQObaU/output/image-input-z8-27.xpm", "-auto-orient", "-depth", "8", "RGBA:/tmp/.tmpYQObaU/decoded-image-exr-Xpm.rgba"]
[validation] magick ["identify", "-format", "%w %h", "HEIC:/tmp/.tmpYQObaU/output/image-input-z8-27.heic"]
[validation] magick ["HEIC:/tmp/.tmpYQObaU/output/image-input-z8-27.heic", "-auto-orient", "-depth", "8", "RGBA:/tmp/.tmpYQObaU/decoded-image-exr-Heic.rgba"]
[validation] magick ["identify", "-format", "%w %h", "HEIC:/tmp/.tmpYQObaU/output/image-input-z8-27.heif"]
[validation] magick ["HEIC:/tmp/.tmpYQObaU/output/image-input-z8-27.heif", "-auto-orient", "-depth", "8", "RGBA:/tmp/.tmpYQObaU/decoded-image-exr-Heif.rgba"]
[validation] magick ["identify", "-format", "%w %h", "JXL:/tmp/.tmpYQObaU/output/image-input-z8-27.jxl"]
[validation] magick ["JXL:/tmp/.tmpYQObaU/output/image-input-z8-27.jxl", "-auto-orient", "-depth", "8", "RGBA:/tmp/.tmpYQObaU/decoded-image-exr-Jxl.rgba"]
[validation] magick ["PNG:/tmp/.tmpYQObaU/matrix-source.png", "-colorspace", "RGB", "-evaluate", "Multiply", "4", "HDR:/tmp/.tmpYQObaU/image-input.hdr"]
[validation] magick ["identify", "-format", "%w %h", "HDR:/tmp/.tmpYQObaU/image-input.hdr"]
[validation] magick ["identify", "-format", "%w %h", "PNG:/tmp/.tmpYQObaU/output/image-input-z8-28.png"]
[validation] magick ["PNG:/tmp/.tmpYQObaU/output/image-input-z8-28.png", "-auto-orient", "-depth", "8", "RGBA:/tmp/.tmpYQObaU/decoded-image-hdr-Png.rgba"]
[validation] magick ["identify", "-format", "%w %h", "JPEG:/tmp/.tmpYQObaU/output/image-input-z8-28.jpg"]
[validation] magick ["JPEG:/tmp/.tmpYQObaU/output/image-input-z8-28.jpg", "-auto-orient", "-depth", "8", "RGBA:/tmp/.tmpYQObaU/decoded-image-hdr-Jpeg.rgba"]
[validation] magick ["identify", "-format", "%w %h", "WEBP:/tmp/.tmpYQObaU/output/image-input-z8-28.webp"]
[validation] magick ["WEBP:/tmp/.tmpYQObaU/output/image-input-z8-28.webp", "-auto-orient", "-depth", "8", "RGBA:/tmp/.tmpYQObaU/decoded-image-hdr-Webp.rgba"]
[validation] magick ["identify", "-format", "%w %h", "AVIF:/tmp/.tmpYQObaU/output/image-input-z8-28.avif"]
[validation] magick ["AVIF:/tmp/.tmpYQObaU/output/image-input-z8-28.avif", "-auto-orient", "-depth", "8", "RGBA:/tmp/.tmpYQObaU/decoded-image-hdr-Avif.rgba"]
[validation] magick ["identify", "-format", "%w %h", "BMP3:/tmp/.tmpYQObaU/output/image-input-z8-28.bmp"]
[validation] magick ["BMP3:/tmp/.tmpYQObaU/output/image-input-z8-28.bmp", "-auto-orient", "-depth", "8", "RGBA:/tmp/.tmpYQObaU/decoded-image-hdr-Bmp.rgba"]
[validation] magick ["identify", "-format", "%w %h", "TGA:/tmp/.tmpYQObaU/output/image-input-z8-28.tga"]
[validation] magick ["TGA:/tmp/.tmpYQObaU/output/image-input-z8-28.tga", "-auto-orient", "-depth", "8", "RGBA:/tmp/.tmpYQObaU/decoded-image-hdr-Tga.rgba"]
[validation] magick ["identify", "-format", "%w %h", "QOI:/tmp/.tmpYQObaU/output/image-input-z8-28.qoi"]
[validation] magick ["QOI:/tmp/.tmpYQObaU/output/image-input-z8-28.qoi", "-auto-orient", "-depth", "8", "RGBA:/tmp/.tmpYQObaU/decoded-image-hdr-Qoi.rgba"]
[validation] magick ["identify", "-format", "%w %h", "PBM:/tmp/.tmpYQObaU/output/image-input-z8-28.pbm"]
[validation] magick ["PBM:/tmp/.tmpYQObaU/output/image-input-z8-28.pbm", "-auto-orient", "-depth", "8", "RGBA:/tmp/.tmpYQObaU/decoded-image-hdr-Pbm.rgba"]
[validation] magick ["identify", "-format", "%w %h", "PGM:/tmp/.tmpYQObaU/output/image-input-z8-28.pgm"]
[validation] magick ["PGM:/tmp/.tmpYQObaU/output/image-input-z8-28.pgm", "-auto-orient", "-depth", "8", "RGBA:/tmp/.tmpYQObaU/decoded-image-hdr-Pgm.rgba"]
[validation] magick ["identify", "-format", "%w %h", "PPM:/tmp/.tmpYQObaU/output/image-input-z8-28.ppm"]
[validation] magick ["PPM:/tmp/.tmpYQObaU/output/image-input-z8-28.ppm", "-auto-orient", "-depth", "8", "RGBA:/tmp/.tmpYQObaU/decoded-image-hdr-Ppm.rgba"]
[validation] magick ["identify", "-format", "%w %h", "PNM:/tmp/.tmpYQObaU/output/image-input-z8-28.pnm"]
[validation] magick ["PNM:/tmp/.tmpYQObaU/output/image-input-z8-28.pnm", "-auto-orient", "-depth", "8", "RGBA:/tmp/.tmpYQObaU/decoded-image-hdr-Pnm.rgba"]
[validation] magick ["identify", "-format", "%w %h", "PAM:/tmp/.tmpYQObaU/output/image-input-z8-28.pam"]
[validation] magick ["PAM:/tmp/.tmpYQObaU/output/image-input-z8-28.pam", "-auto-orient", "-depth", "8", "RGBA:/tmp/.tmpYQObaU/decoded-image-hdr-Pam.rgba"]
[validation] magick ["identify", "-format", "%w %h", "GIF:/tmp/.tmpYQObaU/output/image-input-z8-28.gif"]
[validation] magick ["GIF:/tmp/.tmpYQObaU/output/image-input-z8-28.gif", "-auto-orient", "-depth", "8", "RGBA:/tmp/.tmpYQObaU/decoded-image-hdr-Gif.rgba"]
[validation] magick ["identify", "-format", "%w %h", "TIFF:/tmp/.tmpYQObaU/output/image-input-z8-28.tiff"]
[validation] magick ["TIFF:/tmp/.tmpYQObaU/output/image-input-z8-28.tiff", "-auto-orient", "-depth", "8", "RGBA:/tmp/.tmpYQObaU/decoded-image-hdr-Tiff.rgba"]
[validation] magick ["identify", "-format", "%w %h", "ICO:/tmp/.tmpYQObaU/output/image-input-z8-28.ico"]
[validation] magick ["ICO:/tmp/.tmpYQObaU/output/image-input-z8-28.ico", "-auto-orient", "-depth", "8", "RGBA:/tmp/.tmpYQObaU/decoded-image-hdr-Ico.rgba"]
[validation] magick ["identify", "-format", "%w %h", "PCX:/tmp/.tmpYQObaU/output/image-input-z8-28.pcx"]
[validation] magick ["PCX:/tmp/.tmpYQObaU/output/image-input-z8-28.pcx", "-auto-orient", "-depth", "8", "RGBA:/tmp/.tmpYQObaU/decoded-image-hdr-Pcx.rgba"]
[validation] magick ["identify", "-format", "%w %h", "XBM:/tmp/.tmpYQObaU/output/image-input-z8-28.xbm"]
[validation] magick ["XBM:/tmp/.tmpYQObaU/output/image-input-z8-28.xbm", "-auto-orient", "-depth", "8", "RGBA:/tmp/.tmpYQObaU/decoded-image-hdr-Xbm.rgba"]
[validation] magick ["identify", "-format", "%w %h", "XPM:/tmp/.tmpYQObaU/output/image-input-z8-28.xpm"]
[validation] magick ["XPM:/tmp/.tmpYQObaU/output/image-input-z8-28.xpm", "-auto-orient", "-depth", "8", "RGBA:/tmp/.tmpYQObaU/decoded-image-hdr-Xpm.rgba"]
[validation] magick ["identify", "-format", "%w %h", "HEIC:/tmp/.tmpYQObaU/output/image-input-z8-28.heic"]
[validation] magick ["HEIC:/tmp/.tmpYQObaU/output/image-input-z8-28.heic", "-auto-orient", "-depth", "8", "RGBA:/tmp/.tmpYQObaU/decoded-image-hdr-Heic.rgba"]
[validation] magick ["identify", "-format", "%w %h", "HEIC:/tmp/.tmpYQObaU/output/image-input-z8-28.heif"]
[validation] magick ["HEIC:/tmp/.tmpYQObaU/output/image-input-z8-28.heif", "-auto-orient", "-depth", "8", "RGBA:/tmp/.tmpYQObaU/decoded-image-hdr-Heif.rgba"]
[validation] magick ["identify", "-format", "%w %h", "JXL:/tmp/.tmpYQObaU/output/image-input-z8-28.jxl"]
[validation] magick ["JXL:/tmp/.tmpYQObaU/output/image-input-z8-28.jxl", "-auto-orient", "-depth", "8", "RGBA:/tmp/.tmpYQObaU/decoded-image-hdr-Jxl.rgba"]
[validation] magick ["PNG:/tmp/.tmpYQObaU/matrix-source.png", "-type", "TrueColor", "-depth", "10", "DPX:/tmp/.tmpYQObaU/image-input.dpx"]
[validation] magick ["identify", "-format", "%w %h", "DPX:/tmp/.tmpYQObaU/image-input.dpx"]
[validation] magick ["identify", "-format", "%w %h", "PNG:/tmp/.tmpYQObaU/output/image-input-z8-29.png"]
[validation] magick ["PNG:/tmp/.tmpYQObaU/output/image-input-z8-29.png", "-auto-orient", "-depth", "8", "RGBA:/tmp/.tmpYQObaU/decoded-image-dpx-Png.rgba"]
[validation] magick ["identify", "-format", "%w %h", "JPEG:/tmp/.tmpYQObaU/output/image-input-z8-29.jpg"]
[validation] magick ["JPEG:/tmp/.tmpYQObaU/output/image-input-z8-29.jpg", "-auto-orient", "-depth", "8", "RGBA:/tmp/.tmpYQObaU/decoded-image-dpx-Jpeg.rgba"]
[validation] magick ["identify", "-format", "%w %h", "WEBP:/tmp/.tmpYQObaU/output/image-input-z8-29.webp"]
[validation] magick ["WEBP:/tmp/.tmpYQObaU/output/image-input-z8-29.webp", "-auto-orient", "-depth", "8", "RGBA:/tmp/.tmpYQObaU/decoded-image-dpx-Webp.rgba"]
[validation] magick ["identify", "-format", "%w %h", "AVIF:/tmp/.tmpYQObaU/output/image-input-z8-29.avif"]
[validation] magick ["AVIF:/tmp/.tmpYQObaU/output/image-input-z8-29.avif", "-auto-orient", "-depth", "8", "RGBA:/tmp/.tmpYQObaU/decoded-image-dpx-Avif.rgba"]
[validation] magick ["identify", "-format", "%w %h", "BMP3:/tmp/.tmpYQObaU/output/image-input-z8-29.bmp"]
[validation] magick ["BMP3:/tmp/.tmpYQObaU/output/image-input-z8-29.bmp", "-auto-orient", "-depth", "8", "RGBA:/tmp/.tmpYQObaU/decoded-image-dpx-Bmp.rgba"]
[validation] magick ["identify", "-format", "%w %h", "TGA:/tmp/.tmpYQObaU/output/image-input-z8-29.tga"]
[validation] magick ["TGA:/tmp/.tmpYQObaU/output/image-input-z8-29.tga", "-auto-orient", "-depth", "8", "RGBA:/tmp/.tmpYQObaU/decoded-image-dpx-Tga.rgba"]
[validation] magick ["identify", "-format", "%w %h", "QOI:/tmp/.tmpYQObaU/output/image-input-z8-29.qoi"]
[validation] magick ["QOI:/tmp/.tmpYQObaU/output/image-input-z8-29.qoi", "-auto-orient", "-depth", "8", "RGBA:/tmp/.tmpYQObaU/decoded-image-dpx-Qoi.rgba"]
[validation] magick ["identify", "-format", "%w %h", "PBM:/tmp/.tmpYQObaU/output/image-input-z8-29.pbm"]
[validation] magick ["PBM:/tmp/.tmpYQObaU/output/image-input-z8-29.pbm", "-auto-orient", "-depth", "8", "RGBA:/tmp/.tmpYQObaU/decoded-image-dpx-Pbm.rgba"]
[validation] magick ["identify", "-format", "%w %h", "PGM:/tmp/.tmpYQObaU/output/image-input-z8-29.pgm"]
[validation] magick ["PGM:/tmp/.tmpYQObaU/output/image-input-z8-29.pgm", "-auto-orient", "-depth", "8", "RGBA:/tmp/.tmpYQObaU/decoded-image-dpx-Pgm.rgba"]
[validation] magick ["identify", "-format", "%w %h", "PPM:/tmp/.tmpYQObaU/output/image-input-z8-29.ppm"]
[validation] magick ["PPM:/tmp/.tmpYQObaU/output/image-input-z8-29.ppm", "-auto-orient", "-depth", "8", "RGBA:/tmp/.tmpYQObaU/decoded-image-dpx-Ppm.rgba"]
[validation] magick ["identify", "-format", "%w %h", "PNM:/tmp/.tmpYQObaU/output/image-input-z8-29.pnm"]
[validation] magick ["PNM:/tmp/.tmpYQObaU/output/image-input-z8-29.pnm", "-auto-orient", "-depth", "8", "RGBA:/tmp/.tmpYQObaU/decoded-image-dpx-Pnm.rgba"]
[validation] magick ["identify", "-format", "%w %h", "PAM:/tmp/.tmpYQObaU/output/image-input-z8-29.pam"]
[validation] magick ["PAM:/tmp/.tmpYQObaU/output/image-input-z8-29.pam", "-auto-orient", "-depth", "8", "RGBA:/tmp/.tmpYQObaU/decoded-image-dpx-Pam.rgba"]
[validation] magick ["identify", "-format", "%w %h", "GIF:/tmp/.tmpYQObaU/output/image-input-z8-29.gif"]
[validation] magick ["GIF:/tmp/.tmpYQObaU/output/image-input-z8-29.gif", "-auto-orient", "-depth", "8", "RGBA:/tmp/.tmpYQObaU/decoded-image-dpx-Gif.rgba"]
[validation] magick ["identify", "-format", "%w %h", "TIFF:/tmp/.tmpYQObaU/output/image-input-z8-29.tiff"]
[validation] magick ["TIFF:/tmp/.tmpYQObaU/output/image-input-z8-29.tiff", "-auto-orient", "-depth", "8", "RGBA:/tmp/.tmpYQObaU/decoded-image-dpx-Tiff.rgba"]
[validation] magick ["identify", "-format", "%w %h", "ICO:/tmp/.tmpYQObaU/output/image-input-z8-29.ico"]
[validation] magick ["ICO:/tmp/.tmpYQObaU/output/image-input-z8-29.ico", "-auto-orient", "-depth", "8", "RGBA:/tmp/.tmpYQObaU/decoded-image-dpx-Ico.rgba"]
[validation] magick ["identify", "-format", "%w %h", "PCX:/tmp/.tmpYQObaU/output/image-input-z8-29.pcx"]
[validation] magick ["PCX:/tmp/.tmpYQObaU/output/image-input-z8-29.pcx", "-auto-orient", "-depth", "8", "RGBA:/tmp/.tmpYQObaU/decoded-image-dpx-Pcx.rgba"]
[validation] magick ["identify", "-format", "%w %h", "XBM:/tmp/.tmpYQObaU/output/image-input-z8-29.xbm"]
[validation] magick ["XBM:/tmp/.tmpYQObaU/output/image-input-z8-29.xbm", "-auto-orient", "-depth", "8", "RGBA:/tmp/.tmpYQObaU/decoded-image-dpx-Xbm.rgba"]
[validation] magick ["identify", "-format", "%w %h", "XPM:/tmp/.tmpYQObaU/output/image-input-z8-29.xpm"]
[validation] magick ["XPM:/tmp/.tmpYQObaU/output/image-input-z8-29.xpm", "-auto-orient", "-depth", "8", "RGBA:/tmp/.tmpYQObaU/decoded-image-dpx-Xpm.rgba"]
[validation] magick ["identify", "-format", "%w %h", "HEIC:/tmp/.tmpYQObaU/output/image-input-z8-29.heic"]
[validation] magick ["HEIC:/tmp/.tmpYQObaU/output/image-input-z8-29.heic", "-auto-orient", "-depth", "8", "RGBA:/tmp/.tmpYQObaU/decoded-image-dpx-Heic.rgba"]
[validation] magick ["identify", "-format", "%w %h", "HEIC:/tmp/.tmpYQObaU/output/image-input-z8-29.heif"]
[validation] magick ["HEIC:/tmp/.tmpYQObaU/output/image-input-z8-29.heif", "-auto-orient", "-depth", "8", "RGBA:/tmp/.tmpYQObaU/decoded-image-dpx-Heif.rgba"]
[validation] magick ["identify", "-format", "%w %h", "JXL:/tmp/.tmpYQObaU/output/image-input-z8-29.jxl"]
[validation] magick ["JXL:/tmp/.tmpYQObaU/output/image-input-z8-29.jxl", "-auto-orient", "-depth", "8", "RGBA:/tmp/.tmpYQObaU/decoded-image-dpx-Jxl.rgba"]
[validation] magick ["identify", "-format", "%w %h", "PNG:/tmp/.tmpYQObaU/output/matrix-page-001-z8-1.png"]
[validation] magick ["PNG:/tmp/.tmpYQObaU/output/matrix-page-001-z8-1.png", "-auto-orient", "-depth", "8", "RGBA:/tmp/.tmpYQObaU/decoded-pdf-Png-1.rgba"]
[validation] magick ["identify", "-format", "%w %h", "PNG:/tmp/.tmpYQObaU/output/matrix-page-002-z8-1.png"]
[validation] magick ["PNG:/tmp/.tmpYQObaU/output/matrix-page-002-z8-1.png", "-auto-orient", "-depth", "8", "RGBA:/tmp/.tmpYQObaU/decoded-pdf-Png-2.rgba"]
[validation] magick ["identify", "-format", "%w %h", "PNG:/tmp/.tmpYQObaU/output/matrix-page-003-z8-1.png"]
[validation] magick ["PNG:/tmp/.tmpYQObaU/output/matrix-page-003-z8-1.png", "-auto-orient", "-depth", "8", "RGBA:/tmp/.tmpYQObaU/decoded-pdf-Png-3.rgba"]
[validation] magick ["identify", "-format", "%w %h", "JPEG:/tmp/.tmpYQObaU/output/matrix-page-001-z8-1.jpg"]
[validation] magick ["JPEG:/tmp/.tmpYQObaU/output/matrix-page-001-z8-1.jpg", "-auto-orient", "-depth", "8", "RGBA:/tmp/.tmpYQObaU/decoded-pdf-Jpeg-1.rgba"]
[validation] magick ["identify", "-format", "%w %h", "JPEG:/tmp/.tmpYQObaU/output/matrix-page-002-z8-1.jpg"]
[validation] magick ["JPEG:/tmp/.tmpYQObaU/output/matrix-page-002-z8-1.jpg", "-auto-orient", "-depth", "8", "RGBA:/tmp/.tmpYQObaU/decoded-pdf-Jpeg-2.rgba"]
[validation] magick ["identify", "-format", "%w %h", "JPEG:/tmp/.tmpYQObaU/output/matrix-page-003-z8-1.jpg"]
[validation] magick ["JPEG:/tmp/.tmpYQObaU/output/matrix-page-003-z8-1.jpg", "-auto-orient", "-depth", "8", "RGBA:/tmp/.tmpYQObaU/decoded-pdf-Jpeg-3.rgba"]
[validation] magick ["identify", "-format", "%w %h", "WEBP:/tmp/.tmpYQObaU/output/matrix-page-001-z8-1.webp"]
[validation] magick ["WEBP:/tmp/.tmpYQObaU/output/matrix-page-001-z8-1.webp", "-auto-orient", "-depth", "8", "RGBA:/tmp/.tmpYQObaU/decoded-pdf-Webp-1.rgba"]
[validation] magick ["identify", "-format", "%w %h", "WEBP:/tmp/.tmpYQObaU/output/matrix-page-002-z8-1.webp"]
[validation] magick ["WEBP:/tmp/.tmpYQObaU/output/matrix-page-002-z8-1.webp", "-auto-orient", "-depth", "8", "RGBA:/tmp/.tmpYQObaU/decoded-pdf-Webp-2.rgba"]
[validation] magick ["identify", "-format", "%w %h", "WEBP:/tmp/.tmpYQObaU/output/matrix-page-003-z8-1.webp"]
[validation] magick ["WEBP:/tmp/.tmpYQObaU/output/matrix-page-003-z8-1.webp", "-auto-orient", "-depth", "8", "RGBA:/tmp/.tmpYQObaU/decoded-pdf-Webp-3.rgba"]
[validation] magick ["identify", "-format", "%w %h", "AVIF:/tmp/.tmpYQObaU/output/matrix-page-001-z8-1.avif"]
[validation] magick ["AVIF:/tmp/.tmpYQObaU/output/matrix-page-001-z8-1.avif", "-auto-orient", "-depth", "8", "RGBA:/tmp/.tmpYQObaU/decoded-pdf-Avif-1.rgba"]
[validation] magick ["identify", "-format", "%w %h", "AVIF:/tmp/.tmpYQObaU/output/matrix-page-002-z8-1.avif"]
[validation] magick ["AVIF:/tmp/.tmpYQObaU/output/matrix-page-002-z8-1.avif", "-auto-orient", "-depth", "8", "RGBA:/tmp/.tmpYQObaU/decoded-pdf-Avif-2.rgba"]
[validation] magick ["identify", "-format", "%w %h", "AVIF:/tmp/.tmpYQObaU/output/matrix-page-003-z8-1.avif"]
[validation] magick ["AVIF:/tmp/.tmpYQObaU/output/matrix-page-003-z8-1.avif", "-auto-orient", "-depth", "8", "RGBA:/tmp/.tmpYQObaU/decoded-pdf-Avif-3.rgba"]
[validation] magick ["identify", "-format", "%w %h", "BMP3:/tmp/.tmpYQObaU/output/matrix-page-001-z8-1.bmp"]
[validation] magick ["BMP3:/tmp/.tmpYQObaU/output/matrix-page-001-z8-1.bmp", "-auto-orient", "-depth", "8", "RGBA:/tmp/.tmpYQObaU/decoded-pdf-Bmp-1.rgba"]
[validation] magick ["identify", "-format", "%w %h", "BMP3:/tmp/.tmpYQObaU/output/matrix-page-002-z8-1.bmp"]
[validation] magick ["BMP3:/tmp/.tmpYQObaU/output/matrix-page-002-z8-1.bmp", "-auto-orient", "-depth", "8", "RGBA:/tmp/.tmpYQObaU/decoded-pdf-Bmp-2.rgba"]
[validation] magick ["identify", "-format", "%w %h", "BMP3:/tmp/.tmpYQObaU/output/matrix-page-003-z8-1.bmp"]
[validation] magick ["BMP3:/tmp/.tmpYQObaU/output/matrix-page-003-z8-1.bmp", "-auto-orient", "-depth", "8", "RGBA:/tmp/.tmpYQObaU/decoded-pdf-Bmp-3.rgba"]
[validation] magick ["identify", "-format", "%w %h", "TGA:/tmp/.tmpYQObaU/output/matrix-page-001-z8-1.tga"]
[validation] magick ["TGA:/tmp/.tmpYQObaU/output/matrix-page-001-z8-1.tga", "-auto-orient", "-depth", "8", "RGBA:/tmp/.tmpYQObaU/decoded-pdf-Tga-1.rgba"]
[validation] magick ["identify", "-format", "%w %h", "TGA:/tmp/.tmpYQObaU/output/matrix-page-002-z8-1.tga"]
[validation] magick ["TGA:/tmp/.tmpYQObaU/output/matrix-page-002-z8-1.tga", "-auto-orient", "-depth", "8", "RGBA:/tmp/.tmpYQObaU/decoded-pdf-Tga-2.rgba"]
[validation] magick ["identify", "-format", "%w %h", "TGA:/tmp/.tmpYQObaU/output/matrix-page-003-z8-1.tga"]
[validation] magick ["TGA:/tmp/.tmpYQObaU/output/matrix-page-003-z8-1.tga", "-auto-orient", "-depth", "8", "RGBA:/tmp/.tmpYQObaU/decoded-pdf-Tga-3.rgba"]
[validation] magick ["identify", "-format", "%w %h", "QOI:/tmp/.tmpYQObaU/output/matrix-page-001-z8-1.qoi"]
[validation] magick ["QOI:/tmp/.tmpYQObaU/output/matrix-page-001-z8-1.qoi", "-auto-orient", "-depth", "8", "RGBA:/tmp/.tmpYQObaU/decoded-pdf-Qoi-1.rgba"]
[validation] magick ["identify", "-format", "%w %h", "QOI:/tmp/.tmpYQObaU/output/matrix-page-002-z8-1.qoi"]
[validation] magick ["QOI:/tmp/.tmpYQObaU/output/matrix-page-002-z8-1.qoi", "-auto-orient", "-depth", "8", "RGBA:/tmp/.tmpYQObaU/decoded-pdf-Qoi-2.rgba"]
[validation] magick ["identify", "-format", "%w %h", "QOI:/tmp/.tmpYQObaU/output/matrix-page-003-z8-1.qoi"]
[validation] magick ["QOI:/tmp/.tmpYQObaU/output/matrix-page-003-z8-1.qoi", "-auto-orient", "-depth", "8", "RGBA:/tmp/.tmpYQObaU/decoded-pdf-Qoi-3.rgba"]
[validation] magick ["identify", "-format", "%w %h", "PBM:/tmp/.tmpYQObaU/output/matrix-page-001-z8-1.pbm"]
[validation] magick ["PBM:/tmp/.tmpYQObaU/output/matrix-page-001-z8-1.pbm", "-auto-orient", "-depth", "8", "RGBA:/tmp/.tmpYQObaU/decoded-pdf-Pbm-1.rgba"]
[validation] magick ["identify", "-format", "%w %h", "PBM:/tmp/.tmpYQObaU/output/matrix-page-002-z8-1.pbm"]
[validation] magick ["PBM:/tmp/.tmpYQObaU/output/matrix-page-002-z8-1.pbm", "-auto-orient", "-depth", "8", "RGBA:/tmp/.tmpYQObaU/decoded-pdf-Pbm-2.rgba"]
[validation] magick ["identify", "-format", "%w %h", "PBM:/tmp/.tmpYQObaU/output/matrix-page-003-z8-1.pbm"]
[validation] magick ["PBM:/tmp/.tmpYQObaU/output/matrix-page-003-z8-1.pbm", "-auto-orient", "-depth", "8", "RGBA:/tmp/.tmpYQObaU/decoded-pdf-Pbm-3.rgba"]
[validation] magick ["identify", "-format", "%w %h", "PGM:/tmp/.tmpYQObaU/output/matrix-page-001-z8-1.pgm"]
[validation] magick ["PGM:/tmp/.tmpYQObaU/output/matrix-page-001-z8-1.pgm", "-auto-orient", "-depth", "8", "RGBA:/tmp/.tmpYQObaU/decoded-pdf-Pgm-1.rgba"]
[validation] magick ["identify", "-format", "%w %h", "PGM:/tmp/.tmpYQObaU/output/matrix-page-002-z8-1.pgm"]
[validation] magick ["PGM:/tmp/.tmpYQObaU/output/matrix-page-002-z8-1.pgm", "-auto-orient", "-depth", "8", "RGBA:/tmp/.tmpYQObaU/decoded-pdf-Pgm-2.rgba"]
[validation] magick ["identify", "-format", "%w %h", "PGM:/tmp/.tmpYQObaU/output/matrix-page-003-z8-1.pgm"]
[validation] magick ["PGM:/tmp/.tmpYQObaU/output/matrix-page-003-z8-1.pgm", "-auto-orient", "-depth", "8", "RGBA:/tmp/.tmpYQObaU/decoded-pdf-Pgm-3.rgba"]
[validation] magick ["identify", "-format", "%w %h", "PPM:/tmp/.tmpYQObaU/output/matrix-page-001-z8-1.ppm"]
[validation] magick ["PPM:/tmp/.tmpYQObaU/output/matrix-page-001-z8-1.ppm", "-auto-orient", "-depth", "8", "RGBA:/tmp/.tmpYQObaU/decoded-pdf-Ppm-1.rgba"]
[validation] magick ["identify", "-format", "%w %h", "PPM:/tmp/.tmpYQObaU/output/matrix-page-002-z8-1.ppm"]
[validation] magick ["PPM:/tmp/.tmpYQObaU/output/matrix-page-002-z8-1.ppm", "-auto-orient", "-depth", "8", "RGBA:/tmp/.tmpYQObaU/decoded-pdf-Ppm-2.rgba"]
[validation] magick ["identify", "-format", "%w %h", "PPM:/tmp/.tmpYQObaU/output/matrix-page-003-z8-1.ppm"]
[validation] magick ["PPM:/tmp/.tmpYQObaU/output/matrix-page-003-z8-1.ppm", "-auto-orient", "-depth", "8", "RGBA:/tmp/.tmpYQObaU/decoded-pdf-Ppm-3.rgba"]
[validation] magick ["identify", "-format", "%w %h", "PNM:/tmp/.tmpYQObaU/output/matrix-page-001-z8-1.pnm"]
[validation] magick ["PNM:/tmp/.tmpYQObaU/output/matrix-page-001-z8-1.pnm", "-auto-orient", "-depth", "8", "RGBA:/tmp/.tmpYQObaU/decoded-pdf-Pnm-1.rgba"]
[validation] magick ["identify", "-format", "%w %h", "PNM:/tmp/.tmpYQObaU/output/matrix-page-002-z8-1.pnm"]
[validation] magick ["PNM:/tmp/.tmpYQObaU/output/matrix-page-002-z8-1.pnm", "-auto-orient", "-depth", "8", "RGBA:/tmp/.tmpYQObaU/decoded-pdf-Pnm-2.rgba"]
[validation] magick ["identify", "-format", "%w %h", "PNM:/tmp/.tmpYQObaU/output/matrix-page-003-z8-1.pnm"]
[validation] magick ["PNM:/tmp/.tmpYQObaU/output/matrix-page-003-z8-1.pnm", "-auto-orient", "-depth", "8", "RGBA:/tmp/.tmpYQObaU/decoded-pdf-Pnm-3.rgba"]
[validation] magick ["identify", "-format", "%w %h", "PAM:/tmp/.tmpYQObaU/output/matrix-page-001-z8-1.pam"]
[validation] magick ["PAM:/tmp/.tmpYQObaU/output/matrix-page-001-z8-1.pam", "-auto-orient", "-depth", "8", "RGBA:/tmp/.tmpYQObaU/decoded-pdf-Pam-1.rgba"]
[validation] magick ["identify", "-format", "%w %h", "PAM:/tmp/.tmpYQObaU/output/matrix-page-002-z8-1.pam"]
[validation] magick ["PAM:/tmp/.tmpYQObaU/output/matrix-page-002-z8-1.pam", "-auto-orient", "-depth", "8", "RGBA:/tmp/.tmpYQObaU/decoded-pdf-Pam-2.rgba"]
[validation] magick ["identify", "-format", "%w %h", "PAM:/tmp/.tmpYQObaU/output/matrix-page-003-z8-1.pam"]
[validation] magick ["PAM:/tmp/.tmpYQObaU/output/matrix-page-003-z8-1.pam", "-auto-orient", "-depth", "8", "RGBA:/tmp/.tmpYQObaU/decoded-pdf-Pam-3.rgba"]
[validation] magick ["identify", "-format", "%w %h", "GIF:/tmp/.tmpYQObaU/output/matrix-page-001-z8-1.gif"]
[validation] magick ["GIF:/tmp/.tmpYQObaU/output/matrix-page-001-z8-1.gif", "-auto-orient", "-depth", "8", "RGBA:/tmp/.tmpYQObaU/decoded-pdf-Gif-1.rgba"]
[validation] magick ["identify", "-format", "%w %h", "GIF:/tmp/.tmpYQObaU/output/matrix-page-002-z8-1.gif"]
[validation] magick ["GIF:/tmp/.tmpYQObaU/output/matrix-page-002-z8-1.gif", "-auto-orient", "-depth", "8", "RGBA:/tmp/.tmpYQObaU/decoded-pdf-Gif-2.rgba"]
[validation] magick ["identify", "-format", "%w %h", "GIF:/tmp/.tmpYQObaU/output/matrix-page-003-z8-1.gif"]
[validation] magick ["GIF:/tmp/.tmpYQObaU/output/matrix-page-003-z8-1.gif", "-auto-orient", "-depth", "8", "RGBA:/tmp/.tmpYQObaU/decoded-pdf-Gif-3.rgba"]
[validation] magick ["identify", "-format", "%w %h", "TIFF:/tmp/.tmpYQObaU/output/matrix-page-001-z8-1.tiff"]
[validation] magick ["TIFF:/tmp/.tmpYQObaU/output/matrix-page-001-z8-1.tiff", "-auto-orient", "-depth", "8", "RGBA:/tmp/.tmpYQObaU/decoded-pdf-Tiff-1.rgba"]
[validation] magick ["identify", "-format", "%w %h", "TIFF:/tmp/.tmpYQObaU/output/matrix-page-002-z8-1.tiff"]
[validation] magick ["TIFF:/tmp/.tmpYQObaU/output/matrix-page-002-z8-1.tiff", "-auto-orient", "-depth", "8", "RGBA:/tmp/.tmpYQObaU/decoded-pdf-Tiff-2.rgba"]
[validation] magick ["identify", "-format", "%w %h", "TIFF:/tmp/.tmpYQObaU/output/matrix-page-003-z8-1.tiff"]
[validation] magick ["TIFF:/tmp/.tmpYQObaU/output/matrix-page-003-z8-1.tiff", "-auto-orient", "-depth", "8", "RGBA:/tmp/.tmpYQObaU/decoded-pdf-Tiff-3.rgba"]
[validation] magick ["identify", "-format", "%w %h", "ICO:/tmp/.tmpYQObaU/output/matrix-page-001-z8-1.ico"]
[validation] magick ["ICO:/tmp/.tmpYQObaU/output/matrix-page-001-z8-1.ico", "-auto-orient", "-depth", "8", "RGBA:/tmp/.tmpYQObaU/decoded-pdf-Ico-1.rgba"]
[validation] magick ["identify", "-format", "%w %h", "ICO:/tmp/.tmpYQObaU/output/matrix-page-002-z8-1.ico"]
[validation] magick ["ICO:/tmp/.tmpYQObaU/output/matrix-page-002-z8-1.ico", "-auto-orient", "-depth", "8", "RGBA:/tmp/.tmpYQObaU/decoded-pdf-Ico-2.rgba"]
[validation] magick ["identify", "-format", "%w %h", "ICO:/tmp/.tmpYQObaU/output/matrix-page-003-z8-1.ico"]
[validation] magick ["ICO:/tmp/.tmpYQObaU/output/matrix-page-003-z8-1.ico", "-auto-orient", "-depth", "8", "RGBA:/tmp/.tmpYQObaU/decoded-pdf-Ico-3.rgba"]
[validation] magick ["identify", "-format", "%w %h", "PCX:/tmp/.tmpYQObaU/output/matrix-page-001-z8-1.pcx"]
[validation] magick ["PCX:/tmp/.tmpYQObaU/output/matrix-page-001-z8-1.pcx", "-auto-orient", "-depth", "8", "RGBA:/tmp/.tmpYQObaU/decoded-pdf-Pcx-1.rgba"]
[validation] magick ["identify", "-format", "%w %h", "PCX:/tmp/.tmpYQObaU/output/matrix-page-002-z8-1.pcx"]
[validation] magick ["PCX:/tmp/.tmpYQObaU/output/matrix-page-002-z8-1.pcx", "-auto-orient", "-depth", "8", "RGBA:/tmp/.tmpYQObaU/decoded-pdf-Pcx-2.rgba"]
[validation] magick ["identify", "-format", "%w %h", "PCX:/tmp/.tmpYQObaU/output/matrix-page-003-z8-1.pcx"]
[validation] magick ["PCX:/tmp/.tmpYQObaU/output/matrix-page-003-z8-1.pcx", "-auto-orient", "-depth", "8", "RGBA:/tmp/.tmpYQObaU/decoded-pdf-Pcx-3.rgba"]
[validation] magick ["identify", "-format", "%w %h", "XBM:/tmp/.tmpYQObaU/output/matrix-page-001-z8-1.xbm"]
[validation] magick ["XBM:/tmp/.tmpYQObaU/output/matrix-page-001-z8-1.xbm", "-auto-orient", "-depth", "8", "RGBA:/tmp/.tmpYQObaU/decoded-pdf-Xbm-1.rgba"]
[validation] magick ["identify", "-format", "%w %h", "XBM:/tmp/.tmpYQObaU/output/matrix-page-002-z8-1.xbm"]
[validation] magick ["XBM:/tmp/.tmpYQObaU/output/matrix-page-002-z8-1.xbm", "-auto-orient", "-depth", "8", "RGBA:/tmp/.tmpYQObaU/decoded-pdf-Xbm-2.rgba"]
[validation] magick ["identify", "-format", "%w %h", "XBM:/tmp/.tmpYQObaU/output/matrix-page-003-z8-1.xbm"]
[validation] magick ["XBM:/tmp/.tmpYQObaU/output/matrix-page-003-z8-1.xbm", "-auto-orient", "-depth", "8", "RGBA:/tmp/.tmpYQObaU/decoded-pdf-Xbm-3.rgba"]
[validation] magick ["identify", "-format", "%w %h", "XPM:/tmp/.tmpYQObaU/output/matrix-page-001-z8-1.xpm"]
[validation] magick ["XPM:/tmp/.tmpYQObaU/output/matrix-page-001-z8-1.xpm", "-auto-orient", "-depth", "8", "RGBA:/tmp/.tmpYQObaU/decoded-pdf-Xpm-1.rgba"]
[validation] magick ["identify", "-format", "%w %h", "XPM:/tmp/.tmpYQObaU/output/matrix-page-002-z8-1.xpm"]
[validation] magick ["XPM:/tmp/.tmpYQObaU/output/matrix-page-002-z8-1.xpm", "-auto-orient", "-depth", "8", "RGBA:/tmp/.tmpYQObaU/decoded-pdf-Xpm-2.rgba"]
[validation] magick ["identify", "-format", "%w %h", "XPM:/tmp/.tmpYQObaU/output/matrix-page-003-z8-1.xpm"]
[validation] magick ["XPM:/tmp/.tmpYQObaU/output/matrix-page-003-z8-1.xpm", "-auto-orient", "-depth", "8", "RGBA:/tmp/.tmpYQObaU/decoded-pdf-Xpm-3.rgba"]
[validation] magick ["identify", "-format", "%w %h", "HEIC:/tmp/.tmpYQObaU/output/matrix-page-001-z8-1.heic"]
[validation] magick ["HEIC:/tmp/.tmpYQObaU/output/matrix-page-001-z8-1.heic", "-auto-orient", "-depth", "8", "RGBA:/tmp/.tmpYQObaU/decoded-pdf-Heic-1.rgba"]
[validation] magick ["identify", "-format", "%w %h", "HEIC:/tmp/.tmpYQObaU/output/matrix-page-002-z8-1.heic"]
[validation] magick ["HEIC:/tmp/.tmpYQObaU/output/matrix-page-002-z8-1.heic", "-auto-orient", "-depth", "8", "RGBA:/tmp/.tmpYQObaU/decoded-pdf-Heic-2.rgba"]
[validation] magick ["identify", "-format", "%w %h", "HEIC:/tmp/.tmpYQObaU/output/matrix-page-003-z8-1.heic"]
[validation] magick ["HEIC:/tmp/.tmpYQObaU/output/matrix-page-003-z8-1.heic", "-auto-orient", "-depth", "8", "RGBA:/tmp/.tmpYQObaU/decoded-pdf-Heic-3.rgba"]
[validation] magick ["identify", "-format", "%w %h", "HEIC:/tmp/.tmpYQObaU/output/matrix-page-001-z8-1.heif"]
[validation] magick ["HEIC:/tmp/.tmpYQObaU/output/matrix-page-001-z8-1.heif", "-auto-orient", "-depth", "8", "RGBA:/tmp/.tmpYQObaU/decoded-pdf-Heif-1.rgba"]
[validation] magick ["identify", "-format", "%w %h", "HEIC:/tmp/.tmpYQObaU/output/matrix-page-002-z8-1.heif"]
[validation] magick ["HEIC:/tmp/.tmpYQObaU/output/matrix-page-002-z8-1.heif", "-auto-orient", "-depth", "8", "RGBA:/tmp/.tmpYQObaU/decoded-pdf-Heif-2.rgba"]
[validation] magick ["identify", "-format", "%w %h", "HEIC:/tmp/.tmpYQObaU/output/matrix-page-003-z8-1.heif"]
[validation] magick ["HEIC:/tmp/.tmpYQObaU/output/matrix-page-003-z8-1.heif", "-auto-orient", "-depth", "8", "RGBA:/tmp/.tmpYQObaU/decoded-pdf-Heif-3.rgba"]
[validation] magick ["identify", "-format", "%w %h", "JXL:/tmp/.tmpYQObaU/output/matrix-page-001-z8-1.jxl"]
[validation] magick ["JXL:/tmp/.tmpYQObaU/output/matrix-page-001-z8-1.jxl", "-auto-orient", "-depth", "8", "RGBA:/tmp/.tmpYQObaU/decoded-pdf-Jxl-1.rgba"]
[validation] magick ["identify", "-format", "%w %h", "JXL:/tmp/.tmpYQObaU/output/matrix-page-002-z8-1.jxl"]
[validation] magick ["JXL:/tmp/.tmpYQObaU/output/matrix-page-002-z8-1.jxl", "-auto-orient", "-depth", "8", "RGBA:/tmp/.tmpYQObaU/decoded-pdf-Jxl-2.rgba"]
[validation] magick ["identify", "-format", "%w %h", "JXL:/tmp/.tmpYQObaU/output/matrix-page-003-z8-1.jxl"]
[validation] magick ["JXL:/tmp/.tmpYQObaU/output/matrix-page-003-z8-1.jxl", "-auto-orient", "-depth", "8", "RGBA:/tmp/.tmpYQObaU/decoded-pdf-Jxl-3.rgba"]
[validation] pandoc ["--from", "markdown", "--to", "docx", "--standalone", "--output", "/tmp/.tmpYQObaU/document-input.docx", "/tmp/.tmpYQObaU/matrix-source.md"]
[validation] pandoc ["--from", "markdown", "--to", "html", "--standalone", "--output", "/tmp/.tmpYQObaU/document-input.html", "/tmp/.tmpYQObaU/matrix-source.md"]
[validation] pandoc ["--from", "markdown", "--to", "html", "--standalone", "--output", "/tmp/.tmpYQObaU/document-input.htm", "/tmp/.tmpYQObaU/matrix-source.md"]
[validation] pandoc ["--from", "markdown", "--to", "odt", "--standalone", "--output", "/tmp/.tmpYQObaU/document-input.odt", "/tmp/.tmpYQObaU/matrix-source.md"]
[validation] pandoc ["--from", "markdown", "--to", "epub", "--standalone", "--output", "/tmp/.tmpYQObaU/document-input.epub", "/tmp/.tmpYQObaU/matrix-source.md"]
[validation] pandoc ["--from", "markdown", "--to", "docbook", "--standalone", "--output", "/tmp/.tmpYQObaU/document-input.docbook", "/tmp/.tmpYQObaU/matrix-source.md"]
[validation] ffmpeg ["-nostdin", "-y", "-v", "error", "-f", "lavfi", "-i", "aevalsrc=0.2*sin(2*PI*440*t)|0.2*sin(2*PI*880*t):s=48000:d=1", "-c:a", "libmp3lame", "-f", "mp3", "/tmp/.tmpYQObaU/audio-input.mp3"]
[validation] ffprobe ["-v", "error", "-select_streams", "a:0", "-show_entries", "stream=codec_name,sample_rate,channels:format=duration,format_name", "-of", "json", "/tmp/.tmpYQObaU/audio-input.mp3"]
[validation] ffprobe ["-v", "error", "-select_streams", "a:0", "-show_entries", "stream=codec_name,sample_rate,channels:format=duration,format_name", "-of", "json", "/tmp/.tmpYQObaU/output/audio-input-z8-1.wav"]
[validation] ffmpeg ["-nostdin", "-v", "error", "-xerror", "-i", "/tmp/.tmpYQObaU/output/audio-input-z8-1.wav", "-map", "0:a:0", "-f", "null", "-"]
[validation] ffprobe ["-v", "error", "-select_streams", "a:0", "-show_entries", "stream=codec_name,sample_rate,channels:format=duration,format_name", "-of", "json", "/tmp/.tmpYQObaU/audio-input.mp3"]
[validation] ffprobe ["-v", "error", "-select_streams", "a:0", "-show_entries", "stream=codec_name,sample_rate,channels:format=duration,format_name", "-of", "json", "/tmp/.tmpYQObaU/output/audio-input-z8-1.mp3"]
[validation] ffmpeg ["-nostdin", "-v", "error", "-xerror", "-i", "/tmp/.tmpYQObaU/output/audio-input-z8-1.mp3", "-map", "0:a:0", "-f", "null", "-"]
[validation] ffprobe ["-v", "error", "-select_streams", "a:0", "-show_entries", "stream=codec_name,sample_rate,channels:format=duration,format_name", "-of", "json", "/tmp/.tmpYQObaU/audio-input.mp3"]
[validation] ffprobe ["-v", "error", "-select_streams", "a:0", "-show_entries", "stream=codec_name,sample_rate,channels:format=duration,format_name", "-of", "json", "/tmp/.tmpYQObaU/output/audio-input-z8-1.flac"]
[validation] ffmpeg ["-nostdin", "-v", "error", "-xerror", "-i", "/tmp/.tmpYQObaU/output/audio-input-z8-1.flac", "-map", "0:a:0", "-f", "null", "-"]
[validation] ffprobe ["-v", "error", "-select_streams", "a:0", "-show_entries", "stream=codec_name,sample_rate,channels:format=duration,format_name", "-of", "json", "/tmp/.tmpYQObaU/audio-input.mp3"]
[validation] ffprobe ["-v", "error", "-select_streams", "a:0", "-show_entries", "stream=codec_name,sample_rate,channels:format=duration,format_name", "-of", "json", "/tmp/.tmpYQObaU/output/audio-input-z8-1.opus"]
[validation] ffmpeg ["-nostdin", "-v", "error", "-xerror", "-i", "/tmp/.tmpYQObaU/output/audio-input-z8-1.opus", "-map", "0:a:0", "-f", "null", "-"]
[validation] ffprobe ["-v", "error", "-select_streams", "a:0", "-show_entries", "stream=codec_name,sample_rate,channels:format=duration,format_name", "-of", "json", "/tmp/.tmpYQObaU/audio-input.mp3"]
[validation] ffprobe ["-v", "error", "-select_streams", "a:0", "-show_entries", "stream=codec_name,sample_rate,channels:format=duration,format_name", "-of", "json", "/tmp/.tmpYQObaU/output/audio-input-z8-1.m4a"]
[validation] ffmpeg ["-nostdin", "-v", "error", "-xerror", "-i", "/tmp/.tmpYQObaU/output/audio-input-z8-1.m4a", "-map", "0:a:0", "-f", "null", "-"]
[validation] ffprobe ["-v", "error", "-select_streams", "a:0", "-show_entries", "stream=codec_name,sample_rate,channels:format=duration,format_name", "-of", "json", "/tmp/.tmpYQObaU/audio-input.mp3"]
[validation] ffprobe ["-v", "error", "-select_streams", "a:0", "-show_entries", "stream=codec_name,sample_rate,channels:format=duration,format_name", "-of", "json", "/tmp/.tmpYQObaU/output/audio-input-z8-1.ogg"]
[validation] ffmpeg ["-nostdin", "-v", "error", "-xerror", "-i", "/tmp/.tmpYQObaU/output/audio-input-z8-1.ogg", "-map", "0:a:0", "-f", "null", "-"]
[validation] ffprobe ["-v", "error", "-select_streams", "a:0", "-show_entries", "stream=codec_name,sample_rate,channels:format=duration,format_name", "-of", "json", "/tmp/.tmpYQObaU/audio-input.mp3"]
[validation] ffprobe ["-v", "error", "-select_streams", "a:0", "-show_entries", "stream=codec_name,sample_rate,channels:format=duration,format_name", "-of", "json", "/tmp/.tmpYQObaU/output/audio-input-z8-1.aiff"]
[validation] ffmpeg ["-nostdin", "-v", "error", "-xerror", "-i", "/tmp/.tmpYQObaU/output/audio-input-z8-1.aiff", "-map", "0:a:0", "-f", "null", "-"]
[validation] ffprobe ["-v", "error", "-select_streams", "a:0", "-show_entries", "stream=codec_name,sample_rate,channels:format=duration,format_name", "-of", "json", "/tmp/.tmpYQObaU/audio-input.mp3"]
[validation] ffprobe ["-v", "error", "-select_streams", "a:0", "-show_entries", "stream=codec_name,sample_rate,channels:format=duration,format_name", "-of", "json", "/tmp/.tmpYQObaU/output/audio-input-z8-1.aac"]
[validation] ffmpeg ["-nostdin", "-v", "error", "-xerror", "-i", "/tmp/.tmpYQObaU/output/audio-input-z8-1.aac", "-map", "0:a:0", "-f", "null", "-"]
[validation] ffprobe ["-v", "error", "-select_streams", "a:0", "-show_entries", "stream=codec_name,sample_rate,channels:format=duration,format_name", "-of", "json", "/tmp/.tmpYQObaU/audio-input.mp3"]
[validation] ffprobe ["-v", "error", "-select_streams", "a:0", "-show_entries", "stream=codec_name,sample_rate,channels:format=duration,format_name", "-of", "json", "/tmp/.tmpYQObaU/output/audio-input-z8-2.m4a"]
[validation] ffmpeg ["-nostdin", "-v", "error", "-xerror", "-i", "/tmp/.tmpYQObaU/output/audio-input-z8-2.m4a", "-map", "0:a:0", "-f", "null", "-"]
[validation] ffmpeg ["-nostdin", "-y", "-v", "error", "-f", "lavfi", "-i", "aevalsrc=0.2*sin(2*PI*440*t)|0.2*sin(2*PI*880*t):s=48000:d=1", "-c:a", "pcm_s16le", "-f", "wav", "/tmp/.tmpYQObaU/audio-input.wav"]
[validation] ffprobe ["-v", "error", "-select_streams", "a:0", "-show_entries", "stream=codec_name,sample_rate,channels:format=duration,format_name", "-of", "json", "/tmp/.tmpYQObaU/audio-input.wav"]
[validation] ffprobe ["-v", "error", "-select_streams", "a:0", "-show_entries", "stream=codec_name,sample_rate,channels:format=duration,format_name", "-of", "json", "/tmp/.tmpYQObaU/output/audio-input-z8-2.wav"]
[validation] ffmpeg ["-nostdin", "-v", "error", "-xerror", "-i", "/tmp/.tmpYQObaU/output/audio-input-z8-2.wav", "-map", "0:a:0", "-f", "null", "-"]
[validation] ffprobe ["-v", "error", "-select_streams", "a:0", "-show_entries", "stream=codec_name,sample_rate,channels:format=duration,format_name", "-of", "json", "/tmp/.tmpYQObaU/audio-input.wav"]
[validation] ffprobe ["-v", "error", "-select_streams", "a:0", "-show_entries", "stream=codec_name,sample_rate,channels:format=duration,format_name", "-of", "json", "/tmp/.tmpYQObaU/output/audio-input-z8-2.mp3"]
[validation] ffmpeg ["-nostdin", "-v", "error", "-xerror", "-i", "/tmp/.tmpYQObaU/output/audio-input-z8-2.mp3", "-map", "0:a:0", "-f", "null", "-"]
[validation] ffprobe ["-v", "error", "-select_streams", "a:0", "-show_entries", "stream=codec_name,sample_rate,channels:format=duration,format_name", "-of", "json", "/tmp/.tmpYQObaU/audio-input.wav"]
[validation] ffprobe ["-v", "error", "-select_streams", "a:0", "-show_entries", "stream=codec_name,sample_rate,channels:format=duration,format_name", "-of", "json", "/tmp/.tmpYQObaU/output/audio-input-z8-2.flac"]
[validation] ffmpeg ["-nostdin", "-v", "error", "-xerror", "-i", "/tmp/.tmpYQObaU/output/audio-input-z8-2.flac", "-map", "0:a:0", "-f", "null", "-"]
[validation] ffprobe ["-v", "error", "-select_streams", "a:0", "-show_entries", "stream=codec_name,sample_rate,channels:format=duration,format_name", "-of", "json", "/tmp/.tmpYQObaU/audio-input.wav"]
[validation] ffprobe ["-v", "error", "-select_streams", "a:0", "-show_entries", "stream=codec_name,sample_rate,channels:format=duration,format_name", "-of", "json", "/tmp/.tmpYQObaU/output/audio-input-z8-2.opus"]
[validation] ffmpeg ["-nostdin", "-v", "error", "-xerror", "-i", "/tmp/.tmpYQObaU/output/audio-input-z8-2.opus", "-map", "0:a:0", "-f", "null", "-"]
[validation] ffprobe ["-v", "error", "-select_streams", "a:0", "-show_entries", "stream=codec_name,sample_rate,channels:format=duration,format_name", "-of", "json", "/tmp/.tmpYQObaU/audio-input.wav"]
[validation] ffprobe ["-v", "error", "-select_streams", "a:0", "-show_entries", "stream=codec_name,sample_rate,channels:format=duration,format_name", "-of", "json", "/tmp/.tmpYQObaU/output/audio-input-z8-3.m4a"]
[validation] ffmpeg ["-nostdin", "-v", "error", "-xerror", "-i", "/tmp/.tmpYQObaU/output/audio-input-z8-3.m4a", "-map", "0:a:0", "-f", "null", "-"]
[validation] ffprobe ["-v", "error", "-select_streams", "a:0", "-show_entries", "stream=codec_name,sample_rate,channels:format=duration,format_name", "-of", "json", "/tmp/.tmpYQObaU/audio-input.wav"]
[validation] ffprobe ["-v", "error", "-select_streams", "a:0", "-show_entries", "stream=codec_name,sample_rate,channels:format=duration,format_name", "-of", "json", "/tmp/.tmpYQObaU/output/audio-input-z8-2.ogg"]
[validation] ffmpeg ["-nostdin", "-v", "error", "-xerror", "-i", "/tmp/.tmpYQObaU/output/audio-input-z8-2.ogg", "-map", "0:a:0", "-f", "null", "-"]
[validation] ffprobe ["-v", "error", "-select_streams", "a:0", "-show_entries", "stream=codec_name,sample_rate,channels:format=duration,format_name", "-of", "json", "/tmp/.tmpYQObaU/audio-input.wav"]
[validation] ffprobe ["-v", "error", "-select_streams", "a:0", "-show_entries", "stream=codec_name,sample_rate,channels:format=duration,format_name", "-of", "json", "/tmp/.tmpYQObaU/output/audio-input-z8-2.aiff"]
[validation] ffmpeg ["-nostdin", "-v", "error", "-xerror", "-i", "/tmp/.tmpYQObaU/output/audio-input-z8-2.aiff", "-map", "0:a:0", "-f", "null", "-"]
[validation] ffprobe ["-v", "error", "-select_streams", "a:0", "-show_entries", "stream=codec_name,sample_rate,channels:format=duration,format_name", "-of", "json", "/tmp/.tmpYQObaU/audio-input.wav"]
[validation] ffprobe ["-v", "error", "-select_streams", "a:0", "-show_entries", "stream=codec_name,sample_rate,channels:format=duration,format_name", "-of", "json", "/tmp/.tmpYQObaU/output/audio-input-z8-2.aac"]
[validation] ffmpeg ["-nostdin", "-v", "error", "-xerror", "-i", "/tmp/.tmpYQObaU/output/audio-input-z8-2.aac", "-map", "0:a:0", "-f", "null", "-"]
[validation] ffprobe ["-v", "error", "-select_streams", "a:0", "-show_entries", "stream=codec_name,sample_rate,channels:format=duration,format_name", "-of", "json", "/tmp/.tmpYQObaU/audio-input.wav"]
[validation] ffprobe ["-v", "error", "-select_streams", "a:0", "-show_entries", "stream=codec_name,sample_rate,channels:format=duration,format_name", "-of", "json", "/tmp/.tmpYQObaU/output/audio-input-z8-4.m4a"]
[validation] ffmpeg ["-nostdin", "-v", "error", "-xerror", "-i", "/tmp/.tmpYQObaU/output/audio-input-z8-4.m4a", "-map", "0:a:0", "-f", "null", "-"]
[validation] ffmpeg ["-nostdin", "-y", "-v", "error", "-f", "lavfi", "-i", "aevalsrc=0.2*sin(2*PI*440*t)|0.2*sin(2*PI*880*t):s=48000:d=1", "-c:a", "flac", "-f", "flac", "/tmp/.tmpYQObaU/audio-input.flac"]
[validation] ffprobe ["-v", "error", "-select_streams", "a:0", "-show_entries", "stream=codec_name,sample_rate,channels:format=duration,format_name", "-of", "json", "/tmp/.tmpYQObaU/audio-input.flac"]
[validation] ffprobe ["-v", "error", "-select_streams", "a:0", "-show_entries", "stream=codec_name,sample_rate,channels:format=duration,format_name", "-of", "json", "/tmp/.tmpYQObaU/output/audio-input-z8-3.wav"]
[validation] ffmpeg ["-nostdin", "-v", "error", "-xerror", "-i", "/tmp/.tmpYQObaU/output/audio-input-z8-3.wav", "-map", "0:a:0", "-f", "null", "-"]
[validation] ffprobe ["-v", "error", "-select_streams", "a:0", "-show_entries", "stream=codec_name,sample_rate,channels:format=duration,format_name", "-of", "json", "/tmp/.tmpYQObaU/audio-input.flac"]
[validation] ffprobe ["-v", "error", "-select_streams", "a:0", "-show_entries", "stream=codec_name,sample_rate,channels:format=duration,format_name", "-of", "json", "/tmp/.tmpYQObaU/output/audio-input-z8-3.mp3"]
[validation] ffmpeg ["-nostdin", "-v", "error", "-xerror", "-i", "/tmp/.tmpYQObaU/output/audio-input-z8-3.mp3", "-map", "0:a:0", "-f", "null", "-"]
[validation] ffprobe ["-v", "error", "-select_streams", "a:0", "-show_entries", "stream=codec_name,sample_rate,channels:format=duration,format_name", "-of", "json", "/tmp/.tmpYQObaU/audio-input.flac"]
[validation] ffprobe ["-v", "error", "-select_streams", "a:0", "-show_entries", "stream=codec_name,sample_rate,channels:format=duration,format_name", "-of", "json", "/tmp/.tmpYQObaU/output/audio-input-z8-3.flac"]
[validation] ffmpeg ["-nostdin", "-v", "error", "-xerror", "-i", "/tmp/.tmpYQObaU/output/audio-input-z8-3.flac", "-map", "0:a:0", "-f", "null", "-"]
[validation] ffprobe ["-v", "error", "-select_streams", "a:0", "-show_entries", "stream=codec_name,sample_rate,channels:format=duration,format_name", "-of", "json", "/tmp/.tmpYQObaU/audio-input.flac"]
[validation] ffprobe ["-v", "error", "-select_streams", "a:0", "-show_entries", "stream=codec_name,sample_rate,channels:format=duration,format_name", "-of", "json", "/tmp/.tmpYQObaU/output/audio-input-z8-3.opus"]
[validation] ffmpeg ["-nostdin", "-v", "error", "-xerror", "-i", "/tmp/.tmpYQObaU/output/audio-input-z8-3.opus", "-map", "0:a:0", "-f", "null", "-"]
[validation] ffprobe ["-v", "error", "-select_streams", "a:0", "-show_entries", "stream=codec_name,sample_rate,channels:format=duration,format_name", "-of", "json", "/tmp/.tmpYQObaU/audio-input.flac"]
[validation] ffprobe ["-v", "error", "-select_streams", "a:0", "-show_entries", "stream=codec_name,sample_rate,channels:format=duration,format_name", "-of", "json", "/tmp/.tmpYQObaU/output/audio-input-z8-5.m4a"]
[validation] ffmpeg ["-nostdin", "-v", "error", "-xerror", "-i", "/tmp/.tmpYQObaU/output/audio-input-z8-5.m4a", "-map", "0:a:0", "-f", "null", "-"]
[validation] ffprobe ["-v", "error", "-select_streams", "a:0", "-show_entries", "stream=codec_name,sample_rate,channels:format=duration,format_name", "-of", "json", "/tmp/.tmpYQObaU/audio-input.flac"]
[validation] ffprobe ["-v", "error", "-select_streams", "a:0", "-show_entries", "stream=codec_name,sample_rate,channels:format=duration,format_name", "-of", "json", "/tmp/.tmpYQObaU/output/audio-input-z8-3.ogg"]
[validation] ffmpeg ["-nostdin", "-v", "error", "-xerror", "-i", "/tmp/.tmpYQObaU/output/audio-input-z8-3.ogg", "-map", "0:a:0", "-f", "null", "-"]
[validation] ffprobe ["-v", "error", "-select_streams", "a:0", "-show_entries", "stream=codec_name,sample_rate,channels:format=duration,format_name", "-of", "json", "/tmp/.tmpYQObaU/audio-input.flac"]
[validation] ffprobe ["-v", "error", "-select_streams", "a:0", "-show_entries", "stream=codec_name,sample_rate,channels:format=duration,format_name", "-of", "json", "/tmp/.tmpYQObaU/output/audio-input-z8-3.aiff"]
[validation] ffmpeg ["-nostdin", "-v", "error", "-xerror", "-i", "/tmp/.tmpYQObaU/output/audio-input-z8-3.aiff", "-map", "0:a:0", "-f", "null", "-"]
[validation] ffprobe ["-v", "error", "-select_streams", "a:0", "-show_entries", "stream=codec_name,sample_rate,channels:format=duration,format_name", "-of", "json", "/tmp/.tmpYQObaU/audio-input.flac"]
[validation] ffprobe ["-v", "error", "-select_streams", "a:0", "-show_entries", "stream=codec_name,sample_rate,channels:format=duration,format_name", "-of", "json", "/tmp/.tmpYQObaU/output/audio-input-z8-3.aac"]
[validation] ffmpeg ["-nostdin", "-v", "error", "-xerror", "-i", "/tmp/.tmpYQObaU/output/audio-input-z8-3.aac", "-map", "0:a:0", "-f", "null", "-"]
[validation] ffprobe ["-v", "error", "-select_streams", "a:0", "-show_entries", "stream=codec_name,sample_rate,channels:format=duration,format_name", "-of", "json", "/tmp/.tmpYQObaU/audio-input.flac"]
[validation] ffprobe ["-v", "error", "-select_streams", "a:0", "-show_entries", "stream=codec_name,sample_rate,channels:format=duration,format_name", "-of", "json", "/tmp/.tmpYQObaU/output/audio-input-z8-6.m4a"]
[validation] ffmpeg ["-nostdin", "-v", "error", "-xerror", "-i", "/tmp/.tmpYQObaU/output/audio-input-z8-6.m4a", "-map", "0:a:0", "-f", "null", "-"]
[validation] ffmpeg ["-nostdin", "-y", "-v", "error", "-f", "lavfi", "-i", "aevalsrc=0.2*sin(2*PI*440*t)|0.2*sin(2*PI*880*t):s=48000:d=1", "-c:a", "libvorbis", "-f", "ogg", "/tmp/.tmpYQObaU/audio-input.ogg"]
[validation] ffprobe ["-v", "error", "-select_streams", "a:0", "-show_entries", "stream=codec_name,sample_rate,channels:format=duration,format_name", "-of", "json", "/tmp/.tmpYQObaU/audio-input.ogg"]
[validation] ffprobe ["-v", "error", "-select_streams", "a:0", "-show_entries", "stream=codec_name,sample_rate,channels:format=duration,format_name", "-of", "json", "/tmp/.tmpYQObaU/output/audio-input-z8-4.wav"]
[validation] ffmpeg ["-nostdin", "-v", "error", "-xerror", "-i", "/tmp/.tmpYQObaU/output/audio-input-z8-4.wav", "-map", "0:a:0", "-f", "null", "-"]
[validation] ffprobe ["-v", "error", "-select_streams", "a:0", "-show_entries", "stream=codec_name,sample_rate,channels:format=duration,format_name", "-of", "json", "/tmp/.tmpYQObaU/audio-input.ogg"]
[validation] ffprobe ["-v", "error", "-select_streams", "a:0", "-show_entries", "stream=codec_name,sample_rate,channels:format=duration,format_name", "-of", "json", "/tmp/.tmpYQObaU/output/audio-input-z8-4.mp3"]
[validation] ffmpeg ["-nostdin", "-v", "error", "-xerror", "-i", "/tmp/.tmpYQObaU/output/audio-input-z8-4.mp3", "-map", "0:a:0", "-f", "null", "-"]
[validation] ffprobe ["-v", "error", "-select_streams", "a:0", "-show_entries", "stream=codec_name,sample_rate,channels:format=duration,format_name", "-of", "json", "/tmp/.tmpYQObaU/audio-input.ogg"]
[validation] ffprobe ["-v", "error", "-select_streams", "a:0", "-show_entries", "stream=codec_name,sample_rate,channels:format=duration,format_name", "-of", "json", "/tmp/.tmpYQObaU/output/audio-input-z8-4.flac"]
[validation] ffmpeg ["-nostdin", "-v", "error", "-xerror", "-i", "/tmp/.tmpYQObaU/output/audio-input-z8-4.flac", "-map", "0:a:0", "-f", "null", "-"]
[validation] ffprobe ["-v", "error", "-select_streams", "a:0", "-show_entries", "stream=codec_name,sample_rate,channels:format=duration,format_name", "-of", "json", "/tmp/.tmpYQObaU/audio-input.ogg"]
[validation] ffprobe ["-v", "error", "-select_streams", "a:0", "-show_entries", "stream=codec_name,sample_rate,channels:format=duration,format_name", "-of", "json", "/tmp/.tmpYQObaU/output/audio-input-z8-4.opus"]
[validation] ffmpeg ["-nostdin", "-v", "error", "-xerror", "-i", "/tmp/.tmpYQObaU/output/audio-input-z8-4.opus", "-map", "0:a:0", "-f", "null", "-"]
[validation] ffprobe ["-v", "error", "-select_streams", "a:0", "-show_entries", "stream=codec_name,sample_rate,channels:format=duration,format_name", "-of", "json", "/tmp/.tmpYQObaU/audio-input.ogg"]
[validation] ffprobe ["-v", "error", "-select_streams", "a:0", "-show_entries", "stream=codec_name,sample_rate,channels:format=duration,format_name", "-of", "json", "/tmp/.tmpYQObaU/output/audio-input-z8-7.m4a"]
[validation] ffmpeg ["-nostdin", "-v", "error", "-xerror", "-i", "/tmp/.tmpYQObaU/output/audio-input-z8-7.m4a", "-map", "0:a:0", "-f", "null", "-"]
[validation] ffprobe ["-v", "error", "-select_streams", "a:0", "-show_entries", "stream=codec_name,sample_rate,channels:format=duration,format_name", "-of", "json", "/tmp/.tmpYQObaU/audio-input.ogg"]
[validation] ffprobe ["-v", "error", "-select_streams", "a:0", "-show_entries", "stream=codec_name,sample_rate,channels:format=duration,format_name", "-of", "json", "/tmp/.tmpYQObaU/output/audio-input-z8-4.ogg"]
[validation] ffmpeg ["-nostdin", "-v", "error", "-xerror", "-i", "/tmp/.tmpYQObaU/output/audio-input-z8-4.ogg", "-map", "0:a:0", "-f", "null", "-"]
[validation] ffprobe ["-v", "error", "-select_streams", "a:0", "-show_entries", "stream=codec_name,sample_rate,channels:format=duration,format_name", "-of", "json", "/tmp/.tmpYQObaU/audio-input.ogg"]
[validation] ffprobe ["-v", "error", "-select_streams", "a:0", "-show_entries", "stream=codec_name,sample_rate,channels:format=duration,format_name", "-of", "json", "/tmp/.tmpYQObaU/output/audio-input-z8-4.aiff"]
[validation] ffmpeg ["-nostdin", "-v", "error", "-xerror", "-i", "/tmp/.tmpYQObaU/output/audio-input-z8-4.aiff", "-map", "0:a:0", "-f", "null", "-"]
[validation] ffprobe ["-v", "error", "-select_streams", "a:0", "-show_entries", "stream=codec_name,sample_rate,channels:format=duration,format_name", "-of", "json", "/tmp/.tmpYQObaU/audio-input.ogg"]
[validation] ffprobe ["-v", "error", "-select_streams", "a:0", "-show_entries", "stream=codec_name,sample_rate,channels:format=duration,format_name", "-of", "json", "/tmp/.tmpYQObaU/output/audio-input-z8-4.aac"]
[validation] ffmpeg ["-nostdin", "-v", "error", "-xerror", "-i", "/tmp/.tmpYQObaU/output/audio-input-z8-4.aac", "-map", "0:a:0", "-f", "null", "-"]
[validation] ffprobe ["-v", "error", "-select_streams", "a:0", "-show_entries", "stream=codec_name,sample_rate,channels:format=duration,format_name", "-of", "json", "/tmp/.tmpYQObaU/audio-input.ogg"]
[validation] ffprobe ["-v", "error", "-select_streams", "a:0", "-show_entries", "stream=codec_name,sample_rate,channels:format=duration,format_name", "-of", "json", "/tmp/.tmpYQObaU/output/audio-input-z8-8.m4a"]
[validation] ffmpeg ["-nostdin", "-v", "error", "-xerror", "-i", "/tmp/.tmpYQObaU/output/audio-input-z8-8.m4a", "-map", "0:a:0", "-f", "null", "-"]
[validation] ffmpeg ["-nostdin", "-y", "-v", "error", "-f", "lavfi", "-i", "aevalsrc=0.2*sin(2*PI*440*t)|0.2*sin(2*PI*880*t):s=48000:d=1", "-c:a", "aac", "-f", "ipod", "/tmp/.tmpYQObaU/audio-input.m4a"]
[validation] ffprobe ["-v", "error", "-select_streams", "a:0", "-show_entries", "stream=codec_name,sample_rate,channels:format=duration,format_name", "-of", "json", "/tmp/.tmpYQObaU/audio-input.m4a"]
[validation] ffprobe ["-v", "error", "-select_streams", "a:0", "-show_entries", "stream=codec_name,sample_rate,channels:format=duration,format_name", "-of", "json", "/tmp/.tmpYQObaU/output/audio-input-z8-5.wav"]
[validation] ffmpeg ["-nostdin", "-v", "error", "-xerror", "-i", "/tmp/.tmpYQObaU/output/audio-input-z8-5.wav", "-map", "0:a:0", "-f", "null", "-"]
[validation] ffprobe ["-v", "error", "-select_streams", "a:0", "-show_entries", "stream=codec_name,sample_rate,channels:format=duration,format_name", "-of", "json", "/tmp/.tmpYQObaU/audio-input.m4a"]
[validation] ffprobe ["-v", "error", "-select_streams", "a:0", "-show_entries", "stream=codec_name,sample_rate,channels:format=duration,format_name", "-of", "json", "/tmp/.tmpYQObaU/output/audio-input-z8-5.mp3"]
[validation] ffmpeg ["-nostdin", "-v", "error", "-xerror", "-i", "/tmp/.tmpYQObaU/output/audio-input-z8-5.mp3", "-map", "0:a:0", "-f", "null", "-"]
[validation] ffprobe ["-v", "error", "-select_streams", "a:0", "-show_entries", "stream=codec_name,sample_rate,channels:format=duration,format_name", "-of", "json", "/tmp/.tmpYQObaU/audio-input.m4a"]
[validation] ffprobe ["-v", "error", "-select_streams", "a:0", "-show_entries", "stream=codec_name,sample_rate,channels:format=duration,format_name", "-of", "json", "/tmp/.tmpYQObaU/output/audio-input-z8-5.flac"]
[validation] ffmpeg ["-nostdin", "-v", "error", "-xerror", "-i", "/tmp/.tmpYQObaU/output/audio-input-z8-5.flac", "-map", "0:a:0", "-f", "null", "-"]
[validation] ffprobe ["-v", "error", "-select_streams", "a:0", "-show_entries", "stream=codec_name,sample_rate,channels:format=duration,format_name", "-of", "json", "/tmp/.tmpYQObaU/audio-input.m4a"]
[validation] ffprobe ["-v", "error", "-select_streams", "a:0", "-show_entries", "stream=codec_name,sample_rate,channels:format=duration,format_name", "-of", "json", "/tmp/.tmpYQObaU/output/audio-input-z8-5.opus"]
[validation] ffmpeg ["-nostdin", "-v", "error", "-xerror", "-i", "/tmp/.tmpYQObaU/output/audio-input-z8-5.opus", "-map", "0:a:0", "-f", "null", "-"]
[validation] ffprobe ["-v", "error", "-select_streams", "a:0", "-show_entries", "stream=codec_name,sample_rate,channels:format=duration,format_name", "-of", "json", "/tmp/.tmpYQObaU/audio-input.m4a"]
[validation] ffprobe ["-v", "error", "-select_streams", "a:0", "-show_entries", "stream=codec_name,sample_rate,channels:format=duration,format_name", "-of", "json", "/tmp/.tmpYQObaU/output/audio-input-z8-9.m4a"]
[validation] ffmpeg ["-nostdin", "-v", "error", "-xerror", "-i", "/tmp/.tmpYQObaU/output/audio-input-z8-9.m4a", "-map", "0:a:0", "-f", "null", "-"]
[validation] ffprobe ["-v", "error", "-select_streams", "a:0", "-show_entries", "stream=codec_name,sample_rate,channels:format=duration,format_name", "-of", "json", "/tmp/.tmpYQObaU/audio-input.m4a"]
[validation] ffprobe ["-v", "error", "-select_streams", "a:0", "-show_entries", "stream=codec_name,sample_rate,channels:format=duration,format_name", "-of", "json", "/tmp/.tmpYQObaU/output/audio-input-z8-5.ogg"]
[validation] ffmpeg ["-nostdin", "-v", "error", "-xerror", "-i", "/tmp/.tmpYQObaU/output/audio-input-z8-5.ogg", "-map", "0:a:0", "-f", "null", "-"]
[validation] ffprobe ["-v", "error", "-select_streams", "a:0", "-show_entries", "stream=codec_name,sample_rate,channels:format=duration,format_name", "-of", "json", "/tmp/.tmpYQObaU/audio-input.m4a"]
[validation] ffprobe ["-v", "error", "-select_streams", "a:0", "-show_entries", "stream=codec_name,sample_rate,channels:format=duration,format_name", "-of", "json", "/tmp/.tmpYQObaU/output/audio-input-z8-5.aiff"]
[validation] ffmpeg ["-nostdin", "-v", "error", "-xerror", "-i", "/tmp/.tmpYQObaU/output/audio-input-z8-5.aiff", "-map", "0:a:0", "-f", "null", "-"]
[validation] ffprobe ["-v", "error", "-select_streams", "a:0", "-show_entries", "stream=codec_name,sample_rate,channels:format=duration,format_name", "-of", "json", "/tmp/.tmpYQObaU/audio-input.m4a"]
[validation] ffprobe ["-v", "error", "-select_streams", "a:0", "-show_entries", "stream=codec_name,sample_rate,channels:format=duration,format_name", "-of", "json", "/tmp/.tmpYQObaU/output/audio-input-z8-5.aac"]
[validation] ffmpeg ["-nostdin", "-v", "error", "-xerror", "-i", "/tmp/.tmpYQObaU/output/audio-input-z8-5.aac", "-map", "0:a:0", "-f", "null", "-"]
[validation] ffprobe ["-v", "error", "-select_streams", "a:0", "-show_entries", "stream=codec_name,sample_rate,channels:format=duration,format_name", "-of", "json", "/tmp/.tmpYQObaU/audio-input.m4a"]
[validation] ffprobe ["-v", "error", "-select_streams", "a:0", "-show_entries", "stream=codec_name,sample_rate,channels:format=duration,format_name", "-of", "json", "/tmp/.tmpYQObaU/output/audio-input-z8-10.m4a"]
[validation] ffmpeg ["-nostdin", "-v", "error", "-xerror", "-i", "/tmp/.tmpYQObaU/output/audio-input-z8-10.m4a", "-map", "0:a:0", "-f", "null", "-"]
[validation] ffmpeg ["-nostdin", "-y", "-v", "error", "-f", "lavfi", "-i", "aevalsrc=0.2*sin(2*PI*440*t)|0.2*sin(2*PI*880*t):s=48000:d=1", "-c:a", "libopus", "-f", "opus", "/tmp/.tmpYQObaU/audio-input.opus"]
[validation] ffprobe ["-v", "error", "-select_streams", "a:0", "-show_entries", "stream=codec_name,sample_rate,channels:format=duration,format_name", "-of", "json", "/tmp/.tmpYQObaU/audio-input.opus"]
[validation] ffprobe ["-v", "error", "-select_streams", "a:0", "-show_entries", "stream=codec_name,sample_rate,channels:format=duration,format_name", "-of", "json", "/tmp/.tmpYQObaU/output/audio-input-z8-6.wav"]
[validation] ffmpeg ["-nostdin", "-v", "error", "-xerror", "-i", "/tmp/.tmpYQObaU/output/audio-input-z8-6.wav", "-map", "0:a:0", "-f", "null", "-"]
[validation] ffprobe ["-v", "error", "-select_streams", "a:0", "-show_entries", "stream=codec_name,sample_rate,channels:format=duration,format_name", "-of", "json", "/tmp/.tmpYQObaU/audio-input.opus"]
[validation] ffprobe ["-v", "error", "-select_streams", "a:0", "-show_entries", "stream=codec_name,sample_rate,channels:format=duration,format_name", "-of", "json", "/tmp/.tmpYQObaU/output/audio-input-z8-6.mp3"]
[validation] ffmpeg ["-nostdin", "-v", "error", "-xerror", "-i", "/tmp/.tmpYQObaU/output/audio-input-z8-6.mp3", "-map", "0:a:0", "-f", "null", "-"]
[validation] ffprobe ["-v", "error", "-select_streams", "a:0", "-show_entries", "stream=codec_name,sample_rate,channels:format=duration,format_name", "-of", "json", "/tmp/.tmpYQObaU/audio-input.opus"]
[validation] ffprobe ["-v", "error", "-select_streams", "a:0", "-show_entries", "stream=codec_name,sample_rate,channels:format=duration,format_name", "-of", "json", "/tmp/.tmpYQObaU/output/audio-input-z8-6.flac"]
[validation] ffmpeg ["-nostdin", "-v", "error", "-xerror", "-i", "/tmp/.tmpYQObaU/output/audio-input-z8-6.flac", "-map", "0:a:0", "-f", "null", "-"]
[validation] ffprobe ["-v", "error", "-select_streams", "a:0", "-show_entries", "stream=codec_name,sample_rate,channels:format=duration,format_name", "-of", "json", "/tmp/.tmpYQObaU/audio-input.opus"]
[validation] ffprobe ["-v", "error", "-select_streams", "a:0", "-show_entries", "stream=codec_name,sample_rate,channels:format=duration,format_name", "-of", "json", "/tmp/.tmpYQObaU/output/audio-input-z8-6.opus"]
[validation] ffmpeg ["-nostdin", "-v", "error", "-xerror", "-i", "/tmp/.tmpYQObaU/output/audio-input-z8-6.opus", "-map", "0:a:0", "-f", "null", "-"]
[validation] ffprobe ["-v", "error", "-select_streams", "a:0", "-show_entries", "stream=codec_name,sample_rate,channels:format=duration,format_name", "-of", "json", "/tmp/.tmpYQObaU/audio-input.opus"]
[validation] ffprobe ["-v", "error", "-select_streams", "a:0", "-show_entries", "stream=codec_name,sample_rate,channels:format=duration,format_name", "-of", "json", "/tmp/.tmpYQObaU/output/audio-input-z8-11.m4a"]
[validation] ffmpeg ["-nostdin", "-v", "error", "-xerror", "-i", "/tmp/.tmpYQObaU/output/audio-input-z8-11.m4a", "-map", "0:a:0", "-f", "null", "-"]
[validation] ffprobe ["-v", "error", "-select_streams", "a:0", "-show_entries", "stream=codec_name,sample_rate,channels:format=duration,format_name", "-of", "json", "/tmp/.tmpYQObaU/audio-input.opus"]
[validation] ffprobe ["-v", "error", "-select_streams", "a:0", "-show_entries", "stream=codec_name,sample_rate,channels:format=duration,format_name", "-of", "json", "/tmp/.tmpYQObaU/output/audio-input-z8-6.ogg"]
[validation] ffmpeg ["-nostdin", "-v", "error", "-xerror", "-i", "/tmp/.tmpYQObaU/output/audio-input-z8-6.ogg", "-map", "0:a:0", "-f", "null", "-"]
[validation] ffprobe ["-v", "error", "-select_streams", "a:0", "-show_entries", "stream=codec_name,sample_rate,channels:format=duration,format_name", "-of", "json", "/tmp/.tmpYQObaU/audio-input.opus"]
[validation] ffprobe ["-v", "error", "-select_streams", "a:0", "-show_entries", "stream=codec_name,sample_rate,channels:format=duration,format_name", "-of", "json", "/tmp/.tmpYQObaU/output/audio-input-z8-6.aiff"]
[validation] ffmpeg ["-nostdin", "-v", "error", "-xerror", "-i", "/tmp/.tmpYQObaU/output/audio-input-z8-6.aiff", "-map", "0:a:0", "-f", "null", "-"]
[validation] ffprobe ["-v", "error", "-select_streams", "a:0", "-show_entries", "stream=codec_name,sample_rate,channels:format=duration,format_name", "-of", "json", "/tmp/.tmpYQObaU/audio-input.opus"]
[validation] ffprobe ["-v", "error", "-select_streams", "a:0", "-show_entries", "stream=codec_name,sample_rate,channels:format=duration,format_name", "-of", "json", "/tmp/.tmpYQObaU/output/audio-input-z8-6.aac"]
[validation] ffmpeg ["-nostdin", "-v", "error", "-xerror", "-i", "/tmp/.tmpYQObaU/output/audio-input-z8-6.aac", "-map", "0:a:0", "-f", "null", "-"]
[validation] ffprobe ["-v", "error", "-select_streams", "a:0", "-show_entries", "stream=codec_name,sample_rate,channels:format=duration,format_name", "-of", "json", "/tmp/.tmpYQObaU/audio-input.opus"]
[validation] ffprobe ["-v", "error", "-select_streams", "a:0", "-show_entries", "stream=codec_name,sample_rate,channels:format=duration,format_name", "-of", "json", "/tmp/.tmpYQObaU/output/audio-input-z8-12.m4a"]
[validation] ffmpeg ["-nostdin", "-v", "error", "-xerror", "-i", "/tmp/.tmpYQObaU/output/audio-input-z8-12.m4a", "-map", "0:a:0", "-f", "null", "-"]
[validation] ffmpeg ["-nostdin", "-y", "-v", "error", "-f", "lavfi", "-i", "color=c=red:s=16x16:r=10", "-f", "lavfi", "-i", "aevalsrc=0.2*sin(2*PI*440*t)|0.2*sin(2*PI*880*t):s=48000:d=1", "-t", "1", "-c:v", "mpeg4", "-c:a", "aac", "-f", "mp4", "/tmp/.tmpYQObaU/audio-input.mp4"]
[validation] ffprobe ["-v", "error", "-select_streams", "a:0", "-show_entries", "stream=codec_name,sample_rate,channels:format=duration,format_name", "-of", "json", "/tmp/.tmpYQObaU/audio-input.mp4"]
[validation] ffprobe ["-v", "error", "-select_streams", "a:0", "-show_entries", "stream=codec_name,sample_rate,channels:format=duration,format_name", "-of", "json", "/tmp/.tmpYQObaU/output/audio-input-z8-7.wav"]
[validation] ffmpeg ["-nostdin", "-v", "error", "-xerror", "-i", "/tmp/.tmpYQObaU/output/audio-input-z8-7.wav", "-map", "0:a:0", "-f", "null", "-"]
[validation] ffprobe ["-v", "error", "-select_streams", "a:0", "-show_entries", "stream=codec_name,sample_rate,channels:format=duration,format_name", "-of", "json", "/tmp/.tmpYQObaU/audio-input.mp4"]
[validation] ffprobe ["-v", "error", "-select_streams", "a:0", "-show_entries", "stream=codec_name,sample_rate,channels:format=duration,format_name", "-of", "json", "/tmp/.tmpYQObaU/output/audio-input-z8-7.mp3"]
[validation] ffmpeg ["-nostdin", "-v", "error", "-xerror", "-i", "/tmp/.tmpYQObaU/output/audio-input-z8-7.mp3", "-map", "0:a:0", "-f", "null", "-"]
[validation] ffprobe ["-v", "error", "-select_streams", "a:0", "-show_entries", "stream=codec_name,sample_rate,channels:format=duration,format_name", "-of", "json", "/tmp/.tmpYQObaU/audio-input.mp4"]
[validation] ffprobe ["-v", "error", "-select_streams", "a:0", "-show_entries", "stream=codec_name,sample_rate,channels:format=duration,format_name", "-of", "json", "/tmp/.tmpYQObaU/output/audio-input-z8-7.flac"]
[validation] ffmpeg ["-nostdin", "-v", "error", "-xerror", "-i", "/tmp/.tmpYQObaU/output/audio-input-z8-7.flac", "-map", "0:a:0", "-f", "null", "-"]
[validation] ffprobe ["-v", "error", "-select_streams", "a:0", "-show_entries", "stream=codec_name,sample_rate,channels:format=duration,format_name", "-of", "json", "/tmp/.tmpYQObaU/audio-input.mp4"]
[validation] ffprobe ["-v", "error", "-select_streams", "a:0", "-show_entries", "stream=codec_name,sample_rate,channels:format=duration,format_name", "-of", "json", "/tmp/.tmpYQObaU/output/audio-input-z8-7.opus"]
[validation] ffmpeg ["-nostdin", "-v", "error", "-xerror", "-i", "/tmp/.tmpYQObaU/output/audio-input-z8-7.opus", "-map", "0:a:0", "-f", "null", "-"]
[validation] ffprobe ["-v", "error", "-select_streams", "a:0", "-show_entries", "stream=codec_name,sample_rate,channels:format=duration,format_name", "-of", "json", "/tmp/.tmpYQObaU/audio-input.mp4"]
[validation] ffprobe ["-v", "error", "-select_streams", "a:0", "-show_entries", "stream=codec_name,sample_rate,channels:format=duration,format_name", "-of", "json", "/tmp/.tmpYQObaU/output/audio-input-z8-13.m4a"]
[validation] ffmpeg ["-nostdin", "-v", "error", "-xerror", "-i", "/tmp/.tmpYQObaU/output/audio-input-z8-13.m4a", "-map", "0:a:0", "-f", "null", "-"]
[validation] ffprobe ["-v", "error", "-select_streams", "a:0", "-show_entries", "stream=codec_name,sample_rate,channels:format=duration,format_name", "-of", "json", "/tmp/.tmpYQObaU/audio-input.mp4"]
[validation] ffprobe ["-v", "error", "-select_streams", "a:0", "-show_entries", "stream=codec_name,sample_rate,channels:format=duration,format_name", "-of", "json", "/tmp/.tmpYQObaU/output/audio-input-z8-7.ogg"]
[validation] ffmpeg ["-nostdin", "-v", "error", "-xerror", "-i", "/tmp/.tmpYQObaU/output/audio-input-z8-7.ogg", "-map", "0:a:0", "-f", "null", "-"]
[validation] ffprobe ["-v", "error", "-select_streams", "a:0", "-show_entries", "stream=codec_name,sample_rate,channels:format=duration,format_name", "-of", "json", "/tmp/.tmpYQObaU/audio-input.mp4"]
[validation] ffprobe ["-v", "error", "-select_streams", "a:0", "-show_entries", "stream=codec_name,sample_rate,channels:format=duration,format_name", "-of", "json", "/tmp/.tmpYQObaU/output/audio-input-z8-7.aiff"]
[validation] ffmpeg ["-nostdin", "-v", "error", "-xerror", "-i", "/tmp/.tmpYQObaU/output/audio-input-z8-7.aiff", "-map", "0:a:0", "-f", "null", "-"]
[validation] ffprobe ["-v", "error", "-select_streams", "a:0", "-show_entries", "stream=codec_name,sample_rate,channels:format=duration,format_name", "-of", "json", "/tmp/.tmpYQObaU/audio-input.mp4"]
[validation] ffprobe ["-v", "error", "-select_streams", "a:0", "-show_entries", "stream=codec_name,sample_rate,channels:format=duration,format_name", "-of", "json", "/tmp/.tmpYQObaU/output/audio-input-z8-7.aac"]
[validation] ffmpeg ["-nostdin", "-v", "error", "-xerror", "-i", "/tmp/.tmpYQObaU/output/audio-input-z8-7.aac", "-map", "0:a:0", "-f", "null", "-"]
[validation] ffprobe ["-v", "error", "-select_streams", "a:0", "-show_entries", "stream=codec_name,sample_rate,channels:format=duration,format_name", "-of", "json", "/tmp/.tmpYQObaU/audio-input.mp4"]
[validation] ffprobe ["-v", "error", "-select_streams", "a:0", "-show_entries", "stream=codec_name,sample_rate,channels:format=duration,format_name", "-of", "json", "/tmp/.tmpYQObaU/output/audio-input-z8-14.m4a"]
[validation] ffmpeg ["-nostdin", "-v", "error", "-xerror", "-i", "/tmp/.tmpYQObaU/output/audio-input-z8-14.m4a", "-map", "0:a:0", "-f", "null", "-"]
[validation] ffmpeg ["-nostdin", "-y", "-v", "error", "-f", "lavfi", "-i", "color=c=red:s=16x16:r=10", "-f", "lavfi", "-i", "aevalsrc=0.2*sin(2*PI*440*t)|0.2*sin(2*PI*880*t):s=48000:d=1", "-t", "1", "-c:v", "mpeg4", "-c:a", "aac", "-f", "mov", "/tmp/.tmpYQObaU/audio-input.mov"]
[validation] ffprobe ["-v", "error", "-select_streams", "a:0", "-show_entries", "stream=codec_name,sample_rate,channels:format=duration,format_name", "-of", "json", "/tmp/.tmpYQObaU/audio-input.mov"]
[validation] ffprobe ["-v", "error", "-select_streams", "a:0", "-show_entries", "stream=codec_name,sample_rate,channels:format=duration,format_name", "-of", "json", "/tmp/.tmpYQObaU/output/audio-input-z8-8.wav"]
[validation] ffmpeg ["-nostdin", "-v", "error", "-xerror", "-i", "/tmp/.tmpYQObaU/output/audio-input-z8-8.wav", "-map", "0:a:0", "-f", "null", "-"]
[validation] ffprobe ["-v", "error", "-select_streams", "a:0", "-show_entries", "stream=codec_name,sample_rate,channels:format=duration,format_name", "-of", "json", "/tmp/.tmpYQObaU/audio-input.mov"]
[validation] ffprobe ["-v", "error", "-select_streams", "a:0", "-show_entries", "stream=codec_name,sample_rate,channels:format=duration,format_name", "-of", "json", "/tmp/.tmpYQObaU/output/audio-input-z8-8.mp3"]
[validation] ffmpeg ["-nostdin", "-v", "error", "-xerror", "-i", "/tmp/.tmpYQObaU/output/audio-input-z8-8.mp3", "-map", "0:a:0", "-f", "null", "-"]
[validation] ffprobe ["-v", "error", "-select_streams", "a:0", "-show_entries", "stream=codec_name,sample_rate,channels:format=duration,format_name", "-of", "json", "/tmp/.tmpYQObaU/audio-input.mov"]
[validation] ffprobe ["-v", "error", "-select_streams", "a:0", "-show_entries", "stream=codec_name,sample_rate,channels:format=duration,format_name", "-of", "json", "/tmp/.tmpYQObaU/output/audio-input-z8-8.flac"]
[validation] ffmpeg ["-nostdin", "-v", "error", "-xerror", "-i", "/tmp/.tmpYQObaU/output/audio-input-z8-8.flac", "-map", "0:a:0", "-f", "null", "-"]
[validation] ffprobe ["-v", "error", "-select_streams", "a:0", "-show_entries", "stream=codec_name,sample_rate,channels:format=duration,format_name", "-of", "json", "/tmp/.tmpYQObaU/audio-input.mov"]
[validation] ffprobe ["-v", "error", "-select_streams", "a:0", "-show_entries", "stream=codec_name,sample_rate,channels:format=duration,format_name", "-of", "json", "/tmp/.tmpYQObaU/output/audio-input-z8-8.opus"]
[validation] ffmpeg ["-nostdin", "-v", "error", "-xerror", "-i", "/tmp/.tmpYQObaU/output/audio-input-z8-8.opus", "-map", "0:a:0", "-f", "null", "-"]
[validation] ffprobe ["-v", "error", "-select_streams", "a:0", "-show_entries", "stream=codec_name,sample_rate,channels:format=duration,format_name", "-of", "json", "/tmp/.tmpYQObaU/audio-input.mov"]
[validation] ffprobe ["-v", "error", "-select_streams", "a:0", "-show_entries", "stream=codec_name,sample_rate,channels:format=duration,format_name", "-of", "json", "/tmp/.tmpYQObaU/output/audio-input-z8-15.m4a"]
[validation] ffmpeg ["-nostdin", "-v", "error", "-xerror", "-i", "/tmp/.tmpYQObaU/output/audio-input-z8-15.m4a", "-map", "0:a:0", "-f", "null", "-"]
[validation] ffprobe ["-v", "error", "-select_streams", "a:0", "-show_entries", "stream=codec_name,sample_rate,channels:format=duration,format_name", "-of", "json", "/tmp/.tmpYQObaU/audio-input.mov"]
[validation] ffprobe ["-v", "error", "-select_streams", "a:0", "-show_entries", "stream=codec_name,sample_rate,channels:format=duration,format_name", "-of", "json", "/tmp/.tmpYQObaU/output/audio-input-z8-8.ogg"]
[validation] ffmpeg ["-nostdin", "-v", "error", "-xerror", "-i", "/tmp/.tmpYQObaU/output/audio-input-z8-8.ogg", "-map", "0:a:0", "-f", "null", "-"]
[validation] ffprobe ["-v", "error", "-select_streams", "a:0", "-show_entries", "stream=codec_name,sample_rate,channels:format=duration,format_name", "-of", "json", "/tmp/.tmpYQObaU/audio-input.mov"]
[validation] ffprobe ["-v", "error", "-select_streams", "a:0", "-show_entries", "stream=codec_name,sample_rate,channels:format=duration,format_name", "-of", "json", "/tmp/.tmpYQObaU/output/audio-input-z8-8.aiff"]
[validation] ffmpeg ["-nostdin", "-v", "error", "-xerror", "-i", "/tmp/.tmpYQObaU/output/audio-input-z8-8.aiff", "-map", "0:a:0", "-f", "null", "-"]
[validation] ffprobe ["-v", "error", "-select_streams", "a:0", "-show_entries", "stream=codec_name,sample_rate,channels:format=duration,format_name", "-of", "json", "/tmp/.tmpYQObaU/audio-input.mov"]
[validation] ffprobe ["-v", "error", "-select_streams", "a:0", "-show_entries", "stream=codec_name,sample_rate,channels:format=duration,format_name", "-of", "json", "/tmp/.tmpYQObaU/output/audio-input-z8-8.aac"]
[validation] ffmpeg ["-nostdin", "-v", "error", "-xerror", "-i", "/tmp/.tmpYQObaU/output/audio-input-z8-8.aac", "-map", "0:a:0", "-f", "null", "-"]
[validation] ffprobe ["-v", "error", "-select_streams", "a:0", "-show_entries", "stream=codec_name,sample_rate,channels:format=duration,format_name", "-of", "json", "/tmp/.tmpYQObaU/audio-input.mov"]
[validation] ffprobe ["-v", "error", "-select_streams", "a:0", "-show_entries", "stream=codec_name,sample_rate,channels:format=duration,format_name", "-of", "json", "/tmp/.tmpYQObaU/output/audio-input-z8-16.m4a"]
[validation] ffmpeg ["-nostdin", "-v", "error", "-xerror", "-i", "/tmp/.tmpYQObaU/output/audio-input-z8-16.m4a", "-map", "0:a:0", "-f", "null", "-"]
[validation] ffmpeg ["-nostdin", "-y", "-v", "error", "-f", "lavfi", "-i", "color=c=red:s=16x16:r=10", "-f", "lavfi", "-i", "aevalsrc=0.2*sin(2*PI*440*t)|0.2*sin(2*PI*880*t):s=48000:d=1", "-t", "1", "-c:v", "ffv1", "-c:a", "flac", "-f", "matroska", "/tmp/.tmpYQObaU/audio-input.mkv"]
[validation] ffprobe ["-v", "error", "-select_streams", "a:0", "-show_entries", "stream=codec_name,sample_rate,channels:format=duration,format_name", "-of", "json", "/tmp/.tmpYQObaU/audio-input.mkv"]
[validation] ffprobe ["-v", "error", "-select_streams", "a:0", "-show_entries", "stream=codec_name,sample_rate,channels:format=duration,format_name", "-of", "json", "/tmp/.tmpYQObaU/output/audio-input-z8-9.wav"]
[validation] ffmpeg ["-nostdin", "-v", "error", "-xerror", "-i", "/tmp/.tmpYQObaU/output/audio-input-z8-9.wav", "-map", "0:a:0", "-f", "null", "-"]
[validation] ffprobe ["-v", "error", "-select_streams", "a:0", "-show_entries", "stream=codec_name,sample_rate,channels:format=duration,format_name", "-of", "json", "/tmp/.tmpYQObaU/audio-input.mkv"]
[validation] ffprobe ["-v", "error", "-select_streams", "a:0", "-show_entries", "stream=codec_name,sample_rate,channels:format=duration,format_name", "-of", "json", "/tmp/.tmpYQObaU/output/audio-input-z8-9.mp3"]
[validation] ffmpeg ["-nostdin", "-v", "error", "-xerror", "-i", "/tmp/.tmpYQObaU/output/audio-input-z8-9.mp3", "-map", "0:a:0", "-f", "null", "-"]
[validation] ffprobe ["-v", "error", "-select_streams", "a:0", "-show_entries", "stream=codec_name,sample_rate,channels:format=duration,format_name", "-of", "json", "/tmp/.tmpYQObaU/audio-input.mkv"]
[validation] ffprobe ["-v", "error", "-select_streams", "a:0", "-show_entries", "stream=codec_name,sample_rate,channels:format=duration,format_name", "-of", "json", "/tmp/.tmpYQObaU/output/audio-input-z8-9.flac"]
[validation] ffmpeg ["-nostdin", "-v", "error", "-xerror", "-i", "/tmp/.tmpYQObaU/output/audio-input-z8-9.flac", "-map", "0:a:0", "-f", "null", "-"]
[validation] ffprobe ["-v", "error", "-select_streams", "a:0", "-show_entries", "stream=codec_name,sample_rate,channels:format=duration,format_name", "-of", "json", "/tmp/.tmpYQObaU/audio-input.mkv"]
[validation] ffprobe ["-v", "error", "-select_streams", "a:0", "-show_entries", "stream=codec_name,sample_rate,channels:format=duration,format_name", "-of", "json", "/tmp/.tmpYQObaU/output/audio-input-z8-9.opus"]
[validation] ffmpeg ["-nostdin", "-v", "error", "-xerror", "-i", "/tmp/.tmpYQObaU/output/audio-input-z8-9.opus", "-map", "0:a:0", "-f", "null", "-"]
[validation] ffprobe ["-v", "error", "-select_streams", "a:0", "-show_entries", "stream=codec_name,sample_rate,channels:format=duration,format_name", "-of", "json", "/tmp/.tmpYQObaU/audio-input.mkv"]
[validation] ffprobe ["-v", "error", "-select_streams", "a:0", "-show_entries", "stream=codec_name,sample_rate,channels:format=duration,format_name", "-of", "json", "/tmp/.tmpYQObaU/output/audio-input-z8-17.m4a"]
[validation] ffmpeg ["-nostdin", "-v", "error", "-xerror", "-i", "/tmp/.tmpYQObaU/output/audio-input-z8-17.m4a", "-map", "0:a:0", "-f", "null", "-"]
[validation] ffprobe ["-v", "error", "-select_streams", "a:0", "-show_entries", "stream=codec_name,sample_rate,channels:format=duration,format_name", "-of", "json", "/tmp/.tmpYQObaU/audio-input.mkv"]
[validation] ffprobe ["-v", "error", "-select_streams", "a:0", "-show_entries", "stream=codec_name,sample_rate,channels:format=duration,format_name", "-of", "json", "/tmp/.tmpYQObaU/output/audio-input-z8-9.ogg"]
[validation] ffmpeg ["-nostdin", "-v", "error", "-xerror", "-i", "/tmp/.tmpYQObaU/output/audio-input-z8-9.ogg", "-map", "0:a:0", "-f", "null", "-"]
[validation] ffprobe ["-v", "error", "-select_streams", "a:0", "-show_entries", "stream=codec_name,sample_rate,channels:format=duration,format_name", "-of", "json", "/tmp/.tmpYQObaU/audio-input.mkv"]
[validation] ffprobe ["-v", "error", "-select_streams", "a:0", "-show_entries", "stream=codec_name,sample_rate,channels:format=duration,format_name", "-of", "json", "/tmp/.tmpYQObaU/output/audio-input-z8-9.aiff"]
[validation] ffmpeg ["-nostdin", "-v", "error", "-xerror", "-i", "/tmp/.tmpYQObaU/output/audio-input-z8-9.aiff", "-map", "0:a:0", "-f", "null", "-"]
[validation] ffprobe ["-v", "error", "-select_streams", "a:0", "-show_entries", "stream=codec_name,sample_rate,channels:format=duration,format_name", "-of", "json", "/tmp/.tmpYQObaU/audio-input.mkv"]
[validation] ffprobe ["-v", "error", "-select_streams", "a:0", "-show_entries", "stream=codec_name,sample_rate,channels:format=duration,format_name", "-of", "json", "/tmp/.tmpYQObaU/output/audio-input-z8-9.aac"]
[validation] ffmpeg ["-nostdin", "-v", "error", "-xerror", "-i", "/tmp/.tmpYQObaU/output/audio-input-z8-9.aac", "-map", "0:a:0", "-f", "null", "-"]
[validation] ffprobe ["-v", "error", "-select_streams", "a:0", "-show_entries", "stream=codec_name,sample_rate,channels:format=duration,format_name", "-of", "json", "/tmp/.tmpYQObaU/audio-input.mkv"]
[validation] ffprobe ["-v", "error", "-select_streams", "a:0", "-show_entries", "stream=codec_name,sample_rate,channels:format=duration,format_name", "-of", "json", "/tmp/.tmpYQObaU/output/audio-input-z8-18.m4a"]
[validation] ffmpeg ["-nostdin", "-v", "error", "-xerror", "-i", "/tmp/.tmpYQObaU/output/audio-input-z8-18.m4a", "-map", "0:a:0", "-f", "null", "-"]
[validation] ffmpeg ["-nostdin", "-y", "-v", "error", "-f", "lavfi", "-i", "color=c=red:s=16x16:r=10", "-f", "lavfi", "-i", "aevalsrc=0.2*sin(2*PI*440*t)|0.2*sin(2*PI*880*t):s=48000:d=1", "-t", "1", "-c:v", "libvpx-vp9", "-c:a", "libopus", "-f", "webm", "/tmp/.tmpYQObaU/audio-input.webm"]
[validation] ffprobe ["-v", "error", "-select_streams", "a:0", "-show_entries", "stream=codec_name,sample_rate,channels:format=duration,format_name", "-of", "json", "/tmp/.tmpYQObaU/audio-input.webm"]
[validation] ffprobe ["-v", "error", "-select_streams", "a:0", "-show_entries", "stream=codec_name,sample_rate,channels:format=duration,format_name", "-of", "json", "/tmp/.tmpYQObaU/output/audio-input-z8-10.wav"]
[validation] ffmpeg ["-nostdin", "-v", "error", "-xerror", "-i", "/tmp/.tmpYQObaU/output/audio-input-z8-10.wav", "-map", "0:a:0", "-f", "null", "-"]
[validation] ffprobe ["-v", "error", "-select_streams", "a:0", "-show_entries", "stream=codec_name,sample_rate,channels:format=duration,format_name", "-of", "json", "/tmp/.tmpYQObaU/audio-input.webm"]
[validation] ffprobe ["-v", "error", "-select_streams", "a:0", "-show_entries", "stream=codec_name,sample_rate,channels:format=duration,format_name", "-of", "json", "/tmp/.tmpYQObaU/output/audio-input-z8-10.mp3"]
[validation] ffmpeg ["-nostdin", "-v", "error", "-xerror", "-i", "/tmp/.tmpYQObaU/output/audio-input-z8-10.mp3", "-map", "0:a:0", "-f", "null", "-"]
[validation] ffprobe ["-v", "error", "-select_streams", "a:0", "-show_entries", "stream=codec_name,sample_rate,channels:format=duration,format_name", "-of", "json", "/tmp/.tmpYQObaU/audio-input.webm"]
[validation] ffprobe ["-v", "error", "-select_streams", "a:0", "-show_entries", "stream=codec_name,sample_rate,channels:format=duration,format_name", "-of", "json", "/tmp/.tmpYQObaU/output/audio-input-z8-10.flac"]
[validation] ffmpeg ["-nostdin", "-v", "error", "-xerror", "-i", "/tmp/.tmpYQObaU/output/audio-input-z8-10.flac", "-map", "0:a:0", "-f", "null", "-"]
[validation] ffprobe ["-v", "error", "-select_streams", "a:0", "-show_entries", "stream=codec_name,sample_rate,channels:format=duration,format_name", "-of", "json", "/tmp/.tmpYQObaU/audio-input.webm"]
[validation] ffprobe ["-v", "error", "-select_streams", "a:0", "-show_entries", "stream=codec_name,sample_rate,channels:format=duration,format_name", "-of", "json", "/tmp/.tmpYQObaU/output/audio-input-z8-10.opus"]
[validation] ffmpeg ["-nostdin", "-v", "error", "-xerror", "-i", "/tmp/.tmpYQObaU/output/audio-input-z8-10.opus", "-map", "0:a:0", "-f", "null", "-"]
[validation] ffprobe ["-v", "error", "-select_streams", "a:0", "-show_entries", "stream=codec_name,sample_rate,channels:format=duration,format_name", "-of", "json", "/tmp/.tmpYQObaU/audio-input.webm"]
[validation] ffprobe ["-v", "error", "-select_streams", "a:0", "-show_entries", "stream=codec_name,sample_rate,channels:format=duration,format_name", "-of", "json", "/tmp/.tmpYQObaU/output/audio-input-z8-19.m4a"]
[validation] ffmpeg ["-nostdin", "-v", "error", "-xerror", "-i", "/tmp/.tmpYQObaU/output/audio-input-z8-19.m4a", "-map", "0:a:0", "-f", "null", "-"]
[validation] ffprobe ["-v", "error", "-select_streams", "a:0", "-show_entries", "stream=codec_name,sample_rate,channels:format=duration,format_name", "-of", "json", "/tmp/.tmpYQObaU/audio-input.webm"]
[validation] ffprobe ["-v", "error", "-select_streams", "a:0", "-show_entries", "stream=codec_name,sample_rate,channels:format=duration,format_name", "-of", "json", "/tmp/.tmpYQObaU/output/audio-input-z8-10.ogg"]
[validation] ffmpeg ["-nostdin", "-v", "error", "-xerror", "-i", "/tmp/.tmpYQObaU/output/audio-input-z8-10.ogg", "-map", "0:a:0", "-f", "null", "-"]
[validation] ffprobe ["-v", "error", "-select_streams", "a:0", "-show_entries", "stream=codec_name,sample_rate,channels:format=duration,format_name", "-of", "json", "/tmp/.tmpYQObaU/audio-input.webm"]
[validation] ffprobe ["-v", "error", "-select_streams", "a:0", "-show_entries", "stream=codec_name,sample_rate,channels:format=duration,format_name", "-of", "json", "/tmp/.tmpYQObaU/output/audio-input-z8-10.aiff"]
[validation] ffmpeg ["-nostdin", "-v", "error", "-xerror", "-i", "/tmp/.tmpYQObaU/output/audio-input-z8-10.aiff", "-map", "0:a:0", "-f", "null", "-"]
[validation] ffprobe ["-v", "error", "-select_streams", "a:0", "-show_entries", "stream=codec_name,sample_rate,channels:format=duration,format_name", "-of", "json", "/tmp/.tmpYQObaU/audio-input.webm"]
[validation] ffprobe ["-v", "error", "-select_streams", "a:0", "-show_entries", "stream=codec_name,sample_rate,channels:format=duration,format_name", "-of", "json", "/tmp/.tmpYQObaU/output/audio-input-z8-10.aac"]
[validation] ffmpeg ["-nostdin", "-v", "error", "-xerror", "-i", "/tmp/.tmpYQObaU/output/audio-input-z8-10.aac", "-map", "0:a:0", "-f", "null", "-"]
[validation] ffprobe ["-v", "error", "-select_streams", "a:0", "-show_entries", "stream=codec_name,sample_rate,channels:format=duration,format_name", "-of", "json", "/tmp/.tmpYQObaU/audio-input.webm"]
[validation] ffprobe ["-v", "error", "-select_streams", "a:0", "-show_entries", "stream=codec_name,sample_rate,channels:format=duration,format_name", "-of", "json", "/tmp/.tmpYQObaU/output/audio-input-z8-20.m4a"]
[validation] ffmpeg ["-nostdin", "-v", "error", "-xerror", "-i", "/tmp/.tmpYQObaU/output/audio-input-z8-20.m4a", "-map", "0:a:0", "-f", "null", "-"]
[validation] ffmpeg ["-nostdin", "-y", "-v", "error", "-f", "lavfi", "-i", "aevalsrc=0.2*sin(2*PI*440*t)|0.2*sin(2*PI*880*t):s=48000:d=1", "-c:a", "pcm_s16be", "-f", "aiff", "/tmp/.tmpYQObaU/audio-input.aiff"]
[validation] ffprobe ["-v", "error", "-select_streams", "a:0", "-show_entries", "stream=codec_name,sample_rate,channels:format=duration,format_name", "-of", "json", "/tmp/.tmpYQObaU/audio-input.aiff"]
[validation] ffprobe ["-v", "error", "-select_streams", "a:0", "-show_entries", "stream=codec_name,sample_rate,channels:format=duration,format_name", "-of", "json", "/tmp/.tmpYQObaU/output/audio-input-z8-11.wav"]
[validation] ffmpeg ["-nostdin", "-v", "error", "-xerror", "-i", "/tmp/.tmpYQObaU/output/audio-input-z8-11.wav", "-map", "0:a:0", "-f", "null", "-"]
[validation] ffprobe ["-v", "error", "-select_streams", "a:0", "-show_entries", "stream=codec_name,sample_rate,channels:format=duration,format_name", "-of", "json", "/tmp/.tmpYQObaU/audio-input.aiff"]
[validation] ffprobe ["-v", "error", "-select_streams", "a:0", "-show_entries", "stream=codec_name,sample_rate,channels:format=duration,format_name", "-of", "json", "/tmp/.tmpYQObaU/output/audio-input-z8-11.mp3"]
[validation] ffmpeg ["-nostdin", "-v", "error", "-xerror", "-i", "/tmp/.tmpYQObaU/output/audio-input-z8-11.mp3", "-map", "0:a:0", "-f", "null", "-"]
[validation] ffprobe ["-v", "error", "-select_streams", "a:0", "-show_entries", "stream=codec_name,sample_rate,channels:format=duration,format_name", "-of", "json", "/tmp/.tmpYQObaU/audio-input.aiff"]
[validation] ffprobe ["-v", "error", "-select_streams", "a:0", "-show_entries", "stream=codec_name,sample_rate,channels:format=duration,format_name", "-of", "json", "/tmp/.tmpYQObaU/output/audio-input-z8-11.flac"]
[validation] ffmpeg ["-nostdin", "-v", "error", "-xerror", "-i", "/tmp/.tmpYQObaU/output/audio-input-z8-11.flac", "-map", "0:a:0", "-f", "null", "-"]
[validation] ffprobe ["-v", "error", "-select_streams", "a:0", "-show_entries", "stream=codec_name,sample_rate,channels:format=duration,format_name", "-of", "json", "/tmp/.tmpYQObaU/audio-input.aiff"]
[validation] ffprobe ["-v", "error", "-select_streams", "a:0", "-show_entries", "stream=codec_name,sample_rate,channels:format=duration,format_name", "-of", "json", "/tmp/.tmpYQObaU/output/audio-input-z8-11.opus"]
[validation] ffmpeg ["-nostdin", "-v", "error", "-xerror", "-i", "/tmp/.tmpYQObaU/output/audio-input-z8-11.opus", "-map", "0:a:0", "-f", "null", "-"]
[validation] ffprobe ["-v", "error", "-select_streams", "a:0", "-show_entries", "stream=codec_name,sample_rate,channels:format=duration,format_name", "-of", "json", "/tmp/.tmpYQObaU/audio-input.aiff"]
[validation] ffprobe ["-v", "error", "-select_streams", "a:0", "-show_entries", "stream=codec_name,sample_rate,channels:format=duration,format_name", "-of", "json", "/tmp/.tmpYQObaU/output/audio-input-z8-21.m4a"]
[validation] ffmpeg ["-nostdin", "-v", "error", "-xerror", "-i", "/tmp/.tmpYQObaU/output/audio-input-z8-21.m4a", "-map", "0:a:0", "-f", "null", "-"]
[validation] ffprobe ["-v", "error", "-select_streams", "a:0", "-show_entries", "stream=codec_name,sample_rate,channels:format=duration,format_name", "-of", "json", "/tmp/.tmpYQObaU/audio-input.aiff"]
[validation] ffprobe ["-v", "error", "-select_streams", "a:0", "-show_entries", "stream=codec_name,sample_rate,channels:format=duration,format_name", "-of", "json", "/tmp/.tmpYQObaU/output/audio-input-z8-11.ogg"]
[validation] ffmpeg ["-nostdin", "-v", "error", "-xerror", "-i", "/tmp/.tmpYQObaU/output/audio-input-z8-11.ogg", "-map", "0:a:0", "-f", "null", "-"]
[validation] ffprobe ["-v", "error", "-select_streams", "a:0", "-show_entries", "stream=codec_name,sample_rate,channels:format=duration,format_name", "-of", "json", "/tmp/.tmpYQObaU/audio-input.aiff"]
[validation] ffprobe ["-v", "error", "-select_streams", "a:0", "-show_entries", "stream=codec_name,sample_rate,channels:format=duration,format_name", "-of", "json", "/tmp/.tmpYQObaU/output/audio-input-z8-11.aiff"]
[validation] ffmpeg ["-nostdin", "-v", "error", "-xerror", "-i", "/tmp/.tmpYQObaU/output/audio-input-z8-11.aiff", "-map", "0:a:0", "-f", "null", "-"]
[validation] ffprobe ["-v", "error", "-select_streams", "a:0", "-show_entries", "stream=codec_name,sample_rate,channels:format=duration,format_name", "-of", "json", "/tmp/.tmpYQObaU/audio-input.aiff"]
[validation] ffprobe ["-v", "error", "-select_streams", "a:0", "-show_entries", "stream=codec_name,sample_rate,channels:format=duration,format_name", "-of", "json", "/tmp/.tmpYQObaU/output/audio-input-z8-11.aac"]
[validation] ffmpeg ["-nostdin", "-v", "error", "-xerror", "-i", "/tmp/.tmpYQObaU/output/audio-input-z8-11.aac", "-map", "0:a:0", "-f", "null", "-"]
[validation] ffprobe ["-v", "error", "-select_streams", "a:0", "-show_entries", "stream=codec_name,sample_rate,channels:format=duration,format_name", "-of", "json", "/tmp/.tmpYQObaU/audio-input.aiff"]
[validation] ffprobe ["-v", "error", "-select_streams", "a:0", "-show_entries", "stream=codec_name,sample_rate,channels:format=duration,format_name", "-of", "json", "/tmp/.tmpYQObaU/output/audio-input-z8-22.m4a"]
[validation] ffmpeg ["-nostdin", "-v", "error", "-xerror", "-i", "/tmp/.tmpYQObaU/output/audio-input-z8-22.m4a", "-map", "0:a:0", "-f", "null", "-"]
[validation] ffmpeg ["-nostdin", "-y", "-v", "error", "-f", "lavfi", "-i", "aevalsrc=0.2*sin(2*PI*440*t)|0.2*sin(2*PI*880*t):s=48000:d=1", "-c:a", "pcm_s16be", "-f", "aiff", "/tmp/.tmpYQObaU/audio-input.aif"]
[validation] ffprobe ["-v", "error", "-select_streams", "a:0", "-show_entries", "stream=codec_name,sample_rate,channels:format=duration,format_name", "-of", "json", "/tmp/.tmpYQObaU/audio-input.aif"]
[validation] ffprobe ["-v", "error", "-select_streams", "a:0", "-show_entries", "stream=codec_name,sample_rate,channels:format=duration,format_name", "-of", "json", "/tmp/.tmpYQObaU/output/audio-input-z8-12.wav"]
[validation] ffmpeg ["-nostdin", "-v", "error", "-xerror", "-i", "/tmp/.tmpYQObaU/output/audio-input-z8-12.wav", "-map", "0:a:0", "-f", "null", "-"]
[validation] ffprobe ["-v", "error", "-select_streams", "a:0", "-show_entries", "stream=codec_name,sample_rate,channels:format=duration,format_name", "-of", "json", "/tmp/.tmpYQObaU/audio-input.aif"]
[validation] ffprobe ["-v", "error", "-select_streams", "a:0", "-show_entries", "stream=codec_name,sample_rate,channels:format=duration,format_name", "-of", "json", "/tmp/.tmpYQObaU/output/audio-input-z8-12.mp3"]
[validation] ffmpeg ["-nostdin", "-v", "error", "-xerror", "-i", "/tmp/.tmpYQObaU/output/audio-input-z8-12.mp3", "-map", "0:a:0", "-f", "null", "-"]
[validation] ffprobe ["-v", "error", "-select_streams", "a:0", "-show_entries", "stream=codec_name,sample_rate,channels:format=duration,format_name", "-of", "json", "/tmp/.tmpYQObaU/audio-input.aif"]
[validation] ffprobe ["-v", "error", "-select_streams", "a:0", "-show_entries", "stream=codec_name,sample_rate,channels:format=duration,format_name", "-of", "json", "/tmp/.tmpYQObaU/output/audio-input-z8-12.flac"]
[validation] ffmpeg ["-nostdin", "-v", "error", "-xerror", "-i", "/tmp/.tmpYQObaU/output/audio-input-z8-12.flac", "-map", "0:a:0", "-f", "null", "-"]
[validation] ffprobe ["-v", "error", "-select_streams", "a:0", "-show_entries", "stream=codec_name,sample_rate,channels:format=duration,format_name", "-of", "json", "/tmp/.tmpYQObaU/audio-input.aif"]
[validation] ffprobe ["-v", "error", "-select_streams", "a:0", "-show_entries", "stream=codec_name,sample_rate,channels:format=duration,format_name", "-of", "json", "/tmp/.tmpYQObaU/output/audio-input-z8-12.opus"]
[validation] ffmpeg ["-nostdin", "-v", "error", "-xerror", "-i", "/tmp/.tmpYQObaU/output/audio-input-z8-12.opus", "-map", "0:a:0", "-f", "null", "-"]
[validation] ffprobe ["-v", "error", "-select_streams", "a:0", "-show_entries", "stream=codec_name,sample_rate,channels:format=duration,format_name", "-of", "json", "/tmp/.tmpYQObaU/audio-input.aif"]
[validation] ffprobe ["-v", "error", "-select_streams", "a:0", "-show_entries", "stream=codec_name,sample_rate,channels:format=duration,format_name", "-of", "json", "/tmp/.tmpYQObaU/output/audio-input-z8-23.m4a"]
[validation] ffmpeg ["-nostdin", "-v", "error", "-xerror", "-i", "/tmp/.tmpYQObaU/output/audio-input-z8-23.m4a", "-map", "0:a:0", "-f", "null", "-"]
[validation] ffprobe ["-v", "error", "-select_streams", "a:0", "-show_entries", "stream=codec_name,sample_rate,channels:format=duration,format_name", "-of", "json", "/tmp/.tmpYQObaU/audio-input.aif"]
[validation] ffprobe ["-v", "error", "-select_streams", "a:0", "-show_entries", "stream=codec_name,sample_rate,channels:format=duration,format_name", "-of", "json", "/tmp/.tmpYQObaU/output/audio-input-z8-12.ogg"]
[validation] ffmpeg ["-nostdin", "-v", "error", "-xerror", "-i", "/tmp/.tmpYQObaU/output/audio-input-z8-12.ogg", "-map", "0:a:0", "-f", "null", "-"]
[validation] ffprobe ["-v", "error", "-select_streams", "a:0", "-show_entries", "stream=codec_name,sample_rate,channels:format=duration,format_name", "-of", "json", "/tmp/.tmpYQObaU/audio-input.aif"]
[validation] ffprobe ["-v", "error", "-select_streams", "a:0", "-show_entries", "stream=codec_name,sample_rate,channels:format=duration,format_name", "-of", "json", "/tmp/.tmpYQObaU/output/audio-input-z8-12.aiff"]
[validation] ffmpeg ["-nostdin", "-v", "error", "-xerror", "-i", "/tmp/.tmpYQObaU/output/audio-input-z8-12.aiff", "-map", "0:a:0", "-f", "null", "-"]
[validation] ffprobe ["-v", "error", "-select_streams", "a:0", "-show_entries", "stream=codec_name,sample_rate,channels:format=duration,format_name", "-of", "json", "/tmp/.tmpYQObaU/audio-input.aif"]
[validation] ffprobe ["-v", "error", "-select_streams", "a:0", "-show_entries", "stream=codec_name,sample_rate,channels:format=duration,format_name", "-of", "json", "/tmp/.tmpYQObaU/output/audio-input-z8-12.aac"]
[validation] ffmpeg ["-nostdin", "-v", "error", "-xerror", "-i", "/tmp/.tmpYQObaU/output/audio-input-z8-12.aac", "-map", "0:a:0", "-f", "null", "-"]
[validation] ffprobe ["-v", "error", "-select_streams", "a:0", "-show_entries", "stream=codec_name,sample_rate,channels:format=duration,format_name", "-of", "json", "/tmp/.tmpYQObaU/audio-input.aif"]
[validation] ffprobe ["-v", "error", "-select_streams", "a:0", "-show_entries", "stream=codec_name,sample_rate,channels:format=duration,format_name", "-of", "json", "/tmp/.tmpYQObaU/output/audio-input-z8-24.m4a"]
[validation] ffmpeg ["-nostdin", "-v", "error", "-xerror", "-i", "/tmp/.tmpYQObaU/output/audio-input-z8-24.m4a", "-map", "0:a:0", "-f", "null", "-"]
[validation] ffmpeg ["-nostdin", "-y", "-v", "error", "-f", "lavfi", "-i", "aevalsrc=0.2*sin(2*PI*440*t)|0.2*sin(2*PI*880*t):s=48000:d=1", "-c:a", "libvorbis", "-f", "ogg", "/tmp/.tmpYQObaU/audio-input.oga"]
[validation] ffprobe ["-v", "error", "-select_streams", "a:0", "-show_entries", "stream=codec_name,sample_rate,channels:format=duration,format_name", "-of", "json", "/tmp/.tmpYQObaU/audio-input.oga"]
[validation] ffprobe ["-v", "error", "-select_streams", "a:0", "-show_entries", "stream=codec_name,sample_rate,channels:format=duration,format_name", "-of", "json", "/tmp/.tmpYQObaU/output/audio-input-z8-13.wav"]
[validation] ffmpeg ["-nostdin", "-v", "error", "-xerror", "-i", "/tmp/.tmpYQObaU/output/audio-input-z8-13.wav", "-map", "0:a:0", "-f", "null", "-"]
[validation] ffprobe ["-v", "error", "-select_streams", "a:0", "-show_entries", "stream=codec_name,sample_rate,channels:format=duration,format_name", "-of", "json", "/tmp/.tmpYQObaU/audio-input.oga"]
[validation] ffprobe ["-v", "error", "-select_streams", "a:0", "-show_entries", "stream=codec_name,sample_rate,channels:format=duration,format_name", "-of", "json", "/tmp/.tmpYQObaU/output/audio-input-z8-13.mp3"]
[validation] ffmpeg ["-nostdin", "-v", "error", "-xerror", "-i", "/tmp/.tmpYQObaU/output/audio-input-z8-13.mp3", "-map", "0:a:0", "-f", "null", "-"]
[validation] ffprobe ["-v", "error", "-select_streams", "a:0", "-show_entries", "stream=codec_name,sample_rate,channels:format=duration,format_name", "-of", "json", "/tmp/.tmpYQObaU/audio-input.oga"]
[validation] ffprobe ["-v", "error", "-select_streams", "a:0", "-show_entries", "stream=codec_name,sample_rate,channels:format=duration,format_name", "-of", "json", "/tmp/.tmpYQObaU/output/audio-input-z8-13.flac"]
[validation] ffmpeg ["-nostdin", "-v", "error", "-xerror", "-i", "/tmp/.tmpYQObaU/output/audio-input-z8-13.flac", "-map", "0:a:0", "-f", "null", "-"]
[validation] ffprobe ["-v", "error", "-select_streams", "a:0", "-show_entries", "stream=codec_name,sample_rate,channels:format=duration,format_name", "-of", "json", "/tmp/.tmpYQObaU/audio-input.oga"]
[validation] ffprobe ["-v", "error", "-select_streams", "a:0", "-show_entries", "stream=codec_name,sample_rate,channels:format=duration,format_name", "-of", "json", "/tmp/.tmpYQObaU/output/audio-input-z8-13.opus"]
[validation] ffmpeg ["-nostdin", "-v", "error", "-xerror", "-i", "/tmp/.tmpYQObaU/output/audio-input-z8-13.opus", "-map", "0:a:0", "-f", "null", "-"]
[validation] ffprobe ["-v", "error", "-select_streams", "a:0", "-show_entries", "stream=codec_name,sample_rate,channels:format=duration,format_name", "-of", "json", "/tmp/.tmpYQObaU/audio-input.oga"]
[validation] ffprobe ["-v", "error", "-select_streams", "a:0", "-show_entries", "stream=codec_name,sample_rate,channels:format=duration,format_name", "-of", "json", "/tmp/.tmpYQObaU/output/audio-input-z8-25.m4a"]
[validation] ffmpeg ["-nostdin", "-v", "error", "-xerror", "-i", "/tmp/.tmpYQObaU/output/audio-input-z8-25.m4a", "-map", "0:a:0", "-f", "null", "-"]
[validation] ffprobe ["-v", "error", "-select_streams", "a:0", "-show_entries", "stream=codec_name,sample_rate,channels:format=duration,format_name", "-of", "json", "/tmp/.tmpYQObaU/audio-input.oga"]
[validation] ffprobe ["-v", "error", "-select_streams", "a:0", "-show_entries", "stream=codec_name,sample_rate,channels:format=duration,format_name", "-of", "json", "/tmp/.tmpYQObaU/output/audio-input-z8-13.ogg"]
[validation] ffmpeg ["-nostdin", "-v", "error", "-xerror", "-i", "/tmp/.tmpYQObaU/output/audio-input-z8-13.ogg", "-map", "0:a:0", "-f", "null", "-"]
[validation] ffprobe ["-v", "error", "-select_streams", "a:0", "-show_entries", "stream=codec_name,sample_rate,channels:format=duration,format_name", "-of", "json", "/tmp/.tmpYQObaU/audio-input.oga"]
[validation] ffprobe ["-v", "error", "-select_streams", "a:0", "-show_entries", "stream=codec_name,sample_rate,channels:format=duration,format_name", "-of", "json", "/tmp/.tmpYQObaU/output/audio-input-z8-13.aiff"]
[validation] ffmpeg ["-nostdin", "-v", "error", "-xerror", "-i", "/tmp/.tmpYQObaU/output/audio-input-z8-13.aiff", "-map", "0:a:0", "-f", "null", "-"]
[validation] ffprobe ["-v", "error", "-select_streams", "a:0", "-show_entries", "stream=codec_name,sample_rate,channels:format=duration,format_name", "-of", "json", "/tmp/.tmpYQObaU/audio-input.oga"]
[validation] ffprobe ["-v", "error", "-select_streams", "a:0", "-show_entries", "stream=codec_name,sample_rate,channels:format=duration,format_name", "-of", "json", "/tmp/.tmpYQObaU/output/audio-input-z8-13.aac"]
[validation] ffmpeg ["-nostdin", "-v", "error", "-xerror", "-i", "/tmp/.tmpYQObaU/output/audio-input-z8-13.aac", "-map", "0:a:0", "-f", "null", "-"]
[validation] ffprobe ["-v", "error", "-select_streams", "a:0", "-show_entries", "stream=codec_name,sample_rate,channels:format=duration,format_name", "-of", "json", "/tmp/.tmpYQObaU/audio-input.oga"]
[validation] ffprobe ["-v", "error", "-select_streams", "a:0", "-show_entries", "stream=codec_name,sample_rate,channels:format=duration,format_name", "-of", "json", "/tmp/.tmpYQObaU/output/audio-input-z8-26.m4a"]
[validation] ffmpeg ["-nostdin", "-v", "error", "-xerror", "-i", "/tmp/.tmpYQObaU/output/audio-input-z8-26.m4a", "-map", "0:a:0", "-f", "null", "-"]
[validation] ffmpeg ["-nostdin", "-y", "-v", "error", "-f", "lavfi", "-i", "aevalsrc=0.2*sin(2*PI*440*t)|0.2*sin(2*PI*880*t):s=48000:d=1", "-c:a", "flac", "-f", "matroska", "/tmp/.tmpYQObaU/audio-input.mka"]
[validation] ffprobe ["-v", "error", "-select_streams", "a:0", "-show_entries", "stream=codec_name,sample_rate,channels:format=duration,format_name", "-of", "json", "/tmp/.tmpYQObaU/audio-input.mka"]
[validation] ffprobe ["-v", "error", "-select_streams", "a:0", "-show_entries", "stream=codec_name,sample_rate,channels:format=duration,format_name", "-of", "json", "/tmp/.tmpYQObaU/output/audio-input-z8-14.wav"]
[validation] ffmpeg ["-nostdin", "-v", "error", "-xerror", "-i", "/tmp/.tmpYQObaU/output/audio-input-z8-14.wav", "-map", "0:a:0", "-f", "null", "-"]
[validation] ffprobe ["-v", "error", "-select_streams", "a:0", "-show_entries", "stream=codec_name,sample_rate,channels:format=duration,format_name", "-of", "json", "/tmp/.tmpYQObaU/audio-input.mka"]
[validation] ffprobe ["-v", "error", "-select_streams", "a:0", "-show_entries", "stream=codec_name,sample_rate,channels:format=duration,format_name", "-of", "json", "/tmp/.tmpYQObaU/output/audio-input-z8-14.mp3"]
[validation] ffmpeg ["-nostdin", "-v", "error", "-xerror", "-i", "/tmp/.tmpYQObaU/output/audio-input-z8-14.mp3", "-map", "0:a:0", "-f", "null", "-"]
[validation] ffprobe ["-v", "error", "-select_streams", "a:0", "-show_entries", "stream=codec_name,sample_rate,channels:format=duration,format_name", "-of", "json", "/tmp/.tmpYQObaU/audio-input.mka"]
[validation] ffprobe ["-v", "error", "-select_streams", "a:0", "-show_entries", "stream=codec_name,sample_rate,channels:format=duration,format_name", "-of", "json", "/tmp/.tmpYQObaU/output/audio-input-z8-14.flac"]
[validation] ffmpeg ["-nostdin", "-v", "error", "-xerror", "-i", "/tmp/.tmpYQObaU/output/audio-input-z8-14.flac", "-map", "0:a:0", "-f", "null", "-"]
[validation] ffprobe ["-v", "error", "-select_streams", "a:0", "-show_entries", "stream=codec_name,sample_rate,channels:format=duration,format_name", "-of", "json", "/tmp/.tmpYQObaU/audio-input.mka"]
[validation] ffprobe ["-v", "error", "-select_streams", "a:0", "-show_entries", "stream=codec_name,sample_rate,channels:format=duration,format_name", "-of", "json", "/tmp/.tmpYQObaU/output/audio-input-z8-14.opus"]
[validation] ffmpeg ["-nostdin", "-v", "error", "-xerror", "-i", "/tmp/.tmpYQObaU/output/audio-input-z8-14.opus", "-map", "0:a:0", "-f", "null", "-"]
[validation] ffprobe ["-v", "error", "-select_streams", "a:0", "-show_entries", "stream=codec_name,sample_rate,channels:format=duration,format_name", "-of", "json", "/tmp/.tmpYQObaU/audio-input.mka"]
[validation] ffprobe ["-v", "error", "-select_streams", "a:0", "-show_entries", "stream=codec_name,sample_rate,channels:format=duration,format_name", "-of", "json", "/tmp/.tmpYQObaU/output/audio-input-z8-27.m4a"]
[validation] ffmpeg ["-nostdin", "-v", "error", "-xerror", "-i", "/tmp/.tmpYQObaU/output/audio-input-z8-27.m4a", "-map", "0:a:0", "-f", "null", "-"]
[validation] ffprobe ["-v", "error", "-select_streams", "a:0", "-show_entries", "stream=codec_name,sample_rate,channels:format=duration,format_name", "-of", "json", "/tmp/.tmpYQObaU/audio-input.mka"]
[validation] ffprobe ["-v", "error", "-select_streams", "a:0", "-show_entries", "stream=codec_name,sample_rate,channels:format=duration,format_name", "-of", "json", "/tmp/.tmpYQObaU/output/audio-input-z8-14.ogg"]
[validation] ffmpeg ["-nostdin", "-v", "error", "-xerror", "-i", "/tmp/.tmpYQObaU/output/audio-input-z8-14.ogg", "-map", "0:a:0", "-f", "null", "-"]
[validation] ffprobe ["-v", "error", "-select_streams", "a:0", "-show_entries", "stream=codec_name,sample_rate,channels:format=duration,format_name", "-of", "json", "/tmp/.tmpYQObaU/audio-input.mka"]
[validation] ffprobe ["-v", "error", "-select_streams", "a:0", "-show_entries", "stream=codec_name,sample_rate,channels:format=duration,format_name", "-of", "json", "/tmp/.tmpYQObaU/output/audio-input-z8-14.aiff"]
[validation] ffmpeg ["-nostdin", "-v", "error", "-xerror", "-i", "/tmp/.tmpYQObaU/output/audio-input-z8-14.aiff", "-map", "0:a:0", "-f", "null", "-"]
[validation] ffprobe ["-v", "error", "-select_streams", "a:0", "-show_entries", "stream=codec_name,sample_rate,channels:format=duration,format_name", "-of", "json", "/tmp/.tmpYQObaU/audio-input.mka"]
[validation] ffprobe ["-v", "error", "-select_streams", "a:0", "-show_entries", "stream=codec_name,sample_rate,channels:format=duration,format_name", "-of", "json", "/tmp/.tmpYQObaU/output/audio-input-z8-14.aac"]
[validation] ffmpeg ["-nostdin", "-v", "error", "-xerror", "-i", "/tmp/.tmpYQObaU/output/audio-input-z8-14.aac", "-map", "0:a:0", "-f", "null", "-"]
[validation] ffprobe ["-v", "error", "-select_streams", "a:0", "-show_entries", "stream=codec_name,sample_rate,channels:format=duration,format_name", "-of", "json", "/tmp/.tmpYQObaU/audio-input.mka"]
[validation] ffprobe ["-v", "error", "-select_streams", "a:0", "-show_entries", "stream=codec_name,sample_rate,channels:format=duration,format_name", "-of", "json", "/tmp/.tmpYQObaU/output/audio-input-z8-28.m4a"]
[validation] ffmpeg ["-nostdin", "-v", "error", "-xerror", "-i", "/tmp/.tmpYQObaU/output/audio-input-z8-28.m4a", "-map", "0:a:0", "-f", "null", "-"]
[validation] ffmpeg ["-nostdin", "-y", "-v", "error", "-f", "lavfi", "-i", "aevalsrc=0.2*sin(2*PI*440*t)|0.2*sin(2*PI*880*t):s=48000:d=1", "-c:a", "libopus", "-f", "webm", "/tmp/.tmpYQObaU/audio-input.weba"]
[validation] ffprobe ["-v", "error", "-select_streams", "a:0", "-show_entries", "stream=codec_name,sample_rate,channels:format=duration,format_name", "-of", "json", "/tmp/.tmpYQObaU/audio-input.weba"]
[validation] ffprobe ["-v", "error", "-select_streams", "a:0", "-show_entries", "stream=codec_name,sample_rate,channels:format=duration,format_name", "-of", "json", "/tmp/.tmpYQObaU/output/audio-input-z8-15.wav"]
[validation] ffmpeg ["-nostdin", "-v", "error", "-xerror", "-i", "/tmp/.tmpYQObaU/output/audio-input-z8-15.wav", "-map", "0:a:0", "-f", "null", "-"]
[validation] ffprobe ["-v", "error", "-select_streams", "a:0", "-show_entries", "stream=codec_name,sample_rate,channels:format=duration,format_name", "-of", "json", "/tmp/.tmpYQObaU/audio-input.weba"]
[validation] ffprobe ["-v", "error", "-select_streams", "a:0", "-show_entries", "stream=codec_name,sample_rate,channels:format=duration,format_name", "-of", "json", "/tmp/.tmpYQObaU/output/audio-input-z8-15.mp3"]
[validation] ffmpeg ["-nostdin", "-v", "error", "-xerror", "-i", "/tmp/.tmpYQObaU/output/audio-input-z8-15.mp3", "-map", "0:a:0", "-f", "null", "-"]
[validation] ffprobe ["-v", "error", "-select_streams", "a:0", "-show_entries", "stream=codec_name,sample_rate,channels:format=duration,format_name", "-of", "json", "/tmp/.tmpYQObaU/audio-input.weba"]
[validation] ffprobe ["-v", "error", "-select_streams", "a:0", "-show_entries", "stream=codec_name,sample_rate,channels:format=duration,format_name", "-of", "json", "/tmp/.tmpYQObaU/output/audio-input-z8-15.flac"]
[validation] ffmpeg ["-nostdin", "-v", "error", "-xerror", "-i", "/tmp/.tmpYQObaU/output/audio-input-z8-15.flac", "-map", "0:a:0", "-f", "null", "-"]
[validation] ffprobe ["-v", "error", "-select_streams", "a:0", "-show_entries", "stream=codec_name,sample_rate,channels:format=duration,format_name", "-of", "json", "/tmp/.tmpYQObaU/audio-input.weba"]
[validation] ffprobe ["-v", "error", "-select_streams", "a:0", "-show_entries", "stream=codec_name,sample_rate,channels:format=duration,format_name", "-of", "json", "/tmp/.tmpYQObaU/output/audio-input-z8-15.opus"]
[validation] ffmpeg ["-nostdin", "-v", "error", "-xerror", "-i", "/tmp/.tmpYQObaU/output/audio-input-z8-15.opus", "-map", "0:a:0", "-f", "null", "-"]
[validation] ffprobe ["-v", "error", "-select_streams", "a:0", "-show_entries", "stream=codec_name,sample_rate,channels:format=duration,format_name", "-of", "json", "/tmp/.tmpYQObaU/audio-input.weba"]
[validation] ffprobe ["-v", "error", "-select_streams", "a:0", "-show_entries", "stream=codec_name,sample_rate,channels:format=duration,format_name", "-of", "json", "/tmp/.tmpYQObaU/output/audio-input-z8-29.m4a"]
[validation] ffmpeg ["-nostdin", "-v", "error", "-xerror", "-i", "/tmp/.tmpYQObaU/output/audio-input-z8-29.m4a", "-map", "0:a:0", "-f", "null", "-"]
[validation] ffprobe ["-v", "error", "-select_streams", "a:0", "-show_entries", "stream=codec_name,sample_rate,channels:format=duration,format_name", "-of", "json", "/tmp/.tmpYQObaU/audio-input.weba"]
[validation] ffprobe ["-v", "error", "-select_streams", "a:0", "-show_entries", "stream=codec_name,sample_rate,channels:format=duration,format_name", "-of", "json", "/tmp/.tmpYQObaU/output/audio-input-z8-15.ogg"]
[validation] ffmpeg ["-nostdin", "-v", "error", "-xerror", "-i", "/tmp/.tmpYQObaU/output/audio-input-z8-15.ogg", "-map", "0:a:0", "-f", "null", "-"]
[validation] ffprobe ["-v", "error", "-select_streams", "a:0", "-show_entries", "stream=codec_name,sample_rate,channels:format=duration,format_name", "-of", "json", "/tmp/.tmpYQObaU/audio-input.weba"]
[validation] ffprobe ["-v", "error", "-select_streams", "a:0", "-show_entries", "stream=codec_name,sample_rate,channels:format=duration,format_name", "-of", "json", "/tmp/.tmpYQObaU/output/audio-input-z8-15.aiff"]
[validation] ffmpeg ["-nostdin", "-v", "error", "-xerror", "-i", "/tmp/.tmpYQObaU/output/audio-input-z8-15.aiff", "-map", "0:a:0", "-f", "null", "-"]
[validation] ffprobe ["-v", "error", "-select_streams", "a:0", "-show_entries", "stream=codec_name,sample_rate,channels:format=duration,format_name", "-of", "json", "/tmp/.tmpYQObaU/audio-input.weba"]
[validation] ffprobe ["-v", "error", "-select_streams", "a:0", "-show_entries", "stream=codec_name,sample_rate,channels:format=duration,format_name", "-of", "json", "/tmp/.tmpYQObaU/output/audio-input-z8-15.aac"]
[validation] ffmpeg ["-nostdin", "-v", "error", "-xerror", "-i", "/tmp/.tmpYQObaU/output/audio-input-z8-15.aac", "-map", "0:a:0", "-f", "null", "-"]
[validation] ffprobe ["-v", "error", "-select_streams", "a:0", "-show_entries", "stream=codec_name,sample_rate,channels:format=duration,format_name", "-of", "json", "/tmp/.tmpYQObaU/audio-input.weba"]
[validation] ffprobe ["-v", "error", "-select_streams", "a:0", "-show_entries", "stream=codec_name,sample_rate,channels:format=duration,format_name", "-of", "json", "/tmp/.tmpYQObaU/output/audio-input-z8-30.m4a"]
[validation] ffmpeg ["-nostdin", "-v", "error", "-xerror", "-i", "/tmp/.tmpYQObaU/output/audio-input-z8-30.m4a", "-map", "0:a:0", "-f", "null", "-"]
[validation] ffmpeg ["-nostdin", "-y", "-v", "error", "-f", "lavfi", "-i", "aevalsrc=0.2*sin(2*PI*440*t)|0.2*sin(2*PI*880*t):s=48000:d=1", "-c:a", "aac", "-f", "adts", "/tmp/.tmpYQObaU/audio-input.aac"]
[validation] ffprobe ["-v", "error", "-select_streams", "a:0", "-show_entries", "stream=codec_name,sample_rate,channels:format=duration,format_name", "-of", "json", "/tmp/.tmpYQObaU/audio-input.aac"]
[validation] ffprobe ["-v", "error", "-select_streams", "a:0", "-show_entries", "stream=codec_name,sample_rate,channels:format=duration,format_name", "-of", "json", "/tmp/.tmpYQObaU/output/audio-input-z8-16.wav"]
[validation] ffmpeg ["-nostdin", "-v", "error", "-xerror", "-i", "/tmp/.tmpYQObaU/output/audio-input-z8-16.wav", "-map", "0:a:0", "-f", "null", "-"]
[validation] ffprobe ["-v", "error", "-select_streams", "a:0", "-show_entries", "stream=codec_name,sample_rate,channels:format=duration,format_name", "-of", "json", "/tmp/.tmpYQObaU/audio-input.aac"]
[validation] ffprobe ["-v", "error", "-select_streams", "a:0", "-show_entries", "stream=codec_name,sample_rate,channels:format=duration,format_name", "-of", "json", "/tmp/.tmpYQObaU/output/audio-input-z8-16.mp3"]
[validation] ffmpeg ["-nostdin", "-v", "error", "-xerror", "-i", "/tmp/.tmpYQObaU/output/audio-input-z8-16.mp3", "-map", "0:a:0", "-f", "null", "-"]
[validation] ffprobe ["-v", "error", "-select_streams", "a:0", "-show_entries", "stream=codec_name,sample_rate,channels:format=duration,format_name", "-of", "json", "/tmp/.tmpYQObaU/audio-input.aac"]
[validation] ffprobe ["-v", "error", "-select_streams", "a:0", "-show_entries", "stream=codec_name,sample_rate,channels:format=duration,format_name", "-of", "json", "/tmp/.tmpYQObaU/output/audio-input-z8-16.flac"]
[validation] ffmpeg ["-nostdin", "-v", "error", "-xerror", "-i", "/tmp/.tmpYQObaU/output/audio-input-z8-16.flac", "-map", "0:a:0", "-f", "null", "-"]
[validation] ffprobe ["-v", "error", "-select_streams", "a:0", "-show_entries", "stream=codec_name,sample_rate,channels:format=duration,format_name", "-of", "json", "/tmp/.tmpYQObaU/audio-input.aac"]
[validation] ffprobe ["-v", "error", "-select_streams", "a:0", "-show_entries", "stream=codec_name,sample_rate,channels:format=duration,format_name", "-of", "json", "/tmp/.tmpYQObaU/output/audio-input-z8-16.opus"]
[validation] ffmpeg ["-nostdin", "-v", "error", "-xerror", "-i", "/tmp/.tmpYQObaU/output/audio-input-z8-16.opus", "-map", "0:a:0", "-f", "null", "-"]
[validation] ffprobe ["-v", "error", "-select_streams", "a:0", "-show_entries", "stream=codec_name,sample_rate,channels:format=duration,format_name", "-of", "json", "/tmp/.tmpYQObaU/audio-input.aac"]
[validation] ffprobe ["-v", "error", "-select_streams", "a:0", "-show_entries", "stream=codec_name,sample_rate,channels:format=duration,format_name", "-of", "json", "/tmp/.tmpYQObaU/output/audio-input-z8-31.m4a"]
[validation] ffmpeg ["-nostdin", "-v", "error", "-xerror", "-i", "/tmp/.tmpYQObaU/output/audio-input-z8-31.m4a", "-map", "0:a:0", "-f", "null", "-"]
[validation] ffprobe ["-v", "error", "-select_streams", "a:0", "-show_entries", "stream=codec_name,sample_rate,channels:format=duration,format_name", "-of", "json", "/tmp/.tmpYQObaU/audio-input.aac"]
[validation] ffprobe ["-v", "error", "-select_streams", "a:0", "-show_entries", "stream=codec_name,sample_rate,channels:format=duration,format_name", "-of", "json", "/tmp/.tmpYQObaU/output/audio-input-z8-16.ogg"]
[validation] ffmpeg ["-nostdin", "-v", "error", "-xerror", "-i", "/tmp/.tmpYQObaU/output/audio-input-z8-16.ogg", "-map", "0:a:0", "-f", "null", "-"]
[validation] ffprobe ["-v", "error", "-select_streams", "a:0", "-show_entries", "stream=codec_name,sample_rate,channels:format=duration,format_name", "-of", "json", "/tmp/.tmpYQObaU/audio-input.aac"]
[validation] ffprobe ["-v", "error", "-select_streams", "a:0", "-show_entries", "stream=codec_name,sample_rate,channels:format=duration,format_name", "-of", "json", "/tmp/.tmpYQObaU/output/audio-input-z8-16.aiff"]
[validation] ffmpeg ["-nostdin", "-v", "error", "-xerror", "-i", "/tmp/.tmpYQObaU/output/audio-input-z8-16.aiff", "-map", "0:a:0", "-f", "null", "-"]
[validation] ffprobe ["-v", "error", "-select_streams", "a:0", "-show_entries", "stream=codec_name,sample_rate,channels:format=duration,format_name", "-of", "json", "/tmp/.tmpYQObaU/audio-input.aac"]
[validation] ffprobe ["-v", "error", "-select_streams", "a:0", "-show_entries", "stream=codec_name,sample_rate,channels:format=duration,format_name", "-of", "json", "/tmp/.tmpYQObaU/output/audio-input-z8-16.aac"]
[validation] ffmpeg ["-nostdin", "-v", "error", "-xerror", "-i", "/tmp/.tmpYQObaU/output/audio-input-z8-16.aac", "-map", "0:a:0", "-f", "null", "-"]
[validation] ffprobe ["-v", "error", "-select_streams", "a:0", "-show_entries", "stream=codec_name,sample_rate,channels:format=duration,format_name", "-of", "json", "/tmp/.tmpYQObaU/audio-input.aac"]
[validation] ffprobe ["-v", "error", "-select_streams", "a:0", "-show_entries", "stream=codec_name,sample_rate,channels:format=duration,format_name", "-of", "json", "/tmp/.tmpYQObaU/output/audio-input-z8-32.m4a"]
[validation] ffmpeg ["-nostdin", "-v", "error", "-xerror", "-i", "/tmp/.tmpYQObaU/output/audio-input-z8-32.m4a", "-map", "0:a:0", "-f", "null", "-"]
[validation] ffmpeg ["-nostdin", "-y", "-v", "error", "-f", "lavfi", "-i", "aevalsrc=0.2*sin(2*PI*440*t)|0.2*sin(2*PI*880*t):s=48000:d=1", "-c:a", "ac3", "-f", "ac3", "/tmp/.tmpYQObaU/audio-input.ac3"]
[validation] ffprobe ["-v", "error", "-select_streams", "a:0", "-show_entries", "stream=codec_name,sample_rate,channels:format=duration,format_name", "-of", "json", "/tmp/.tmpYQObaU/audio-input.ac3"]
[validation] ffprobe ["-v", "error", "-select_streams", "a:0", "-show_entries", "stream=codec_name,sample_rate,channels:format=duration,format_name", "-of", "json", "/tmp/.tmpYQObaU/output/audio-input-z8-17.wav"]
[validation] ffmpeg ["-nostdin", "-v", "error", "-xerror", "-i", "/tmp/.tmpYQObaU/output/audio-input-z8-17.wav", "-map", "0:a:0", "-f", "null", "-"]
[validation] ffprobe ["-v", "error", "-select_streams", "a:0", "-show_entries", "stream=codec_name,sample_rate,channels:format=duration,format_name", "-of", "json", "/tmp/.tmpYQObaU/audio-input.ac3"]
[validation] ffprobe ["-v", "error", "-select_streams", "a:0", "-show_entries", "stream=codec_name,sample_rate,channels:format=duration,format_name", "-of", "json", "/tmp/.tmpYQObaU/output/audio-input-z8-17.mp3"]
[validation] ffmpeg ["-nostdin", "-v", "error", "-xerror", "-i", "/tmp/.tmpYQObaU/output/audio-input-z8-17.mp3", "-map", "0:a:0", "-f", "null", "-"]
[validation] ffprobe ["-v", "error", "-select_streams", "a:0", "-show_entries", "stream=codec_name,sample_rate,channels:format=duration,format_name", "-of", "json", "/tmp/.tmpYQObaU/audio-input.ac3"]
[validation] ffprobe ["-v", "error", "-select_streams", "a:0", "-show_entries", "stream=codec_name,sample_rate,channels:format=duration,format_name", "-of", "json", "/tmp/.tmpYQObaU/output/audio-input-z8-17.flac"]
[validation] ffmpeg ["-nostdin", "-v", "error", "-xerror", "-i", "/tmp/.tmpYQObaU/output/audio-input-z8-17.flac", "-map", "0:a:0", "-f", "null", "-"]
[validation] ffprobe ["-v", "error", "-select_streams", "a:0", "-show_entries", "stream=codec_name,sample_rate,channels:format=duration,format_name", "-of", "json", "/tmp/.tmpYQObaU/audio-input.ac3"]
[validation] ffprobe ["-v", "error", "-select_streams", "a:0", "-show_entries", "stream=codec_name,sample_rate,channels:format=duration,format_name", "-of", "json", "/tmp/.tmpYQObaU/output/audio-input-z8-17.opus"]
[validation] ffmpeg ["-nostdin", "-v", "error", "-xerror", "-i", "/tmp/.tmpYQObaU/output/audio-input-z8-17.opus", "-map", "0:a:0", "-f", "null", "-"]
[validation] ffprobe ["-v", "error", "-select_streams", "a:0", "-show_entries", "stream=codec_name,sample_rate,channels:format=duration,format_name", "-of", "json", "/tmp/.tmpYQObaU/audio-input.ac3"]
[validation] ffprobe ["-v", "error", "-select_streams", "a:0", "-show_entries", "stream=codec_name,sample_rate,channels:format=duration,format_name", "-of", "json", "/tmp/.tmpYQObaU/output/audio-input-z8-33.m4a"]
[validation] ffmpeg ["-nostdin", "-v", "error", "-xerror", "-i", "/tmp/.tmpYQObaU/output/audio-input-z8-33.m4a", "-map", "0:a:0", "-f", "null", "-"]
[validation] ffprobe ["-v", "error", "-select_streams", "a:0", "-show_entries", "stream=codec_name,sample_rate,channels:format=duration,format_name", "-of", "json", "/tmp/.tmpYQObaU/audio-input.ac3"]
[validation] ffprobe ["-v", "error", "-select_streams", "a:0", "-show_entries", "stream=codec_name,sample_rate,channels:format=duration,format_name", "-of", "json", "/tmp/.tmpYQObaU/output/audio-input-z8-17.ogg"]
[validation] ffmpeg ["-nostdin", "-v", "error", "-xerror", "-i", "/tmp/.tmpYQObaU/output/audio-input-z8-17.ogg", "-map", "0:a:0", "-f", "null", "-"]
[validation] ffprobe ["-v", "error", "-select_streams", "a:0", "-show_entries", "stream=codec_name,sample_rate,channels:format=duration,format_name", "-of", "json", "/tmp/.tmpYQObaU/audio-input.ac3"]
[validation] ffprobe ["-v", "error", "-select_streams", "a:0", "-show_entries", "stream=codec_name,sample_rate,channels:format=duration,format_name", "-of", "json", "/tmp/.tmpYQObaU/output/audio-input-z8-17.aiff"]
[validation] ffmpeg ["-nostdin", "-v", "error", "-xerror", "-i", "/tmp/.tmpYQObaU/output/audio-input-z8-17.aiff", "-map", "0:a:0", "-f", "null", "-"]
[validation] ffprobe ["-v", "error", "-select_streams", "a:0", "-show_entries", "stream=codec_name,sample_rate,channels:format=duration,format_name", "-of", "json", "/tmp/.tmpYQObaU/audio-input.ac3"]
[validation] ffprobe ["-v", "error", "-select_streams", "a:0", "-show_entries", "stream=codec_name,sample_rate,channels:format=duration,format_name", "-of", "json", "/tmp/.tmpYQObaU/output/audio-input-z8-17.aac"]
[validation] ffmpeg ["-nostdin", "-v", "error", "-xerror", "-i", "/tmp/.tmpYQObaU/output/audio-input-z8-17.aac", "-map", "0:a:0", "-f", "null", "-"]
[validation] ffprobe ["-v", "error", "-select_streams", "a:0", "-show_entries", "stream=codec_name,sample_rate,channels:format=duration,format_name", "-of", "json", "/tmp/.tmpYQObaU/audio-input.ac3"]
[validation] ffprobe ["-v", "error", "-select_streams", "a:0", "-show_entries", "stream=codec_name,sample_rate,channels:format=duration,format_name", "-of", "json", "/tmp/.tmpYQObaU/output/audio-input-z8-34.m4a"]
[validation] ffmpeg ["-nostdin", "-v", "error", "-xerror", "-i", "/tmp/.tmpYQObaU/output/audio-input-z8-34.m4a", "-map", "0:a:0", "-f", "null", "-"]
[validation] ffprobe ["-v", "error", "-select_streams", "a:0", "-show_entries", "stream=codec_name,sample_rate,channels:format=duration,format_name", "-of", "json", "/tmp/.tmpYQObaU/audio-input.amr"]
[validation] ffprobe ["-v", "error", "-select_streams", "a:0", "-show_entries", "stream=codec_name,sample_rate,channels:format=duration,format_name", "-of", "json", "/tmp/.tmpYQObaU/output/audio-input-z8-18.wav"]
[validation] ffmpeg ["-nostdin", "-v", "error", "-xerror", "-i", "/tmp/.tmpYQObaU/output/audio-input-z8-18.wav", "-map", "0:a:0", "-f", "null", "-"]
[validation] ffprobe ["-v", "error", "-select_streams", "a:0", "-show_entries", "stream=codec_name,sample_rate,channels:format=duration,format_name", "-of", "json", "/tmp/.tmpYQObaU/audio-input.amr"]
[validation] ffprobe ["-v", "error", "-select_streams", "a:0", "-show_entries", "stream=codec_name,sample_rate,channels:format=duration,format_name", "-of", "json", "/tmp/.tmpYQObaU/output/audio-input-z8-18.mp3"]
[validation] ffmpeg ["-nostdin", "-v", "error", "-xerror", "-i", "/tmp/.tmpYQObaU/output/audio-input-z8-18.mp3", "-map", "0:a:0", "-f", "null", "-"]
[validation] ffprobe ["-v", "error", "-select_streams", "a:0", "-show_entries", "stream=codec_name,sample_rate,channels:format=duration,format_name", "-of", "json", "/tmp/.tmpYQObaU/audio-input.amr"]
[validation] ffprobe ["-v", "error", "-select_streams", "a:0", "-show_entries", "stream=codec_name,sample_rate,channels:format=duration,format_name", "-of", "json", "/tmp/.tmpYQObaU/output/audio-input-z8-18.flac"]
[validation] ffmpeg ["-nostdin", "-v", "error", "-xerror", "-i", "/tmp/.tmpYQObaU/output/audio-input-z8-18.flac", "-map", "0:a:0", "-f", "null", "-"]
[validation] ffprobe ["-v", "error", "-select_streams", "a:0", "-show_entries", "stream=codec_name,sample_rate,channels:format=duration,format_name", "-of", "json", "/tmp/.tmpYQObaU/audio-input.amr"]
[validation] ffprobe ["-v", "error", "-select_streams", "a:0", "-show_entries", "stream=codec_name,sample_rate,channels:format=duration,format_name", "-of", "json", "/tmp/.tmpYQObaU/output/audio-input-z8-18.opus"]
[validation] ffmpeg ["-nostdin", "-v", "error", "-xerror", "-i", "/tmp/.tmpYQObaU/output/audio-input-z8-18.opus", "-map", "0:a:0", "-f", "null", "-"]
[validation] ffprobe ["-v", "error", "-select_streams", "a:0", "-show_entries", "stream=codec_name,sample_rate,channels:format=duration,format_name", "-of", "json", "/tmp/.tmpYQObaU/audio-input.amr"]
[validation] ffprobe ["-v", "error", "-select_streams", "a:0", "-show_entries", "stream=codec_name,sample_rate,channels:format=duration,format_name", "-of", "json", "/tmp/.tmpYQObaU/output/audio-input-z8-35.m4a"]
[validation] ffmpeg ["-nostdin", "-v", "error", "-xerror", "-i", "/tmp/.tmpYQObaU/output/audio-input-z8-35.m4a", "-map", "0:a:0", "-f", "null", "-"]
[validation] ffprobe ["-v", "error", "-select_streams", "a:0", "-show_entries", "stream=codec_name,sample_rate,channels:format=duration,format_name", "-of", "json", "/tmp/.tmpYQObaU/audio-input.amr"]
[validation] ffprobe ["-v", "error", "-select_streams", "a:0", "-show_entries", "stream=codec_name,sample_rate,channels:format=duration,format_name", "-of", "json", "/tmp/.tmpYQObaU/output/audio-input-z8-18.ogg"]
[validation] ffmpeg ["-nostdin", "-v", "error", "-xerror", "-i", "/tmp/.tmpYQObaU/output/audio-input-z8-18.ogg", "-map", "0:a:0", "-f", "null", "-"]
[validation] ffprobe ["-v", "error", "-select_streams", "a:0", "-show_entries", "stream=codec_name,sample_rate,channels:format=duration,format_name", "-of", "json", "/tmp/.tmpYQObaU/audio-input.amr"]
[validation] ffprobe ["-v", "error", "-select_streams", "a:0", "-show_entries", "stream=codec_name,sample_rate,channels:format=duration,format_name", "-of", "json", "/tmp/.tmpYQObaU/output/audio-input-z8-18.aiff"]
[validation] ffmpeg ["-nostdin", "-v", "error", "-xerror", "-i", "/tmp/.tmpYQObaU/output/audio-input-z8-18.aiff", "-map", "0:a:0", "-f", "null", "-"]
[validation] ffprobe ["-v", "error", "-select_streams", "a:0", "-show_entries", "stream=codec_name,sample_rate,channels:format=duration,format_name", "-of", "json", "/tmp/.tmpYQObaU/audio-input.amr"]
[validation] ffprobe ["-v", "error", "-select_streams", "a:0", "-show_entries", "stream=codec_name,sample_rate,channels:format=duration,format_name", "-of", "json", "/tmp/.tmpYQObaU/output/audio-input-z8-18.aac"]
[validation] ffmpeg ["-nostdin", "-v", "error", "-xerror", "-i", "/tmp/.tmpYQObaU/output/audio-input-z8-18.aac", "-map", "0:a:0", "-f", "null", "-"]
[validation] ffprobe ["-v", "error", "-select_streams", "a:0", "-show_entries", "stream=codec_name,sample_rate,channels:format=duration,format_name", "-of", "json", "/tmp/.tmpYQObaU/audio-input.amr"]
[validation] ffprobe ["-v", "error", "-select_streams", "a:0", "-show_entries", "stream=codec_name,sample_rate,channels:format=duration,format_name", "-of", "json", "/tmp/.tmpYQObaU/output/audio-input-z8-36.m4a"]
[validation] ffmpeg ["-nostdin", "-v", "error", "-xerror", "-i", "/tmp/.tmpYQObaU/output/audio-input-z8-36.m4a", "-map", "0:a:0", "-f", "null", "-"]
[validation] ffmpeg ["-nostdin", "-y", "-v", "error", "-f", "lavfi", "-i", "aevalsrc=0.2*sin(2*PI*440*t)|0.2*sin(2*PI*880*t):s=48000:d=1", "-c:a", "pcm_s16be", "-f", "au", "/tmp/.tmpYQObaU/audio-input.au"]
[validation] ffprobe ["-v", "error", "-select_streams", "a:0", "-show_entries", "stream=codec_name,sample_rate,channels:format=duration,format_name", "-of", "json", "/tmp/.tmpYQObaU/audio-input.au"]
[validation] ffprobe ["-v", "error", "-select_streams", "a:0", "-show_entries", "stream=codec_name,sample_rate,channels:format=duration,format_name", "-of", "json", "/tmp/.tmpYQObaU/output/audio-input-z8-19.wav"]
[validation] ffmpeg ["-nostdin", "-v", "error", "-xerror", "-i", "/tmp/.tmpYQObaU/output/audio-input-z8-19.wav", "-map", "0:a:0", "-f", "null", "-"]
[validation] ffprobe ["-v", "error", "-select_streams", "a:0", "-show_entries", "stream=codec_name,sample_rate,channels:format=duration,format_name", "-of", "json", "/tmp/.tmpYQObaU/audio-input.au"]
[validation] ffprobe ["-v", "error", "-select_streams", "a:0", "-show_entries", "stream=codec_name,sample_rate,channels:format=duration,format_name", "-of", "json", "/tmp/.tmpYQObaU/output/audio-input-z8-19.mp3"]
[validation] ffmpeg ["-nostdin", "-v", "error", "-xerror", "-i", "/tmp/.tmpYQObaU/output/audio-input-z8-19.mp3", "-map", "0:a:0", "-f", "null", "-"]
[validation] ffprobe ["-v", "error", "-select_streams", "a:0", "-show_entries", "stream=codec_name,sample_rate,channels:format=duration,format_name", "-of", "json", "/tmp/.tmpYQObaU/audio-input.au"]
[validation] ffprobe ["-v", "error", "-select_streams", "a:0", "-show_entries", "stream=codec_name,sample_rate,channels:format=duration,format_name", "-of", "json", "/tmp/.tmpYQObaU/output/audio-input-z8-19.flac"]
[validation] ffmpeg ["-nostdin", "-v", "error", "-xerror", "-i", "/tmp/.tmpYQObaU/output/audio-input-z8-19.flac", "-map", "0:a:0", "-f", "null", "-"]
[validation] ffprobe ["-v", "error", "-select_streams", "a:0", "-show_entries", "stream=codec_name,sample_rate,channels:format=duration,format_name", "-of", "json", "/tmp/.tmpYQObaU/audio-input.au"]
[validation] ffprobe ["-v", "error", "-select_streams", "a:0", "-show_entries", "stream=codec_name,sample_rate,channels:format=duration,format_name", "-of", "json", "/tmp/.tmpYQObaU/output/audio-input-z8-19.opus"]
[validation] ffmpeg ["-nostdin", "-v", "error", "-xerror", "-i", "/tmp/.tmpYQObaU/output/audio-input-z8-19.opus", "-map", "0:a:0", "-f", "null", "-"]
[validation] ffprobe ["-v", "error", "-select_streams", "a:0", "-show_entries", "stream=codec_name,sample_rate,channels:format=duration,format_name", "-of", "json", "/tmp/.tmpYQObaU/audio-input.au"]
[validation] ffprobe ["-v", "error", "-select_streams", "a:0", "-show_entries", "stream=codec_name,sample_rate,channels:format=duration,format_name", "-of", "json", "/tmp/.tmpYQObaU/output/audio-input-z8-37.m4a"]
[validation] ffmpeg ["-nostdin", "-v", "error", "-xerror", "-i", "/tmp/.tmpYQObaU/output/audio-input-z8-37.m4a", "-map", "0:a:0", "-f", "null", "-"]
[validation] ffprobe ["-v", "error", "-select_streams", "a:0", "-show_entries", "stream=codec_name,sample_rate,channels:format=duration,format_name", "-of", "json", "/tmp/.tmpYQObaU/audio-input.au"]
[validation] ffprobe ["-v", "error", "-select_streams", "a:0", "-show_entries", "stream=codec_name,sample_rate,channels:format=duration,format_name", "-of", "json", "/tmp/.tmpYQObaU/output/audio-input-z8-19.ogg"]
[validation] ffmpeg ["-nostdin", "-v", "error", "-xerror", "-i", "/tmp/.tmpYQObaU/output/audio-input-z8-19.ogg", "-map", "0:a:0", "-f", "null", "-"]
[validation] ffprobe ["-v", "error", "-select_streams", "a:0", "-show_entries", "stream=codec_name,sample_rate,channels:format=duration,format_name", "-of", "json", "/tmp/.tmpYQObaU/audio-input.au"]
[validation] ffprobe ["-v", "error", "-select_streams", "a:0", "-show_entries", "stream=codec_name,sample_rate,channels:format=duration,format_name", "-of", "json", "/tmp/.tmpYQObaU/output/audio-input-z8-19.aiff"]
[validation] ffmpeg ["-nostdin", "-v", "error", "-xerror", "-i", "/tmp/.tmpYQObaU/output/audio-input-z8-19.aiff", "-map", "0:a:0", "-f", "null", "-"]
[validation] ffprobe ["-v", "error", "-select_streams", "a:0", "-show_entries", "stream=codec_name,sample_rate,channels:format=duration,format_name", "-of", "json", "/tmp/.tmpYQObaU/audio-input.au"]
[validation] ffprobe ["-v", "error", "-select_streams", "a:0", "-show_entries", "stream=codec_name,sample_rate,channels:format=duration,format_name", "-of", "json", "/tmp/.tmpYQObaU/output/audio-input-z8-19.aac"]
[validation] ffmpeg ["-nostdin", "-v", "error", "-xerror", "-i", "/tmp/.tmpYQObaU/output/audio-input-z8-19.aac", "-map", "0:a:0", "-f", "null", "-"]
[validation] ffprobe ["-v", "error", "-select_streams", "a:0", "-show_entries", "stream=codec_name,sample_rate,channels:format=duration,format_name", "-of", "json", "/tmp/.tmpYQObaU/audio-input.au"]
[validation] ffprobe ["-v", "error", "-select_streams", "a:0", "-show_entries", "stream=codec_name,sample_rate,channels:format=duration,format_name", "-of", "json", "/tmp/.tmpYQObaU/output/audio-input-z8-38.m4a"]
[validation] ffmpeg ["-nostdin", "-v", "error", "-xerror", "-i", "/tmp/.tmpYQObaU/output/audio-input-z8-38.m4a", "-map", "0:a:0", "-f", "null", "-"]
[validation] ffmpeg ["-nostdin", "-y", "-v", "error", "-f", "lavfi", "-i", "aevalsrc=0.2*sin(2*PI*440*t)|0.2*sin(2*PI*880*t):s=48000:d=1", "-c:a", "pcm_s16le", "-f", "caf", "/tmp/.tmpYQObaU/audio-input.caf"]
[validation] ffprobe ["-v", "error", "-select_streams", "a:0", "-show_entries", "stream=codec_name,sample_rate,channels:format=duration,format_name", "-of", "json", "/tmp/.tmpYQObaU/audio-input.caf"]
[validation] ffprobe ["-v", "error", "-select_streams", "a:0", "-show_entries", "stream=codec_name,sample_rate,channels:format=duration,format_name", "-of", "json", "/tmp/.tmpYQObaU/output/audio-input-z8-20.wav"]
[validation] ffmpeg ["-nostdin", "-v", "error", "-xerror", "-i", "/tmp/.tmpYQObaU/output/audio-input-z8-20.wav", "-map", "0:a:0", "-f", "null", "-"]
[validation] ffprobe ["-v", "error", "-select_streams", "a:0", "-show_entries", "stream=codec_name,sample_rate,channels:format=duration,format_name", "-of", "json", "/tmp/.tmpYQObaU/audio-input.caf"]
[validation] ffprobe ["-v", "error", "-select_streams", "a:0", "-show_entries", "stream=codec_name,sample_rate,channels:format=duration,format_name", "-of", "json", "/tmp/.tmpYQObaU/output/audio-input-z8-20.mp3"]
[validation] ffmpeg ["-nostdin", "-v", "error", "-xerror", "-i", "/tmp/.tmpYQObaU/output/audio-input-z8-20.mp3", "-map", "0:a:0", "-f", "null", "-"]
[validation] ffprobe ["-v", "error", "-select_streams", "a:0", "-show_entries", "stream=codec_name,sample_rate,channels:format=duration,format_name", "-of", "json", "/tmp/.tmpYQObaU/audio-input.caf"]
[validation] ffprobe ["-v", "error", "-select_streams", "a:0", "-show_entries", "stream=codec_name,sample_rate,channels:format=duration,format_name", "-of", "json", "/tmp/.tmpYQObaU/output/audio-input-z8-20.flac"]
[validation] ffmpeg ["-nostdin", "-v", "error", "-xerror", "-i", "/tmp/.tmpYQObaU/output/audio-input-z8-20.flac", "-map", "0:a:0", "-f", "null", "-"]
[validation] ffprobe ["-v", "error", "-select_streams", "a:0", "-show_entries", "stream=codec_name,sample_rate,channels:format=duration,format_name", "-of", "json", "/tmp/.tmpYQObaU/audio-input.caf"]
[validation] ffprobe ["-v", "error", "-select_streams", "a:0", "-show_entries", "stream=codec_name,sample_rate,channels:format=duration,format_name", "-of", "json", "/tmp/.tmpYQObaU/output/audio-input-z8-20.opus"]
[validation] ffmpeg ["-nostdin", "-v", "error", "-xerror", "-i", "/tmp/.tmpYQObaU/output/audio-input-z8-20.opus", "-map", "0:a:0", "-f", "null", "-"]
[validation] ffprobe ["-v", "error", "-select_streams", "a:0", "-show_entries", "stream=codec_name,sample_rate,channels:format=duration,format_name", "-of", "json", "/tmp/.tmpYQObaU/audio-input.caf"]
[validation] ffprobe ["-v", "error", "-select_streams", "a:0", "-show_entries", "stream=codec_name,sample_rate,channels:format=duration,format_name", "-of", "json", "/tmp/.tmpYQObaU/output/audio-input-z8-39.m4a"]
[validation] ffmpeg ["-nostdin", "-v", "error", "-xerror", "-i", "/tmp/.tmpYQObaU/output/audio-input-z8-39.m4a", "-map", "0:a:0", "-f", "null", "-"]
[validation] ffprobe ["-v", "error", "-select_streams", "a:0", "-show_entries", "stream=codec_name,sample_rate,channels:format=duration,format_name", "-of", "json", "/tmp/.tmpYQObaU/audio-input.caf"]
[validation] ffprobe ["-v", "error", "-select_streams", "a:0", "-show_entries", "stream=codec_name,sample_rate,channels:format=duration,format_name", "-of", "json", "/tmp/.tmpYQObaU/output/audio-input-z8-20.ogg"]
[validation] ffmpeg ["-nostdin", "-v", "error", "-xerror", "-i", "/tmp/.tmpYQObaU/output/audio-input-z8-20.ogg", "-map", "0:a:0", "-f", "null", "-"]
[validation] ffprobe ["-v", "error", "-select_streams", "a:0", "-show_entries", "stream=codec_name,sample_rate,channels:format=duration,format_name", "-of", "json", "/tmp/.tmpYQObaU/audio-input.caf"]
[validation] ffprobe ["-v", "error", "-select_streams", "a:0", "-show_entries", "stream=codec_name,sample_rate,channels:format=duration,format_name", "-of", "json", "/tmp/.tmpYQObaU/output/audio-input-z8-20.aiff"]
[validation] ffmpeg ["-nostdin", "-v", "error", "-xerror", "-i", "/tmp/.tmpYQObaU/output/audio-input-z8-20.aiff", "-map", "0:a:0", "-f", "null", "-"]
[validation] ffprobe ["-v", "error", "-select_streams", "a:0", "-show_entries", "stream=codec_name,sample_rate,channels:format=duration,format_name", "-of", "json", "/tmp/.tmpYQObaU/audio-input.caf"]
[validation] ffprobe ["-v", "error", "-select_streams", "a:0", "-show_entries", "stream=codec_name,sample_rate,channels:format=duration,format_name", "-of", "json", "/tmp/.tmpYQObaU/output/audio-input-z8-20.aac"]
[validation] ffmpeg ["-nostdin", "-v", "error", "-xerror", "-i", "/tmp/.tmpYQObaU/output/audio-input-z8-20.aac", "-map", "0:a:0", "-f", "null", "-"]
[validation] ffprobe ["-v", "error", "-select_streams", "a:0", "-show_entries", "stream=codec_name,sample_rate,channels:format=duration,format_name", "-of", "json", "/tmp/.tmpYQObaU/audio-input.caf"]
[validation] ffprobe ["-v", "error", "-select_streams", "a:0", "-show_entries", "stream=codec_name,sample_rate,channels:format=duration,format_name", "-of", "json", "/tmp/.tmpYQObaU/output/audio-input-z8-40.m4a"]
[validation] ffmpeg ["-nostdin", "-v", "error", "-xerror", "-i", "/tmp/.tmpYQObaU/output/audio-input-z8-40.m4a", "-map", "0:a:0", "-f", "null", "-"]
[validation] ffmpeg ["-nostdin", "-y", "-v", "error", "-f", "lavfi", "-i", "aevalsrc=0.2*sin(2*PI*440*t)|0.2*sin(2*PI*880*t):s=48000:d=1", "-c:a", "wmav2", "-f", "asf", "/tmp/.tmpYQObaU/audio-input.wma"]
[validation] ffprobe ["-v", "error", "-select_streams", "a:0", "-show_entries", "stream=codec_name,sample_rate,channels:format=duration,format_name", "-of", "json", "/tmp/.tmpYQObaU/audio-input.wma"]
[validation] ffprobe ["-v", "error", "-select_streams", "a:0", "-show_entries", "stream=codec_name,sample_rate,channels:format=duration,format_name", "-of", "json", "/tmp/.tmpYQObaU/output/audio-input-z8-21.wav"]
[validation] ffmpeg ["-nostdin", "-v", "error", "-xerror", "-i", "/tmp/.tmpYQObaU/output/audio-input-z8-21.wav", "-map", "0:a:0", "-f", "null", "-"]
[validation] ffprobe ["-v", "error", "-select_streams", "a:0", "-show_entries", "stream=codec_name,sample_rate,channels:format=duration,format_name", "-of", "json", "/tmp/.tmpYQObaU/audio-input.wma"]
[validation] ffprobe ["-v", "error", "-select_streams", "a:0", "-show_entries", "stream=codec_name,sample_rate,channels:format=duration,format_name", "-of", "json", "/tmp/.tmpYQObaU/output/audio-input-z8-21.mp3"]
[validation] ffmpeg ["-nostdin", "-v", "error", "-xerror", "-i", "/tmp/.tmpYQObaU/output/audio-input-z8-21.mp3", "-map", "0:a:0", "-f", "null", "-"]
[validation] ffprobe ["-v", "error", "-select_streams", "a:0", "-show_entries", "stream=codec_name,sample_rate,channels:format=duration,format_name", "-of", "json", "/tmp/.tmpYQObaU/audio-input.wma"]
[validation] ffprobe ["-v", "error", "-select_streams", "a:0", "-show_entries", "stream=codec_name,sample_rate,channels:format=duration,format_name", "-of", "json", "/tmp/.tmpYQObaU/output/audio-input-z8-21.flac"]
[validation] ffmpeg ["-nostdin", "-v", "error", "-xerror", "-i", "/tmp/.tmpYQObaU/output/audio-input-z8-21.flac", "-map", "0:a:0", "-f", "null", "-"]
[validation] ffprobe ["-v", "error", "-select_streams", "a:0", "-show_entries", "stream=codec_name,sample_rate,channels:format=duration,format_name", "-of", "json", "/tmp/.tmpYQObaU/audio-input.wma"]
[validation] ffprobe ["-v", "error", "-select_streams", "a:0", "-show_entries", "stream=codec_name,sample_rate,channels:format=duration,format_name", "-of", "json", "/tmp/.tmpYQObaU/output/audio-input-z8-21.opus"]
[validation] ffmpeg ["-nostdin", "-v", "error", "-xerror", "-i", "/tmp/.tmpYQObaU/output/audio-input-z8-21.opus", "-map", "0:a:0", "-f", "null", "-"]
Error: "Timed out"
