[validation] magick ["-size", "64x48", "xc:none", "-fill", "red", "-draw", "rectangle 0,0 31,47", "/tmp/.tmpxaQ7JN/alpha.png"]
[validation] convert /tmp/.tmpxaQ7JN/alpha.png -> Png
[validation] ffmpeg ["-nostdin", "-v", "error", "-xerror", "-i", "/tmp/.tmpxaQ7JN/保存 results/alpha-z8-1.png", "-f", "null", "-"]
[validation] magick ["/tmp/.tmpxaQ7JN/alpha.png", "-auto-orient", "-depth", "8", "RGBA:/tmp/.tmpxaQ7JN/expected.rgba"]
[validation] magick ["/tmp/.tmpxaQ7JN/保存 results/alpha-z8-1.png", "-auto-orient", "-depth", "8", "RGBA:/tmp/.tmpxaQ7JN/actual.rgba"]
[validation] magick ["/tmp/.tmpxaQ7JN/alpha.png", "-auto-orient", "-format", "%w %h", "info:"]
[validation] magick ["/tmp/.tmpxaQ7JN/保存 results/alpha-z8-1.png", "-auto-orient", "-format", "%w %h", "info:"]
[validation] magick ["/tmp/.tmpxaQ7JN/保存 results/alpha-z8-1.png", "-auto-orient", "-format", "%w %h", "info:"]
[validation] convert /tmp/.tmpxaQ7JN/alpha.png -> Jpeg
[validation] ffmpeg ["-nostdin", "-v", "error", "-xerror", "-i", "/tmp/.tmpxaQ7JN/保存 results/alpha-z8-2.jpg", "-f", "null", "-"]
[validation] magick ["/tmp/.tmpxaQ7JN/alpha.png", "-auto-orient", "-background", "white", "-alpha", "remove", "-alpha", "off", "-depth", "8", "RGBA:/tmp/.tmpxaQ7JN/expected.rgba"]
[validation] magick ["/tmp/.tmpxaQ7JN/保存 results/alpha-z8-2.jpg", "-auto-orient", "-depth", "8", "RGBA:/tmp/.tmpxaQ7JN/actual.rgba"]
[validation] magick ["/tmp/.tmpxaQ7JN/alpha.png", "-auto-orient", "-format", "%w %h", "info:"]
[validation] magick ["/tmp/.tmpxaQ7JN/保存 results/alpha-z8-2.jpg", "-auto-orient", "-format", "%w %h", "info:"]
[validation] magick ["/tmp/.tmpxaQ7JN/保存 results/alpha-z8-2.jpg", "-auto-orient", "-format", "%w %h", "info:"]
[validation] convert /tmp/.tmpxaQ7JN/alpha.png -> Webp
[validation] ffmpeg ["-nostdin", "-v", "error", "-xerror", "-i", "/tmp/.tmpxaQ7JN/保存 results/alpha-z8-2.webp", "-f", "null", "-"]
[validation] magick ["/tmp/.tmpxaQ7JN/alpha.png", "-auto-orient", "-depth", "8", "RGBA:/tmp/.tmpxaQ7JN/expected.rgba"]
[validation] magick ["/tmp/.tmpxaQ7JN/保存 results/alpha-z8-2.webp", "-auto-orient", "-depth", "8", "RGBA:/tmp/.tmpxaQ7JN/actual.rgba"]
[validation] magick ["/tmp/.tmpxaQ7JN/alpha.png", "-auto-orient", "-format", "%w %h", "info:"]
[validation] magick ["/tmp/.tmpxaQ7JN/保存 results/alpha-z8-2.webp", "-auto-orient", "-format", "%w %h", "info:"]
[validation] magick ["/tmp/.tmpxaQ7JN/保存 results/alpha-z8-2.webp", "-auto-orient", "-format", "%w %h", "info:"]
[validation] convert /tmp/.tmpxaQ7JN/alpha.png -> Avif
[validation] ffmpeg ["-nostdin", "-v", "error", "-xerror", "-i", "/tmp/.tmpxaQ7JN/保存 results/alpha-z8-2.avif", "-f", "null", "-"]
[validation] magick ["/tmp/.tmpxaQ7JN/alpha.png", "-auto-orient", "-depth", "8", "RGBA:/tmp/.tmpxaQ7JN/expected.rgba"]
[validation] magick ["/tmp/.tmpxaQ7JN/保存 results/alpha-z8-2.avif", "-auto-orient", "-depth", "8", "RGBA:/tmp/.tmpxaQ7JN/actual.rgba"]
[validation] magick ["/tmp/.tmpxaQ7JN/alpha.png", "-auto-orient", "-format", "%w %h", "info:"]
[validation] magick ["/tmp/.tmpxaQ7JN/保存 results/alpha-z8-2.avif", "-auto-orient", "-format", "%w %h", "info:"]
[validation] magick ["/tmp/.tmpxaQ7JN/保存 results/alpha-z8-2.avif", "-auto-orient", "-format", "%w %h", "info:"]
[validation] convert /tmp/.tmpxaQ7JN/alias.jpg -> Png
[validation] ffmpeg ["-nostdin", "-v", "error", "-xerror", "-i", "/tmp/.tmpxaQ7JN/保存 results/alias-z8-1.png", "-f", "null", "-"]
[validation] magick ["/tmp/.tmpxaQ7JN/alias.jpg", "-auto-orient", "-depth", "8", "RGBA:/tmp/.tmpxaQ7JN/expected.rgba"]
[validation] magick ["/tmp/.tmpxaQ7JN/保存 results/alias-z8-1.png", "-auto-orient", "-depth", "8", "RGBA:/tmp/.tmpxaQ7JN/actual.rgba"]
[validation] magick ["/tmp/.tmpxaQ7JN/alias.jpg", "-auto-orient", "-format", "%w %h", "info:"]
[validation] magick ["/tmp/.tmpxaQ7JN/保存 results/alias-z8-1.png", "-auto-orient", "-format", "%w %h", "info:"]
[validation] magick ["/tmp/.tmpxaQ7JN/保存 results/alias-z8-1.png", "-auto-orient", "-format", "%w %h", "info:"]
[validation] convert /tmp/.tmpxaQ7JN/alias.jpg -> Jpeg
[validation] ffmpeg ["-nostdin", "-v", "error", "-xerror", "-i", "/tmp/.tmpxaQ7JN/保存 results/alias-z8-1.jpg", "-f", "null", "-"]
[validation] magick ["/tmp/.tmpxaQ7JN/alias.jpg", "-auto-orient", "-background", "white", "-alpha", "remove", "-alpha", "off", "-depth", "8", "RGBA:/tmp/.tmpxaQ7JN/expected.rgba"]
[validation] magick ["/tmp/.tmpxaQ7JN/保存 results/alias-z8-1.jpg", "-auto-orient", "-depth", "8", "RGBA:/tmp/.tmpxaQ7JN/actual.rgba"]
[validation] magick ["/tmp/.tmpxaQ7JN/alias.jpg", "-auto-orient", "-format", "%w %h", "info:"]
[validation] magick ["/tmp/.tmpxaQ7JN/保存 results/alias-z8-1.jpg", "-auto-orient", "-format", "%w %h", "info:"]
[validation] magick ["/tmp/.tmpxaQ7JN/保存 results/alias-z8-1.jpg", "-auto-orient", "-format", "%w %h", "info:"]
[validation] convert /tmp/.tmpxaQ7JN/alias.jpg -> Webp
[validation] ffmpeg ["-nostdin", "-v", "error", "-xerror", "-i", "/tmp/.tmpxaQ7JN/保存 results/alias-z8-1.webp", "-f", "null", "-"]
[validation] magick ["/tmp/.tmpxaQ7JN/alias.jpg", "-auto-orient", "-depth", "8", "RGBA:/tmp/.tmpxaQ7JN/expected.rgba"]
[validation] magick ["/tmp/.tmpxaQ7JN/保存 results/alias-z8-1.webp", "-auto-orient", "-depth", "8", "RGBA:/tmp/.tmpxaQ7JN/actual.rgba"]
[validation] magick ["/tmp/.tmpxaQ7JN/alias.jpg", "-auto-orient", "-format", "%w %h", "info:"]
[validation] magick ["/tmp/.tmpxaQ7JN/保存 results/alias-z8-1.webp", "-auto-orient", "-format", "%w %h", "info:"]
[validation] magick ["/tmp/.tmpxaQ7JN/保存 results/alias-z8-1.webp", "-auto-orient", "-format", "%w %h", "info:"]
[validation] convert /tmp/.tmpxaQ7JN/alias.jpg -> Avif
[validation] ffmpeg ["-nostdin", "-v", "error", "-xerror", "-i", "/tmp/.tmpxaQ7JN/保存 results/alias-z8-1.avif", "-f", "null", "-"]
[validation] magick ["/tmp/.tmpxaQ7JN/alias.jpg", "-auto-orient", "-depth", "8", "RGBA:/tmp/.tmpxaQ7JN/expected.rgba"]
[validation] magick ["/tmp/.tmpxaQ7JN/保存 results/alias-z8-1.avif", "-auto-orient", "-depth", "8", "RGBA:/tmp/.tmpxaQ7JN/actual.rgba"]
[validation] magick ["/tmp/.tmpxaQ7JN/alias.jpg", "-auto-orient", "-format", "%w %h", "info:"]
[validation] magick ["/tmp/.tmpxaQ7JN/保存 results/alias-z8-1.avif", "-auto-orient", "-format", "%w %h", "info:"]
[validation] magick ["/tmp/.tmpxaQ7JN/保存 results/alias-z8-1.avif", "-auto-orient", "-format", "%w %h", "info:"]
[validation] convert /tmp/.tmpxaQ7JN/保存 results/alpha-z8-1.webp -> Png
[validation] ffmpeg ["-nostdin", "-v", "error", "-xerror", "-i", "/tmp/.tmpxaQ7JN/保存 results/alpha-z8-1-z8-1.png", "-f", "null", "-"]
[validation] magick ["/tmp/.tmpxaQ7JN/保存 results/alpha-z8-1.webp", "-auto-orient", "-depth", "8", "RGBA:/tmp/.tmpxaQ7JN/expected.rgba"]
[validation] magick ["/tmp/.tmpxaQ7JN/保存 results/alpha-z8-1-z8-1.png", "-auto-orient", "-depth", "8", "RGBA:/tmp/.tmpxaQ7JN/actual.rgba"]
[validation] magick ["/tmp/.tmpxaQ7JN/保存 results/alpha-z8-1.webp", "-auto-orient", "-format", "%w %h", "info:"]
[validation] magick ["/tmp/.tmpxaQ7JN/保存 results/alpha-z8-1-z8-1.png", "-auto-orient", "-format", "%w %h", "info:"]
[validation] magick ["/tmp/.tmpxaQ7JN/保存 results/alpha-z8-1-z8-1.png", "-auto-orient", "-format", "%w %h", "info:"]
[validation] convert /tmp/.tmpxaQ7JN/保存 results/alpha-z8-1.webp -> Jpeg
[validation] ffmpeg ["-nostdin", "-v", "error", "-xerror", "-i", "/tmp/.tmpxaQ7JN/保存 results/alpha-z8-1-z8-1.jpg", "-f", "null", "-"]
[validation] magick ["/tmp/.tmpxaQ7JN/保存 results/alpha-z8-1.webp", "-auto-orient", "-background", "white", "-alpha", "remove", "-alpha", "off", "-depth", "8", "RGBA:/tmp/.tmpxaQ7JN/expected.rgba"]
[validation] magick ["/tmp/.tmpxaQ7JN/保存 results/alpha-z8-1-z8-1.jpg", "-auto-orient", "-depth", "8", "RGBA:/tmp/.tmpxaQ7JN/actual.rgba"]
[validation] magick ["/tmp/.tmpxaQ7JN/保存 results/alpha-z8-1.webp", "-auto-orient", "-format", "%w %h", "info:"]
[validation] magick ["/tmp/.tmpxaQ7JN/保存 results/alpha-z8-1-z8-1.jpg", "-auto-orient", "-format", "%w %h", "info:"]
[validation] magick ["/tmp/.tmpxaQ7JN/保存 results/alpha-z8-1-z8-1.jpg", "-auto-orient", "-format", "%w %h", "info:"]
[validation] convert /tmp/.tmpxaQ7JN/保存 results/alpha-z8-1.webp -> Webp
[validation] ffmpeg ["-nostdin", "-v", "error", "-xerror", "-i", "/tmp/.tmpxaQ7JN/保存 results/alpha-z8-1-z8-1.webp", "-f", "null", "-"]
[validation] magick ["/tmp/.tmpxaQ7JN/保存 results/alpha-z8-1.webp", "-auto-orient", "-depth", "8", "RGBA:/tmp/.tmpxaQ7JN/expected.rgba"]
[validation] magick ["/tmp/.tmpxaQ7JN/保存 results/alpha-z8-1-z8-1.webp", "-auto-orient", "-depth", "8", "RGBA:/tmp/.tmpxaQ7JN/actual.rgba"]
[validation] magick ["/tmp/.tmpxaQ7JN/保存 results/alpha-z8-1.webp", "-auto-orient", "-format", "%w %h", "info:"]
[validation] magick ["/tmp/.tmpxaQ7JN/保存 results/alpha-z8-1-z8-1.webp", "-auto-orient", "-format", "%w %h", "info:"]
[validation] magick ["/tmp/.tmpxaQ7JN/保存 results/alpha-z8-1-z8-1.webp", "-auto-orient", "-format", "%w %h", "info:"]
[validation] convert /tmp/.tmpxaQ7JN/保存 results/alpha-z8-1.webp -> Avif
[validation] ffmpeg ["-nostdin", "-v", "error", "-xerror", "-i", "/tmp/.tmpxaQ7JN/保存 results/alpha-z8-1-z8-1.avif", "-f", "null", "-"]
[validation] magick ["/tmp/.tmpxaQ7JN/保存 results/alpha-z8-1.webp", "-auto-orient", "-depth", "8", "RGBA:/tmp/.tmpxaQ7JN/expected.rgba"]
[validation] magick ["/tmp/.tmpxaQ7JN/保存 results/alpha-z8-1-z8-1.avif", "-auto-orient", "-depth", "8", "RGBA:/tmp/.tmpxaQ7JN/actual.rgba"]
[validation] magick ["/tmp/.tmpxaQ7JN/保存 results/alpha-z8-1.webp", "-auto-orient", "-format", "%w %h", "info:"]
[validation] magick ["/tmp/.tmpxaQ7JN/保存 results/alpha-z8-1-z8-1.avif", "-auto-orient", "-format", "%w %h", "info:"]
[validation] magick ["/tmp/.tmpxaQ7JN/保存 results/alpha-z8-1-z8-1.avif", "-auto-orient", "-format", "%w %h", "info:"]
[validation] convert /tmp/.tmpxaQ7JN/保存 results/alpha-z8-1.avif -> Png
[validation] ffmpeg ["-nostdin", "-v", "error", "-xerror", "-i", "/tmp/.tmpxaQ7JN/保存 results/alpha-z8-1-z8-2.png", "-f", "null", "-"]
[validation] magick ["/tmp/.tmpxaQ7JN/保存 results/alpha-z8-1.avif", "-auto-orient", "-depth", "8", "RGBA:/tmp/.tmpxaQ7JN/expected.rgba"]
[validation] magick ["/tmp/.tmpxaQ7JN/保存 results/alpha-z8-1-z8-2.png", "-auto-orient", "-depth", "8", "RGBA:/tmp/.tmpxaQ7JN/actual.rgba"]
[validation] magick ["/tmp/.tmpxaQ7JN/保存 results/alpha-z8-1.avif", "-auto-orient", "-format", "%w %h", "info:"]
[validation] magick ["/tmp/.tmpxaQ7JN/保存 results/alpha-z8-1-z8-2.png", "-auto-orient", "-format", "%w %h", "info:"]
[validation] magick ["/tmp/.tmpxaQ7JN/保存 results/alpha-z8-1-z8-2.png", "-auto-orient", "-format", "%w %h", "info:"]
[validation] convert /tmp/.tmpxaQ7JN/保存 results/alpha-z8-1.avif -> Jpeg
[validation] ffmpeg ["-nostdin", "-v", "error", "-xerror", "-i", "/tmp/.tmpxaQ7JN/保存 results/alpha-z8-1-z8-2.jpg", "-f", "null", "-"]
[validation] magick ["/tmp/.tmpxaQ7JN/保存 results/alpha-z8-1.avif", "-auto-orient", "-background", "white", "-alpha", "remove", "-alpha", "off", "-depth", "8", "RGBA:/tmp/.tmpxaQ7JN/expected.rgba"]
[validation] magick ["/tmp/.tmpxaQ7JN/保存 results/alpha-z8-1-z8-2.jpg", "-auto-orient", "-depth", "8", "RGBA:/tmp/.tmpxaQ7JN/actual.rgba"]
[validation] magick ["/tmp/.tmpxaQ7JN/保存 results/alpha-z8-1.avif", "-auto-orient", "-format", "%w %h", "info:"]
[validation] magick ["/tmp/.tmpxaQ7JN/保存 results/alpha-z8-1-z8-2.jpg", "-auto-orient", "-format", "%w %h", "info:"]
[validation] magick ["/tmp/.tmpxaQ7JN/保存 results/alpha-z8-1-z8-2.jpg", "-auto-orient", "-format", "%w %h", "info:"]
[validation] convert /tmp/.tmpxaQ7JN/保存 results/alpha-z8-1.avif -> Webp
[validation] ffmpeg ["-nostdin", "-v", "error", "-xerror", "-i", "/tmp/.tmpxaQ7JN/保存 results/alpha-z8-1-z8-2.webp", "-f", "null", "-"]
[validation] magick ["/tmp/.tmpxaQ7JN/保存 results/alpha-z8-1.avif", "-auto-orient", "-depth", "8", "RGBA:/tmp/.tmpxaQ7JN/expected.rgba"]
[validation] magick ["/tmp/.tmpxaQ7JN/保存 results/alpha-z8-1-z8-2.webp", "-auto-orient", "-depth", "8", "RGBA:/tmp/.tmpxaQ7JN/actual.rgba"]
[validation] magick ["/tmp/.tmpxaQ7JN/保存 results/alpha-z8-1.avif", "-auto-orient", "-format", "%w %h", "info:"]
[validation] magick ["/tmp/.tmpxaQ7JN/保存 results/alpha-z8-1-z8-2.webp", "-auto-orient", "-format", "%w %h", "info:"]
[validation] magick ["/tmp/.tmpxaQ7JN/保存 results/alpha-z8-1-z8-2.webp", "-auto-orient", "-format", "%w %h", "info:"]
[validation] convert /tmp/.tmpxaQ7JN/保存 results/alpha-z8-1.avif -> Avif
[validation] ffmpeg ["-nostdin", "-v", "error", "-xerror", "-i", "/tmp/.tmpxaQ7JN/保存 results/alpha-z8-1-z8-2.avif", "-f", "null", "-"]
[validation] magick ["/tmp/.tmpxaQ7JN/保存 results/alpha-z8-1.avif", "-auto-orient", "-depth", "8", "RGBA:/tmp/.tmpxaQ7JN/expected.rgba"]
[validation] magick ["/tmp/.tmpxaQ7JN/保存 results/alpha-z8-1-z8-2.avif", "-auto-orient", "-depth", "8", "RGBA:/tmp/.tmpxaQ7JN/actual.rgba"]
[validation] magick ["/tmp/.tmpxaQ7JN/保存 results/alpha-z8-1.avif", "-auto-orient", "-format", "%w %h", "info:"]
[validation] magick ["/tmp/.tmpxaQ7JN/保存 results/alpha-z8-1-z8-2.avif", "-auto-orient", "-format", "%w %h", "info:"]
[validation] magick ["/tmp/.tmpxaQ7JN/保存 results/alpha-z8-1-z8-2.avif", "-auto-orient", "-format", "%w %h", "info:"]
[validation] convert /tmp/.tmpxaQ7JN/gradient.heic -> Png
[validation] ffmpeg ["-nostdin", "-v", "error", "-xerror", "-i", "/tmp/.tmpxaQ7JN/保存 results/gradient-z8-1.png", "-f", "null", "-"]
[validation] magick ["/tmp/.tmpxaQ7JN/gradient.heic", "-auto-orient", "-depth", "8", "RGBA:/tmp/.tmpxaQ7JN/expected.rgba"]
[validation] magick ["/tmp/.tmpxaQ7JN/保存 results/gradient-z8-1.png", "-auto-orient", "-depth", "8", "RGBA:/tmp/.tmpxaQ7JN/actual.rgba"]
[validation] magick ["/tmp/.tmpxaQ7JN/gradient.heic", "-auto-orient", "-format", "%w %h", "info:"]
[validation] magick ["/tmp/.tmpxaQ7JN/保存 results/gradient-z8-1.png", "-auto-orient", "-format", "%w %h", "info:"]
[validation] magick ["/tmp/.tmpxaQ7JN/保存 results/gradient-z8-1.png", "-auto-orient", "-format", "%w %h", "info:"]
[validation] convert /tmp/.tmpxaQ7JN/gradient.heic -> Jpeg
[validation] ffmpeg ["-nostdin", "-v", "error", "-xerror", "-i", "/tmp/.tmpxaQ7JN/保存 results/gradient-z8-1.jpg", "-f", "null", "-"]
[validation] magick ["/tmp/.tmpxaQ7JN/gradient.heic", "-auto-orient", "-background", "white", "-alpha", "remove", "-alpha", "off", "-depth", "8", "RGBA:/tmp/.tmpxaQ7JN/expected.rgba"]
[validation] magick ["/tmp/.tmpxaQ7JN/保存 results/gradient-z8-1.jpg", "-auto-orient", "-depth", "8", "RGBA:/tmp/.tmpxaQ7JN/actual.rgba"]
[validation] magick ["/tmp/.tmpxaQ7JN/gradient.heic", "-auto-orient", "-format", "%w %h", "info:"]
[validation] magick ["/tmp/.tmpxaQ7JN/保存 results/gradient-z8-1.jpg", "-auto-orient", "-format", "%w %h", "info:"]
[validation] magick ["/tmp/.tmpxaQ7JN/保存 results/gradient-z8-1.jpg", "-auto-orient", "-format", "%w %h", "info:"]
[validation] convert /tmp/.tmpxaQ7JN/gradient.heic -> Webp
[validation] ffmpeg ["-nostdin", "-v", "error", "-xerror", "-i", "/tmp/.tmpxaQ7JN/保存 results/gradient-z8-1.webp", "-f", "null", "-"]
[validation] magick ["/tmp/.tmpxaQ7JN/gradient.heic", "-auto-orient", "-depth", "8", "RGBA:/tmp/.tmpxaQ7JN/expected.rgba"]
[validation] magick ["/tmp/.tmpxaQ7JN/保存 results/gradient-z8-1.webp", "-auto-orient", "-depth", "8", "RGBA:/tmp/.tmpxaQ7JN/actual.rgba"]
[validation] magick ["/tmp/.tmpxaQ7JN/gradient.heic", "-auto-orient", "-format", "%w %h", "info:"]
[validation] magick ["/tmp/.tmpxaQ7JN/保存 results/gradient-z8-1.webp", "-auto-orient", "-format", "%w %h", "info:"]
[validation] magick ["/tmp/.tmpxaQ7JN/保存 results/gradient-z8-1.webp", "-auto-orient", "-format", "%w %h", "info:"]
[validation] convert /tmp/.tmpxaQ7JN/gradient.heic -> Avif
[validation] ffmpeg ["-nostdin", "-v", "error", "-xerror", "-i", "/tmp/.tmpxaQ7JN/保存 results/gradient-z8-1.avif", "-f", "null", "-"]
[validation] magick ["/tmp/.tmpxaQ7JN/gradient.heic", "-auto-orient", "-depth", "8", "RGBA:/tmp/.tmpxaQ7JN/expected.rgba"]
[validation] magick ["/tmp/.tmpxaQ7JN/保存 results/gradient-z8-1.avif", "-auto-orient", "-depth", "8", "RGBA:/tmp/.tmpxaQ7JN/actual.rgba"]
[validation] magick ["/tmp/.tmpxaQ7JN/gradient.heic", "-auto-orient", "-format", "%w %h", "info:"]
[validation] magick ["/tmp/.tmpxaQ7JN/保存 results/gradient-z8-1.avif", "-auto-orient", "-format", "%w %h", "info:"]
[validation] magick ["/tmp/.tmpxaQ7JN/保存 results/gradient-z8-1.avif", "-auto-orient", "-format", "%w %h", "info:"]
[validation] convert /tmp/.tmpxaQ7JN/alias.heif -> Png
[validation] ffmpeg ["-nostdin", "-v", "error", "-xerror", "-i", "/tmp/.tmpxaQ7JN/保存 results/alias-z8-2.png", "-f", "null", "-"]
[validation] magick ["/tmp/.tmpxaQ7JN/alias.heif", "-auto-orient", "-depth", "8", "RGBA:/tmp/.tmpxaQ7JN/expected.rgba"]
[validation] magick ["/tmp/.tmpxaQ7JN/保存 results/alias-z8-2.png", "-auto-orient", "-depth", "8", "RGBA:/tmp/.tmpxaQ7JN/actual.rgba"]
[validation] magick ["/tmp/.tmpxaQ7JN/alias.heif", "-auto-orient", "-format", "%w %h", "info:"]
[validation] magick ["/tmp/.tmpxaQ7JN/保存 results/alias-z8-2.png", "-auto-orient", "-format", "%w %h", "info:"]
[validation] magick ["/tmp/.tmpxaQ7JN/保存 results/alias-z8-2.png", "-auto-orient", "-format", "%w %h", "info:"]
[validation] convert /tmp/.tmpxaQ7JN/alias.heif -> Jpeg
[validation] ffmpeg ["-nostdin", "-v", "error", "-xerror", "-i", "/tmp/.tmpxaQ7JN/保存 results/alias-z8-2.jpg", "-f", "null", "-"]
[validation] magick ["/tmp/.tmpxaQ7JN/alias.heif", "-auto-orient", "-background", "white", "-alpha", "remove", "-alpha", "off", "-depth", "8", "RGBA:/tmp/.tmpxaQ7JN/expected.rgba"]
[validation] magick ["/tmp/.tmpxaQ7JN/保存 results/alias-z8-2.jpg", "-auto-orient", "-depth", "8", "RGBA:/tmp/.tmpxaQ7JN/actual.rgba"]
[validation] magick ["/tmp/.tmpxaQ7JN/alias.heif", "-auto-orient", "-format", "%w %h", "info:"]
[validation] magick ["/tmp/.tmpxaQ7JN/保存 results/alias-z8-2.jpg", "-auto-orient", "-format", "%w %h", "info:"]
[validation] magick ["/tmp/.tmpxaQ7JN/保存 results/alias-z8-2.jpg", "-auto-orient", "-format", "%w %h", "info:"]
[validation] convert /tmp/.tmpxaQ7JN/alias.heif -> Webp
[validation] ffmpeg ["-nostdin", "-v", "error", "-xerror", "-i", "/tmp/.tmpxaQ7JN/保存 results/alias-z8-2.webp", "-f", "null", "-"]
[validation] magick ["/tmp/.tmpxaQ7JN/alias.heif", "-auto-orient", "-depth", "8", "RGBA:/tmp/.tmpxaQ7JN/expected.rgba"]
[validation] magick ["/tmp/.tmpxaQ7JN/保存 results/alias-z8-2.webp", "-auto-orient", "-depth", "8", "RGBA:/tmp/.tmpxaQ7JN/actual.rgba"]
[validation] magick ["/tmp/.tmpxaQ7JN/alias.heif", "-auto-orient", "-format", "%w %h", "info:"]
[validation] magick ["/tmp/.tmpxaQ7JN/保存 results/alias-z8-2.webp", "-auto-orient", "-format", "%w %h", "info:"]
[validation] magick ["/tmp/.tmpxaQ7JN/保存 results/alias-z8-2.webp", "-auto-orient", "-format", "%w %h", "info:"]
[validation] convert /tmp/.tmpxaQ7JN/alias.heif -> Avif
[validation] ffmpeg ["-nostdin", "-v", "error", "-xerror", "-i", "/tmp/.tmpxaQ7JN/保存 results/alias-z8-2.avif", "-f", "null", "-"]
[validation] magick ["/tmp/.tmpxaQ7JN/alias.heif", "-auto-orient", "-depth", "8", "RGBA:/tmp/.tmpxaQ7JN/expected.rgba"]
[validation] magick ["/tmp/.tmpxaQ7JN/保存 results/alias-z8-2.avif", "-auto-orient", "-depth", "8", "RGBA:/tmp/.tmpxaQ7JN/actual.rgba"]
[validation] magick ["/tmp/.tmpxaQ7JN/alias.heif", "-auto-orient", "-format", "%w %h", "info:"]
[validation] magick ["/tmp/.tmpxaQ7JN/保存 results/alias-z8-2.avif", "-auto-orient", "-format", "%w %h", "info:"]
[validation] magick ["/tmp/.tmpxaQ7JN/保存 results/alias-z8-2.avif", "-auto-orient", "-format", "%w %h", "info:"]
[validation] convert /tmp/.tmpxaQ7JN/alias.jpeg -> Png
[validation] ffmpeg ["-nostdin", "-v", "error", "-xerror", "-i", "/tmp/.tmpxaQ7JN/保存 results/alias-z8-3.png", "-f", "null", "-"]
[validation] magick ["/tmp/.tmpxaQ7JN/alias.jpeg", "-auto-orient", "-depth", "8", "RGBA:/tmp/.tmpxaQ7JN/expected.rgba"]
[validation] magick ["/tmp/.tmpxaQ7JN/保存 results/alias-z8-3.png", "-auto-orient", "-depth", "8", "RGBA:/tmp/.tmpxaQ7JN/actual.rgba"]
[validation] magick ["/tmp/.tmpxaQ7JN/alias.jpeg", "-auto-orient", "-format", "%w %h", "info:"]
[validation] magick ["/tmp/.tmpxaQ7JN/保存 results/alias-z8-3.png", "-auto-orient", "-format", "%w %h", "info:"]
[validation] magick ["/tmp/.tmpxaQ7JN/保存 results/alias-z8-3.png", "-auto-orient", "-format", "%w %h", "info:"]
[validation] convert /tmp/.tmpxaQ7JN/alias.jpeg -> Jpeg
[validation] ffmpeg ["-nostdin", "-v", "error", "-xerror", "-i", "/tmp/.tmpxaQ7JN/保存 results/alias-z8-3.jpg", "-f", "null", "-"]
[validation] magick ["/tmp/.tmpxaQ7JN/alias.jpeg", "-auto-orient", "-background", "white", "-alpha", "remove", "-alpha", "off", "-depth", "8", "RGBA:/tmp/.tmpxaQ7JN/expected.rgba"]
[validation] magick ["/tmp/.tmpxaQ7JN/保存 results/alias-z8-3.jpg", "-auto-orient", "-depth", "8", "RGBA:/tmp/.tmpxaQ7JN/actual.rgba"]
[validation] magick ["/tmp/.tmpxaQ7JN/alias.jpeg", "-auto-orient", "-format", "%w %h", "info:"]
[validation] magick ["/tmp/.tmpxaQ7JN/保存 results/alias-z8-3.jpg", "-auto-orient", "-format", "%w %h", "info:"]
[validation] magick ["/tmp/.tmpxaQ7JN/保存 results/alias-z8-3.jpg", "-auto-orient", "-format", "%w %h", "info:"]
[validation] convert /tmp/.tmpxaQ7JN/alias.jpeg -> Webp
[validation] ffmpeg ["-nostdin", "-v", "error", "-xerror", "-i", "/tmp/.tmpxaQ7JN/保存 results/alias-z8-3.webp", "-f", "null", "-"]
[validation] magick ["/tmp/.tmpxaQ7JN/alias.jpeg", "-auto-orient", "-depth", "8", "RGBA:/tmp/.tmpxaQ7JN/expected.rgba"]
[validation] magick ["/tmp/.tmpxaQ7JN/保存 results/alias-z8-3.webp", "-auto-orient", "-depth", "8", "RGBA:/tmp/.tmpxaQ7JN/actual.rgba"]
[validation] magick ["/tmp/.tmpxaQ7JN/alias.jpeg", "-auto-orient", "-format", "%w %h", "info:"]
[validation] magick ["/tmp/.tmpxaQ7JN/保存 results/alias-z8-3.webp", "-auto-orient", "-format", "%w %h", "info:"]
[validation] magick ["/tmp/.tmpxaQ7JN/保存 results/alias-z8-3.webp", "-auto-orient", "-format", "%w %h", "info:"]
[validation] convert /tmp/.tmpxaQ7JN/alias.jpeg -> Avif
[validation] ffmpeg ["-nostdin", "-v", "error", "-xerror", "-i", "/tmp/.tmpxaQ7JN/保存 results/alias-z8-3.avif", "-f", "null", "-"]
[validation] magick ["/tmp/.tmpxaQ7JN/alias.jpeg", "-auto-orient", "-depth", "8", "RGBA:/tmp/.tmpxaQ7JN/expected.rgba"]
[validation] magick ["/tmp/.tmpxaQ7JN/保存 results/alias-z8-3.avif", "-auto-orient", "-depth", "8", "RGBA:/tmp/.tmpxaQ7JN/actual.rgba"]
[validation] magick ["/tmp/.tmpxaQ7JN/alias.jpeg", "-auto-orient", "-format", "%w %h", "info:"]
[validation] magick ["/tmp/.tmpxaQ7JN/保存 results/alias-z8-3.avif", "-auto-orient", "-format", "%w %h", "info:"]
[validation] magick ["/tmp/.tmpxaQ7JN/保存 results/alias-z8-3.avif", "-auto-orient", "-format", "%w %h", "info:"]
[validation] magick ["/tmp/.tmpxaQ7JN/alpha.png", "-depth", "16", "RGBA:/tmp/.tmpxaQ7JN/before.rgba"]
[validation] magick ["/tmp/.tmpxaQ7JN/保存 results/alpha-z8-2.png", "-depth", "16", "RGBA:/tmp/.tmpxaQ7JN/after.rgba"]
[validation] magick ["/tmp/.tmpxaQ7JN/alpha.png", "-profile", "/tmp/.tmpxaQ7JN/metadata.xmp", "/tmp/.tmpxaQ7JN/metadata.png"]
[validation] magick ["identify", "-format", "%[profiles]", "/tmp/.tmpxaQ7JN/metadata.png"]
[validation] magick ["identify", "-format", "%[profiles]", "/tmp/.tmpxaQ7JN/保存 results/metadata-z8-1.png"]
[validation] magick ["identify", "-format", "%[profiles]", "/tmp/.tmpxaQ7JN/保存 results/metadata-z8-2.png"]
[validation] magick ["-size", "256x64", "gradient:black-white", "-depth", "16", "/tmp/.tmpxaQ7JN/gradient16.png"]
[validation] magick ["/tmp/.tmpxaQ7JN/gradient16.png", "-depth", "16", "RGBA:/tmp/.tmpxaQ7JN/depth-before"]
[validation] magick ["/tmp/.tmpxaQ7JN/保存 results/gradient16-z8-1.png", "-depth", "16", "RGBA:/tmp/.tmpxaQ7JN/depth-after"]
[validation] magick ["-seed", "42", "-size", "256x256", "plasma:fractal", "-depth", "8", "/tmp/.tmpxaQ7JN/calibration.png"]
[validation] ffmpeg ["-nostdin", "-v", "error", "-xerror", "-i", "/tmp/.tmpxaQ7JN/保存 results/calibration-z8-1.avif", "-f", "null", "-"]
[validation] ffmpeg ["-nostdin", "-v", "error", "-xerror", "-i", "/tmp/.tmpxaQ7JN/保存 results/calibration-z8-2.avif", "-f", "null", "-"]
[validation] ffmpeg ["-nostdin", "-v", "error", "-xerror", "-i", "/tmp/.tmpxaQ7JN/保存 results/calibration-z8-3.avif", "-f", "null", "-"]
[validation] ffmpeg ["-nostdin", "-v", "error", "-xerror", "-i", "/tmp/.tmpxaQ7JN/保存 results/calibration-z8-1.webp", "-f", "null", "-"]
[validation] ffmpeg ["-nostdin", "-v", "error", "-xerror", "-i", "/tmp/.tmpxaQ7JN/保存 results/calibration-z8-2.webp", "-f", "null", "-"]
[validation] ffmpeg ["-nostdin", "-v", "error", "-xerror", "-i", "/tmp/.tmpxaQ7JN/保存 results/calibration-z8-3.webp", "-f", "null", "-"]
[validation] ffmpeg ["-nostdin", "-v", "error", "-xerror", "-i", "/tmp/.tmpxaQ7JN/保存 results/calibration-z8-1.jpg", "-f", "null", "-"]
[validation] ffmpeg ["-nostdin", "-v", "error", "-xerror", "-i", "/tmp/.tmpxaQ7JN/保存 results/calibration-z8-2.jpg", "-f", "null", "-"]
[validation] ffmpeg ["-nostdin", "-v", "error", "-xerror", "-i", "/tmp/.tmpxaQ7JN/保存 results/calibration-z8-3.jpg", "-f", "null", "-"]
[validation] ffmpeg ["-nostdin", "-v", "error", "-f", "lavfi", "-i", "aevalsrc=0.2*sin(2*PI*440*t)|0.2*sin(2*PI*880*t):s=48000:d=1", "-c:a", "libmp3lame", "/tmp/.tmpxaQ7JN/source.mp3"]
[validation] ffmpeg ["-nostdin", "-v", "error", "-i", "/tmp/.tmpxaQ7JN/source.mp3", "-c:a", "libvorbis", "/tmp/.tmpxaQ7JN/source.ogg"]
[validation] ffmpeg ["-nostdin", "-v", "error", "-f", "lavfi", "-i", "color=c=red:s=16x16:r=10", "-i", "/tmp/.tmpxaQ7JN/source.mp3", "-t", "0.3", "-c:v", "mpeg4", "-c:a", "aac", "/tmp/.tmpxaQ7JN/video.mp4"]
[validation] ffmpeg ["-nostdin", "-v", "error", "-f", "lavfi", "-i", "color=c=red:s=16x16:r=10", "-i", "/tmp/.tmpxaQ7JN/source.mp3", "-t", "0.3", "-c:v", "mpeg4", "-c:a", "aac", "/tmp/.tmpxaQ7JN/video.mov"]
[validation] ffmpeg ["-nostdin", "-v", "error", "-f", "lavfi", "-i", "color=c=red:s=16x16:r=10", "-i", "/tmp/.tmpxaQ7JN/source.mp3", "-t", "0.3", "-c:v", "ffv1", "-c:a", "flac", "/tmp/.tmpxaQ7JN/video.mkv"]
[validation] ffmpeg ["-nostdin", "-v", "error", "-f", "lavfi", "-i", "color=c=red:s=16x16:r=10", "-i", "/tmp/.tmpxaQ7JN/source.mp3", "-t", "0.3", "-c:v", "libvpx-vp9", "-c:a", "libopus", "/tmp/.tmpxaQ7JN/video.webm"]
[validation] ffmpeg ["-nostdin", "-v", "error", "-xerror", "-i", "/tmp/.tmpxaQ7JN/保存 results/source-z8-2.wav", "-f", "null", "-"]
[validation] ffprobe ["-v", "error", "-select_streams", "a:0", "-show_entries", "stream=channels,codec_name:format=duration", "-of", "json", "/tmp/.tmpxaQ7JN/source.mp3"]
[validation] ffprobe ["-v", "error", "-select_streams", "a:0", "-show_entries", "stream=channels,codec_name:format=duration", "-of", "json", "/tmp/.tmpxaQ7JN/保存 results/source-z8-2.wav"]
[validation] ffmpeg ["-nostdin", "-v", "error", "-i", "/tmp/.tmpxaQ7JN/保存 results/source-z8-2.wav", "-map", "0:a:0", "-t", "2", "-ar", "48000", "-ac", "2", "-f", "f32le", "/tmp/.tmpqAnA3M/signal.f32"]
[validation] ffmpeg ["-nostdin", "-v", "error", "-xerror", "-i", "/tmp/.tmpxaQ7JN/保存 results/source-z8-1.mp3", "-f", "null", "-"]
[validation] ffprobe ["-v", "error", "-select_streams", "a:0", "-show_entries", "stream=channels,codec_name:format=duration", "-of", "json", "/tmp/.tmpxaQ7JN/source.mp3"]
[validation] ffprobe ["-v", "error", "-select_streams", "a:0", "-show_entries", "stream=channels,codec_name:format=duration", "-of", "json", "/tmp/.tmpxaQ7JN/保存 results/source-z8-1.mp3"]
[validation] ffmpeg ["-nostdin", "-v", "error", "-i", "/tmp/.tmpxaQ7JN/保存 results/source-z8-1.mp3", "-map", "0:a:0", "-t", "2", "-ar", "48000", "-ac", "2", "-f", "f32le", "/tmp/.tmpSkI4s9/signal.f32"]
[validation] ffmpeg ["-nostdin", "-v", "error", "-xerror", "-i", "/tmp/.tmpxaQ7JN/保存 results/source-z8-2.flac", "-f", "null", "-"]
[validation] ffprobe ["-v", "error", "-select_streams", "a:0", "-show_entries", "stream=channels,codec_name:format=duration", "-of", "json", "/tmp/.tmpxaQ7JN/source.mp3"]
[validation] ffprobe ["-v", "error", "-select_streams", "a:0", "-show_entries", "stream=channels,codec_name:format=duration", "-of", "json", "/tmp/.tmpxaQ7JN/保存 results/source-z8-2.flac"]
[validation] ffmpeg ["-nostdin", "-v", "error", "-i", "/tmp/.tmpxaQ7JN/保存 results/source-z8-2.flac", "-map", "0:a:0", "-t", "2", "-ar", "48000", "-ac", "2", "-f", "f32le", "/tmp/.tmp1ArCv9/signal.f32"]
[validation] ffmpeg ["-nostdin", "-v", "error", "-xerror", "-i", "/tmp/.tmpxaQ7JN/保存 results/source-z8-2.opus", "-f", "null", "-"]
[validation] ffprobe ["-v", "error", "-select_streams", "a:0", "-show_entries", "stream=channels,codec_name:format=duration", "-of", "json", "/tmp/.tmpxaQ7JN/source.mp3"]
[validation] ffprobe ["-v", "error", "-select_streams", "a:0", "-show_entries", "stream=channels,codec_name:format=duration", "-of", "json", "/tmp/.tmpxaQ7JN/保存 results/source-z8-2.opus"]
[validation] ffmpeg ["-nostdin", "-v", "error", "-i", "/tmp/.tmpxaQ7JN/保存 results/source-z8-2.opus", "-map", "0:a:0", "-t", "2", "-ar", "48000", "-ac", "2", "-f", "f32le", "/tmp/.tmpSWXC00/signal.f32"]
[validation] ffmpeg ["-nostdin", "-v", "error", "-xerror", "-i", "/tmp/.tmpxaQ7JN/保存 results/source-z8-2.m4a", "-f", "null", "-"]
[validation] ffprobe ["-v", "error", "-select_streams", "a:0", "-show_entries", "stream=channels,codec_name:format=duration", "-of", "json", "/tmp/.tmpxaQ7JN/source.mp3"]
[validation] ffprobe ["-v", "error", "-select_streams", "a:0", "-show_entries", "stream=channels,codec_name:format=duration", "-of", "json", "/tmp/.tmpxaQ7JN/保存 results/source-z8-2.m4a"]
[validation] ffmpeg ["-nostdin", "-v", "error", "-i", "/tmp/.tmpxaQ7JN/保存 results/source-z8-2.m4a", "-map", "0:a:0", "-t", "2", "-ar", "48000", "-ac", "2", "-f", "f32le", "/tmp/.tmpWyPvCF/signal.f32"]
[validation] ffmpeg ["-nostdin", "-v", "error", "-xerror", "-i", "/tmp/.tmpxaQ7JN/保存 results/source-z8-1-z8-1.wav", "-f", "null", "-"]
[validation] ffprobe ["-v", "error", "-select_streams", "a:0", "-show_entries", "stream=channels,codec_name:format=duration", "-of", "json", "/tmp/.tmpxaQ7JN/保存 results/source-z8-1.wav"]
[validation] ffprobe ["-v", "error", "-select_streams", "a:0", "-show_entries", "stream=channels,codec_name:format=duration", "-of", "json", "/tmp/.tmpxaQ7JN/保存 results/source-z8-1-z8-1.wav"]
[validation] ffmpeg ["-nostdin", "-v", "error", "-i", "/tmp/.tmpxaQ7JN/保存 results/source-z8-1-z8-1.wav", "-map", "0:a:0", "-t", "2", "-ar", "48000", "-ac", "2", "-f", "f32le", "/tmp/.tmpXeXeyG/signal.f32"]
[validation] ffmpeg ["-nostdin", "-v", "error", "-xerror", "-i", "/tmp/.tmpxaQ7JN/保存 results/source-z8-1-z8-1.mp3", "-f", "null", "-"]
[validation] ffprobe ["-v", "error", "-select_streams", "a:0", "-show_entries", "stream=channels,codec_name:format=duration", "-of", "json", "/tmp/.tmpxaQ7JN/保存 results/source-z8-1.wav"]
[validation] ffprobe ["-v", "error", "-select_streams", "a:0", "-show_entries", "stream=channels,codec_name:format=duration", "-of", "json", "/tmp/.tmpxaQ7JN/保存 results/source-z8-1-z8-1.mp3"]
[validation] ffmpeg ["-nostdin", "-v", "error", "-i", "/tmp/.tmpxaQ7JN/保存 results/source-z8-1-z8-1.mp3", "-map", "0:a:0", "-t", "2", "-ar", "48000", "-ac", "2", "-f", "f32le", "/tmp/.tmpmpQmFP/signal.f32"]
[validation] ffmpeg ["-nostdin", "-v", "error", "-xerror", "-i", "/tmp/.tmpxaQ7JN/保存 results/source-z8-1-z8-1.flac", "-f", "null", "-"]
[validation] ffprobe ["-v", "error", "-select_streams", "a:0", "-show_entries", "stream=channels,codec_name:format=duration", "-of", "json", "/tmp/.tmpxaQ7JN/保存 results/source-z8-1.wav"]
[validation] ffprobe ["-v", "error", "-select_streams", "a:0", "-show_entries", "stream=channels,codec_name:format=duration", "-of", "json", "/tmp/.tmpxaQ7JN/保存 results/source-z8-1-z8-1.flac"]
[validation] ffmpeg ["-nostdin", "-v", "error", "-i", "/tmp/.tmpxaQ7JN/保存 results/source-z8-1-z8-1.flac", "-map", "0:a:0", "-t", "2", "-ar", "48000", "-ac", "2", "-f", "f32le", "/tmp/.tmp8kABga/signal.f32"]
[validation] ffmpeg ["-nostdin", "-v", "error", "-xerror", "-i", "/tmp/.tmpxaQ7JN/保存 results/source-z8-1-z8-1.opus", "-f", "null", "-"]
[validation] ffprobe ["-v", "error", "-select_streams", "a:0", "-show_entries", "stream=channels,codec_name:format=duration", "-of", "json", "/tmp/.tmpxaQ7JN/保存 results/source-z8-1.wav"]
[validation] ffprobe ["-v", "error", "-select_streams", "a:0", "-show_entries", "stream=channels,codec_name:format=duration", "-of", "json", "/tmp/.tmpxaQ7JN/保存 results/source-z8-1-z8-1.opus"]
[validation] ffmpeg ["-nostdin", "-v", "error", "-i", "/tmp/.tmpxaQ7JN/保存 results/source-z8-1-z8-1.opus", "-map", "0:a:0", "-t", "2", "-ar", "48000", "-ac", "2", "-f", "f32le", "/tmp/.tmpY9y7T8/signal.f32"]
[validation] ffmpeg ["-nostdin", "-v", "error", "-xerror", "-i", "/tmp/.tmpxaQ7JN/保存 results/source-z8-1-z8-1.m4a", "-f", "null", "-"]
[validation] ffprobe ["-v", "error", "-select_streams", "a:0", "-show_entries", "stream=channels,codec_name:format=duration", "-of", "json", "/tmp/.tmpxaQ7JN/保存 results/source-z8-1.wav"]
[validation] ffprobe ["-v", "error", "-select_streams", "a:0", "-show_entries", "stream=channels,codec_name:format=duration", "-of", "json", "/tmp/.tmpxaQ7JN/保存 results/source-z8-1-z8-1.m4a"]
[validation] ffmpeg ["-nostdin", "-v", "error", "-i", "/tmp/.tmpxaQ7JN/保存 results/source-z8-1-z8-1.m4a", "-map", "0:a:0", "-t", "2", "-ar", "48000", "-ac", "2", "-f", "f32le", "/tmp/.tmp4Cqpwk/signal.f32"]
[validation] ffmpeg ["-nostdin", "-v", "error", "-xerror", "-i", "/tmp/.tmpxaQ7JN/保存 results/source-z8-1-z8-2.wav", "-f", "null", "-"]
[validation] ffprobe ["-v", "error", "-select_streams", "a:0", "-show_entries", "stream=channels,codec_name:format=duration", "-of", "json", "/tmp/.tmpxaQ7JN/保存 results/source-z8-1.flac"]
[validation] ffprobe ["-v", "error", "-select_streams", "a:0", "-show_entries", "stream=channels,codec_name:format=duration", "-of", "json", "/tmp/.tmpxaQ7JN/保存 results/source-z8-1-z8-2.wav"]
[validation] ffmpeg ["-nostdin", "-v", "error", "-i", "/tmp/.tmpxaQ7JN/保存 results/source-z8-1-z8-2.wav", "-map", "0:a:0", "-t", "2", "-ar", "48000", "-ac", "2", "-f", "f32le", "/tmp/.tmpZb1DaI/signal.f32"]
[validation] ffmpeg ["-nostdin", "-v", "error", "-xerror", "-i", "/tmp/.tmpxaQ7JN/保存 results/source-z8-1-z8-2.mp3", "-f", "null", "-"]
[validation] ffprobe ["-v", "error", "-select_streams", "a:0", "-show_entries", "stream=channels,codec_name:format=duration", "-of", "json", "/tmp/.tmpxaQ7JN/保存 results/source-z8-1.flac"]
[validation] ffprobe ["-v", "error", "-select_streams", "a:0", "-show_entries", "stream=channels,codec_name:format=duration", "-of", "json", "/tmp/.tmpxaQ7JN/保存 results/source-z8-1-z8-2.mp3"]
[validation] ffmpeg ["-nostdin", "-v", "error", "-i", "/tmp/.tmpxaQ7JN/保存 results/source-z8-1-z8-2.mp3", "-map", "0:a:0", "-t", "2", "-ar", "48000", "-ac", "2", "-f", "f32le", "/tmp/.tmp7YmYJV/signal.f32"]
[validation] ffmpeg ["-nostdin", "-v", "error", "-xerror", "-i", "/tmp/.tmpxaQ7JN/保存 results/source-z8-1-z8-2.flac", "-f", "null", "-"]
[validation] ffprobe ["-v", "error", "-select_streams", "a:0", "-show_entries", "stream=channels,codec_name:format=duration", "-of", "json", "/tmp/.tmpxaQ7JN/保存 results/source-z8-1.flac"]
[validation] ffprobe ["-v", "error", "-select_streams", "a:0", "-show_entries", "stream=channels,codec_name:format=duration", "-of", "json", "/tmp/.tmpxaQ7JN/保存 results/source-z8-1-z8-2.flac"]
[validation] ffmpeg ["-nostdin", "-v", "error", "-i", "/tmp/.tmpxaQ7JN/保存 results/source-z8-1-z8-2.flac", "-map", "0:a:0", "-t", "2", "-ar", "48000", "-ac", "2", "-f", "f32le", "/tmp/.tmp63qerH/signal.f32"]
[validation] ffmpeg ["-nostdin", "-v", "error", "-xerror", "-i", "/tmp/.tmpxaQ7JN/保存 results/source-z8-1-z8-2.opus", "-f", "null", "-"]
[validation] ffprobe ["-v", "error", "-select_streams", "a:0", "-show_entries", "stream=channels,codec_name:format=duration", "-of", "json", "/tmp/.tmpxaQ7JN/保存 results/source-z8-1.flac"]
[validation] ffprobe ["-v", "error", "-select_streams", "a:0", "-show_entries", "stream=channels,codec_name:format=duration", "-of", "json", "/tmp/.tmpxaQ7JN/保存 results/source-z8-1-z8-2.opus"]
[validation] ffmpeg ["-nostdin", "-v", "error", "-i", "/tmp/.tmpxaQ7JN/保存 results/source-z8-1-z8-2.opus", "-map", "0:a:0", "-t", "2", "-ar", "48000", "-ac", "2", "-f", "f32le", "/tmp/.tmpuXdF7S/signal.f32"]
[validation] ffmpeg ["-nostdin", "-v", "error", "-xerror", "-i", "/tmp/.tmpxaQ7JN/保存 results/source-z8-1-z8-2.m4a", "-f", "null", "-"]
[validation] ffprobe ["-v", "error", "-select_streams", "a:0", "-show_entries", "stream=channels,codec_name:format=duration", "-of", "json", "/tmp/.tmpxaQ7JN/保存 results/source-z8-1.flac"]
[validation] ffprobe ["-v", "error", "-select_streams", "a:0", "-show_entries", "stream=channels,codec_name:format=duration", "-of", "json", "/tmp/.tmpxaQ7JN/保存 results/source-z8-1-z8-2.m4a"]
[validation] ffmpeg ["-nostdin", "-v", "error", "-i", "/tmp/.tmpxaQ7JN/保存 results/source-z8-1-z8-2.m4a", "-map", "0:a:0", "-t", "2", "-ar", "48000", "-ac", "2", "-f", "f32le", "/tmp/.tmpQXPgBi/signal.f32"]
[validation] ffmpeg ["-nostdin", "-v", "error", "-xerror", "-i", "/tmp/.tmpxaQ7JN/保存 results/source-z8-1-z8-3.wav", "-f", "null", "-"]
[validation] ffprobe ["-v", "error", "-select_streams", "a:0", "-show_entries", "stream=channels,codec_name:format=duration", "-of", "json", "/tmp/.tmpxaQ7JN/保存 results/source-z8-1.opus"]
[validation] ffprobe ["-v", "error", "-select_streams", "a:0", "-show_entries", "stream=channels,codec_name:format=duration", "-of", "json", "/tmp/.tmpxaQ7JN/保存 results/source-z8-1-z8-3.wav"]
[validation] ffmpeg ["-nostdin", "-v", "error", "-i", "/tmp/.tmpxaQ7JN/保存 results/source-z8-1-z8-3.wav", "-map", "0:a:0", "-t", "2", "-ar", "48000", "-ac", "2", "-f", "f32le", "/tmp/.tmpPRvOVu/signal.f32"]
[validation] ffmpeg ["-nostdin", "-v", "error", "-xerror", "-i", "/tmp/.tmpxaQ7JN/保存 results/source-z8-1-z8-3.mp3", "-f", "null", "-"]
[validation] ffprobe ["-v", "error", "-select_streams", "a:0", "-show_entries", "stream=channels,codec_name:format=duration", "-of", "json", "/tmp/.tmpxaQ7JN/保存 results/source-z8-1.opus"]
[validation] ffprobe ["-v", "error", "-select_streams", "a:0", "-show_entries", "stream=channels,codec_name:format=duration", "-of", "json", "/tmp/.tmpxaQ7JN/保存 results/source-z8-1-z8-3.mp3"]
[validation] ffmpeg ["-nostdin", "-v", "error", "-i", "/tmp/.tmpxaQ7JN/保存 results/source-z8-1-z8-3.mp3", "-map", "0:a:0", "-t", "2", "-ar", "48000", "-ac", "2", "-f", "f32le", "/tmp/.tmpAz6nVh/signal.f32"]
[validation] ffmpeg ["-nostdin", "-v", "error", "-xerror", "-i", "/tmp/.tmpxaQ7JN/保存 results/source-z8-1-z8-3.flac", "-f", "null", "-"]
[validation] ffprobe ["-v", "error", "-select_streams", "a:0", "-show_entries", "stream=channels,codec_name:format=duration", "-of", "json", "/tmp/.tmpxaQ7JN/保存 results/source-z8-1.opus"]
[validation] ffprobe ["-v", "error", "-select_streams", "a:0", "-show_entries", "stream=channels,codec_name:format=duration", "-of", "json", "/tmp/.tmpxaQ7JN/保存 results/source-z8-1-z8-3.flac"]
[validation] ffmpeg ["-nostdin", "-v", "error", "-i", "/tmp/.tmpxaQ7JN/保存 results/source-z8-1-z8-3.flac", "-map", "0:a:0", "-t", "2", "-ar", "48000", "-ac", "2", "-f", "f32le", "/tmp/.tmpUEVnf2/signal.f32"]
[validation] ffmpeg ["-nostdin", "-v", "error", "-xerror", "-i", "/tmp/.tmpxaQ7JN/保存 results/source-z8-1-z8-3.opus", "-f", "null", "-"]
[validation] ffprobe ["-v", "error", "-select_streams", "a:0", "-show_entries", "stream=channels,codec_name:format=duration", "-of", "json", "/tmp/.tmpxaQ7JN/保存 results/source-z8-1.opus"]
[validation] ffprobe ["-v", "error", "-select_streams", "a:0", "-show_entries", "stream=channels,codec_name:format=duration", "-of", "json", "/tmp/.tmpxaQ7JN/保存 results/source-z8-1-z8-3.opus"]
[validation] ffmpeg ["-nostdin", "-v", "error", "-i", "/tmp/.tmpxaQ7JN/保存 results/source-z8-1-z8-3.opus", "-map", "0:a:0", "-t", "2", "-ar", "48000", "-ac", "2", "-f", "f32le", "/tmp/.tmpHF0LKP/signal.f32"]
[validation] ffmpeg ["-nostdin", "-v", "error", "-xerror", "-i", "/tmp/.tmpxaQ7JN/保存 results/source-z8-1-z8-3.m4a", "-f", "null", "-"]
[validation] ffprobe ["-v", "error", "-select_streams", "a:0", "-show_entries", "stream=channels,codec_name:format=duration", "-of", "json", "/tmp/.tmpxaQ7JN/保存 results/source-z8-1.opus"]
[validation] ffprobe ["-v", "error", "-select_streams", "a:0", "-show_entries", "stream=channels,codec_name:format=duration", "-of", "json", "/tmp/.tmpxaQ7JN/保存 results/source-z8-1-z8-3.m4a"]
[validation] ffmpeg ["-nostdin", "-v", "error", "-i", "/tmp/.tmpxaQ7JN/保存 results/source-z8-1-z8-3.m4a", "-map", "0:a:0", "-t", "2", "-ar", "48000", "-ac", "2", "-f", "f32le", "/tmp/.tmp1Tx1Ef/signal.f32"]
[validation] ffmpeg ["-nostdin", "-v", "error", "-xerror", "-i", "/tmp/.tmpxaQ7JN/保存 results/source-z8-1-z8-4.wav", "-f", "null", "-"]
[validation] ffprobe ["-v", "error", "-select_streams", "a:0", "-show_entries", "stream=channels,codec_name:format=duration", "-of", "json", "/tmp/.tmpxaQ7JN/保存 results/source-z8-1.m4a"]
[validation] ffprobe ["-v", "error", "-select_streams", "a:0", "-show_entries", "stream=channels,codec_name:format=duration", "-of", "json", "/tmp/.tmpxaQ7JN/保存 results/source-z8-1-z8-4.wav"]
[validation] ffmpeg ["-nostdin", "-v", "error", "-i", "/tmp/.tmpxaQ7JN/保存 results/source-z8-1-z8-4.wav", "-map", "0:a:0", "-t", "2", "-ar", "48000", "-ac", "2", "-f", "f32le", "/tmp/.tmpgNOZK1/signal.f32"]
[validation] ffmpeg ["-nostdin", "-v", "error", "-xerror", "-i", "/tmp/.tmpxaQ7JN/保存 results/source-z8-1-z8-4.mp3", "-f", "null", "-"]
[validation] ffprobe ["-v", "error", "-select_streams", "a:0", "-show_entries", "stream=channels,codec_name:format=duration", "-of", "json", "/tmp/.tmpxaQ7JN/保存 results/source-z8-1.m4a"]
[validation] ffprobe ["-v", "error", "-select_streams", "a:0", "-show_entries", "stream=channels,codec_name:format=duration", "-of", "json", "/tmp/.tmpxaQ7JN/保存 results/source-z8-1-z8-4.mp3"]
[validation] ffmpeg ["-nostdin", "-v", "error", "-i", "/tmp/.tmpxaQ7JN/保存 results/source-z8-1-z8-4.mp3", "-map", "0:a:0", "-t", "2", "-ar", "48000", "-ac", "2", "-f", "f32le", "/tmp/.tmpxVIKwo/signal.f32"]
[validation] ffmpeg ["-nostdin", "-v", "error", "-xerror", "-i", "/tmp/.tmpxaQ7JN/保存 results/source-z8-1-z8-4.flac", "-f", "null", "-"]
[validation] ffprobe ["-v", "error", "-select_streams", "a:0", "-show_entries", "stream=channels,codec_name:format=duration", "-of", "json", "/tmp/.tmpxaQ7JN/保存 results/source-z8-1.m4a"]
[validation] ffprobe ["-v", "error", "-select_streams", "a:0", "-show_entries", "stream=channels,codec_name:format=duration", "-of", "json", "/tmp/.tmpxaQ7JN/保存 results/source-z8-1-z8-4.flac"]
[validation] ffmpeg ["-nostdin", "-v", "error", "-i", "/tmp/.tmpxaQ7JN/保存 results/source-z8-1-z8-4.flac", "-map", "0:a:0", "-t", "2", "-ar", "48000", "-ac", "2", "-f", "f32le", "/tmp/.tmpARFP3H/signal.f32"]
[validation] ffmpeg ["-nostdin", "-v", "error", "-xerror", "-i", "/tmp/.tmpxaQ7JN/保存 results/source-z8-1-z8-4.opus", "-f", "null", "-"]
[validation] ffprobe ["-v", "error", "-select_streams", "a:0", "-show_entries", "stream=channels,codec_name:format=duration", "-of", "json", "/tmp/.tmpxaQ7JN/保存 results/source-z8-1.m4a"]
[validation] ffprobe ["-v", "error", "-select_streams", "a:0", "-show_entries", "stream=channels,codec_name:format=duration", "-of", "json", "/tmp/.tmpxaQ7JN/保存 results/source-z8-1-z8-4.opus"]
[validation] ffmpeg ["-nostdin", "-v", "error", "-i", "/tmp/.tmpxaQ7JN/保存 results/source-z8-1-z8-4.opus", "-map", "0:a:0", "-t", "2", "-ar", "48000", "-ac", "2", "-f", "f32le", "/tmp/.tmpIF5Laj/signal.f32"]
[validation] ffmpeg ["-nostdin", "-v", "error", "-xerror", "-i", "/tmp/.tmpxaQ7JN/保存 results/source-z8-1-z8-4.m4a", "-f", "null", "-"]
[validation] ffprobe ["-v", "error", "-select_streams", "a:0", "-show_entries", "stream=channels,codec_name:format=duration", "-of", "json", "/tmp/.tmpxaQ7JN/保存 results/source-z8-1.m4a"]
[validation] ffprobe ["-v", "error", "-select_streams", "a:0", "-show_entries", "stream=channels,codec_name:format=duration", "-of", "json", "/tmp/.tmpxaQ7JN/保存 results/source-z8-1-z8-4.m4a"]
[validation] ffmpeg ["-nostdin", "-v", "error", "-i", "/tmp/.tmpxaQ7JN/保存 results/source-z8-1-z8-4.m4a", "-map", "0:a:0", "-t", "2", "-ar", "48000", "-ac", "2", "-f", "f32le", "/tmp/.tmpySLNRP/signal.f32"]
[validation] ffmpeg ["-nostdin", "-v", "error", "-xerror", "-i", "/tmp/.tmpxaQ7JN/保存 results/source-z8-3.wav", "-f", "null", "-"]
[validation] ffprobe ["-v", "error", "-select_streams", "a:0", "-show_entries", "stream=channels,codec_name:format=duration", "-of", "json", "/tmp/.tmpxaQ7JN/source.ogg"]
[validation] ffprobe ["-v", "error", "-select_streams", "a:0", "-show_entries", "stream=channels,codec_name:format=duration", "-of", "json", "/tmp/.tmpxaQ7JN/保存 results/source-z8-3.wav"]
[validation] ffmpeg ["-nostdin", "-v", "error", "-i", "/tmp/.tmpxaQ7JN/保存 results/source-z8-3.wav", "-map", "0:a:0", "-t", "2", "-ar", "48000", "-ac", "2", "-f", "f32le", "/tmp/.tmpfhKF26/signal.f32"]
[validation] ffmpeg ["-nostdin", "-v", "error", "-xerror", "-i", "/tmp/.tmpxaQ7JN/保存 results/source-z8-2.mp3", "-f", "null", "-"]
[validation] ffprobe ["-v", "error", "-select_streams", "a:0", "-show_entries", "stream=channels,codec_name:format=duration", "-of", "json", "/tmp/.tmpxaQ7JN/source.ogg"]
[validation] ffprobe ["-v", "error", "-select_streams", "a:0", "-show_entries", "stream=channels,codec_name:format=duration", "-of", "json", "/tmp/.tmpxaQ7JN/保存 results/source-z8-2.mp3"]
[validation] ffmpeg ["-nostdin", "-v", "error", "-i", "/tmp/.tmpxaQ7JN/保存 results/source-z8-2.mp3", "-map", "0:a:0", "-t", "2", "-ar", "48000", "-ac", "2", "-f", "f32le", "/tmp/.tmp1G5egf/signal.f32"]
[validation] ffmpeg ["-nostdin", "-v", "error", "-xerror", "-i", "/tmp/.tmpxaQ7JN/保存 results/source-z8-3.flac", "-f", "null", "-"]
[validation] ffprobe ["-v", "error", "-select_streams", "a:0", "-show_entries", "stream=channels,codec_name:format=duration", "-of", "json", "/tmp/.tmpxaQ7JN/source.ogg"]
[validation] ffprobe ["-v", "error", "-select_streams", "a:0", "-show_entries", "stream=channels,codec_name:format=duration", "-of", "json", "/tmp/.tmpxaQ7JN/保存 results/source-z8-3.flac"]
[validation] ffmpeg ["-nostdin", "-v", "error", "-i", "/tmp/.tmpxaQ7JN/保存 results/source-z8-3.flac", "-map", "0:a:0", "-t", "2", "-ar", "48000", "-ac", "2", "-f", "f32le", "/tmp/.tmpCCTRxD/signal.f32"]
[validation] ffmpeg ["-nostdin", "-v", "error", "-xerror", "-i", "/tmp/.tmpxaQ7JN/保存 results/source-z8-3.opus", "-f", "null", "-"]
[validation] ffprobe ["-v", "error", "-select_streams", "a:0", "-show_entries", "stream=channels,codec_name:format=duration", "-of", "json", "/tmp/.tmpxaQ7JN/source.ogg"]
[validation] ffprobe ["-v", "error", "-select_streams", "a:0", "-show_entries", "stream=channels,codec_name:format=duration", "-of", "json", "/tmp/.tmpxaQ7JN/保存 results/source-z8-3.opus"]
[validation] ffmpeg ["-nostdin", "-v", "error", "-i", "/tmp/.tmpxaQ7JN/保存 results/source-z8-3.opus", "-map", "0:a:0", "-t", "2", "-ar", "48000", "-ac", "2", "-f", "f32le", "/tmp/.tmpucVnOJ/signal.f32"]
[validation] ffmpeg ["-nostdin", "-v", "error", "-xerror", "-i", "/tmp/.tmpxaQ7JN/保存 results/source-z8-3.m4a", "-f", "null", "-"]
[validation] ffprobe ["-v", "error", "-select_streams", "a:0", "-show_entries", "stream=channels,codec_name:format=duration", "-of", "json", "/tmp/.tmpxaQ7JN/source.ogg"]
[validation] ffprobe ["-v", "error", "-select_streams", "a:0", "-show_entries", "stream=channels,codec_name:format=duration", "-of", "json", "/tmp/.tmpxaQ7JN/保存 results/source-z8-3.m4a"]
[validation] ffmpeg ["-nostdin", "-v", "error", "-i", "/tmp/.tmpxaQ7JN/保存 results/source-z8-3.m4a", "-map", "0:a:0", "-t", "2", "-ar", "48000", "-ac", "2", "-f", "f32le", "/tmp/.tmpVIdgfO/signal.f32"]
[validation] ffmpeg ["-nostdin", "-v", "error", "-xerror", "-i", "/tmp/.tmpxaQ7JN/保存 results/video-z8-1.wav", "-f", "null", "-"]
[validation] ffprobe ["-v", "error", "-select_streams", "a:0", "-show_entries", "stream=channels,codec_name:format=duration", "-of", "json", "/tmp/.tmpxaQ7JN/video.mp4"]
[validation] ffprobe ["-v", "error", "-select_streams", "a:0", "-show_entries", "stream=channels,codec_name:format=duration", "-of", "json", "/tmp/.tmpxaQ7JN/保存 results/video-z8-1.wav"]
[validation] ffmpeg ["-nostdin", "-v", "error", "-i", "/tmp/.tmpxaQ7JN/保存 results/video-z8-1.wav", "-map", "0:a:0", "-t", "2", "-ar", "48000", "-ac", "2", "-f", "f32le", "/tmp/.tmpNfG7M1/signal.f32"]
[validation] ffmpeg ["-nostdin", "-v", "error", "-xerror", "-i", "/tmp/.tmpxaQ7JN/保存 results/video-z8-1.mp3", "-f", "null", "-"]
[validation] ffprobe ["-v", "error", "-select_streams", "a:0", "-show_entries", "stream=channels,codec_name:format=duration", "-of", "json", "/tmp/.tmpxaQ7JN/video.mp4"]
[validation] ffprobe ["-v", "error", "-select_streams", "a:0", "-show_entries", "stream=channels,codec_name:format=duration", "-of", "json", "/tmp/.tmpxaQ7JN/保存 results/video-z8-1.mp3"]
[validation] ffmpeg ["-nostdin", "-v", "error", "-i", "/tmp/.tmpxaQ7JN/保存 results/video-z8-1.mp3", "-map", "0:a:0", "-t", "2", "-ar", "48000", "-ac", "2", "-f", "f32le", "/tmp/.tmpClvJNV/signal.f32"]
[validation] ffmpeg ["-nostdin", "-v", "error", "-xerror", "-i", "/tmp/.tmpxaQ7JN/保存 results/video-z8-1.flac", "-f", "null", "-"]
[validation] ffprobe ["-v", "error", "-select_streams", "a:0", "-show_entries", "stream=channels,codec_name:format=duration", "-of", "json", "/tmp/.tmpxaQ7JN/video.mp4"]
[validation] ffprobe ["-v", "error", "-select_streams", "a:0", "-show_entries", "stream=channels,codec_name:format=duration", "-of", "json", "/tmp/.tmpxaQ7JN/保存 results/video-z8-1.flac"]
[validation] ffmpeg ["-nostdin", "-v", "error", "-i", "/tmp/.tmpxaQ7JN/保存 results/video-z8-1.flac", "-map", "0:a:0", "-t", "2", "-ar", "48000", "-ac", "2", "-f", "f32le", "/tmp/.tmpE4jiDi/signal.f32"]
[validation] ffmpeg ["-nostdin", "-v", "error", "-xerror", "-i", "/tmp/.tmpxaQ7JN/保存 results/video-z8-1.opus", "-f", "null", "-"]
[validation] ffprobe ["-v", "error", "-select_streams", "a:0", "-show_entries", "stream=channels,codec_name:format=duration", "-of", "json", "/tmp/.tmpxaQ7JN/video.mp4"]
[validation] ffprobe ["-v", "error", "-select_streams", "a:0", "-show_entries", "stream=channels,codec_name:format=duration", "-of", "json", "/tmp/.tmpxaQ7JN/保存 results/video-z8-1.opus"]
[validation] ffmpeg ["-nostdin", "-v", "error", "-i", "/tmp/.tmpxaQ7JN/保存 results/video-z8-1.opus", "-map", "0:a:0", "-t", "2", "-ar", "48000", "-ac", "2", "-f", "f32le", "/tmp/.tmpSLVKUv/signal.f32"]
[validation] ffmpeg ["-nostdin", "-v", "error", "-xerror", "-i", "/tmp/.tmpxaQ7JN/保存 results/video-z8-1.m4a", "-f", "null", "-"]
[validation] ffprobe ["-v", "error", "-select_streams", "a:0", "-show_entries", "stream=channels,codec_name:format=duration", "-of", "json", "/tmp/.tmpxaQ7JN/video.mp4"]
[validation] ffprobe ["-v", "error", "-select_streams", "a:0", "-show_entries", "stream=channels,codec_name:format=duration", "-of", "json", "/tmp/.tmpxaQ7JN/保存 results/video-z8-1.m4a"]
[validation] ffmpeg ["-nostdin", "-v", "error", "-i", "/tmp/.tmpxaQ7JN/保存 results/video-z8-1.m4a", "-map", "0:a:0", "-t", "2", "-ar", "48000", "-ac", "2", "-f", "f32le", "/tmp/.tmp6FObj6/signal.f32"]
[validation] ffmpeg ["-nostdin", "-v", "error", "-xerror", "-i", "/tmp/.tmpxaQ7JN/保存 results/video-z8-2.wav", "-f", "null", "-"]
[validation] ffprobe ["-v", "error", "-select_streams", "a:0", "-show_entries", "stream=channels,codec_name:format=duration", "-of", "json", "/tmp/.tmpxaQ7JN/video.mov"]
[validation] ffprobe ["-v", "error", "-select_streams", "a:0", "-show_entries", "stream=channels,codec_name:format=duration", "-of", "json", "/tmp/.tmpxaQ7JN/保存 results/video-z8-2.wav"]
[validation] ffmpeg ["-nostdin", "-v", "error", "-i", "/tmp/.tmpxaQ7JN/保存 results/video-z8-2.wav", "-map", "0:a:0", "-t", "2", "-ar", "48000", "-ac", "2", "-f", "f32le", "/tmp/.tmpJWRJOL/signal.f32"]
[validation] ffmpeg ["-nostdin", "-v", "error", "-xerror", "-i", "/tmp/.tmpxaQ7JN/保存 results/video-z8-2.mp3", "-f", "null", "-"]
[validation] ffprobe ["-v", "error", "-select_streams", "a:0", "-show_entries", "stream=channels,codec_name:format=duration", "-of", "json", "/tmp/.tmpxaQ7JN/video.mov"]
[validation] ffprobe ["-v", "error", "-select_streams", "a:0", "-show_entries", "stream=channels,codec_name:format=duration", "-of", "json", "/tmp/.tmpxaQ7JN/保存 results/video-z8-2.mp3"]
[validation] ffmpeg ["-nostdin", "-v", "error", "-i", "/tmp/.tmpxaQ7JN/保存 results/video-z8-2.mp3", "-map", "0:a:0", "-t", "2", "-ar", "48000", "-ac", "2", "-f", "f32le", "/tmp/.tmpK7Ynrw/signal.f32"]
[validation] ffmpeg ["-nostdin", "-v", "error", "-xerror", "-i", "/tmp/.tmpxaQ7JN/保存 results/video-z8-2.flac", "-f", "null", "-"]
[validation] ffprobe ["-v", "error", "-select_streams", "a:0", "-show_entries", "stream=channels,codec_name:format=duration", "-of", "json", "/tmp/.tmpxaQ7JN/video.mov"]
[validation] ffprobe ["-v", "error", "-select_streams", "a:0", "-show_entries", "stream=channels,codec_name:format=duration", "-of", "json", "/tmp/.tmpxaQ7JN/保存 results/video-z8-2.flac"]
[validation] ffmpeg ["-nostdin", "-v", "error", "-i", "/tmp/.tmpxaQ7JN/保存 results/video-z8-2.flac", "-map", "0:a:0", "-t", "2", "-ar", "48000", "-ac", "2", "-f", "f32le", "/tmp/.tmprLn6fR/signal.f32"]
[validation] ffmpeg ["-nostdin", "-v", "error", "-xerror", "-i", "/tmp/.tmpxaQ7JN/保存 results/video-z8-2.opus", "-f", "null", "-"]
[validation] ffprobe ["-v", "error", "-select_streams", "a:0", "-show_entries", "stream=channels,codec_name:format=duration", "-of", "json", "/tmp/.tmpxaQ7JN/video.mov"]
[validation] ffprobe ["-v", "error", "-select_streams", "a:0", "-show_entries", "stream=channels,codec_name:format=duration", "-of", "json", "/tmp/.tmpxaQ7JN/保存 results/video-z8-2.opus"]
[validation] ffmpeg ["-nostdin", "-v", "error", "-i", "/tmp/.tmpxaQ7JN/保存 results/video-z8-2.opus", "-map", "0:a:0", "-t", "2", "-ar", "48000", "-ac", "2", "-f", "f32le", "/tmp/.tmpEe6v5I/signal.f32"]
[validation] ffmpeg ["-nostdin", "-v", "error", "-xerror", "-i", "/tmp/.tmpxaQ7JN/保存 results/video-z8-2.m4a", "-f", "null", "-"]
[validation] ffprobe ["-v", "error", "-select_streams", "a:0", "-show_entries", "stream=channels,codec_name:format=duration", "-of", "json", "/tmp/.tmpxaQ7JN/video.mov"]
[validation] ffprobe ["-v", "error", "-select_streams", "a:0", "-show_entries", "stream=channels,codec_name:format=duration", "-of", "json", "/tmp/.tmpxaQ7JN/保存 results/video-z8-2.m4a"]
[validation] ffmpeg ["-nostdin", "-v", "error", "-i", "/tmp/.tmpxaQ7JN/保存 results/video-z8-2.m4a", "-map", "0:a:0", "-t", "2", "-ar", "48000", "-ac", "2", "-f", "f32le", "/tmp/.tmpR6L2VN/signal.f32"]
[validation] ffmpeg ["-nostdin", "-v", "error", "-xerror", "-i", "/tmp/.tmpxaQ7JN/保存 results/video-z8-3.wav", "-f", "null", "-"]
[validation] ffprobe ["-v", "error", "-select_streams", "a:0", "-show_entries", "stream=channels,codec_name:format=duration", "-of", "json", "/tmp/.tmpxaQ7JN/video.mkv"]
[validation] ffprobe ["-v", "error", "-select_streams", "a:0", "-show_entries", "stream=channels,codec_name:format=duration", "-of", "json", "/tmp/.tmpxaQ7JN/保存 results/video-z8-3.wav"]
[validation] ffmpeg ["-nostdin", "-v", "error", "-i", "/tmp/.tmpxaQ7JN/保存 results/video-z8-3.wav", "-map", "0:a:0", "-t", "2", "-ar", "48000", "-ac", "2", "-f", "f32le", "/tmp/.tmpp4ThQu/signal.f32"]
[validation] ffmpeg ["-nostdin", "-v", "error", "-xerror", "-i", "/tmp/.tmpxaQ7JN/保存 results/video-z8-3.mp3", "-f", "null", "-"]
[validation] ffprobe ["-v", "error", "-select_streams", "a:0", "-show_entries", "stream=channels,codec_name:format=duration", "-of", "json", "/tmp/.tmpxaQ7JN/video.mkv"]
[validation] ffprobe ["-v", "error", "-select_streams", "a:0", "-show_entries", "stream=channels,codec_name:format=duration", "-of", "json", "/tmp/.tmpxaQ7JN/保存 results/video-z8-3.mp3"]
[validation] ffmpeg ["-nostdin", "-v", "error", "-i", "/tmp/.tmpxaQ7JN/保存 results/video-z8-3.mp3", "-map", "0:a:0", "-t", "2", "-ar", "48000", "-ac", "2", "-f", "f32le", "/tmp/.tmpUJ494m/signal.f32"]
[validation] ffmpeg ["-nostdin", "-v", "error", "-xerror", "-i", "/tmp/.tmpxaQ7JN/保存 results/video-z8-3.flac", "-f", "null", "-"]
[validation] ffprobe ["-v", "error", "-select_streams", "a:0", "-show_entries", "stream=channels,codec_name:format=duration", "-of", "json", "/tmp/.tmpxaQ7JN/video.mkv"]
[validation] ffprobe ["-v", "error", "-select_streams", "a:0", "-show_entries", "stream=channels,codec_name:format=duration", "-of", "json", "/tmp/.tmpxaQ7JN/保存 results/video-z8-3.flac"]
[validation] ffmpeg ["-nostdin", "-v", "error", "-i", "/tmp/.tmpxaQ7JN/保存 results/video-z8-3.flac", "-map", "0:a:0", "-t", "2", "-ar", "48000", "-ac", "2", "-f", "f32le", "/tmp/.tmpXDRC0q/signal.f32"]
[validation] ffmpeg ["-nostdin", "-v", "error", "-xerror", "-i", "/tmp/.tmpxaQ7JN/保存 results/video-z8-3.opus", "-f", "null", "-"]
[validation] ffprobe ["-v", "error", "-select_streams", "a:0", "-show_entries", "stream=channels,codec_name:format=duration", "-of", "json", "/tmp/.tmpxaQ7JN/video.mkv"]
[validation] ffprobe ["-v", "error", "-select_streams", "a:0", "-show_entries", "stream=channels,codec_name:format=duration", "-of", "json", "/tmp/.tmpxaQ7JN/保存 results/video-z8-3.opus"]
[validation] ffmpeg ["-nostdin", "-v", "error", "-i", "/tmp/.tmpxaQ7JN/保存 results/video-z8-3.opus", "-map", "0:a:0", "-t", "2", "-ar", "48000", "-ac", "2", "-f", "f32le", "/tmp/.tmpKwm024/signal.f32"]
[validation] ffmpeg ["-nostdin", "-v", "error", "-xerror", "-i", "/tmp/.tmpxaQ7JN/保存 results/video-z8-3.m4a", "-f", "null", "-"]
[validation] ffprobe ["-v", "error", "-select_streams", "a:0", "-show_entries", "stream=channels,codec_name:format=duration", "-of", "json", "/tmp/.tmpxaQ7JN/video.mkv"]
[validation] ffprobe ["-v", "error", "-select_streams", "a:0", "-show_entries", "stream=channels,codec_name:format=duration", "-of", "json", "/tmp/.tmpxaQ7JN/保存 results/video-z8-3.m4a"]
[validation] ffmpeg ["-nostdin", "-v", "error", "-i", "/tmp/.tmpxaQ7JN/保存 results/video-z8-3.m4a", "-map", "0:a:0", "-t", "2", "-ar", "48000", "-ac", "2", "-f", "f32le", "/tmp/.tmpmWCuvB/signal.f32"]
[validation] ffmpeg ["-nostdin", "-v", "error", "-xerror", "-i", "/tmp/.tmpxaQ7JN/保存 results/video-z8-4.wav", "-f", "null", "-"]
[validation] ffprobe ["-v", "error", "-select_streams", "a:0", "-show_entries", "stream=channels,codec_name:format=duration", "-of", "json", "/tmp/.tmpxaQ7JN/video.webm"]
[validation] ffprobe ["-v", "error", "-select_streams", "a:0", "-show_entries", "stream=channels,codec_name:format=duration", "-of", "json", "/tmp/.tmpxaQ7JN/保存 results/video-z8-4.wav"]
[validation] ffmpeg ["-nostdin", "-v", "error", "-i", "/tmp/.tmpxaQ7JN/保存 results/video-z8-4.wav", "-map", "0:a:0", "-t", "2", "-ar", "48000", "-ac", "2", "-f", "f32le", "/tmp/.tmpc80A1D/signal.f32"]
[validation] ffmpeg ["-nostdin", "-v", "error", "-xerror", "-i", "/tmp/.tmpxaQ7JN/保存 results/video-z8-4.mp3", "-f", "null", "-"]
[validation] ffprobe ["-v", "error", "-select_streams", "a:0", "-show_entries", "stream=channels,codec_name:format=duration", "-of", "json", "/tmp/.tmpxaQ7JN/video.webm"]
[validation] ffprobe ["-v", "error", "-select_streams", "a:0", "-show_entries", "stream=channels,codec_name:format=duration", "-of", "json", "/tmp/.tmpxaQ7JN/保存 results/video-z8-4.mp3"]
[validation] ffmpeg ["-nostdin", "-v", "error", "-i", "/tmp/.tmpxaQ7JN/保存 results/video-z8-4.mp3", "-map", "0:a:0", "-t", "2", "-ar", "48000", "-ac", "2", "-f", "f32le", "/tmp/.tmppiHLPa/signal.f32"]
[validation] ffmpeg ["-nostdin", "-v", "error", "-xerror", "-i", "/tmp/.tmpxaQ7JN/保存 results/video-z8-4.flac", "-f", "null", "-"]
[validation] ffprobe ["-v", "error", "-select_streams", "a:0", "-show_entries", "stream=channels,codec_name:format=duration", "-of", "json", "/tmp/.tmpxaQ7JN/video.webm"]
[validation] ffprobe ["-v", "error", "-select_streams", "a:0", "-show_entries", "stream=channels,codec_name:format=duration", "-of", "json", "/tmp/.tmpxaQ7JN/保存 results/video-z8-4.flac"]
[validation] ffmpeg ["-nostdin", "-v", "error", "-i", "/tmp/.tmpxaQ7JN/保存 results/video-z8-4.flac", "-map", "0:a:0", "-t", "2", "-ar", "48000", "-ac", "2", "-f", "f32le", "/tmp/.tmpaGNSKt/signal.f32"]
[validation] ffmpeg ["-nostdin", "-v", "error", "-xerror", "-i", "/tmp/.tmpxaQ7JN/保存 results/video-z8-4.opus", "-f", "null", "-"]
[validation] ffprobe ["-v", "error", "-select_streams", "a:0", "-show_entries", "stream=channels,codec_name:format=duration", "-of", "json", "/tmp/.tmpxaQ7JN/video.webm"]
[validation] ffprobe ["-v", "error", "-select_streams", "a:0", "-show_entries", "stream=channels,codec_name:format=duration", "-of", "json", "/tmp/.tmpxaQ7JN/保存 results/video-z8-4.opus"]
[validation] ffmpeg ["-nostdin", "-v", "error", "-i", "/tmp/.tmpxaQ7JN/保存 results/video-z8-4.opus", "-map", "0:a:0", "-t", "2", "-ar", "48000", "-ac", "2", "-f", "f32le", "/tmp/.tmpC3xidI/signal.f32"]
[validation] ffmpeg ["-nostdin", "-v", "error", "-xerror", "-i", "/tmp/.tmpxaQ7JN/保存 results/video-z8-4.m4a", "-f", "null", "-"]
[validation] ffprobe ["-v", "error", "-select_streams", "a:0", "-show_entries", "stream=channels,codec_name:format=duration", "-of", "json", "/tmp/.tmpxaQ7JN/video.webm"]
[validation] ffprobe ["-v", "error", "-select_streams", "a:0", "-show_entries", "stream=channels,codec_name:format=duration", "-of", "json", "/tmp/.tmpxaQ7JN/保存 results/video-z8-4.m4a"]
[validation] ffmpeg ["-nostdin", "-v", "error", "-i", "/tmp/.tmpxaQ7JN/保存 results/video-z8-4.m4a", "-map", "0:a:0", "-t", "2", "-ar", "48000", "-ac", "2", "-f", "f32le", "/tmp/.tmpnOXtdg/signal.f32"]
[validation] ffmpeg ["-nostdin", "-v", "error", "-xerror", "-i", "/tmp/.tmpxaQ7JN/保存 results/三页 [0]-page-001-z8-1.png", "-f", "null", "-"]
[validation] magick ["identify", "-format", "%w %h", "/tmp/.tmpxaQ7JN/保存 results/三页 [0]-page-001-z8-1.png"]
[validation] magick ["/tmp/.tmpxaQ7JN/保存 results/三页 [0]-page-001-z8-1.png", "-auto-orient", "-depth", "8", "RGBA:/tmp/.tmpxaQ7JN/pdf-font.rgba"]
[validation] ffmpeg ["-nostdin", "-v", "error", "-xerror", "-i", "/tmp/.tmpxaQ7JN/保存 results/三页 [0]-page-002-z8-1.png", "-f", "null", "-"]
[validation] magick ["identify", "-format", "%w %h", "/tmp/.tmpxaQ7JN/保存 results/三页 [0]-page-002-z8-1.png"]
[validation] magick ["/tmp/.tmpxaQ7JN/保存 results/三页 [0]-page-002-z8-1.png", "-auto-orient", "-depth", "8", "RGBA:/tmp/.tmpxaQ7JN/pdf-font.rgba"]
[validation] ffmpeg ["-nostdin", "-v", "error", "-xerror", "-i", "/tmp/.tmpxaQ7JN/保存 results/三页 [0]-page-003-z8-1.png", "-f", "null", "-"]
[validation] magick ["identify", "-format", "%w %h", "/tmp/.tmpxaQ7JN/保存 results/三页 [0]-page-003-z8-1.png"]
[validation] magick ["/tmp/.tmpxaQ7JN/保存 results/三页 [0]-page-003-z8-1.png", "-auto-orient", "-depth", "8", "RGBA:/tmp/.tmpxaQ7JN/pdf-font.rgba"]
[validation] ffmpeg ["-nostdin", "-v", "error", "-xerror", "-i", "/tmp/.tmpxaQ7JN/保存 results/三页 [0]-page-001-z8-1.jpg", "-f", "null", "-"]
[validation] magick ["identify", "-format", "%w %h", "/tmp/.tmpxaQ7JN/保存 results/三页 [0]-page-001-z8-1.jpg"]
[validation] magick ["/tmp/.tmpxaQ7JN/保存 results/三页 [0]-page-001-z8-1.jpg", "-auto-orient", "-depth", "8", "RGBA:/tmp/.tmpxaQ7JN/pdf-font.rgba"]
[validation] ffmpeg ["-nostdin", "-v", "error", "-xerror", "-i", "/tmp/.tmpxaQ7JN/保存 results/三页 [0]-page-002-z8-1.jpg", "-f", "null", "-"]
[validation] magick ["identify", "-format", "%w %h", "/tmp/.tmpxaQ7JN/保存 results/三页 [0]-page-002-z8-1.jpg"]
[validation] magick ["/tmp/.tmpxaQ7JN/保存 results/三页 [0]-page-002-z8-1.jpg", "-auto-orient", "-depth", "8", "RGBA:/tmp/.tmpxaQ7JN/pdf-font.rgba"]
[validation] ffmpeg ["-nostdin", "-v", "error", "-xerror", "-i", "/tmp/.tmpxaQ7JN/保存 results/三页 [0]-page-003-z8-1.jpg", "-f", "null", "-"]
[validation] magick ["identify", "-format", "%w %h", "/tmp/.tmpxaQ7JN/保存 results/三页 [0]-page-003-z8-1.jpg"]
[validation] magick ["/tmp/.tmpxaQ7JN/保存 results/三页 [0]-page-003-z8-1.jpg", "-auto-orient", "-depth", "8", "RGBA:/tmp/.tmpxaQ7JN/pdf-font.rgba"]
[validation] ffmpeg ["-nostdin", "-v", "error", "-xerror", "-i", "/tmp/.tmpxaQ7JN/保存 results/三页 [0]-page-001-z8-1.webp", "-f", "null", "-"]
[validation] magick ["identify", "-format", "%w %h", "/tmp/.tmpxaQ7JN/保存 results/三页 [0]-page-001-z8-1.webp"]
[validation] magick ["/tmp/.tmpxaQ7JN/保存 results/三页 [0]-page-001-z8-1.webp", "-auto-orient", "-depth", "8", "RGBA:/tmp/.tmpxaQ7JN/pdf-font.rgba"]
[validation] ffmpeg ["-nostdin", "-v", "error", "-xerror", "-i", "/tmp/.tmpxaQ7JN/保存 results/三页 [0]-page-002-z8-1.webp", "-f", "null", "-"]
[validation] magick ["identify", "-format", "%w %h", "/tmp/.tmpxaQ7JN/保存 results/三页 [0]-page-002-z8-1.webp"]
[validation] magick ["/tmp/.tmpxaQ7JN/保存 results/三页 [0]-page-002-z8-1.webp", "-auto-orient", "-depth", "8", "RGBA:/tmp/.tmpxaQ7JN/pdf-font.rgba"]
[validation] ffmpeg ["-nostdin", "-v", "error", "-xerror", "-i", "/tmp/.tmpxaQ7JN/保存 results/三页 [0]-page-003-z8-1.webp", "-f", "null", "-"]
[validation] magick ["identify", "-format", "%w %h", "/tmp/.tmpxaQ7JN/保存 results/三页 [0]-page-003-z8-1.webp"]
[validation] magick ["/tmp/.tmpxaQ7JN/保存 results/三页 [0]-page-003-z8-1.webp", "-auto-orient", "-depth", "8", "RGBA:/tmp/.tmpxaQ7JN/pdf-font.rgba"]
[validation] ffmpeg ["-nostdin", "-v", "error", "-xerror", "-i", "/tmp/.tmpxaQ7JN/保存 results/三页 [0]-page-001-z8-1.avif", "-f", "null", "-"]
[validation] magick ["identify", "-format", "%w %h", "/tmp/.tmpxaQ7JN/保存 results/三页 [0]-page-001-z8-1.avif"]
[validation] magick ["/tmp/.tmpxaQ7JN/保存 results/三页 [0]-page-001-z8-1.avif", "-auto-orient", "-depth", "8", "RGBA:/tmp/.tmpxaQ7JN/pdf-font.rgba"]
[validation] ffmpeg ["-nostdin", "-v", "error", "-xerror", "-i", "/tmp/.tmpxaQ7JN/保存 results/三页 [0]-page-002-z8-1.avif", "-f", "null", "-"]
[validation] magick ["identify", "-format", "%w %h", "/tmp/.tmpxaQ7JN/保存 results/三页 [0]-page-002-z8-1.avif"]
[validation] magick ["/tmp/.tmpxaQ7JN/保存 results/三页 [0]-page-002-z8-1.avif", "-auto-orient", "-depth", "8", "RGBA:/tmp/.tmpxaQ7JN/pdf-font.rgba"]
[validation] ffmpeg ["-nostdin", "-v", "error", "-xerror", "-i", "/tmp/.tmpxaQ7JN/保存 results/三页 [0]-page-003-z8-1.avif", "-f", "null", "-"]
[validation] magick ["identify", "-format", "%w %h", "/tmp/.tmpxaQ7JN/保存 results/三页 [0]-page-003-z8-1.avif"]
[validation] magick ["/tmp/.tmpxaQ7JN/保存 results/三页 [0]-page-003-z8-1.avif", "-auto-orient", "-depth", "8", "RGBA:/tmp/.tmpxaQ7JN/pdf-font.rgba"]
[validation] magick ["-size", "96x64", "gradient:red-blue", "-profile", "/tmp/.tmpfIm7r2/display-p3.icc", "/tmp/.tmpfIm7r2/icc.png"]
[validation] magick ["/tmp/.tmpfIm7r2/results/icc-z8-1.png", "/tmp/.tmpfIm7r2/output.icc"]
[validation] magick ["/tmp/.tmpfIm7r2/results/icc-z8-2.png", "/tmp/.tmpfIm7r2/output.icc"]
[validation] magick ["/tmp/.tmpfIm7r2/results/icc-z8-1.jpg", "/tmp/.tmpfIm7r2/output.icc"]
[validation] magick ["/tmp/.tmpfIm7r2/results/icc-z8-2.jpg", "/tmp/.tmpfIm7r2/output.icc"]
[validation] magick ["/tmp/.tmpfIm7r2/results/icc-z8-1.webp", "/tmp/.tmpfIm7r2/output.icc"]
[validation] magick ["/tmp/.tmpfIm7r2/results/icc-z8-2.webp", "/tmp/.tmpfIm7r2/output.icc"]
[validation] magick ["/tmp/.tmpfIm7r2/results/icc-z8-1.avif", "/tmp/.tmpfIm7r2/output.icc"]
[validation] magick ["/tmp/.tmpfIm7r2/results/icc-z8-2.avif", "/tmp/.tmpfIm7r2/output.icc"]
[validation] magick ["-size", "96x64", "gradient:red-blue", "/tmp/.tmpfIm7r2/orientation.jpg"]
[validation] magick ["identify", "-format", "%[orientation]", "/tmp/.tmpfIm7r2/orientation.jpg"]
[validation] magick ["/tmp/.tmpfIm7r2/orientation.jpg", "-auto-orient", "-depth", "8", "RGBA:/tmp/.tmpfIm7r2/expected.rgba"]
[validation] magick ["/tmp/.tmpfIm7r2/results/orientation-z8-1.png", "-auto-orient", "-depth", "8", "RGBA:/tmp/.tmpfIm7r2/actual.rgba"]
[validation] magick ["/tmp/.tmpfIm7r2/orientation.jpg", "-auto-orient", "-format", "%w %h", "info:"]
[validation] magick ["/tmp/.tmpfIm7r2/results/orientation-z8-1.png", "-auto-orient", "-format", "%w %h", "info:"]
[validation] magick ["/tmp/.tmpfIm7r2/results/orientation-z8-1.png", "-auto-orient", "-format", "%w %h", "info:"]
[validation] magick ["/tmp/.tmpfIm7r2/orientation.jpg", "-auto-orient", "-depth", "8", "RGBA:/tmp/.tmpfIm7r2/expected.rgba"]
[validation] magick ["/tmp/.tmpfIm7r2/results/orientation-z8-2.png", "-auto-orient", "-depth", "8", "RGBA:/tmp/.tmpfIm7r2/actual.rgba"]
[validation] magick ["/tmp/.tmpfIm7r2/orientation.jpg", "-auto-orient", "-format", "%w %h", "info:"]
[validation] magick ["/tmp/.tmpfIm7r2/results/orientation-z8-2.png", "-auto-orient", "-format", "%w %h", "info:"]
[validation] magick ["/tmp/.tmpfIm7r2/results/orientation-z8-2.png", "-auto-orient", "-format", "%w %h", "info:"]
[validation] magick ["/tmp/.tmpfIm7r2/orientation.jpg", "-auto-orient", "-background", "white", "-alpha", "remove", "-alpha", "off", "-depth", "8", "RGBA:/tmp/.tmpfIm7r2/expected.rgba"]
[validation] magick ["/tmp/.tmpfIm7r2/results/orientation-z8-1.jpg", "-auto-orient", "-depth", "8", "RGBA:/tmp/.tmpfIm7r2/actual.rgba"]
[validation] magick ["/tmp/.tmpfIm7r2/orientation.jpg", "-auto-orient", "-format", "%w %h", "info:"]
[validation] magick ["/tmp/.tmpfIm7r2/results/orientation-z8-1.jpg", "-auto-orient", "-format", "%w %h", "info:"]
[validation] magick ["/tmp/.tmpfIm7r2/results/orientation-z8-1.jpg", "-auto-orient", "-format", "%w %h", "info:"]
[validation] magick ["/tmp/.tmpfIm7r2/orientation.jpg", "-auto-orient", "-background", "white", "-alpha", "remove", "-alpha", "off", "-depth", "8", "RGBA:/tmp/.tmpfIm7r2/expected.rgba"]
[validation] magick ["/tmp/.tmpfIm7r2/results/orientation-z8-2.jpg", "-auto-orient", "-depth", "8", "RGBA:/tmp/.tmpfIm7r2/actual.rgba"]
[validation] magick ["/tmp/.tmpfIm7r2/orientation.jpg", "-auto-orient", "-format", "%w %h", "info:"]
[validation] magick ["/tmp/.tmpfIm7r2/results/orientation-z8-2.jpg", "-auto-orient", "-format", "%w %h", "info:"]
[validation] magick ["/tmp/.tmpfIm7r2/results/orientation-z8-2.jpg", "-auto-orient", "-format", "%w %h", "info:"]
[validation] magick ["/tmp/.tmpfIm7r2/orientation.jpg", "-auto-orient", "-depth", "8", "RGBA:/tmp/.tmpfIm7r2/expected.rgba"]
[validation] magick ["/tmp/.tmpfIm7r2/results/orientation-z8-1.webp", "-auto-orient", "-depth", "8", "RGBA:/tmp/.tmpfIm7r2/actual.rgba"]
[validation] magick ["/tmp/.tmpfIm7r2/orientation.jpg", "-auto-orient", "-format", "%w %h", "info:"]
[validation] magick ["/tmp/.tmpfIm7r2/results/orientation-z8-1.webp", "-auto-orient", "-format", "%w %h", "info:"]
[validation] magick ["/tmp/.tmpfIm7r2/results/orientation-z8-1.webp", "-auto-orient", "-format", "%w %h", "info:"]
[validation] magick ["/tmp/.tmpfIm7r2/orientation.jpg", "-auto-orient", "-depth", "8", "RGBA:/tmp/.tmpfIm7r2/expected.rgba"]
[validation] magick ["/tmp/.tmpfIm7r2/results/orientation-z8-2.webp", "-auto-orient", "-depth", "8", "RGBA:/tmp/.tmpfIm7r2/actual.rgba"]
[validation] magick ["/tmp/.tmpfIm7r2/orientation.jpg", "-auto-orient", "-format", "%w %h", "info:"]
[validation] magick ["/tmp/.tmpfIm7r2/results/orientation-z8-2.webp", "-auto-orient", "-format", "%w %h", "info:"]
[validation] magick ["/tmp/.tmpfIm7r2/results/orientation-z8-2.webp", "-auto-orient", "-format", "%w %h", "info:"]
[validation] magick ["/tmp/.tmpfIm7r2/orientation.jpg", "-auto-orient", "-depth", "8", "RGBA:/tmp/.tmpfIm7r2/expected.rgba"]
[validation] magick ["/tmp/.tmpfIm7r2/results/orientation-z8-1.avif", "-auto-orient", "-depth", "8", "RGBA:/tmp/.tmpfIm7r2/actual.rgba"]
[validation] magick ["/tmp/.tmpfIm7r2/orientation.jpg", "-auto-orient", "-format", "%w %h", "info:"]
[validation] magick ["/tmp/.tmpfIm7r2/results/orientation-z8-1.avif", "-auto-orient", "-format", "%w %h", "info:"]
[validation] magick ["/tmp/.tmpfIm7r2/results/orientation-z8-1.avif", "-auto-orient", "-format", "%w %h", "info:"]
[validation] magick ["/tmp/.tmpfIm7r2/orientation.jpg", "-auto-orient", "-depth", "8", "RGBA:/tmp/.tmpfIm7r2/expected.rgba"]
[validation] magick ["/tmp/.tmpfIm7r2/results/orientation-z8-2.avif", "-auto-orient", "-depth", "8", "RGBA:/tmp/.tmpfIm7r2/actual.rgba"]
[validation] magick ["/tmp/.tmpfIm7r2/orientation.jpg", "-auto-orient", "-format", "%w %h", "info:"]
[validation] magick ["/tmp/.tmpfIm7r2/results/orientation-z8-2.avif", "-auto-orient", "-format", "%w %h", "info:"]
[validation] magick ["/tmp/.tmpfIm7r2/results/orientation-z8-2.avif", "-auto-orient", "-format", "%w %h", "info:"]
[validation] magick ["/tmp/.tmpfIm7r2/results/嵌入字体-page-001-z8-1.png", "-auto-orient", "-depth", "8", "RGBA:/tmp/.tmpfIm7r2/font-reference.rgba"]
[validation] magick ["/tmp/.tmpfIm7r2/results/嵌入字体-page-001-z8-1.png", "-auto-orient", "-depth", "8", "RGBA:/tmp/.tmpfIm7r2/expected.rgba"]
[validation] magick ["/tmp/.tmpfIm7r2/results/嵌入字体-page-001-z8-2.png", "-auto-orient", "-depth", "8", "RGBA:/tmp/.tmpfIm7r2/actual.rgba"]
[validation] magick ["/tmp/.tmpfIm7r2/results/嵌入字体-page-001-z8-1.png", "-auto-orient", "-format", "%w %h", "info:"]
[validation] magick ["/tmp/.tmpfIm7r2/results/嵌入字体-page-001-z8-2.png", "-auto-orient", "-format", "%w %h", "info:"]
[validation] magick ["/tmp/.tmpfIm7r2/results/嵌入字体-page-001-z8-2.png", "-auto-orient", "-format", "%w %h", "info:"]
[validation] magick ["/tmp/.tmpfIm7r2/results/嵌入字体-page-001-z8-1.png", "-auto-orient", "-background", "white", "-alpha", "remove", "-alpha", "off", "-depth", "8", "RGBA:/tmp/.tmpfIm7r2/expected.rgba"]
[validation] magick ["/tmp/.tmpfIm7r2/results/嵌入字体-page-001-z8-1.jpg", "-auto-orient", "-depth", "8", "RGBA:/tmp/.tmpfIm7r2/actual.rgba"]
[validation] magick ["/tmp/.tmpfIm7r2/results/嵌入字体-page-001-z8-1.png", "-auto-orient", "-format", "%w %h", "info:"]
[validation] magick ["/tmp/.tmpfIm7r2/results/嵌入字体-page-001-z8-1.jpg", "-auto-orient", "-format", "%w %h", "info:"]
[validation] magick ["/tmp/.tmpfIm7r2/results/嵌入字体-page-001-z8-1.jpg", "-auto-orient", "-format", "%w %h", "info:"]
[validation] magick ["/tmp/.tmpfIm7r2/results/嵌入字体-page-001-z8-1.png", "-auto-orient", "-depth", "8", "RGBA:/tmp/.tmpfIm7r2/expected.rgba"]
[validation] magick ["/tmp/.tmpfIm7r2/results/嵌入字体-page-001-z8-1.webp", "-auto-orient", "-depth", "8", "RGBA:/tmp/.tmpfIm7r2/actual.rgba"]
[validation] magick ["/tmp/.tmpfIm7r2/results/嵌入字体-page-001-z8-1.png", "-auto-orient", "-format", "%w %h", "info:"]
[validation] magick ["/tmp/.tmpfIm7r2/results/嵌入字体-page-001-z8-1.webp", "-auto-orient", "-format", "%w %h", "info:"]
[validation] magick ["/tmp/.tmpfIm7r2/results/嵌入字体-page-001-z8-1.webp", "-auto-orient", "-format", "%w %h", "info:"]
[validation] magick ["/tmp/.tmpfIm7r2/results/嵌入字体-page-001-z8-1.png", "-auto-orient", "-depth", "8", "RGBA:/tmp/.tmpfIm7r2/expected.rgba"]
[validation] magick ["/tmp/.tmpfIm7r2/results/嵌入字体-page-001-z8-1.avif", "-auto-orient", "-depth", "8", "RGBA:/tmp/.tmpfIm7r2/actual.rgba"]
[validation] magick ["/tmp/.tmpfIm7r2/results/嵌入字体-page-001-z8-1.png", "-auto-orient", "-format", "%w %h", "info:"]
[validation] magick ["/tmp/.tmpfIm7r2/results/嵌入字体-page-001-z8-1.avif", "-auto-orient", "-format", "%w %h", "info:"]
[validation] magick ["/tmp/.tmpfIm7r2/results/嵌入字体-page-001-z8-1.avif", "-auto-orient", "-format", "%w %h", "info:"]
[validation] magick ["rose:", "/tmp/.tmpfIm7r2/rose.png"]
[validation] magick ["-size", "128x96", "xc:none", "-fill", "red", "-draw", "rectangle 0,0 63,95", "/tmp/.tmpfIm7r2/alpha.png"]
[validation] magick ["-size", "256x64", "gradient:black-white", "-depth", "16", "/tmp/.tmpfIm7r2/gradient16.png"]
[validation] magick ["/tmp/.tmpfIm7r2/rose.png", "-auto-orient", "-depth", "8", "RGBA:/tmp/.tmpfIm7r2/expected.rgba"]
[validation] magick ["/tmp/.tmpfIm7r2/results/rose-z8-1.avif", "-auto-orient", "-depth", "8", "RGBA:/tmp/.tmpfIm7r2/actual.rgba"]
[validation] magick ["/tmp/.tmpfIm7r2/rose.png", "-auto-orient", "-format", "%w %h", "info:"]
[validation] magick ["/tmp/.tmpfIm7r2/results/rose-z8-1.avif", "-auto-orient", "-format", "%w %h", "info:"]
[validation] magick ["/tmp/.tmpfIm7r2/results/rose-z8-1.avif", "-auto-orient", "-format", "%w %h", "info:"]
[validation] magick ["/tmp/.tmpfIm7r2/rose.png", "-auto-orient", "-depth", "8", "RGBA:/tmp/.tmpfIm7r2/expected.rgba"]
[validation] magick ["/tmp/.tmpfIm7r2/results/rose-z8-2.avif", "-auto-orient", "-depth", "8", "RGBA:/tmp/.tmpfIm7r2/actual.rgba"]
[validation] magick ["/tmp/.tmpfIm7r2/rose.png", "-auto-orient", "-format", "%w %h", "info:"]
[validation] magick ["/tmp/.tmpfIm7r2/results/rose-z8-2.avif", "-auto-orient", "-format", "%w %h", "info:"]
[validation] magick ["/tmp/.tmpfIm7r2/results/rose-z8-2.avif", "-auto-orient", "-format", "%w %h", "info:"]
[validation] magick ["/tmp/.tmpfIm7r2/rose.png", "-auto-orient", "-depth", "8", "RGBA:/tmp/.tmpfIm7r2/expected.rgba"]
[validation] magick ["/tmp/.tmpfIm7r2/results/rose-z8-3.avif", "-auto-orient", "-depth", "8", "RGBA:/tmp/.tmpfIm7r2/actual.rgba"]
[validation] magick ["/tmp/.tmpfIm7r2/rose.png", "-auto-orient", "-format", "%w %h", "info:"]
[validation] magick ["/tmp/.tmpfIm7r2/results/rose-z8-3.avif", "-auto-orient", "-format", "%w %h", "info:"]
[validation] magick ["/tmp/.tmpfIm7r2/results/rose-z8-3.avif", "-auto-orient", "-format", "%w %h", "info:"]
[validation] magick ["/tmp/.tmpfIm7r2/rose.png", "-auto-orient", "-depth", "8", "RGBA:/tmp/.tmpfIm7r2/expected.rgba"]
[validation] magick ["/tmp/.tmpfIm7r2/results/rose-z8-4.avif", "-auto-orient", "-depth", "8", "RGBA:/tmp/.tmpfIm7r2/actual.rgba"]
[validation] magick ["/tmp/.tmpfIm7r2/rose.png", "-auto-orient", "-format", "%w %h", "info:"]
[validation] magick ["/tmp/.tmpfIm7r2/results/rose-z8-4.avif", "-auto-orient", "-format", "%w %h", "info:"]
[validation] magick ["/tmp/.tmpfIm7r2/results/rose-z8-4.avif", "-auto-orient", "-format", "%w %h", "info:"]
[validation] magick ["/tmp/.tmpfIm7r2/rose.png", "-auto-orient", "-depth", "8", "RGBA:/tmp/.tmpfIm7r2/expected.rgba"]
[validation] magick ["/tmp/.tmpfIm7r2/results/rose-z8-5.avif", "-auto-orient", "-depth", "8", "RGBA:/tmp/.tmpfIm7r2/actual.rgba"]
[validation] magick ["/tmp/.tmpfIm7r2/rose.png", "-auto-orient", "-format", "%w %h", "info:"]
[validation] magick ["/tmp/.tmpfIm7r2/results/rose-z8-5.avif", "-auto-orient", "-format", "%w %h", "info:"]
[validation] magick ["/tmp/.tmpfIm7r2/results/rose-z8-5.avif", "-auto-orient", "-format", "%w %h", "info:"]
[validation] magick ["/tmp/.tmpfIm7r2/rose.png", "-auto-orient", "-depth", "8", "RGBA:/tmp/.tmpfIm7r2/expected.rgba"]
[validation] magick ["/tmp/.tmpfIm7r2/results/rose-z8-6.avif", "-auto-orient", "-depth", "8", "RGBA:/tmp/.tmpfIm7r2/actual.rgba"]
[validation] magick ["/tmp/.tmpfIm7r2/rose.png", "-auto-orient", "-format", "%w %h", "info:"]
[validation] magick ["/tmp/.tmpfIm7r2/results/rose-z8-6.avif", "-auto-orient", "-format", "%w %h", "info:"]
[validation] magick ["/tmp/.tmpfIm7r2/results/rose-z8-6.avif", "-auto-orient", "-format", "%w %h", "info:"]
[validation] magick ["/tmp/.tmpfIm7r2/rose.png", "-auto-orient", "-depth", "8", "RGBA:/tmp/.tmpfIm7r2/expected.rgba"]
[validation] magick ["/tmp/.tmpfIm7r2/results/rose-z8-7.avif", "-auto-orient", "-depth", "8", "RGBA:/tmp/.tmpfIm7r2/actual.rgba"]
[validation] magick ["/tmp/.tmpfIm7r2/rose.png", "-auto-orient", "-format", "%w %h", "info:"]
[validation] magick ["/tmp/.tmpfIm7r2/results/rose-z8-7.avif", "-auto-orient", "-format", "%w %h", "info:"]
[validation] magick ["/tmp/.tmpfIm7r2/results/rose-z8-7.avif", "-auto-orient", "-format", "%w %h", "info:"]
[validation] magick ["/tmp/.tmpfIm7r2/rose.png", "-auto-orient", "-depth", "8", "RGBA:/tmp/.tmpfIm7r2/expected.rgba"]
[validation] magick ["/tmp/.tmpfIm7r2/results/rose-z8-8.avif", "-auto-orient", "-depth", "8", "RGBA:/tmp/.tmpfIm7r2/actual.rgba"]
[validation] magick ["/tmp/.tmpfIm7r2/rose.png", "-auto-orient", "-format", "%w %h", "info:"]
[validation] magick ["/tmp/.tmpfIm7r2/results/rose-z8-8.avif", "-auto-orient", "-format", "%w %h", "info:"]
[validation] magick ["/tmp/.tmpfIm7r2/results/rose-z8-8.avif", "-auto-orient", "-format", "%w %h", "info:"]
[validation] magick ["/tmp/.tmpfIm7r2/rose.png", "-auto-orient", "-depth", "8", "RGBA:/tmp/.tmpfIm7r2/expected.rgba"]
[validation] magick ["/tmp/.tmpfIm7r2/results/rose-z8-9.avif", "-auto-orient", "-depth", "8", "RGBA:/tmp/.tmpfIm7r2/actual.rgba"]
[validation] magick ["/tmp/.tmpfIm7r2/rose.png", "-auto-orient", "-format", "%w %h", "info:"]
[validation] magick ["/tmp/.tmpfIm7r2/results/rose-z8-9.avif", "-auto-orient", "-format", "%w %h", "info:"]
[validation] magick ["/tmp/.tmpfIm7r2/results/rose-z8-9.avif", "-auto-orient", "-format", "%w %h", "info:"]
[validation] magick ["/tmp/.tmpfIm7r2/rose.png", "-auto-orient", "-depth", "8", "RGBA:/tmp/.tmpfIm7r2/expected.rgba"]
[validation] magick ["/tmp/.tmpfIm7r2/results/rose-z8-10.avif", "-auto-orient", "-depth", "8", "RGBA:/tmp/.tmpfIm7r2/actual.rgba"]
[validation] magick ["/tmp/.tmpfIm7r2/rose.png", "-auto-orient", "-format", "%w %h", "info:"]
[validation] magick ["/tmp/.tmpfIm7r2/results/rose-z8-10.avif", "-auto-orient", "-format", "%w %h", "info:"]
[validation] magick ["/tmp/.tmpfIm7r2/results/rose-z8-10.avif", "-auto-orient", "-format", "%w %h", "info:"]
[validation] magick ["/tmp/.tmpfIm7r2/rose.png", "-auto-orient", "-depth", "8", "RGBA:/tmp/.tmpfIm7r2/expected.rgba"]
[validation] magick ["/tmp/.tmpfIm7r2/results/rose-z8-11.avif", "-auto-orient", "-depth", "8", "RGBA:/tmp/.tmpfIm7r2/actual.rgba"]
[validation] magick ["/tmp/.tmpfIm7r2/rose.png", "-auto-orient", "-format", "%w %h", "info:"]
[validation] magick ["/tmp/.tmpfIm7r2/results/rose-z8-11.avif", "-auto-orient", "-format", "%w %h", "info:"]
[validation] magick ["/tmp/.tmpfIm7r2/results/rose-z8-11.avif", "-auto-orient", "-format", "%w %h", "info:"]
[validation] magick ["/tmp/.tmpfIm7r2/rose.png", "-auto-orient", "-depth", "8", "RGBA:/tmp/.tmpfIm7r2/expected.rgba"]
[validation] magick ["/tmp/.tmpfIm7r2/results/rose-z8-12.avif", "-auto-orient", "-depth", "8", "RGBA:/tmp/.tmpfIm7r2/actual.rgba"]
[validation] magick ["/tmp/.tmpfIm7r2/rose.png", "-auto-orient", "-format", "%w %h", "info:"]
[validation] magick ["/tmp/.tmpfIm7r2/results/rose-z8-12.avif", "-auto-orient", "-format", "%w %h", "info:"]
[validation] magick ["/tmp/.tmpfIm7r2/results/rose-z8-12.avif", "-auto-orient", "-format", "%w %h", "info:"]
[validation] magick ["/tmp/.tmpfIm7r2/rose.png", "-auto-orient", "-depth", "8", "RGBA:/tmp/.tmpfIm7r2/expected.rgba"]
[validation] magick ["/tmp/.tmpfIm7r2/results/rose-z8-13.avif", "-auto-orient", "-depth", "8", "RGBA:/tmp/.tmpfIm7r2/actual.rgba"]
[validation] magick ["/tmp/.tmpfIm7r2/rose.png", "-auto-orient", "-format", "%w %h", "info:"]
[validation] magick ["/tmp/.tmpfIm7r2/results/rose-z8-13.avif", "-auto-orient", "-format", "%w %h", "info:"]
[validation] magick ["/tmp/.tmpfIm7r2/results/rose-z8-13.avif", "-auto-orient", "-format", "%w %h", "info:"]
[validation] magick ["/tmp/.tmpfIm7r2/rose.png", "-auto-orient", "-depth", "8", "RGBA:/tmp/.tmpfIm7r2/expected.rgba"]
[validation] magick ["/tmp/.tmpfIm7r2/results/rose-z8-14.avif", "-auto-orient", "-depth", "8", "RGBA:/tmp/.tmpfIm7r2/actual.rgba"]
[validation] magick ["/tmp/.tmpfIm7r2/rose.png", "-auto-orient", "-format", "%w %h", "info:"]
[validation] magick ["/tmp/.tmpfIm7r2/results/rose-z8-14.avif", "-auto-orient", "-format", "%w %h", "info:"]
[validation] magick ["/tmp/.tmpfIm7r2/results/rose-z8-14.avif", "-auto-orient", "-format", "%w %h", "info:"]
[validation] magick ["/tmp/.tmpfIm7r2/rose.png", "-auto-orient", "-depth", "8", "RGBA:/tmp/.tmpfIm7r2/expected.rgba"]
[validation] magick ["/tmp/.tmpfIm7r2/results/rose-z8-15.avif", "-auto-orient", "-depth", "8", "RGBA:/tmp/.tmpfIm7r2/actual.rgba"]
[validation] magick ["/tmp/.tmpfIm7r2/rose.png", "-auto-orient", "-format", "%w %h", "info:"]
[validation] magick ["/tmp/.tmpfIm7r2/results/rose-z8-15.avif", "-auto-orient", "-format", "%w %h", "info:"]
[validation] magick ["/tmp/.tmpfIm7r2/results/rose-z8-15.avif", "-auto-orient", "-format", "%w %h", "info:"]
[validation] magick ["/tmp/.tmpfIm7r2/rose.png", "-auto-orient", "-depth", "8", "RGBA:/tmp/.tmpfIm7r2/expected.rgba"]
[validation] magick ["/tmp/.tmpfIm7r2/results/rose-z8-1.webp", "-auto-orient", "-depth", "8", "RGBA:/tmp/.tmpfIm7r2/actual.rgba"]
[validation] magick ["/tmp/.tmpfIm7r2/rose.png", "-auto-orient", "-format", "%w %h", "info:"]
[validation] magick ["/tmp/.tmpfIm7r2/results/rose-z8-1.webp", "-auto-orient", "-format", "%w %h", "info:"]
[validation] magick ["/tmp/.tmpfIm7r2/results/rose-z8-1.webp", "-auto-orient", "-format", "%w %h", "info:"]
[validation] magick ["/tmp/.tmpfIm7r2/rose.png", "-auto-orient", "-depth", "8", "RGBA:/tmp/.tmpfIm7r2/expected.rgba"]
[validation] magick ["/tmp/.tmpfIm7r2/results/rose-z8-2.webp", "-auto-orient", "-depth", "8", "RGBA:/tmp/.tmpfIm7r2/actual.rgba"]
[validation] magick ["/tmp/.tmpfIm7r2/rose.png", "-auto-orient", "-format", "%w %h", "info:"]
[validation] magick ["/tmp/.tmpfIm7r2/results/rose-z8-2.webp", "-auto-orient", "-format", "%w %h", "info:"]
[validation] magick ["/tmp/.tmpfIm7r2/results/rose-z8-2.webp", "-auto-orient", "-format", "%w %h", "info:"]
[validation] magick ["/tmp/.tmpfIm7r2/rose.png", "-auto-orient", "-depth", "8", "RGBA:/tmp/.tmpfIm7r2/expected.rgba"]
[validation] magick ["/tmp/.tmpfIm7r2/results/rose-z8-3.webp", "-auto-orient", "-depth", "8", "RGBA:/tmp/.tmpfIm7r2/actual.rgba"]
[validation] magick ["/tmp/.tmpfIm7r2/rose.png", "-auto-orient", "-format", "%w %h", "info:"]
[validation] magick ["/tmp/.tmpfIm7r2/results/rose-z8-3.webp", "-auto-orient", "-format", "%w %h", "info:"]
[validation] magick ["/tmp/.tmpfIm7r2/results/rose-z8-3.webp", "-auto-orient", "-format", "%w %h", "info:"]
[validation] magick ["/tmp/.tmpfIm7r2/rose.png", "-auto-orient", "-depth", "8", "RGBA:/tmp/.tmpfIm7r2/expected.rgba"]
[validation] magick ["/tmp/.tmpfIm7r2/results/rose-z8-4.webp", "-auto-orient", "-depth", "8", "RGBA:/tmp/.tmpfIm7r2/actual.rgba"]
[validation] magick ["/tmp/.tmpfIm7r2/rose.png", "-auto-orient", "-format", "%w %h", "info:"]
[validation] magick ["/tmp/.tmpfIm7r2/results/rose-z8-4.webp", "-auto-orient", "-format", "%w %h", "info:"]
[validation] magick ["/tmp/.tmpfIm7r2/results/rose-z8-4.webp", "-auto-orient", "-format", "%w %h", "info:"]
[validation] magick ["/tmp/.tmpfIm7r2/rose.png", "-auto-orient", "-depth", "8", "RGBA:/tmp/.tmpfIm7r2/expected.rgba"]
[validation] magick ["/tmp/.tmpfIm7r2/results/rose-z8-5.webp", "-auto-orient", "-depth", "8", "RGBA:/tmp/.tmpfIm7r2/actual.rgba"]
[validation] magick ["/tmp/.tmpfIm7r2/rose.png", "-auto-orient", "-format", "%w %h", "info:"]
[validation] magick ["/tmp/.tmpfIm7r2/results/rose-z8-5.webp", "-auto-orient", "-format", "%w %h", "info:"]
[validation] magick ["/tmp/.tmpfIm7r2/results/rose-z8-5.webp", "-auto-orient", "-format", "%w %h", "info:"]
[validation] magick ["/tmp/.tmpfIm7r2/rose.png", "-auto-orient", "-depth", "8", "RGBA:/tmp/.tmpfIm7r2/expected.rgba"]
[validation] magick ["/tmp/.tmpfIm7r2/results/rose-z8-6.webp", "-auto-orient", "-depth", "8", "RGBA:/tmp/.tmpfIm7r2/actual.rgba"]
[validation] magick ["/tmp/.tmpfIm7r2/rose.png", "-auto-orient", "-format", "%w %h", "info:"]
[validation] magick ["/tmp/.tmpfIm7r2/results/rose-z8-6.webp", "-auto-orient", "-format", "%w %h", "info:"]
[validation] magick ["/tmp/.tmpfIm7r2/results/rose-z8-6.webp", "-auto-orient", "-format", "%w %h", "info:"]
[validation] magick ["/tmp/.tmpfIm7r2/rose.png", "-auto-orient", "-depth", "8", "RGBA:/tmp/.tmpfIm7r2/expected.rgba"]
[validation] magick ["/tmp/.tmpfIm7r2/results/rose-z8-7.webp", "-auto-orient", "-depth", "8", "RGBA:/tmp/.tmpfIm7r2/actual.rgba"]
[validation] magick ["/tmp/.tmpfIm7r2/rose.png", "-auto-orient", "-format", "%w %h", "info:"]
[validation] magick ["/tmp/.tmpfIm7r2/results/rose-z8-7.webp", "-auto-orient", "-format", "%w %h", "info:"]
[validation] magick ["/tmp/.tmpfIm7r2/results/rose-z8-7.webp", "-auto-orient", "-format", "%w %h", "info:"]
[validation] magick ["/tmp/.tmpfIm7r2/rose.png", "-auto-orient", "-depth", "8", "RGBA:/tmp/.tmpfIm7r2/expected.rgba"]
[validation] magick ["/tmp/.tmpfIm7r2/results/rose-z8-8.webp", "-auto-orient", "-depth", "8", "RGBA:/tmp/.tmpfIm7r2/actual.rgba"]
[validation] magick ["/tmp/.tmpfIm7r2/rose.png", "-auto-orient", "-format", "%w %h", "info:"]
[validation] magick ["/tmp/.tmpfIm7r2/results/rose-z8-8.webp", "-auto-orient", "-format", "%w %h", "info:"]
[validation] magick ["/tmp/.tmpfIm7r2/results/rose-z8-8.webp", "-auto-orient", "-format", "%w %h", "info:"]
[validation] magick ["/tmp/.tmpfIm7r2/rose.png", "-auto-orient", "-depth", "8", "RGBA:/tmp/.tmpfIm7r2/expected.rgba"]
[validation] magick ["/tmp/.tmpfIm7r2/results/rose-z8-9.webp", "-auto-orient", "-depth", "8", "RGBA:/tmp/.tmpfIm7r2/actual.rgba"]
[validation] magick ["/tmp/.tmpfIm7r2/rose.png", "-auto-orient", "-format", "%w %h", "info:"]
[validation] magick ["/tmp/.tmpfIm7r2/results/rose-z8-9.webp", "-auto-orient", "-format", "%w %h", "info:"]
[validation] magick ["/tmp/.tmpfIm7r2/results/rose-z8-9.webp", "-auto-orient", "-format", "%w %h", "info:"]
[validation] magick ["/tmp/.tmpfIm7r2/rose.png", "-auto-orient", "-depth", "8", "RGBA:/tmp/.tmpfIm7r2/expected.rgba"]
[validation] magick ["/tmp/.tmpfIm7r2/results/rose-z8-10.webp", "-auto-orient", "-depth", "8", "RGBA:/tmp/.tmpfIm7r2/actual.rgba"]
[validation] magick ["/tmp/.tmpfIm7r2/rose.png", "-auto-orient", "-format", "%w %h", "info:"]
[validation] magick ["/tmp/.tmpfIm7r2/results/rose-z8-10.webp", "-auto-orient", "-format", "%w %h", "info:"]
[validation] magick ["/tmp/.tmpfIm7r2/results/rose-z8-10.webp", "-auto-orient", "-format", "%w %h", "info:"]
[validation] magick ["/tmp/.tmpfIm7r2/rose.png", "-auto-orient", "-depth", "8", "RGBA:/tmp/.tmpfIm7r2/expected.rgba"]
[validation] magick ["/tmp/.tmpfIm7r2/results/rose-z8-11.webp", "-auto-orient", "-depth", "8", "RGBA:/tmp/.tmpfIm7r2/actual.rgba"]
[validation] magick ["/tmp/.tmpfIm7r2/rose.png", "-auto-orient", "-format", "%w %h", "info:"]
[validation] magick ["/tmp/.tmpfIm7r2/results/rose-z8-11.webp", "-auto-orient", "-format", "%w %h", "info:"]
[validation] magick ["/tmp/.tmpfIm7r2/results/rose-z8-11.webp", "-auto-orient", "-format", "%w %h", "info:"]
[validation] magick ["/tmp/.tmpfIm7r2/rose.png", "-auto-orient", "-depth", "8", "RGBA:/tmp/.tmpfIm7r2/expected.rgba"]
[validation] magick ["/tmp/.tmpfIm7r2/results/rose-z8-12.webp", "-auto-orient", "-depth", "8", "RGBA:/tmp/.tmpfIm7r2/actual.rgba"]
[validation] magick ["/tmp/.tmpfIm7r2/rose.png", "-auto-orient", "-format", "%w %h", "info:"]
[validation] magick ["/tmp/.tmpfIm7r2/results/rose-z8-12.webp", "-auto-orient", "-format", "%w %h", "info:"]
[validation] magick ["/tmp/.tmpfIm7r2/results/rose-z8-12.webp", "-auto-orient", "-format", "%w %h", "info:"]
[validation] magick ["/tmp/.tmpfIm7r2/rose.png", "-auto-orient", "-depth", "8", "RGBA:/tmp/.tmpfIm7r2/expected.rgba"]
[validation] magick ["/tmp/.tmpfIm7r2/results/rose-z8-13.webp", "-auto-orient", "-depth", "8", "RGBA:/tmp/.tmpfIm7r2/actual.rgba"]
[validation] magick ["/tmp/.tmpfIm7r2/rose.png", "-auto-orient", "-format", "%w %h", "info:"]
[validation] magick ["/tmp/.tmpfIm7r2/results/rose-z8-13.webp", "-auto-orient", "-format", "%w %h", "info:"]
[validation] magick ["/tmp/.tmpfIm7r2/results/rose-z8-13.webp", "-auto-orient", "-format", "%w %h", "info:"]
[validation] magick ["/tmp/.tmpfIm7r2/rose.png", "-auto-orient", "-depth", "8", "RGBA:/tmp/.tmpfIm7r2/expected.rgba"]
[validation] magick ["/tmp/.tmpfIm7r2/results/rose-z8-14.webp", "-auto-orient", "-depth", "8", "RGBA:/tmp/.tmpfIm7r2/actual.rgba"]
[validation] magick ["/tmp/.tmpfIm7r2/rose.png", "-auto-orient", "-format", "%w %h", "info:"]
[validation] magick ["/tmp/.tmpfIm7r2/results/rose-z8-14.webp", "-auto-orient", "-format", "%w %h", "info:"]
[validation] magick ["/tmp/.tmpfIm7r2/results/rose-z8-14.webp", "-auto-orient", "-format", "%w %h", "info:"]
[validation] magick ["/tmp/.tmpfIm7r2/rose.png", "-auto-orient", "-depth", "8", "RGBA:/tmp/.tmpfIm7r2/expected.rgba"]
[validation] magick ["/tmp/.tmpfIm7r2/results/rose-z8-15.webp", "-auto-orient", "-depth", "8", "RGBA:/tmp/.tmpfIm7r2/actual.rgba"]
[validation] magick ["/tmp/.tmpfIm7r2/rose.png", "-auto-orient", "-format", "%w %h", "info:"]
[validation] magick ["/tmp/.tmpfIm7r2/results/rose-z8-15.webp", "-auto-orient", "-format", "%w %h", "info:"]
[validation] magick ["/tmp/.tmpfIm7r2/results/rose-z8-15.webp", "-auto-orient", "-format", "%w %h", "info:"]
[validation] magick ["/tmp/.tmpfIm7r2/rose.png", "-auto-orient", "-background", "white", "-alpha", "remove", "-alpha", "off", "-depth", "8", "RGBA:/tmp/.tmpfIm7r2/expected.rgba"]
[validation] magick ["/tmp/.tmpfIm7r2/results/rose-z8-1.jpg", "-auto-orient", "-depth", "8", "RGBA:/tmp/.tmpfIm7r2/actual.rgba"]
[validation] magick ["/tmp/.tmpfIm7r2/rose.png", "-auto-orient", "-format", "%w %h", "info:"]
[validation] magick ["/tmp/.tmpfIm7r2/results/rose-z8-1.jpg", "-auto-orient", "-format", "%w %h", "info:"]
[validation] magick ["/tmp/.tmpfIm7r2/results/rose-z8-1.jpg", "-auto-orient", "-format", "%w %h", "info:"]
[validation] magick ["/tmp/.tmpfIm7r2/rose.png", "-auto-orient", "-background", "white", "-alpha", "remove", "-alpha", "off", "-depth", "8", "RGBA:/tmp/.tmpfIm7r2/expected.rgba"]
[validation] magick ["/tmp/.tmpfIm7r2/results/rose-z8-2.jpg", "-auto-orient", "-depth", "8", "RGBA:/tmp/.tmpfIm7r2/actual.rgba"]
[validation] magick ["/tmp/.tmpfIm7r2/rose.png", "-auto-orient", "-format", "%w %h", "info:"]
[validation] magick ["/tmp/.tmpfIm7r2/results/rose-z8-2.jpg", "-auto-orient", "-format", "%w %h", "info:"]
[validation] magick ["/tmp/.tmpfIm7r2/results/rose-z8-2.jpg", "-auto-orient", "-format", "%w %h", "info:"]
[validation] magick ["/tmp/.tmpfIm7r2/rose.png", "-auto-orient", "-background", "white", "-alpha", "remove", "-alpha", "off", "-depth", "8", "RGBA:/tmp/.tmpfIm7r2/expected.rgba"]
[validation] magick ["/tmp/.tmpfIm7r2/results/rose-z8-3.jpg", "-auto-orient", "-depth", "8", "RGBA:/tmp/.tmpfIm7r2/actual.rgba"]
[validation] magick ["/tmp/.tmpfIm7r2/rose.png", "-auto-orient", "-format", "%w %h", "info:"]
[validation] magick ["/tmp/.tmpfIm7r2/results/rose-z8-3.jpg", "-auto-orient", "-format", "%w %h", "info:"]
[validation] magick ["/tmp/.tmpfIm7r2/results/rose-z8-3.jpg", "-auto-orient", "-format", "%w %h", "info:"]
[validation] magick ["/tmp/.tmpfIm7r2/rose.png", "-auto-orient", "-background", "white", "-alpha", "remove", "-alpha", "off", "-depth", "8", "RGBA:/tmp/.tmpfIm7r2/expected.rgba"]
[validation] magick ["/tmp/.tmpfIm7r2/results/rose-z8-4.jpg", "-auto-orient", "-depth", "8", "RGBA:/tmp/.tmpfIm7r2/actual.rgba"]
[validation] magick ["/tmp/.tmpfIm7r2/rose.png", "-auto-orient", "-format", "%w %h", "info:"]
[validation] magick ["/tmp/.tmpfIm7r2/results/rose-z8-4.jpg", "-auto-orient", "-format", "%w %h", "info:"]
[validation] magick ["/tmp/.tmpfIm7r2/results/rose-z8-4.jpg", "-auto-orient", "-format", "%w %h", "info:"]
[validation] magick ["/tmp/.tmpfIm7r2/rose.png", "-auto-orient", "-background", "white", "-alpha", "remove", "-alpha", "off", "-depth", "8", "RGBA:/tmp/.tmpfIm7r2/expected.rgba"]
[validation] magick ["/tmp/.tmpfIm7r2/results/rose-z8-5.jpg", "-auto-orient", "-depth", "8", "RGBA:/tmp/.tmpfIm7r2/actual.rgba"]
[validation] magick ["/tmp/.tmpfIm7r2/rose.png", "-auto-orient", "-format", "%w %h", "info:"]
[validation] magick ["/tmp/.tmpfIm7r2/results/rose-z8-5.jpg", "-auto-orient", "-format", "%w %h", "info:"]
[validation] magick ["/tmp/.tmpfIm7r2/results/rose-z8-5.jpg", "-auto-orient", "-format", "%w %h", "info:"]
[validation] magick ["/tmp/.tmpfIm7r2/rose.png", "-auto-orient", "-background", "white", "-alpha", "remove", "-alpha", "off", "-depth", "8", "RGBA:/tmp/.tmpfIm7r2/expected.rgba"]
[validation] magick ["/tmp/.tmpfIm7r2/results/rose-z8-6.jpg", "-auto-orient", "-depth", "8", "RGBA:/tmp/.tmpfIm7r2/actual.rgba"]
[validation] magick ["/tmp/.tmpfIm7r2/rose.png", "-auto-orient", "-format", "%w %h", "info:"]
[validation] magick ["/tmp/.tmpfIm7r2/results/rose-z8-6.jpg", "-auto-orient", "-format", "%w %h", "info:"]
[validation] magick ["/tmp/.tmpfIm7r2/results/rose-z8-6.jpg", "-auto-orient", "-format", "%w %h", "info:"]
[validation] magick ["/tmp/.tmpfIm7r2/rose.png", "-auto-orient", "-background", "white", "-alpha", "remove", "-alpha", "off", "-depth", "8", "RGBA:/tmp/.tmpfIm7r2/expected.rgba"]
[validation] magick ["/tmp/.tmpfIm7r2/results/rose-z8-7.jpg", "-auto-orient", "-depth", "8", "RGBA:/tmp/.tmpfIm7r2/actual.rgba"]
[validation] magick ["/tmp/.tmpfIm7r2/rose.png", "-auto-orient", "-format", "%w %h", "info:"]
[validation] magick ["/tmp/.tmpfIm7r2/results/rose-z8-7.jpg", "-auto-orient", "-format", "%w %h", "info:"]
[validation] magick ["/tmp/.tmpfIm7r2/results/rose-z8-7.jpg", "-auto-orient", "-format", "%w %h", "info:"]
[validation] magick ["/tmp/.tmpfIm7r2/rose.png", "-auto-orient", "-background", "white", "-alpha", "remove", "-alpha", "off", "-depth", "8", "RGBA:/tmp/.tmpfIm7r2/expected.rgba"]
[validation] magick ["/tmp/.tmpfIm7r2/results/rose-z8-8.jpg", "-auto-orient", "-depth", "8", "RGBA:/tmp/.tmpfIm7r2/actual.rgba"]
[validation] magick ["/tmp/.tmpfIm7r2/rose.png", "-auto-orient", "-format", "%w %h", "info:"]
[validation] magick ["/tmp/.tmpfIm7r2/results/rose-z8-8.jpg", "-auto-orient", "-format", "%w %h", "info:"]
[validation] magick ["/tmp/.tmpfIm7r2/results/rose-z8-8.jpg", "-auto-orient", "-format", "%w %h", "info:"]
[validation] magick ["/tmp/.tmpfIm7r2/rose.png", "-auto-orient", "-background", "white", "-alpha", "remove", "-alpha", "off", "-depth", "8", "RGBA:/tmp/.tmpfIm7r2/expected.rgba"]
[validation] magick ["/tmp/.tmpfIm7r2/results/rose-z8-9.jpg", "-auto-orient", "-depth", "8", "RGBA:/tmp/.tmpfIm7r2/actual.rgba"]
[validation] magick ["/tmp/.tmpfIm7r2/rose.png", "-auto-orient", "-format", "%w %h", "info:"]
[validation] magick ["/tmp/.tmpfIm7r2/results/rose-z8-9.jpg", "-auto-orient", "-format", "%w %h", "info:"]
[validation] magick ["/tmp/.tmpfIm7r2/results/rose-z8-9.jpg", "-auto-orient", "-format", "%w %h", "info:"]
[validation] magick ["/tmp/.tmpfIm7r2/rose.png", "-auto-orient", "-background", "white", "-alpha", "remove", "-alpha", "off", "-depth", "8", "RGBA:/tmp/.tmpfIm7r2/expected.rgba"]
[validation] magick ["/tmp/.tmpfIm7r2/results/rose-z8-10.jpg", "-auto-orient", "-depth", "8", "RGBA:/tmp/.tmpfIm7r2/actual.rgba"]
[validation] magick ["/tmp/.tmpfIm7r2/rose.png", "-auto-orient", "-format", "%w %h", "info:"]
[validation] magick ["/tmp/.tmpfIm7r2/results/rose-z8-10.jpg", "-auto-orient", "-format", "%w %h", "info:"]
[validation] magick ["/tmp/.tmpfIm7r2/results/rose-z8-10.jpg", "-auto-orient", "-format", "%w %h", "info:"]
[validation] magick ["/tmp/.tmpfIm7r2/rose.png", "-auto-orient", "-background", "white", "-alpha", "remove", "-alpha", "off", "-depth", "8", "RGBA:/tmp/.tmpfIm7r2/expected.rgba"]
[validation] magick ["/tmp/.tmpfIm7r2/results/rose-z8-11.jpg", "-auto-orient", "-depth", "8", "RGBA:/tmp/.tmpfIm7r2/actual.rgba"]
[validation] magick ["/tmp/.tmpfIm7r2/rose.png", "-auto-orient", "-format", "%w %h", "info:"]
[validation] magick ["/tmp/.tmpfIm7r2/results/rose-z8-11.jpg", "-auto-orient", "-format", "%w %h", "info:"]
[validation] magick ["/tmp/.tmpfIm7r2/results/rose-z8-11.jpg", "-auto-orient", "-format", "%w %h", "info:"]
[validation] magick ["/tmp/.tmpfIm7r2/rose.png", "-auto-orient", "-background", "white", "-alpha", "remove", "-alpha", "off", "-depth", "8", "RGBA:/tmp/.tmpfIm7r2/expected.rgba"]
[validation] magick ["/tmp/.tmpfIm7r2/results/rose-z8-12.jpg", "-auto-orient", "-depth", "8", "RGBA:/tmp/.tmpfIm7r2/actual.rgba"]
[validation] magick ["/tmp/.tmpfIm7r2/rose.png", "-auto-orient", "-format", "%w %h", "info:"]
[validation] magick ["/tmp/.tmpfIm7r2/results/rose-z8-12.jpg", "-auto-orient", "-format", "%w %h", "info:"]
[validation] magick ["/tmp/.tmpfIm7r2/results/rose-z8-12.jpg", "-auto-orient", "-format", "%w %h", "info:"]
[validation] magick ["/tmp/.tmpfIm7r2/rose.png", "-auto-orient", "-background", "white", "-alpha", "remove", "-alpha", "off", "-depth", "8", "RGBA:/tmp/.tmpfIm7r2/expected.rgba"]
[validation] magick ["/tmp/.tmpfIm7r2/results/rose-z8-13.jpg", "-auto-orient", "-depth", "8", "RGBA:/tmp/.tmpfIm7r2/actual.rgba"]
[validation] magick ["/tmp/.tmpfIm7r2/rose.png", "-auto-orient", "-format", "%w %h", "info:"]
[validation] magick ["/tmp/.tmpfIm7r2/results/rose-z8-13.jpg", "-auto-orient", "-format", "%w %h", "info:"]
[validation] magick ["/tmp/.tmpfIm7r2/results/rose-z8-13.jpg", "-auto-orient", "-format", "%w %h", "info:"]
[validation] magick ["/tmp/.tmpfIm7r2/rose.png", "-auto-orient", "-background", "white", "-alpha", "remove", "-alpha", "off", "-depth", "8", "RGBA:/tmp/.tmpfIm7r2/expected.rgba"]
[validation] magick ["/tmp/.tmpfIm7r2/results/rose-z8-14.jpg", "-auto-orient", "-depth", "8", "RGBA:/tmp/.tmpfIm7r2/actual.rgba"]
[validation] magick ["/tmp/.tmpfIm7r2/rose.png", "-auto-orient", "-format", "%w %h", "info:"]
[validation] magick ["/tmp/.tmpfIm7r2/results/rose-z8-14.jpg", "-auto-orient", "-format", "%w %h", "info:"]
[validation] magick ["/tmp/.tmpfIm7r2/results/rose-z8-14.jpg", "-auto-orient", "-format", "%w %h", "info:"]
[validation] magick ["/tmp/.tmpfIm7r2/rose.png", "-auto-orient", "-background", "white", "-alpha", "remove", "-alpha", "off", "-depth", "8", "RGBA:/tmp/.tmpfIm7r2/expected.rgba"]
[validation] magick ["/tmp/.tmpfIm7r2/results/rose-z8-15.jpg", "-auto-orient", "-depth", "8", "RGBA:/tmp/.tmpfIm7r2/actual.rgba"]
[validation] magick ["/tmp/.tmpfIm7r2/rose.png", "-auto-orient", "-format", "%w %h", "info:"]
[validation] magick ["/tmp/.tmpfIm7r2/results/rose-z8-15.jpg", "-auto-orient", "-format", "%w %h", "info:"]
[validation] magick ["/tmp/.tmpfIm7r2/results/rose-z8-15.jpg", "-auto-orient", "-format", "%w %h", "info:"]
[validation] magick ["/tmp/.tmpfIm7r2/rose.png", "-auto-orient", "-depth", "8", "RGBA:/tmp/.tmpfIm7r2/expected.rgba"]
[validation] magick ["/tmp/.tmpfIm7r2/results/rose-z8-1.png", "-auto-orient", "-depth", "8", "RGBA:/tmp/.tmpfIm7r2/actual.rgba"]
[validation] magick ["/tmp/.tmpfIm7r2/rose.png", "-auto-orient", "-format", "%w %h", "info:"]
[validation] magick ["/tmp/.tmpfIm7r2/results/rose-z8-1.png", "-auto-orient", "-format", "%w %h", "info:"]
[validation] magick ["/tmp/.tmpfIm7r2/results/rose-z8-1.png", "-auto-orient", "-format", "%w %h", "info:"]
[validation] magick ["/tmp/.tmpfIm7r2/rose.png", "-auto-orient", "-depth", "8", "RGBA:/tmp/.tmpfIm7r2/expected.rgba"]
[validation] magick ["/tmp/.tmpfIm7r2/results/rose-z8-2.png", "-auto-orient", "-depth", "8", "RGBA:/tmp/.tmpfIm7r2/actual.rgba"]
[validation] magick ["/tmp/.tmpfIm7r2/rose.png", "-auto-orient", "-format", "%w %h", "info:"]
[validation] magick ["/tmp/.tmpfIm7r2/results/rose-z8-2.png", "-auto-orient", "-format", "%w %h", "info:"]
[validation] magick ["/tmp/.tmpfIm7r2/results/rose-z8-2.png", "-auto-orient", "-format", "%w %h", "info:"]
[validation] magick ["/tmp/.tmpfIm7r2/rose.png", "-auto-orient", "-depth", "8", "RGBA:/tmp/.tmpfIm7r2/expected.rgba"]
[validation] magick ["/tmp/.tmpfIm7r2/results/rose-z8-3.png", "-auto-orient", "-depth", "8", "RGBA:/tmp/.tmpfIm7r2/actual.rgba"]
[validation] magick ["/tmp/.tmpfIm7r2/rose.png", "-auto-orient", "-format", "%w %h", "info:"]
[validation] magick ["/tmp/.tmpfIm7r2/results/rose-z8-3.png", "-auto-orient", "-format", "%w %h", "info:"]
[validation] magick ["/tmp/.tmpfIm7r2/results/rose-z8-3.png", "-auto-orient", "-format", "%w %h", "info:"]
[validation] magick ["/tmp/.tmpfIm7r2/rose.png", "-auto-orient", "-depth", "8", "RGBA:/tmp/.tmpfIm7r2/expected.rgba"]
[validation] magick ["/tmp/.tmpfIm7r2/results/rose-z8-4.png", "-auto-orient", "-depth", "8", "RGBA:/tmp/.tmpfIm7r2/actual.rgba"]
[validation] magick ["/tmp/.tmpfIm7r2/rose.png", "-auto-orient", "-format", "%w %h", "info:"]
[validation] magick ["/tmp/.tmpfIm7r2/results/rose-z8-4.png", "-auto-orient", "-format", "%w %h", "info:"]
[validation] magick ["/tmp/.tmpfIm7r2/results/rose-z8-4.png", "-auto-orient", "-format", "%w %h", "info:"]
[validation] magick ["/tmp/.tmpfIm7r2/rose.png", "-auto-orient", "-depth", "8", "RGBA:/tmp/.tmpfIm7r2/expected.rgba"]
[validation] magick ["/tmp/.tmpfIm7r2/results/rose-z8-5.png", "-auto-orient", "-depth", "8", "RGBA:/tmp/.tmpfIm7r2/actual.rgba"]
[validation] magick ["/tmp/.tmpfIm7r2/rose.png", "-auto-orient", "-format", "%w %h", "info:"]
[validation] magick ["/tmp/.tmpfIm7r2/results/rose-z8-5.png", "-auto-orient", "-format", "%w %h", "info:"]
[validation] magick ["/tmp/.tmpfIm7r2/results/rose-z8-5.png", "-auto-orient", "-format", "%w %h", "info:"]
[validation] magick ["/tmp/.tmpfIm7r2/rose.png", "-auto-orient", "-depth", "8", "RGBA:/tmp/.tmpfIm7r2/expected.rgba"]
[validation] magick ["/tmp/.tmpfIm7r2/results/rose-z8-6.png", "-auto-orient", "-depth", "8", "RGBA:/tmp/.tmpfIm7r2/actual.rgba"]
[validation] magick ["/tmp/.tmpfIm7r2/rose.png", "-auto-orient", "-format", "%w %h", "info:"]
[validation] magick ["/tmp/.tmpfIm7r2/results/rose-z8-6.png", "-auto-orient", "-format", "%w %h", "info:"]
[validation] magick ["/tmp/.tmpfIm7r2/results/rose-z8-6.png", "-auto-orient", "-format", "%w %h", "info:"]
[validation] magick ["/tmp/.tmpfIm7r2/rose.png", "-auto-orient", "-depth", "8", "RGBA:/tmp/.tmpfIm7r2/expected.rgba"]
[validation] magick ["/tmp/.tmpfIm7r2/results/rose-z8-7.png", "-auto-orient", "-depth", "8", "RGBA:/tmp/.tmpfIm7r2/actual.rgba"]
[validation] magick ["/tmp/.tmpfIm7r2/rose.png", "-auto-orient", "-format", "%w %h", "info:"]
[validation] magick ["/tmp/.tmpfIm7r2/results/rose-z8-7.png", "-auto-orient", "-format", "%w %h", "info:"]
[validation] magick ["/tmp/.tmpfIm7r2/results/rose-z8-7.png", "-auto-orient", "-format", "%w %h", "info:"]
[validation] magick ["/tmp/.tmpfIm7r2/rose.png", "-auto-orient", "-depth", "8", "RGBA:/tmp/.tmpfIm7r2/expected.rgba"]
[validation] magick ["/tmp/.tmpfIm7r2/results/rose-z8-8.png", "-auto-orient", "-depth", "8", "RGBA:/tmp/.tmpfIm7r2/actual.rgba"]
[validation] magick ["/tmp/.tmpfIm7r2/rose.png", "-auto-orient", "-format", "%w %h", "info:"]
[validation] magick ["/tmp/.tmpfIm7r2/results/rose-z8-8.png", "-auto-orient", "-format", "%w %h", "info:"]
[validation] magick ["/tmp/.tmpfIm7r2/results/rose-z8-8.png", "-auto-orient", "-format", "%w %h", "info:"]
[validation] magick ["/tmp/.tmpfIm7r2/rose.png", "-auto-orient", "-depth", "8", "RGBA:/tmp/.tmpfIm7r2/expected.rgba"]
[validation] magick ["/tmp/.tmpfIm7r2/results/rose-z8-9.png", "-auto-orient", "-depth", "8", "RGBA:/tmp/.tmpfIm7r2/actual.rgba"]
[validation] magick ["/tmp/.tmpfIm7r2/rose.png", "-auto-orient", "-format", "%w %h", "info:"]
[validation] magick ["/tmp/.tmpfIm7r2/results/rose-z8-9.png", "-auto-orient", "-format", "%w %h", "info:"]
[validation] magick ["/tmp/.tmpfIm7r2/results/rose-z8-9.png", "-auto-orient", "-format", "%w %h", "info:"]
[validation] magick ["/tmp/.tmpfIm7r2/rose.png", "-auto-orient", "-depth", "8", "RGBA:/tmp/.tmpfIm7r2/expected.rgba"]
[validation] magick ["/tmp/.tmpfIm7r2/results/rose-z8-10.png", "-auto-orient", "-depth", "8", "RGBA:/tmp/.tmpfIm7r2/actual.rgba"]
[validation] magick ["/tmp/.tmpfIm7r2/rose.png", "-auto-orient", "-format", "%w %h", "info:"]
[validation] magick ["/tmp/.tmpfIm7r2/results/rose-z8-10.png", "-auto-orient", "-format", "%w %h", "info:"]
[validation] magick ["/tmp/.tmpfIm7r2/results/rose-z8-10.png", "-auto-orient", "-format", "%w %h", "info:"]
[validation] magick ["/tmp/.tmpfIm7r2/rose.png", "-auto-orient", "-depth", "8", "RGBA:/tmp/.tmpfIm7r2/expected.rgba"]
[validation] magick ["/tmp/.tmpfIm7r2/results/rose-z8-11.png", "-auto-orient", "-depth", "8", "RGBA:/tmp/.tmpfIm7r2/actual.rgba"]
[validation] magick ["/tmp/.tmpfIm7r2/rose.png", "-auto-orient", "-format", "%w %h", "info:"]
[validation] magick ["/tmp/.tmpfIm7r2/results/rose-z8-11.png", "-auto-orient", "-format", "%w %h", "info:"]
[validation] magick ["/tmp/.tmpfIm7r2/results/rose-z8-11.png", "-auto-orient", "-format", "%w %h", "info:"]
[validation] magick ["/tmp/.tmpfIm7r2/rose.png", "-auto-orient", "-depth", "8", "RGBA:/tmp/.tmpfIm7r2/expected.rgba"]
[validation] magick ["/tmp/.tmpfIm7r2/results/rose-z8-12.png", "-auto-orient", "-depth", "8", "RGBA:/tmp/.tmpfIm7r2/actual.rgba"]
[validation] magick ["/tmp/.tmpfIm7r2/rose.png", "-auto-orient", "-format", "%w %h", "info:"]
[validation] magick ["/tmp/.tmpfIm7r2/results/rose-z8-12.png", "-auto-orient", "-format", "%w %h", "info:"]
[validation] magick ["/tmp/.tmpfIm7r2/results/rose-z8-12.png", "-auto-orient", "-format", "%w %h", "info:"]
[validation] magick ["/tmp/.tmpfIm7r2/rose.png", "-auto-orient", "-depth", "8", "RGBA:/tmp/.tmpfIm7r2/expected.rgba"]
[validation] magick ["/tmp/.tmpfIm7r2/results/rose-z8-13.png", "-auto-orient", "-depth", "8", "RGBA:/tmp/.tmpfIm7r2/actual.rgba"]
[validation] magick ["/tmp/.tmpfIm7r2/rose.png", "-auto-orient", "-format", "%w %h", "info:"]
[validation] magick ["/tmp/.tmpfIm7r2/results/rose-z8-13.png", "-auto-orient", "-format", "%w %h", "info:"]
[validation] magick ["/tmp/.tmpfIm7r2/results/rose-z8-13.png", "-auto-orient", "-format", "%w %h", "info:"]
[validation] magick ["/tmp/.tmpfIm7r2/rose.png", "-auto-orient", "-depth", "8", "RGBA:/tmp/.tmpfIm7r2/expected.rgba"]
[validation] magick ["/tmp/.tmpfIm7r2/results/rose-z8-14.png", "-auto-orient", "-depth", "8", "RGBA:/tmp/.tmpfIm7r2/actual.rgba"]
[validation] magick ["/tmp/.tmpfIm7r2/rose.png", "-auto-orient", "-format", "%w %h", "info:"]
[validation] magick ["/tmp/.tmpfIm7r2/results/rose-z8-14.png", "-auto-orient", "-format", "%w %h", "info:"]
[validation] magick ["/tmp/.tmpfIm7r2/results/rose-z8-14.png", "-auto-orient", "-format", "%w %h", "info:"]
[validation] magick ["/tmp/.tmpfIm7r2/rose.png", "-auto-orient", "-depth", "8", "RGBA:/tmp/.tmpfIm7r2/expected.rgba"]
[validation] magick ["/tmp/.tmpfIm7r2/results/rose-z8-15.png", "-auto-orient", "-depth", "8", "RGBA:/tmp/.tmpfIm7r2/actual.rgba"]
[validation] magick ["/tmp/.tmpfIm7r2/rose.png", "-auto-orient", "-format", "%w %h", "info:"]
[validation] magick ["/tmp/.tmpfIm7r2/results/rose-z8-15.png", "-auto-orient", "-format", "%w %h", "info:"]
[validation] magick ["/tmp/.tmpfIm7r2/results/rose-z8-15.png", "-auto-orient", "-format", "%w %h", "info:"]
[validation] magick ["/tmp/.tmpfIm7r2/alpha.png", "-auto-orient", "-depth", "8", "RGBA:/tmp/.tmpfIm7r2/expected.rgba"]
[validation] magick ["/tmp/.tmpfIm7r2/results/alpha-z8-1.avif", "-auto-orient", "-depth", "8", "RGBA:/tmp/.tmpfIm7r2/actual.rgba"]
[validation] magick ["/tmp/.tmpfIm7r2/alpha.png", "-auto-orient", "-format", "%w %h", "info:"]
[validation] magick ["/tmp/.tmpfIm7r2/results/alpha-z8-1.avif", "-auto-orient", "-format", "%w %h", "info:"]
[validation] magick ["/tmp/.tmpfIm7r2/results/alpha-z8-1.avif", "-auto-orient", "-format", "%w %h", "info:"]
[validation] magick ["/tmp/.tmpfIm7r2/alpha.png", "-auto-orient", "-depth", "8", "RGBA:/tmp/.tmpfIm7r2/expected.rgba"]
[validation] magick ["/tmp/.tmpfIm7r2/results/alpha-z8-2.avif", "-auto-orient", "-depth", "8", "RGBA:/tmp/.tmpfIm7r2/actual.rgba"]
[validation] magick ["/tmp/.tmpfIm7r2/alpha.png", "-auto-orient", "-format", "%w %h", "info:"]
[validation] magick ["/tmp/.tmpfIm7r2/results/alpha-z8-2.avif", "-auto-orient", "-format", "%w %h", "info:"]
[validation] magick ["/tmp/.tmpfIm7r2/results/alpha-z8-2.avif", "-auto-orient", "-format", "%w %h", "info:"]
[validation] magick ["/tmp/.tmpfIm7r2/alpha.png", "-auto-orient", "-depth", "8", "RGBA:/tmp/.tmpfIm7r2/expected.rgba"]
[validation] magick ["/tmp/.tmpfIm7r2/results/alpha-z8-3.avif", "-auto-orient", "-depth", "8", "RGBA:/tmp/.tmpfIm7r2/actual.rgba"]
[validation] magick ["/tmp/.tmpfIm7r2/alpha.png", "-auto-orient", "-format", "%w %h", "info:"]
[validation] magick ["/tmp/.tmpfIm7r2/results/alpha-z8-3.avif", "-auto-orient", "-format", "%w %h", "info:"]
[validation] magick ["/tmp/.tmpfIm7r2/results/alpha-z8-3.avif", "-auto-orient", "-format", "%w %h", "info:"]
[validation] magick ["/tmp/.tmpfIm7r2/alpha.png", "-auto-orient", "-depth", "8", "RGBA:/tmp/.tmpfIm7r2/expected.rgba"]
[validation] magick ["/tmp/.tmpfIm7r2/results/alpha-z8-4.avif", "-auto-orient", "-depth", "8", "RGBA:/tmp/.tmpfIm7r2/actual.rgba"]
[validation] magick ["/tmp/.tmpfIm7r2/alpha.png", "-auto-orient", "-format", "%w %h", "info:"]
[validation] magick ["/tmp/.tmpfIm7r2/results/alpha-z8-4.avif", "-auto-orient", "-format", "%w %h", "info:"]
[validation] magick ["/tmp/.tmpfIm7r2/results/alpha-z8-4.avif", "-auto-orient", "-format", "%w %h", "info:"]
[validation] magick ["/tmp/.tmpfIm7r2/alpha.png", "-auto-orient", "-depth", "8", "RGBA:/tmp/.tmpfIm7r2/expected.rgba"]
[validation] magick ["/tmp/.tmpfIm7r2/results/alpha-z8-5.avif", "-auto-orient", "-depth", "8", "RGBA:/tmp/.tmpfIm7r2/actual.rgba"]
[validation] magick ["/tmp/.tmpfIm7r2/alpha.png", "-auto-orient", "-format", "%w %h", "info:"]
[validation] magick ["/tmp/.tmpfIm7r2/results/alpha-z8-5.avif", "-auto-orient", "-format", "%w %h", "info:"]
[validation] magick ["/tmp/.tmpfIm7r2/results/alpha-z8-5.avif", "-auto-orient", "-format", "%w %h", "info:"]
[validation] magick ["/tmp/.tmpfIm7r2/alpha.png", "-auto-orient", "-depth", "8", "RGBA:/tmp/.tmpfIm7r2/expected.rgba"]
[validation] magick ["/tmp/.tmpfIm7r2/results/alpha-z8-6.avif", "-auto-orient", "-depth", "8", "RGBA:/tmp/.tmpfIm7r2/actual.rgba"]
[validation] magick ["/tmp/.tmpfIm7r2/alpha.png", "-auto-orient", "-format", "%w %h", "info:"]
[validation] magick ["/tmp/.tmpfIm7r2/results/alpha-z8-6.avif", "-auto-orient", "-format", "%w %h", "info:"]
[validation] magick ["/tmp/.tmpfIm7r2/results/alpha-z8-6.avif", "-auto-orient", "-format", "%w %h", "info:"]
[validation] magick ["/tmp/.tmpfIm7r2/alpha.png", "-auto-orient", "-depth", "8", "RGBA:/tmp/.tmpfIm7r2/expected.rgba"]
[validation] magick ["/tmp/.tmpfIm7r2/results/alpha-z8-7.avif", "-auto-orient", "-depth", "8", "RGBA:/tmp/.tmpfIm7r2/actual.rgba"]
[validation] magick ["/tmp/.tmpfIm7r2/alpha.png", "-auto-orient", "-format", "%w %h", "info:"]
[validation] magick ["/tmp/.tmpfIm7r2/results/alpha-z8-7.avif", "-auto-orient", "-format", "%w %h", "info:"]
[validation] magick ["/tmp/.tmpfIm7r2/results/alpha-z8-7.avif", "-auto-orient", "-format", "%w %h", "info:"]
[validation] magick ["/tmp/.tmpfIm7r2/alpha.png", "-auto-orient", "-depth", "8", "RGBA:/tmp/.tmpfIm7r2/expected.rgba"]
[validation] magick ["/tmp/.tmpfIm7r2/results/alpha-z8-8.avif", "-auto-orient", "-depth", "8", "RGBA:/tmp/.tmpfIm7r2/actual.rgba"]
[validation] magick ["/tmp/.tmpfIm7r2/alpha.png", "-auto-orient", "-format", "%w %h", "info:"]
[validation] magick ["/tmp/.tmpfIm7r2/results/alpha-z8-8.avif", "-auto-orient", "-format", "%w %h", "info:"]
[validation] magick ["/tmp/.tmpfIm7r2/results/alpha-z8-8.avif", "-auto-orient", "-format", "%w %h", "info:"]
[validation] magick ["/tmp/.tmpfIm7r2/alpha.png", "-auto-orient", "-depth", "8", "RGBA:/tmp/.tmpfIm7r2/expected.rgba"]
[validation] magick ["/tmp/.tmpfIm7r2/results/alpha-z8-9.avif", "-auto-orient", "-depth", "8", "RGBA:/tmp/.tmpfIm7r2/actual.rgba"]
[validation] magick ["/tmp/.tmpfIm7r2/alpha.png", "-auto-orient", "-format", "%w %h", "info:"]
[validation] magick ["/tmp/.tmpfIm7r2/results/alpha-z8-9.avif", "-auto-orient", "-format", "%w %h", "info:"]
[validation] magick ["/tmp/.tmpfIm7r2/results/alpha-z8-9.avif", "-auto-orient", "-format", "%w %h", "info:"]
[validation] magick ["/tmp/.tmpfIm7r2/alpha.png", "-auto-orient", "-depth", "8", "RGBA:/tmp/.tmpfIm7r2/expected.rgba"]
[validation] magick ["/tmp/.tmpfIm7r2/results/alpha-z8-10.avif", "-auto-orient", "-depth", "8", "RGBA:/tmp/.tmpfIm7r2/actual.rgba"]
[validation] magick ["/tmp/.tmpfIm7r2/alpha.png", "-auto-orient", "-format", "%w %h", "info:"]
[validation] magick ["/tmp/.tmpfIm7r2/results/alpha-z8-10.avif", "-auto-orient", "-format", "%w %h", "info:"]
[validation] magick ["/tmp/.tmpfIm7r2/results/alpha-z8-10.avif", "-auto-orient", "-format", "%w %h", "info:"]
[validation] magick ["/tmp/.tmpfIm7r2/alpha.png", "-auto-orient", "-depth", "8", "RGBA:/tmp/.tmpfIm7r2/expected.rgba"]
[validation] magick ["/tmp/.tmpfIm7r2/results/alpha-z8-11.avif", "-auto-orient", "-depth", "8", "RGBA:/tmp/.tmpfIm7r2/actual.rgba"]
[validation] magick ["/tmp/.tmpfIm7r2/alpha.png", "-auto-orient", "-format", "%w %h", "info:"]
[validation] magick ["/tmp/.tmpfIm7r2/results/alpha-z8-11.avif", "-auto-orient", "-format", "%w %h", "info:"]
[validation] magick ["/tmp/.tmpfIm7r2/results/alpha-z8-11.avif", "-auto-orient", "-format", "%w %h", "info:"]
[validation] magick ["/tmp/.tmpfIm7r2/alpha.png", "-auto-orient", "-depth", "8", "RGBA:/tmp/.tmpfIm7r2/expected.rgba"]
[validation] magick ["/tmp/.tmpfIm7r2/results/alpha-z8-12.avif", "-auto-orient", "-depth", "8", "RGBA:/tmp/.tmpfIm7r2/actual.rgba"]
[validation] magick ["/tmp/.tmpfIm7r2/alpha.png", "-auto-orient", "-format", "%w %h", "info:"]
[validation] magick ["/tmp/.tmpfIm7r2/results/alpha-z8-12.avif", "-auto-orient", "-format", "%w %h", "info:"]
[validation] magick ["/tmp/.tmpfIm7r2/results/alpha-z8-12.avif", "-auto-orient", "-format", "%w %h", "info:"]
[validation] magick ["/tmp/.tmpfIm7r2/alpha.png", "-auto-orient", "-depth", "8", "RGBA:/tmp/.tmpfIm7r2/expected.rgba"]
[validation] magick ["/tmp/.tmpfIm7r2/results/alpha-z8-13.avif", "-auto-orient", "-depth", "8", "RGBA:/tmp/.tmpfIm7r2/actual.rgba"]
[validation] magick ["/tmp/.tmpfIm7r2/alpha.png", "-auto-orient", "-format", "%w %h", "info:"]
[validation] magick ["/tmp/.tmpfIm7r2/results/alpha-z8-13.avif", "-auto-orient", "-format", "%w %h", "info:"]
[validation] magick ["/tmp/.tmpfIm7r2/results/alpha-z8-13.avif", "-auto-orient", "-format", "%w %h", "info:"]
[validation] magick ["/tmp/.tmpfIm7r2/alpha.png", "-auto-orient", "-depth", "8", "RGBA:/tmp/.tmpfIm7r2/expected.rgba"]
[validation] magick ["/tmp/.tmpfIm7r2/results/alpha-z8-14.avif", "-auto-orient", "-depth", "8", "RGBA:/tmp/.tmpfIm7r2/actual.rgba"]
[validation] magick ["/tmp/.tmpfIm7r2/alpha.png", "-auto-orient", "-format", "%w %h", "info:"]
[validation] magick ["/tmp/.tmpfIm7r2/results/alpha-z8-14.avif", "-auto-orient", "-format", "%w %h", "info:"]
[validation] magick ["/tmp/.tmpfIm7r2/results/alpha-z8-14.avif", "-auto-orient", "-format", "%w %h", "info:"]
[validation] magick ["/tmp/.tmpfIm7r2/alpha.png", "-auto-orient", "-depth", "8", "RGBA:/tmp/.tmpfIm7r2/expected.rgba"]
[validation] magick ["/tmp/.tmpfIm7r2/results/alpha-z8-15.avif", "-auto-orient", "-depth", "8", "RGBA:/tmp/.tmpfIm7r2/actual.rgba"]
[validation] magick ["/tmp/.tmpfIm7r2/alpha.png", "-auto-orient", "-format", "%w %h", "info:"]
[validation] magick ["/tmp/.tmpfIm7r2/results/alpha-z8-15.avif", "-auto-orient", "-format", "%w %h", "info:"]
[validation] magick ["/tmp/.tmpfIm7r2/results/alpha-z8-15.avif", "-auto-orient", "-format", "%w %h", "info:"]
[validation] magick ["/tmp/.tmpfIm7r2/alpha.png", "-auto-orient", "-depth", "8", "RGBA:/tmp/.tmpfIm7r2/expected.rgba"]
[validation] magick ["/tmp/.tmpfIm7r2/results/alpha-z8-1.webp", "-auto-orient", "-depth", "8", "RGBA:/tmp/.tmpfIm7r2/actual.rgba"]
[validation] magick ["/tmp/.tmpfIm7r2/alpha.png", "-auto-orient", "-format", "%w %h", "info:"]
[validation] magick ["/tmp/.tmpfIm7r2/results/alpha-z8-1.webp", "-auto-orient", "-format", "%w %h", "info:"]
[validation] magick ["/tmp/.tmpfIm7r2/results/alpha-z8-1.webp", "-auto-orient", "-format", "%w %h", "info:"]
[validation] magick ["/tmp/.tmpfIm7r2/alpha.png", "-auto-orient", "-depth", "8", "RGBA:/tmp/.tmpfIm7r2/expected.rgba"]
[validation] magick ["/tmp/.tmpfIm7r2/results/alpha-z8-2.webp", "-auto-orient", "-depth", "8", "RGBA:/tmp/.tmpfIm7r2/actual.rgba"]
[validation] magick ["/tmp/.tmpfIm7r2/alpha.png", "-auto-orient", "-format", "%w %h", "info:"]
[validation] magick ["/tmp/.tmpfIm7r2/results/alpha-z8-2.webp", "-auto-orient", "-format", "%w %h", "info:"]
[validation] magick ["/tmp/.tmpfIm7r2/results/alpha-z8-2.webp", "-auto-orient", "-format", "%w %h", "info:"]
[validation] magick ["/tmp/.tmpfIm7r2/alpha.png", "-auto-orient", "-depth", "8", "RGBA:/tmp/.tmpfIm7r2/expected.rgba"]
[validation] magick ["/tmp/.tmpfIm7r2/results/alpha-z8-3.webp", "-auto-orient", "-depth", "8", "RGBA:/tmp/.tmpfIm7r2/actual.rgba"]
[validation] magick ["/tmp/.tmpfIm7r2/alpha.png", "-auto-orient", "-format", "%w %h", "info:"]
[validation] magick ["/tmp/.tmpfIm7r2/results/alpha-z8-3.webp", "-auto-orient", "-format", "%w %h", "info:"]
[validation] magick ["/tmp/.tmpfIm7r2/results/alpha-z8-3.webp", "-auto-orient", "-format", "%w %h", "info:"]
[validation] magick ["/tmp/.tmpfIm7r2/alpha.png", "-auto-orient", "-depth", "8", "RGBA:/tmp/.tmpfIm7r2/expected.rgba"]
[validation] magick ["/tmp/.tmpfIm7r2/results/alpha-z8-4.webp", "-auto-orient", "-depth", "8", "RGBA:/tmp/.tmpfIm7r2/actual.rgba"]
[validation] magick ["/tmp/.tmpfIm7r2/alpha.png", "-auto-orient", "-format", "%w %h", "info:"]
[validation] magick ["/tmp/.tmpfIm7r2/results/alpha-z8-4.webp", "-auto-orient", "-format", "%w %h", "info:"]
[validation] magick ["/tmp/.tmpfIm7r2/results/alpha-z8-4.webp", "-auto-orient", "-format", "%w %h", "info:"]
[validation] magick ["/tmp/.tmpfIm7r2/alpha.png", "-auto-orient", "-depth", "8", "RGBA:/tmp/.tmpfIm7r2/expected.rgba"]
[validation] magick ["/tmp/.tmpfIm7r2/results/alpha-z8-5.webp", "-auto-orient", "-depth", "8", "RGBA:/tmp/.tmpfIm7r2/actual.rgba"]
[validation] magick ["/tmp/.tmpfIm7r2/alpha.png", "-auto-orient", "-format", "%w %h", "info:"]
[validation] magick ["/tmp/.tmpfIm7r2/results/alpha-z8-5.webp", "-auto-orient", "-format", "%w %h", "info:"]
[validation] magick ["/tmp/.tmpfIm7r2/results/alpha-z8-5.webp", "-auto-orient", "-format", "%w %h", "info:"]
[validation] magick ["/tmp/.tmpfIm7r2/alpha.png", "-auto-orient", "-depth", "8", "RGBA:/tmp/.tmpfIm7r2/expected.rgba"]
[validation] magick ["/tmp/.tmpfIm7r2/results/alpha-z8-6.webp", "-auto-orient", "-depth", "8", "RGBA:/tmp/.tmpfIm7r2/actual.rgba"]
[validation] magick ["/tmp/.tmpfIm7r2/alpha.png", "-auto-orient", "-format", "%w %h", "info:"]
[validation] magick ["/tmp/.tmpfIm7r2/results/alpha-z8-6.webp", "-auto-orient", "-format", "%w %h", "info:"]
[validation] magick ["/tmp/.tmpfIm7r2/results/alpha-z8-6.webp", "-auto-orient", "-format", "%w %h", "info:"]
[validation] magick ["/tmp/.tmpfIm7r2/alpha.png", "-auto-orient", "-depth", "8", "RGBA:/tmp/.tmpfIm7r2/expected.rgba"]
[validation] magick ["/tmp/.tmpfIm7r2/results/alpha-z8-7.webp", "-auto-orient", "-depth", "8", "RGBA:/tmp/.tmpfIm7r2/actual.rgba"]
[validation] magick ["/tmp/.tmpfIm7r2/alpha.png", "-auto-orient", "-format", "%w %h", "info:"]
[validation] magick ["/tmp/.tmpfIm7r2/results/alpha-z8-7.webp", "-auto-orient", "-format", "%w %h", "info:"]
[validation] magick ["/tmp/.tmpfIm7r2/results/alpha-z8-7.webp", "-auto-orient", "-format", "%w %h", "info:"]
[validation] magick ["/tmp/.tmpfIm7r2/alpha.png", "-auto-orient", "-depth", "8", "RGBA:/tmp/.tmpfIm7r2/expected.rgba"]
[validation] magick ["/tmp/.tmpfIm7r2/results/alpha-z8-8.webp", "-auto-orient", "-depth", "8", "RGBA:/tmp/.tmpfIm7r2/actual.rgba"]
[validation] magick ["/tmp/.tmpfIm7r2/alpha.png", "-auto-orient", "-format", "%w %h", "info:"]
[validation] magick ["/tmp/.tmpfIm7r2/results/alpha-z8-8.webp", "-auto-orient", "-format", "%w %h", "info:"]
[validation] magick ["/tmp/.tmpfIm7r2/results/alpha-z8-8.webp", "-auto-orient", "-format", "%w %h", "info:"]
[validation] magick ["/tmp/.tmpfIm7r2/alpha.png", "-auto-orient", "-depth", "8", "RGBA:/tmp/.tmpfIm7r2/expected.rgba"]
[validation] magick ["/tmp/.tmpfIm7r2/results/alpha-z8-9.webp", "-auto-orient", "-depth", "8", "RGBA:/tmp/.tmpfIm7r2/actual.rgba"]
[validation] magick ["/tmp/.tmpfIm7r2/alpha.png", "-auto-orient", "-format", "%w %h", "info:"]
[validation] magick ["/tmp/.tmpfIm7r2/results/alpha-z8-9.webp", "-auto-orient", "-format", "%w %h", "info:"]
[validation] magick ["/tmp/.tmpfIm7r2/results/alpha-z8-9.webp", "-auto-orient", "-format", "%w %h", "info:"]
[validation] magick ["/tmp/.tmpfIm7r2/alpha.png", "-auto-orient", "-depth", "8", "RGBA:/tmp/.tmpfIm7r2/expected.rgba"]
[validation] magick ["/tmp/.tmpfIm7r2/results/alpha-z8-10.webp", "-auto-orient", "-depth", "8", "RGBA:/tmp/.tmpfIm7r2/actual.rgba"]
[validation] magick ["/tmp/.tmpfIm7r2/alpha.png", "-auto-orient", "-format", "%w %h", "info:"]
[validation] magick ["/tmp/.tmpfIm7r2/results/alpha-z8-10.webp", "-auto-orient", "-format", "%w %h", "info:"]
[validation] magick ["/tmp/.tmpfIm7r2/results/alpha-z8-10.webp", "-auto-orient", "-format", "%w %h", "info:"]
[validation] magick ["/tmp/.tmpfIm7r2/alpha.png", "-auto-orient", "-depth", "8", "RGBA:/tmp/.tmpfIm7r2/expected.rgba"]
[validation] magick ["/tmp/.tmpfIm7r2/results/alpha-z8-11.webp", "-auto-orient", "-depth", "8", "RGBA:/tmp/.tmpfIm7r2/actual.rgba"]
[validation] magick ["/tmp/.tmpfIm7r2/alpha.png", "-auto-orient", "-format", "%w %h", "info:"]
[validation] magick ["/tmp/.tmpfIm7r2/results/alpha-z8-11.webp", "-auto-orient", "-format", "%w %h", "info:"]
[validation] magick ["/tmp/.tmpfIm7r2/results/alpha-z8-11.webp", "-auto-orient", "-format", "%w %h", "info:"]
[validation] magick ["/tmp/.tmpfIm7r2/alpha.png", "-auto-orient", "-depth", "8", "RGBA:/tmp/.tmpfIm7r2/expected.rgba"]
[validation] magick ["/tmp/.tmpfIm7r2/results/alpha-z8-12.webp", "-auto-orient", "-depth", "8", "RGBA:/tmp/.tmpfIm7r2/actual.rgba"]
[validation] magick ["/tmp/.tmpfIm7r2/alpha.png", "-auto-orient", "-format", "%w %h", "info:"]
[validation] magick ["/tmp/.tmpfIm7r2/results/alpha-z8-12.webp", "-auto-orient", "-format", "%w %h", "info:"]
[validation] magick ["/tmp/.tmpfIm7r2/results/alpha-z8-12.webp", "-auto-orient", "-format", "%w %h", "info:"]
[validation] magick ["/tmp/.tmpfIm7r2/alpha.png", "-auto-orient", "-depth", "8", "RGBA:/tmp/.tmpfIm7r2/expected.rgba"]
[validation] magick ["/tmp/.tmpfIm7r2/results/alpha-z8-13.webp", "-auto-orient", "-depth", "8", "RGBA:/tmp/.tmpfIm7r2/actual.rgba"]
[validation] magick ["/tmp/.tmpfIm7r2/alpha.png", "-auto-orient", "-format", "%w %h", "info:"]
[validation] magick ["/tmp/.tmpfIm7r2/results/alpha-z8-13.webp", "-auto-orient", "-format", "%w %h", "info:"]
[validation] magick ["/tmp/.tmpfIm7r2/results/alpha-z8-13.webp", "-auto-orient", "-format", "%w %h", "info:"]
[validation] magick ["/tmp/.tmpfIm7r2/alpha.png", "-auto-orient", "-depth", "8", "RGBA:/tmp/.tmpfIm7r2/expected.rgba"]
[validation] magick ["/tmp/.tmpfIm7r2/results/alpha-z8-14.webp", "-auto-orient", "-depth", "8", "RGBA:/tmp/.tmpfIm7r2/actual.rgba"]
[validation] magick ["/tmp/.tmpfIm7r2/alpha.png", "-auto-orient", "-format", "%w %h", "info:"]
[validation] magick ["/tmp/.tmpfIm7r2/results/alpha-z8-14.webp", "-auto-orient", "-format", "%w %h", "info:"]
[validation] magick ["/tmp/.tmpfIm7r2/results/alpha-z8-14.webp", "-auto-orient", "-format", "%w %h", "info:"]
[validation] magick ["/tmp/.tmpfIm7r2/alpha.png", "-auto-orient", "-depth", "8", "RGBA:/tmp/.tmpfIm7r2/expected.rgba"]
[validation] magick ["/tmp/.tmpfIm7r2/results/alpha-z8-15.webp", "-auto-orient", "-depth", "8", "RGBA:/tmp/.tmpfIm7r2/actual.rgba"]
[validation] magick ["/tmp/.tmpfIm7r2/alpha.png", "-auto-orient", "-format", "%w %h", "info:"]
[validation] magick ["/tmp/.tmpfIm7r2/results/alpha-z8-15.webp", "-auto-orient", "-format", "%w %h", "info:"]
[validation] magick ["/tmp/.tmpfIm7r2/results/alpha-z8-15.webp", "-auto-orient", "-format", "%w %h", "info:"]
[validation] magick ["/tmp/.tmpfIm7r2/alpha.png", "-auto-orient", "-background", "white", "-alpha", "remove", "-alpha", "off", "-depth", "8", "RGBA:/tmp/.tmpfIm7r2/expected.rgba"]
[validation] magick ["/tmp/.tmpfIm7r2/results/alpha-z8-1.jpg", "-auto-orient", "-depth", "8", "RGBA:/tmp/.tmpfIm7r2/actual.rgba"]
[validation] magick ["/tmp/.tmpfIm7r2/alpha.png", "-auto-orient", "-format", "%w %h", "info:"]
[validation] magick ["/tmp/.tmpfIm7r2/results/alpha-z8-1.jpg", "-auto-orient", "-format", "%w %h", "info:"]
[validation] magick ["/tmp/.tmpfIm7r2/results/alpha-z8-1.jpg", "-auto-orient", "-format", "%w %h", "info:"]
[validation] magick ["/tmp/.tmpfIm7r2/alpha.png", "-auto-orient", "-background", "white", "-alpha", "remove", "-alpha", "off", "-depth", "8", "RGBA:/tmp/.tmpfIm7r2/expected.rgba"]
[validation] magick ["/tmp/.tmpfIm7r2/results/alpha-z8-2.jpg", "-auto-orient", "-depth", "8", "RGBA:/tmp/.tmpfIm7r2/actual.rgba"]
[validation] magick ["/tmp/.tmpfIm7r2/alpha.png", "-auto-orient", "-format", "%w %h", "info:"]
[validation] magick ["/tmp/.tmpfIm7r2/results/alpha-z8-2.jpg", "-auto-orient", "-format", "%w %h", "info:"]
[validation] magick ["/tmp/.tmpfIm7r2/results/alpha-z8-2.jpg", "-auto-orient", "-format", "%w %h", "info:"]
[validation] magick ["/tmp/.tmpfIm7r2/alpha.png", "-auto-orient", "-background", "white", "-alpha", "remove", "-alpha", "off", "-depth", "8", "RGBA:/tmp/.tmpfIm7r2/expected.rgba"]
[validation] magick ["/tmp/.tmpfIm7r2/results/alpha-z8-3.jpg", "-auto-orient", "-depth", "8", "RGBA:/tmp/.tmpfIm7r2/actual.rgba"]
[validation] magick ["/tmp/.tmpfIm7r2/alpha.png", "-auto-orient", "-format", "%w %h", "info:"]
[validation] magick ["/tmp/.tmpfIm7r2/results/alpha-z8-3.jpg", "-auto-orient", "-format", "%w %h", "info:"]
[validation] magick ["/tmp/.tmpfIm7r2/results/alpha-z8-3.jpg", "-auto-orient", "-format", "%w %h", "info:"]
[validation] magick ["/tmp/.tmpfIm7r2/alpha.png", "-auto-orient", "-background", "white", "-alpha", "remove", "-alpha", "off", "-depth", "8", "RGBA:/tmp/.tmpfIm7r2/expected.rgba"]
[validation] magick ["/tmp/.tmpfIm7r2/results/alpha-z8-4.jpg", "-auto-orient", "-depth", "8", "RGBA:/tmp/.tmpfIm7r2/actual.rgba"]
[validation] magick ["/tmp/.tmpfIm7r2/alpha.png", "-auto-orient", "-format", "%w %h", "info:"]
[validation] magick ["/tmp/.tmpfIm7r2/results/alpha-z8-4.jpg", "-auto-orient", "-format", "%w %h", "info:"]
[validation] magick ["/tmp/.tmpfIm7r2/results/alpha-z8-4.jpg", "-auto-orient", "-format", "%w %h", "info:"]
[validation] magick ["/tmp/.tmpfIm7r2/alpha.png", "-auto-orient", "-background", "white", "-alpha", "remove", "-alpha", "off", "-depth", "8", "RGBA:/tmp/.tmpfIm7r2/expected.rgba"]
[validation] magick ["/tmp/.tmpfIm7r2/results/alpha-z8-5.jpg", "-auto-orient", "-depth", "8", "RGBA:/tmp/.tmpfIm7r2/actual.rgba"]
[validation] magick ["/tmp/.tmpfIm7r2/alpha.png", "-auto-orient", "-format", "%w %h", "info:"]
[validation] magick ["/tmp/.tmpfIm7r2/results/alpha-z8-5.jpg", "-auto-orient", "-format", "%w %h", "info:"]
[validation] magick ["/tmp/.tmpfIm7r2/results/alpha-z8-5.jpg", "-auto-orient", "-format", "%w %h", "info:"]
[validation] magick ["/tmp/.tmpfIm7r2/alpha.png", "-auto-orient", "-background", "white", "-alpha", "remove", "-alpha", "off", "-depth", "8", "RGBA:/tmp/.tmpfIm7r2/expected.rgba"]
[validation] magick ["/tmp/.tmpfIm7r2/results/alpha-z8-6.jpg", "-auto-orient", "-depth", "8", "RGBA:/tmp/.tmpfIm7r2/actual.rgba"]
[validation] magick ["/tmp/.tmpfIm7r2/alpha.png", "-auto-orient", "-format", "%w %h", "info:"]
[validation] magick ["/tmp/.tmpfIm7r2/results/alpha-z8-6.jpg", "-auto-orient", "-format", "%w %h", "info:"]
[validation] magick ["/tmp/.tmpfIm7r2/results/alpha-z8-6.jpg", "-auto-orient", "-format", "%w %h", "info:"]
[validation] magick ["/tmp/.tmpfIm7r2/alpha.png", "-auto-orient", "-background", "white", "-alpha", "remove", "-alpha", "off", "-depth", "8", "RGBA:/tmp/.tmpfIm7r2/expected.rgba"]
[validation] magick ["/tmp/.tmpfIm7r2/results/alpha-z8-7.jpg", "-auto-orient", "-depth", "8", "RGBA:/tmp/.tmpfIm7r2/actual.rgba"]
[validation] magick ["/tmp/.tmpfIm7r2/alpha.png", "-auto-orient", "-format", "%w %h", "info:"]
[validation] magick ["/tmp/.tmpfIm7r2/results/alpha-z8-7.jpg", "-auto-orient", "-format", "%w %h", "info:"]
[validation] magick ["/tmp/.tmpfIm7r2/results/alpha-z8-7.jpg", "-auto-orient", "-format", "%w %h", "info:"]
[validation] magick ["/tmp/.tmpfIm7r2/alpha.png", "-auto-orient", "-background", "white", "-alpha", "remove", "-alpha", "off", "-depth", "8", "RGBA:/tmp/.tmpfIm7r2/expected.rgba"]
[validation] magick ["/tmp/.tmpfIm7r2/results/alpha-z8-8.jpg", "-auto-orient", "-depth", "8", "RGBA:/tmp/.tmpfIm7r2/actual.rgba"]
[validation] magick ["/tmp/.tmpfIm7r2/alpha.png", "-auto-orient", "-format", "%w %h", "info:"]
[validation] magick ["/tmp/.tmpfIm7r2/results/alpha-z8-8.jpg", "-auto-orient", "-format", "%w %h", "info:"]
[validation] magick ["/tmp/.tmpfIm7r2/results/alpha-z8-8.jpg", "-auto-orient", "-format", "%w %h", "info:"]
[validation] magick ["/tmp/.tmpfIm7r2/alpha.png", "-auto-orient", "-background", "white", "-alpha", "remove", "-alpha", "off", "-depth", "8", "RGBA:/tmp/.tmpfIm7r2/expected.rgba"]
[validation] magick ["/tmp/.tmpfIm7r2/results/alpha-z8-9.jpg", "-auto-orient", "-depth", "8", "RGBA:/tmp/.tmpfIm7r2/actual.rgba"]
[validation] magick ["/tmp/.tmpfIm7r2/alpha.png", "-auto-orient", "-format", "%w %h", "info:"]
[validation] magick ["/tmp/.tmpfIm7r2/results/alpha-z8-9.jpg", "-auto-orient", "-format", "%w %h", "info:"]
[validation] magick ["/tmp/.tmpfIm7r2/results/alpha-z8-9.jpg", "-auto-orient", "-format", "%w %h", "info:"]
[validation] magick ["/tmp/.tmpfIm7r2/alpha.png", "-auto-orient", "-background", "white", "-alpha", "remove", "-alpha", "off", "-depth", "8", "RGBA:/tmp/.tmpfIm7r2/expected.rgba"]
[validation] magick ["/tmp/.tmpfIm7r2/results/alpha-z8-10.jpg", "-auto-orient", "-depth", "8", "RGBA:/tmp/.tmpfIm7r2/actual.rgba"]
[validation] magick ["/tmp/.tmpfIm7r2/alpha.png", "-auto-orient", "-format", "%w %h", "info:"]
[validation] magick ["/tmp/.tmpfIm7r2/results/alpha-z8-10.jpg", "-auto-orient", "-format", "%w %h", "info:"]
[validation] magick ["/tmp/.tmpfIm7r2/results/alpha-z8-10.jpg", "-auto-orient", "-format", "%w %h", "info:"]
[validation] magick ["/tmp/.tmpfIm7r2/alpha.png", "-auto-orient", "-background", "white", "-alpha", "remove", "-alpha", "off", "-depth", "8", "RGBA:/tmp/.tmpfIm7r2/expected.rgba"]
[validation] magick ["/tmp/.tmpfIm7r2/results/alpha-z8-11.jpg", "-auto-orient", "-depth", "8", "RGBA:/tmp/.tmpfIm7r2/actual.rgba"]
[validation] magick ["/tmp/.tmpfIm7r2/alpha.png", "-auto-orient", "-format", "%w %h", "info:"]
[validation] magick ["/tmp/.tmpfIm7r2/results/alpha-z8-11.jpg", "-auto-orient", "-format", "%w %h", "info:"]
[validation] magick ["/tmp/.tmpfIm7r2/results/alpha-z8-11.jpg", "-auto-orient", "-format", "%w %h", "info:"]
[validation] magick ["/tmp/.tmpfIm7r2/alpha.png", "-auto-orient", "-background", "white", "-alpha", "remove", "-alpha", "off", "-depth", "8", "RGBA:/tmp/.tmpfIm7r2/expected.rgba"]
[validation] magick ["/tmp/.tmpfIm7r2/results/alpha-z8-12.jpg", "-auto-orient", "-depth", "8", "RGBA:/tmp/.tmpfIm7r2/actual.rgba"]
[validation] magick ["/tmp/.tmpfIm7r2/alpha.png", "-auto-orient", "-format", "%w %h", "info:"]
[validation] magick ["/tmp/.tmpfIm7r2/results/alpha-z8-12.jpg", "-auto-orient", "-format", "%w %h", "info:"]
[validation] magick ["/tmp/.tmpfIm7r2/results/alpha-z8-12.jpg", "-auto-orient", "-format", "%w %h", "info:"]
[validation] magick ["/tmp/.tmpfIm7r2/alpha.png", "-auto-orient", "-background", "white", "-alpha", "remove", "-alpha", "off", "-depth", "8", "RGBA:/tmp/.tmpfIm7r2/expected.rgba"]
[validation] magick ["/tmp/.tmpfIm7r2/results/alpha-z8-13.jpg", "-auto-orient", "-depth", "8", "RGBA:/tmp/.tmpfIm7r2/actual.rgba"]
[validation] magick ["/tmp/.tmpfIm7r2/alpha.png", "-auto-orient", "-format", "%w %h", "info:"]
[validation] magick ["/tmp/.tmpfIm7r2/results/alpha-z8-13.jpg", "-auto-orient", "-format", "%w %h", "info:"]
[validation] magick ["/tmp/.tmpfIm7r2/results/alpha-z8-13.jpg", "-auto-orient", "-format", "%w %h", "info:"]
[validation] magick ["/tmp/.tmpfIm7r2/alpha.png", "-auto-orient", "-background", "white", "-alpha", "remove", "-alpha", "off", "-depth", "8", "RGBA:/tmp/.tmpfIm7r2/expected.rgba"]
[validation] magick ["/tmp/.tmpfIm7r2/results/alpha-z8-14.jpg", "-auto-orient", "-depth", "8", "RGBA:/tmp/.tmpfIm7r2/actual.rgba"]
[validation] magick ["/tmp/.tmpfIm7r2/alpha.png", "-auto-orient", "-format", "%w %h", "info:"]
[validation] magick ["/tmp/.tmpfIm7r2/results/alpha-z8-14.jpg", "-auto-orient", "-format", "%w %h", "info:"]
[validation] magick ["/tmp/.tmpfIm7r2/results/alpha-z8-14.jpg", "-auto-orient", "-format", "%w %h", "info:"]
[validation] magick ["/tmp/.tmpfIm7r2/alpha.png", "-auto-orient", "-background", "white", "-alpha", "remove", "-alpha", "off", "-depth", "8", "RGBA:/tmp/.tmpfIm7r2/expected.rgba"]
[validation] magick ["/tmp/.tmpfIm7r2/results/alpha-z8-15.jpg", "-auto-orient", "-depth", "8", "RGBA:/tmp/.tmpfIm7r2/actual.rgba"]
[validation] magick ["/tmp/.tmpfIm7r2/alpha.png", "-auto-orient", "-format", "%w %h", "info:"]
[validation] magick ["/tmp/.tmpfIm7r2/results/alpha-z8-15.jpg", "-auto-orient", "-format", "%w %h", "info:"]
[validation] magick ["/tmp/.tmpfIm7r2/results/alpha-z8-15.jpg", "-auto-orient", "-format", "%w %h", "info:"]
[validation] magick ["/tmp/.tmpfIm7r2/alpha.png", "-auto-orient", "-depth", "8", "RGBA:/tmp/.tmpfIm7r2/expected.rgba"]
[validation] magick ["/tmp/.tmpfIm7r2/results/alpha-z8-1.png", "-auto-orient", "-depth", "8", "RGBA:/tmp/.tmpfIm7r2/actual.rgba"]
[validation] magick ["/tmp/.tmpfIm7r2/alpha.png", "-auto-orient", "-format", "%w %h", "info:"]
[validation] magick ["/tmp/.tmpfIm7r2/results/alpha-z8-1.png", "-auto-orient", "-format", "%w %h", "info:"]
[validation] magick ["/tmp/.tmpfIm7r2/results/alpha-z8-1.png", "-auto-orient", "-format", "%w %h", "info:"]
[validation] magick ["/tmp/.tmpfIm7r2/alpha.png", "-auto-orient", "-depth", "8", "RGBA:/tmp/.tmpfIm7r2/expected.rgba"]
[validation] magick ["/tmp/.tmpfIm7r2/results/alpha-z8-2.png", "-auto-orient", "-depth", "8", "RGBA:/tmp/.tmpfIm7r2/actual.rgba"]
[validation] magick ["/tmp/.tmpfIm7r2/alpha.png", "-auto-orient", "-format", "%w %h", "info:"]
[validation] magick ["/tmp/.tmpfIm7r2/results/alpha-z8-2.png", "-auto-orient", "-format", "%w %h", "info:"]
[validation] magick ["/tmp/.tmpfIm7r2/results/alpha-z8-2.png", "-auto-orient", "-format", "%w %h", "info:"]
[validation] magick ["/tmp/.tmpfIm7r2/alpha.png", "-auto-orient", "-depth", "8", "RGBA:/tmp/.tmpfIm7r2/expected.rgba"]
[validation] magick ["/tmp/.tmpfIm7r2/results/alpha-z8-3.png", "-auto-orient", "-depth", "8", "RGBA:/tmp/.tmpfIm7r2/actual.rgba"]
[validation] magick ["/tmp/.tmpfIm7r2/alpha.png", "-auto-orient", "-format", "%w %h", "info:"]
[validation] magick ["/tmp/.tmpfIm7r2/results/alpha-z8-3.png", "-auto-orient", "-format", "%w %h", "info:"]
[validation] magick ["/tmp/.tmpfIm7r2/results/alpha-z8-3.png", "-auto-orient", "-format", "%w %h", "info:"]
[validation] magick ["/tmp/.tmpfIm7r2/alpha.png", "-auto-orient", "-depth", "8", "RGBA:/tmp/.tmpfIm7r2/expected.rgba"]
[validation] magick ["/tmp/.tmpfIm7r2/results/alpha-z8-4.png", "-auto-orient", "-depth", "8", "RGBA:/tmp/.tmpfIm7r2/actual.rgba"]
[validation] magick ["/tmp/.tmpfIm7r2/alpha.png", "-auto-orient", "-format", "%w %h", "info:"]
[validation] magick ["/tmp/.tmpfIm7r2/results/alpha-z8-4.png", "-auto-orient", "-format", "%w %h", "info:"]
[validation] magick ["/tmp/.tmpfIm7r2/results/alpha-z8-4.png", "-auto-orient", "-format", "%w %h", "info:"]
[validation] magick ["/tmp/.tmpfIm7r2/alpha.png", "-auto-orient", "-depth", "8", "RGBA:/tmp/.tmpfIm7r2/expected.rgba"]
[validation] magick ["/tmp/.tmpfIm7r2/results/alpha-z8-5.png", "-auto-orient", "-depth", "8", "RGBA:/tmp/.tmpfIm7r2/actual.rgba"]
[validation] magick ["/tmp/.tmpfIm7r2/alpha.png", "-auto-orient", "-format", "%w %h", "info:"]
[validation] magick ["/tmp/.tmpfIm7r2/results/alpha-z8-5.png", "-auto-orient", "-format", "%w %h", "info:"]
[validation] magick ["/tmp/.tmpfIm7r2/results/alpha-z8-5.png", "-auto-orient", "-format", "%w %h", "info:"]
[validation] magick ["/tmp/.tmpfIm7r2/alpha.png", "-auto-orient", "-depth", "8", "RGBA:/tmp/.tmpfIm7r2/expected.rgba"]
[validation] magick ["/tmp/.tmpfIm7r2/results/alpha-z8-6.png", "-auto-orient", "-depth", "8", "RGBA:/tmp/.tmpfIm7r2/actual.rgba"]
[validation] magick ["/tmp/.tmpfIm7r2/alpha.png", "-auto-orient", "-format", "%w %h", "info:"]
[validation] magick ["/tmp/.tmpfIm7r2/results/alpha-z8-6.png", "-auto-orient", "-format", "%w %h", "info:"]
[validation] magick ["/tmp/.tmpfIm7r2/results/alpha-z8-6.png", "-auto-orient", "-format", "%w %h", "info:"]
[validation] magick ["/tmp/.tmpfIm7r2/alpha.png", "-auto-orient", "-depth", "8", "RGBA:/tmp/.tmpfIm7r2/expected.rgba"]
[validation] magick ["/tmp/.tmpfIm7r2/results/alpha-z8-7.png", "-auto-orient", "-depth", "8", "RGBA:/tmp/.tmpfIm7r2/actual.rgba"]
[validation] magick ["/tmp/.tmpfIm7r2/alpha.png", "-auto-orient", "-format", "%w %h", "info:"]
[validation] magick ["/tmp/.tmpfIm7r2/results/alpha-z8-7.png", "-auto-orient", "-format", "%w %h", "info:"]
[validation] magick ["/tmp/.tmpfIm7r2/results/alpha-z8-7.png", "-auto-orient", "-format", "%w %h", "info:"]
[validation] magick ["/tmp/.tmpfIm7r2/alpha.png", "-auto-orient", "-depth", "8", "RGBA:/tmp/.tmpfIm7r2/expected.rgba"]
[validation] magick ["/tmp/.tmpfIm7r2/results/alpha-z8-8.png", "-auto-orient", "-depth", "8", "RGBA:/tmp/.tmpfIm7r2/actual.rgba"]
[validation] magick ["/tmp/.tmpfIm7r2/alpha.png", "-auto-orient", "-format", "%w %h", "info:"]
[validation] magick ["/tmp/.tmpfIm7r2/results/alpha-z8-8.png", "-auto-orient", "-format", "%w %h", "info:"]
[validation] magick ["/tmp/.tmpfIm7r2/results/alpha-z8-8.png", "-auto-orient", "-format", "%w %h", "info:"]
[validation] magick ["/tmp/.tmpfIm7r2/alpha.png", "-auto-orient", "-depth", "8", "RGBA:/tmp/.tmpfIm7r2/expected.rgba"]
[validation] magick ["/tmp/.tmpfIm7r2/results/alpha-z8-9.png", "-auto-orient", "-depth", "8", "RGBA:/tmp/.tmpfIm7r2/actual.rgba"]
[validation] magick ["/tmp/.tmpfIm7r2/alpha.png", "-auto-orient", "-format", "%w %h", "info:"]
[validation] magick ["/tmp/.tmpfIm7r2/results/alpha-z8-9.png", "-auto-orient", "-format", "%w %h", "info:"]
[validation] magick ["/tmp/.tmpfIm7r2/results/alpha-z8-9.png", "-auto-orient", "-format", "%w %h", "info:"]
[validation] magick ["/tmp/.tmpfIm7r2/alpha.png", "-auto-orient", "-depth", "8", "RGBA:/tmp/.tmpfIm7r2/expected.rgba"]
[validation] magick ["/tmp/.tmpfIm7r2/results/alpha-z8-10.png", "-auto-orient", "-depth", "8", "RGBA:/tmp/.tmpfIm7r2/actual.rgba"]
[validation] magick ["/tmp/.tmpfIm7r2/alpha.png", "-auto-orient", "-format", "%w %h", "info:"]
[validation] magick ["/tmp/.tmpfIm7r2/results/alpha-z8-10.png", "-auto-orient", "-format", "%w %h", "info:"]
[validation] magick ["/tmp/.tmpfIm7r2/results/alpha-z8-10.png", "-auto-orient", "-format", "%w %h", "info:"]
[validation] magick ["/tmp/.tmpfIm7r2/alpha.png", "-auto-orient", "-depth", "8", "RGBA:/tmp/.tmpfIm7r2/expected.rgba"]
[validation] magick ["/tmp/.tmpfIm7r2/results/alpha-z8-11.png", "-auto-orient", "-depth", "8", "RGBA:/tmp/.tmpfIm7r2/actual.rgba"]
[validation] magick ["/tmp/.tmpfIm7r2/alpha.png", "-auto-orient", "-format", "%w %h", "info:"]
[validation] magick ["/tmp/.tmpfIm7r2/results/alpha-z8-11.png", "-auto-orient", "-format", "%w %h", "info:"]
[validation] magick ["/tmp/.tmpfIm7r2/results/alpha-z8-11.png", "-auto-orient", "-format", "%w %h", "info:"]
[validation] magick ["/tmp/.tmpfIm7r2/alpha.png", "-auto-orient", "-depth", "8", "RGBA:/tmp/.tmpfIm7r2/expected.rgba"]
[validation] magick ["/tmp/.tmpfIm7r2/results/alpha-z8-12.png", "-auto-orient", "-depth", "8", "RGBA:/tmp/.tmpfIm7r2/actual.rgba"]
[validation] magick ["/tmp/.tmpfIm7r2/alpha.png", "-auto-orient", "-format", "%w %h", "info:"]
[validation] magick ["/tmp/.tmpfIm7r2/results/alpha-z8-12.png", "-auto-orient", "-format", "%w %h", "info:"]
[validation] magick ["/tmp/.tmpfIm7r2/results/alpha-z8-12.png", "-auto-orient", "-format", "%w %h", "info:"]
[validation] magick ["/tmp/.tmpfIm7r2/alpha.png", "-auto-orient", "-depth", "8", "RGBA:/tmp/.tmpfIm7r2/expected.rgba"]
[validation] magick ["/tmp/.tmpfIm7r2/results/alpha-z8-13.png", "-auto-orient", "-depth", "8", "RGBA:/tmp/.tmpfIm7r2/actual.rgba"]
[validation] magick ["/tmp/.tmpfIm7r2/alpha.png", "-auto-orient", "-format", "%w %h", "info:"]
[validation] magick ["/tmp/.tmpfIm7r2/results/alpha-z8-13.png", "-auto-orient", "-format", "%w %h", "info:"]
[validation] magick ["/tmp/.tmpfIm7r2/results/alpha-z8-13.png", "-auto-orient", "-format", "%w %h", "info:"]
[validation] magick ["/tmp/.tmpfIm7r2/alpha.png", "-auto-orient", "-depth", "8", "RGBA:/tmp/.tmpfIm7r2/expected.rgba"]
[validation] magick ["/tmp/.tmpfIm7r2/results/alpha-z8-14.png", "-auto-orient", "-depth", "8", "RGBA:/tmp/.tmpfIm7r2/actual.rgba"]
[validation] magick ["/tmp/.tmpfIm7r2/alpha.png", "-auto-orient", "-format", "%w %h", "info:"]
[validation] magick ["/tmp/.tmpfIm7r2/results/alpha-z8-14.png", "-auto-orient", "-format", "%w %h", "info:"]
[validation] magick ["/tmp/.tmpfIm7r2/results/alpha-z8-14.png", "-auto-orient", "-format", "%w %h", "info:"]
[validation] magick ["/tmp/.tmpfIm7r2/alpha.png", "-auto-orient", "-depth", "8", "RGBA:/tmp/.tmpfIm7r2/expected.rgba"]
[validation] magick ["/tmp/.tmpfIm7r2/results/alpha-z8-15.png", "-auto-orient", "-depth", "8", "RGBA:/tmp/.tmpfIm7r2/actual.rgba"]
[validation] magick ["/tmp/.tmpfIm7r2/alpha.png", "-auto-orient", "-format", "%w %h", "info:"]
[validation] magick ["/tmp/.tmpfIm7r2/results/alpha-z8-15.png", "-auto-orient", "-format", "%w %h", "info:"]
[validation] magick ["/tmp/.tmpfIm7r2/results/alpha-z8-15.png", "-auto-orient", "-format", "%w %h", "info:"]
[validation] magick ["/tmp/.tmpfIm7r2/gradient16.png", "-auto-orient", "-depth", "8", "RGBA:/tmp/.tmpfIm7r2/expected.rgba"]
[validation] magick ["/tmp/.tmpfIm7r2/results/gradient16-z8-1.avif", "-auto-orient", "-depth", "8", "RGBA:/tmp/.tmpfIm7r2/actual.rgba"]
[validation] magick ["/tmp/.tmpfIm7r2/gradient16.png", "-auto-orient", "-format", "%w %h", "info:"]
[validation] magick ["/tmp/.tmpfIm7r2/results/gradient16-z8-1.avif", "-auto-orient", "-format", "%w %h", "info:"]
[validation] magick ["/tmp/.tmpfIm7r2/results/gradient16-z8-1.avif", "-auto-orient", "-format", "%w %h", "info:"]
[validation] magick ["/tmp/.tmpfIm7r2/gradient16.png", "-auto-orient", "-depth", "8", "RGBA:/tmp/.tmpfIm7r2/expected.rgba"]
[validation] magick ["/tmp/.tmpfIm7r2/results/gradient16-z8-2.avif", "-auto-orient", "-depth", "8", "RGBA:/tmp/.tmpfIm7r2/actual.rgba"]
[validation] magick ["/tmp/.tmpfIm7r2/gradient16.png", "-auto-orient", "-format", "%w %h", "info:"]
[validation] magick ["/tmp/.tmpfIm7r2/results/gradient16-z8-2.avif", "-auto-orient", "-format", "%w %h", "info:"]
[validation] magick ["/tmp/.tmpfIm7r2/results/gradient16-z8-2.avif", "-auto-orient", "-format", "%w %h", "info:"]
[validation] magick ["/tmp/.tmpfIm7r2/gradient16.png", "-auto-orient", "-depth", "8", "RGBA:/tmp/.tmpfIm7r2/expected.rgba"]
[validation] magick ["/tmp/.tmpfIm7r2/results/gradient16-z8-3.avif", "-auto-orient", "-depth", "8", "RGBA:/tmp/.tmpfIm7r2/actual.rgba"]
[validation] magick ["/tmp/.tmpfIm7r2/gradient16.png", "-auto-orient", "-format", "%w %h", "info:"]
[validation] magick ["/tmp/.tmpfIm7r2/results/gradient16-z8-3.avif", "-auto-orient", "-format", "%w %h", "info:"]
[validation] magick ["/tmp/.tmpfIm7r2/results/gradient16-z8-3.avif", "-auto-orient", "-format", "%w %h", "info:"]
[validation] magick ["/tmp/.tmpfIm7r2/gradient16.png", "-auto-orient", "-depth", "8", "RGBA:/tmp/.tmpfIm7r2/expected.rgba"]
[validation] magick ["/tmp/.tmpfIm7r2/results/gradient16-z8-4.avif", "-auto-orient", "-depth", "8", "RGBA:/tmp/.tmpfIm7r2/actual.rgba"]
[validation] magick ["/tmp/.tmpfIm7r2/gradient16.png", "-auto-orient", "-format", "%w %h", "info:"]
[validation] magick ["/tmp/.tmpfIm7r2/results/gradient16-z8-4.avif", "-auto-orient", "-format", "%w %h", "info:"]
[validation] magick ["/tmp/.tmpfIm7r2/results/gradient16-z8-4.avif", "-auto-orient", "-format", "%w %h", "info:"]
[validation] magick ["/tmp/.tmpfIm7r2/gradient16.png", "-auto-orient", "-depth", "8", "RGBA:/tmp/.tmpfIm7r2/expected.rgba"]
[validation] magick ["/tmp/.tmpfIm7r2/results/gradient16-z8-5.avif", "-auto-orient", "-depth", "8", "RGBA:/tmp/.tmpfIm7r2/actual.rgba"]
[validation] magick ["/tmp/.tmpfIm7r2/gradient16.png", "-auto-orient", "-format", "%w %h", "info:"]
[validation] magick ["/tmp/.tmpfIm7r2/results/gradient16-z8-5.avif", "-auto-orient", "-format", "%w %h", "info:"]
[validation] magick ["/tmp/.tmpfIm7r2/results/gradient16-z8-5.avif", "-auto-orient", "-format", "%w %h", "info:"]
[validation] magick ["/tmp/.tmpfIm7r2/gradient16.png", "-auto-orient", "-depth", "8", "RGBA:/tmp/.tmpfIm7r2/expected.rgba"]
[validation] magick ["/tmp/.tmpfIm7r2/results/gradient16-z8-6.avif", "-auto-orient", "-depth", "8", "RGBA:/tmp/.tmpfIm7r2/actual.rgba"]
[validation] magick ["/tmp/.tmpfIm7r2/gradient16.png", "-auto-orient", "-format", "%w %h", "info:"]
[validation] magick ["/tmp/.tmpfIm7r2/results/gradient16-z8-6.avif", "-auto-orient", "-format", "%w %h", "info:"]
[validation] magick ["/tmp/.tmpfIm7r2/results/gradient16-z8-6.avif", "-auto-orient", "-format", "%w %h", "info:"]
[validation] magick ["/tmp/.tmpfIm7r2/gradient16.png", "-auto-orient", "-depth", "8", "RGBA:/tmp/.tmpfIm7r2/expected.rgba"]
[validation] magick ["/tmp/.tmpfIm7r2/results/gradient16-z8-7.avif", "-auto-orient", "-depth", "8", "RGBA:/tmp/.tmpfIm7r2/actual.rgba"]
[validation] magick ["/tmp/.tmpfIm7r2/gradient16.png", "-auto-orient", "-format", "%w %h", "info:"]
[validation] magick ["/tmp/.tmpfIm7r2/results/gradient16-z8-7.avif", "-auto-orient", "-format", "%w %h", "info:"]
[validation] magick ["/tmp/.tmpfIm7r2/results/gradient16-z8-7.avif", "-auto-orient", "-format", "%w %h", "info:"]
[validation] magick ["/tmp/.tmpfIm7r2/gradient16.png", "-auto-orient", "-depth", "8", "RGBA:/tmp/.tmpfIm7r2/expected.rgba"]
[validation] magick ["/tmp/.tmpfIm7r2/results/gradient16-z8-8.avif", "-auto-orient", "-depth", "8", "RGBA:/tmp/.tmpfIm7r2/actual.rgba"]
[validation] magick ["/tmp/.tmpfIm7r2/gradient16.png", "-auto-orient", "-format", "%w %h", "info:"]
[validation] magick ["/tmp/.tmpfIm7r2/results/gradient16-z8-8.avif", "-auto-orient", "-format", "%w %h", "info:"]
[validation] magick ["/tmp/.tmpfIm7r2/results/gradient16-z8-8.avif", "-auto-orient", "-format", "%w %h", "info:"]
[validation] magick ["/tmp/.tmpfIm7r2/gradient16.png", "-auto-orient", "-depth", "8", "RGBA:/tmp/.tmpfIm7r2/expected.rgba"]
[validation] magick ["/tmp/.tmpfIm7r2/results/gradient16-z8-9.avif", "-auto-orient", "-depth", "8", "RGBA:/tmp/.tmpfIm7r2/actual.rgba"]
[validation] magick ["/tmp/.tmpfIm7r2/gradient16.png", "-auto-orient", "-format", "%w %h", "info:"]
[validation] magick ["/tmp/.tmpfIm7r2/results/gradient16-z8-9.avif", "-auto-orient", "-format", "%w %h", "info:"]
[validation] magick ["/tmp/.tmpfIm7r2/results/gradient16-z8-9.avif", "-auto-orient", "-format", "%w %h", "info:"]
[validation] magick ["/tmp/.tmpfIm7r2/gradient16.png", "-auto-orient", "-depth", "8", "RGBA:/tmp/.tmpfIm7r2/expected.rgba"]
[validation] magick ["/tmp/.tmpfIm7r2/results/gradient16-z8-10.avif", "-auto-orient", "-depth", "8", "RGBA:/tmp/.tmpfIm7r2/actual.rgba"]
[validation] magick ["/tmp/.tmpfIm7r2/gradient16.png", "-auto-orient", "-format", "%w %h", "info:"]
[validation] magick ["/tmp/.tmpfIm7r2/results/gradient16-z8-10.avif", "-auto-orient", "-format", "%w %h", "info:"]
[validation] magick ["/tmp/.tmpfIm7r2/results/gradient16-z8-10.avif", "-auto-orient", "-format", "%w %h", "info:"]
[validation] magick ["/tmp/.tmpfIm7r2/gradient16.png", "-auto-orient", "-depth", "8", "RGBA:/tmp/.tmpfIm7r2/expected.rgba"]
[validation] magick ["/tmp/.tmpfIm7r2/results/gradient16-z8-11.avif", "-auto-orient", "-depth", "8", "RGBA:/tmp/.tmpfIm7r2/actual.rgba"]
[validation] magick ["/tmp/.tmpfIm7r2/gradient16.png", "-auto-orient", "-format", "%w %h", "info:"]
[validation] magick ["/tmp/.tmpfIm7r2/results/gradient16-z8-11.avif", "-auto-orient", "-format", "%w %h", "info:"]
[validation] magick ["/tmp/.tmpfIm7r2/results/gradient16-z8-11.avif", "-auto-orient", "-format", "%w %h", "info:"]
[validation] magick ["/tmp/.tmpfIm7r2/gradient16.png", "-auto-orient", "-depth", "8", "RGBA:/tmp/.tmpfIm7r2/expected.rgba"]
[validation] magick ["/tmp/.tmpfIm7r2/results/gradient16-z8-12.avif", "-auto-orient", "-depth", "8", "RGBA:/tmp/.tmpfIm7r2/actual.rgba"]
[validation] magick ["/tmp/.tmpfIm7r2/gradient16.png", "-auto-orient", "-format", "%w %h", "info:"]
[validation] magick ["/tmp/.tmpfIm7r2/results/gradient16-z8-12.avif", "-auto-orient", "-format", "%w %h", "info:"]
[validation] magick ["/tmp/.tmpfIm7r2/results/gradient16-z8-12.avif", "-auto-orient", "-format", "%w %h", "info:"]
[validation] magick ["/tmp/.tmpfIm7r2/gradient16.png", "-auto-orient", "-depth", "8", "RGBA:/tmp/.tmpfIm7r2/expected.rgba"]
[validation] magick ["/tmp/.tmpfIm7r2/results/gradient16-z8-13.avif", "-auto-orient", "-depth", "8", "RGBA:/tmp/.tmpfIm7r2/actual.rgba"]
[validation] magick ["/tmp/.tmpfIm7r2/gradient16.png", "-auto-orient", "-format", "%w %h", "info:"]
[validation] magick ["/tmp/.tmpfIm7r2/results/gradient16-z8-13.avif", "-auto-orient", "-format", "%w %h", "info:"]
[validation] magick ["/tmp/.tmpfIm7r2/results/gradient16-z8-13.avif", "-auto-orient", "-format", "%w %h", "info:"]
[validation] magick ["/tmp/.tmpfIm7r2/gradient16.png", "-auto-orient", "-depth", "8", "RGBA:/tmp/.tmpfIm7r2/expected.rgba"]
[validation] magick ["/tmp/.tmpfIm7r2/results/gradient16-z8-14.avif", "-auto-orient", "-depth", "8", "RGBA:/tmp/.tmpfIm7r2/actual.rgba"]
[validation] magick ["/tmp/.tmpfIm7r2/gradient16.png", "-auto-orient", "-format", "%w %h", "info:"]
[validation] magick ["/tmp/.tmpfIm7r2/results/gradient16-z8-14.avif", "-auto-orient", "-format", "%w %h", "info:"]
[validation] magick ["/tmp/.tmpfIm7r2/results/gradient16-z8-14.avif", "-auto-orient", "-format", "%w %h", "info:"]
[validation] magick ["/tmp/.tmpfIm7r2/gradient16.png", "-auto-orient", "-depth", "8", "RGBA:/tmp/.tmpfIm7r2/expected.rgba"]
[validation] magick ["/tmp/.tmpfIm7r2/results/gradient16-z8-15.avif", "-auto-orient", "-depth", "8", "RGBA:/tmp/.tmpfIm7r2/actual.rgba"]
[validation] magick ["/tmp/.tmpfIm7r2/gradient16.png", "-auto-orient", "-format", "%w %h", "info:"]
[validation] magick ["/tmp/.tmpfIm7r2/results/gradient16-z8-15.avif", "-auto-orient", "-format", "%w %h", "info:"]
[validation] magick ["/tmp/.tmpfIm7r2/results/gradient16-z8-15.avif", "-auto-orient", "-format", "%w %h", "info:"]
[validation] magick ["/tmp/.tmpfIm7r2/gradient16.png", "-auto-orient", "-depth", "8", "RGBA:/tmp/.tmpfIm7r2/expected.rgba"]
[validation] magick ["/tmp/.tmpfIm7r2/results/gradient16-z8-1.webp", "-auto-orient", "-depth", "8", "RGBA:/tmp/.tmpfIm7r2/actual.rgba"]
[validation] magick ["/tmp/.tmpfIm7r2/gradient16.png", "-auto-orient", "-format", "%w %h", "info:"]
[validation] magick ["/tmp/.tmpfIm7r2/results/gradient16-z8-1.webp", "-auto-orient", "-format", "%w %h", "info:"]
[validation] magick ["/tmp/.tmpfIm7r2/results/gradient16-z8-1.webp", "-auto-orient", "-format", "%w %h", "info:"]
[validation] magick ["/tmp/.tmpfIm7r2/gradient16.png", "-auto-orient", "-depth", "8", "RGBA:/tmp/.tmpfIm7r2/expected.rgba"]
[validation] magick ["/tmp/.tmpfIm7r2/results/gradient16-z8-2.webp", "-auto-orient", "-depth", "8", "RGBA:/tmp/.tmpfIm7r2/actual.rgba"]
[validation] magick ["/tmp/.tmpfIm7r2/gradient16.png", "-auto-orient", "-format", "%w %h", "info:"]
[validation] magick ["/tmp/.tmpfIm7r2/results/gradient16-z8-2.webp", "-auto-orient", "-format", "%w %h", "info:"]
[validation] magick ["/tmp/.tmpfIm7r2/results/gradient16-z8-2.webp", "-auto-orient", "-format", "%w %h", "info:"]
[validation] magick ["/tmp/.tmpfIm7r2/gradient16.png", "-auto-orient", "-depth", "8", "RGBA:/tmp/.tmpfIm7r2/expected.rgba"]
[validation] magick ["/tmp/.tmpfIm7r2/results/gradient16-z8-3.webp", "-auto-orient", "-depth", "8", "RGBA:/tmp/.tmpfIm7r2/actual.rgba"]
[validation] magick ["/tmp/.tmpfIm7r2/gradient16.png", "-auto-orient", "-format", "%w %h", "info:"]
[validation] magick ["/tmp/.tmpfIm7r2/results/gradient16-z8-3.webp", "-auto-orient", "-format", "%w %h", "info:"]
[validation] magick ["/tmp/.tmpfIm7r2/results/gradient16-z8-3.webp", "-auto-orient", "-format", "%w %h", "info:"]
[validation] magick ["/tmp/.tmpfIm7r2/gradient16.png", "-auto-orient", "-depth", "8", "RGBA:/tmp/.tmpfIm7r2/expected.rgba"]
[validation] magick ["/tmp/.tmpfIm7r2/results/gradient16-z8-4.webp", "-auto-orient", "-depth", "8", "RGBA:/tmp/.tmpfIm7r2/actual.rgba"]
[validation] magick ["/tmp/.tmpfIm7r2/gradient16.png", "-auto-orient", "-format", "%w %h", "info:"]
[validation] magick ["/tmp/.tmpfIm7r2/results/gradient16-z8-4.webp", "-auto-orient", "-format", "%w %h", "info:"]
[validation] magick ["/tmp/.tmpfIm7r2/results/gradient16-z8-4.webp", "-auto-orient", "-format", "%w %h", "info:"]
[validation] magick ["/tmp/.tmpfIm7r2/gradient16.png", "-auto-orient", "-depth", "8", "RGBA:/tmp/.tmpfIm7r2/expected.rgba"]
[validation] magick ["/tmp/.tmpfIm7r2/results/gradient16-z8-5.webp", "-auto-orient", "-depth", "8", "RGBA:/tmp/.tmpfIm7r2/actual.rgba"]
[validation] magick ["/tmp/.tmpfIm7r2/gradient16.png", "-auto-orient", "-format", "%w %h", "info:"]
[validation] magick ["/tmp/.tmpfIm7r2/results/gradient16-z8-5.webp", "-auto-orient", "-format", "%w %h", "info:"]
[validation] magick ["/tmp/.tmpfIm7r2/results/gradient16-z8-5.webp", "-auto-orient", "-format", "%w %h", "info:"]
[validation] magick ["/tmp/.tmpfIm7r2/gradient16.png", "-auto-orient", "-depth", "8", "RGBA:/tmp/.tmpfIm7r2/expected.rgba"]
[validation] magick ["/tmp/.tmpfIm7r2/results/gradient16-z8-6.webp", "-auto-orient", "-depth", "8", "RGBA:/tmp/.tmpfIm7r2/actual.rgba"]
[validation] magick ["/tmp/.tmpfIm7r2/gradient16.png", "-auto-orient", "-format", "%w %h", "info:"]
[validation] magick ["/tmp/.tmpfIm7r2/results/gradient16-z8-6.webp", "-auto-orient", "-format", "%w %h", "info:"]
[validation] magick ["/tmp/.tmpfIm7r2/results/gradient16-z8-6.webp", "-auto-orient", "-format", "%w %h", "info:"]
[validation] magick ["/tmp/.tmpfIm7r2/gradient16.png", "-auto-orient", "-depth", "8", "RGBA:/tmp/.tmpfIm7r2/expected.rgba"]
[validation] magick ["/tmp/.tmpfIm7r2/results/gradient16-z8-7.webp", "-auto-orient", "-depth", "8", "RGBA:/tmp/.tmpfIm7r2/actual.rgba"]
[validation] magick ["/tmp/.tmpfIm7r2/gradient16.png", "-auto-orient", "-format", "%w %h", "info:"]
[validation] magick ["/tmp/.tmpfIm7r2/results/gradient16-z8-7.webp", "-auto-orient", "-format", "%w %h", "info:"]
[validation] magick ["/tmp/.tmpfIm7r2/results/gradient16-z8-7.webp", "-auto-orient", "-format", "%w %h", "info:"]
[validation] magick ["/tmp/.tmpfIm7r2/gradient16.png", "-auto-orient", "-depth", "8", "RGBA:/tmp/.tmpfIm7r2/expected.rgba"]
[validation] magick ["/tmp/.tmpfIm7r2/results/gradient16-z8-8.webp", "-auto-orient", "-depth", "8", "RGBA:/tmp/.tmpfIm7r2/actual.rgba"]
[validation] magick ["/tmp/.tmpfIm7r2/gradient16.png", "-auto-orient", "-format", "%w %h", "info:"]
[validation] magick ["/tmp/.tmpfIm7r2/results/gradient16-z8-8.webp", "-auto-orient", "-format", "%w %h", "info:"]
[validation] magick ["/tmp/.tmpfIm7r2/results/gradient16-z8-8.webp", "-auto-orient", "-format", "%w %h", "info:"]
[validation] magick ["/tmp/.tmpfIm7r2/gradient16.png", "-auto-orient", "-depth", "8", "RGBA:/tmp/.tmpfIm7r2/expected.rgba"]
[validation] magick ["/tmp/.tmpfIm7r2/results/gradient16-z8-9.webp", "-auto-orient", "-depth", "8", "RGBA:/tmp/.tmpfIm7r2/actual.rgba"]
[validation] magick ["/tmp/.tmpfIm7r2/gradient16.png", "-auto-orient", "-format", "%w %h", "info:"]
[validation] magick ["/tmp/.tmpfIm7r2/results/gradient16-z8-9.webp", "-auto-orient", "-format", "%w %h", "info:"]
[validation] magick ["/tmp/.tmpfIm7r2/results/gradient16-z8-9.webp", "-auto-orient", "-format", "%w %h", "info:"]
[validation] magick ["/tmp/.tmpfIm7r2/gradient16.png", "-auto-orient", "-depth", "8", "RGBA:/tmp/.tmpfIm7r2/expected.rgba"]
[validation] magick ["/tmp/.tmpfIm7r2/results/gradient16-z8-10.webp", "-auto-orient", "-depth", "8", "RGBA:/tmp/.tmpfIm7r2/actual.rgba"]
[validation] magick ["/tmp/.tmpfIm7r2/gradient16.png", "-auto-orient", "-format", "%w %h", "info:"]
[validation] magick ["/tmp/.tmpfIm7r2/results/gradient16-z8-10.webp", "-auto-orient", "-format", "%w %h", "info:"]
[validation] magick ["/tmp/.tmpfIm7r2/results/gradient16-z8-10.webp", "-auto-orient", "-format", "%w %h", "info:"]
[validation] magick ["/tmp/.tmpfIm7r2/gradient16.png", "-auto-orient", "-depth", "8", "RGBA:/tmp/.tmpfIm7r2/expected.rgba"]
[validation] magick ["/tmp/.tmpfIm7r2/results/gradient16-z8-11.webp", "-auto-orient", "-depth", "8", "RGBA:/tmp/.tmpfIm7r2/actual.rgba"]
[validation] magick ["/tmp/.tmpfIm7r2/gradient16.png", "-auto-orient", "-format", "%w %h", "info:"]
[validation] magick ["/tmp/.tmpfIm7r2/results/gradient16-z8-11.webp", "-auto-orient", "-format", "%w %h", "info:"]
[validation] magick ["/tmp/.tmpfIm7r2/results/gradient16-z8-11.webp", "-auto-orient", "-format", "%w %h", "info:"]
[validation] magick ["/tmp/.tmpfIm7r2/gradient16.png", "-auto-orient", "-depth", "8", "RGBA:/tmp/.tmpfIm7r2/expected.rgba"]
[validation] magick ["/tmp/.tmpfIm7r2/results/gradient16-z8-12.webp", "-auto-orient", "-depth", "8", "RGBA:/tmp/.tmpfIm7r2/actual.rgba"]
[validation] magick ["/tmp/.tmpfIm7r2/gradient16.png", "-auto-orient", "-format", "%w %h", "info:"]
[validation] magick ["/tmp/.tmpfIm7r2/results/gradient16-z8-12.webp", "-auto-orient", "-format", "%w %h", "info:"]
[validation] magick ["/tmp/.tmpfIm7r2/results/gradient16-z8-12.webp", "-auto-orient", "-format", "%w %h", "info:"]
[validation] magick ["/tmp/.tmpfIm7r2/gradient16.png", "-auto-orient", "-depth", "8", "RGBA:/tmp/.tmpfIm7r2/expected.rgba"]
[validation] magick ["/tmp/.tmpfIm7r2/results/gradient16-z8-13.webp", "-auto-orient", "-depth", "8", "RGBA:/tmp/.tmpfIm7r2/actual.rgba"]
[validation] magick ["/tmp/.tmpfIm7r2/gradient16.png", "-auto-orient", "-format", "%w %h", "info:"]
[validation] magick ["/tmp/.tmpfIm7r2/results/gradient16-z8-13.webp", "-auto-orient", "-format", "%w %h", "info:"]
[validation] magick ["/tmp/.tmpfIm7r2/results/gradient16-z8-13.webp", "-auto-orient", "-format", "%w %h", "info:"]
[validation] magick ["/tmp/.tmpfIm7r2/gradient16.png", "-auto-orient", "-depth", "8", "RGBA:/tmp/.tmpfIm7r2/expected.rgba"]
[validation] magick ["/tmp/.tmpfIm7r2/results/gradient16-z8-14.webp", "-auto-orient", "-depth", "8", "RGBA:/tmp/.tmpfIm7r2/actual.rgba"]
[validation] magick ["/tmp/.tmpfIm7r2/gradient16.png", "-auto-orient", "-format", "%w %h", "info:"]
[validation] magick ["/tmp/.tmpfIm7r2/results/gradient16-z8-14.webp", "-auto-orient", "-format", "%w %h", "info:"]
[validation] magick ["/tmp/.tmpfIm7r2/results/gradient16-z8-14.webp", "-auto-orient", "-format", "%w %h", "info:"]
[validation] magick ["/tmp/.tmpfIm7r2/gradient16.png", "-auto-orient", "-depth", "8", "RGBA:/tmp/.tmpfIm7r2/expected.rgba"]
[validation] magick ["/tmp/.tmpfIm7r2/results/gradient16-z8-15.webp", "-auto-orient", "-depth", "8", "RGBA:/tmp/.tmpfIm7r2/actual.rgba"]
[validation] magick ["/tmp/.tmpfIm7r2/gradient16.png", "-auto-orient", "-format", "%w %h", "info:"]
[validation] magick ["/tmp/.tmpfIm7r2/results/gradient16-z8-15.webp", "-auto-orient", "-format", "%w %h", "info:"]
[validation] magick ["/tmp/.tmpfIm7r2/results/gradient16-z8-15.webp", "-auto-orient", "-format", "%w %h", "info:"]
[validation] magick ["/tmp/.tmpfIm7r2/gradient16.png", "-auto-orient", "-background", "white", "-alpha", "remove", "-alpha", "off", "-depth", "8", "RGBA:/tmp/.tmpfIm7r2/expected.rgba"]
[validation] magick ["/tmp/.tmpfIm7r2/results/gradient16-z8-1.jpg", "-auto-orient", "-depth", "8", "RGBA:/tmp/.tmpfIm7r2/actual.rgba"]
[validation] magick ["/tmp/.tmpfIm7r2/gradient16.png", "-auto-orient", "-format", "%w %h", "info:"]
[validation] magick ["/tmp/.tmpfIm7r2/results/gradient16-z8-1.jpg", "-auto-orient", "-format", "%w %h", "info:"]
[validation] magick ["/tmp/.tmpfIm7r2/results/gradient16-z8-1.jpg", "-auto-orient", "-format", "%w %h", "info:"]
[validation] magick ["/tmp/.tmpfIm7r2/gradient16.png", "-auto-orient", "-background", "white", "-alpha", "remove", "-alpha", "off", "-depth", "8", "RGBA:/tmp/.tmpfIm7r2/expected.rgba"]
[validation] magick ["/tmp/.tmpfIm7r2/results/gradient16-z8-2.jpg", "-auto-orient", "-depth", "8", "RGBA:/tmp/.tmpfIm7r2/actual.rgba"]
[validation] magick ["/tmp/.tmpfIm7r2/gradient16.png", "-auto-orient", "-format", "%w %h", "info:"]
[validation] magick ["/tmp/.tmpfIm7r2/results/gradient16-z8-2.jpg", "-auto-orient", "-format", "%w %h", "info:"]
[validation] magick ["/tmp/.tmpfIm7r2/results/gradient16-z8-2.jpg", "-auto-orient", "-format", "%w %h", "info:"]
[validation] magick ["/tmp/.tmpfIm7r2/gradient16.png", "-auto-orient", "-background", "white", "-alpha", "remove", "-alpha", "off", "-depth", "8", "RGBA:/tmp/.tmpfIm7r2/expected.rgba"]
[validation] magick ["/tmp/.tmpfIm7r2/results/gradient16-z8-3.jpg", "-auto-orient", "-depth", "8", "RGBA:/tmp/.tmpfIm7r2/actual.rgba"]
[validation] magick ["/tmp/.tmpfIm7r2/gradient16.png", "-auto-orient", "-format", "%w %h", "info:"]
[validation] magick ["/tmp/.tmpfIm7r2/results/gradient16-z8-3.jpg", "-auto-orient", "-format", "%w %h", "info:"]
[validation] magick ["/tmp/.tmpfIm7r2/results/gradient16-z8-3.jpg", "-auto-orient", "-format", "%w %h", "info:"]
[validation] magick ["/tmp/.tmpfIm7r2/gradient16.png", "-auto-orient", "-background", "white", "-alpha", "remove", "-alpha", "off", "-depth", "8", "RGBA:/tmp/.tmpfIm7r2/expected.rgba"]
[validation] magick ["/tmp/.tmpfIm7r2/results/gradient16-z8-4.jpg", "-auto-orient", "-depth", "8", "RGBA:/tmp/.tmpfIm7r2/actual.rgba"]
[validation] magick ["/tmp/.tmpfIm7r2/gradient16.png", "-auto-orient", "-format", "%w %h", "info:"]
[validation] magick ["/tmp/.tmpfIm7r2/results/gradient16-z8-4.jpg", "-auto-orient", "-format", "%w %h", "info:"]
[validation] magick ["/tmp/.tmpfIm7r2/results/gradient16-z8-4.jpg", "-auto-orient", "-format", "%w %h", "info:"]
[validation] magick ["/tmp/.tmpfIm7r2/gradient16.png", "-auto-orient", "-background", "white", "-alpha", "remove", "-alpha", "off", "-depth", "8", "RGBA:/tmp/.tmpfIm7r2/expected.rgba"]
[validation] magick ["/tmp/.tmpfIm7r2/results/gradient16-z8-5.jpg", "-auto-orient", "-depth", "8", "RGBA:/tmp/.tmpfIm7r2/actual.rgba"]
[validation] magick ["/tmp/.tmpfIm7r2/gradient16.png", "-auto-orient", "-format", "%w %h", "info:"]
[validation] magick ["/tmp/.tmpfIm7r2/results/gradient16-z8-5.jpg", "-auto-orient", "-format", "%w %h", "info:"]
[validation] magick ["/tmp/.tmpfIm7r2/results/gradient16-z8-5.jpg", "-auto-orient", "-format", "%w %h", "info:"]
[validation] magick ["/tmp/.tmpfIm7r2/gradient16.png", "-auto-orient", "-background", "white", "-alpha", "remove", "-alpha", "off", "-depth", "8", "RGBA:/tmp/.tmpfIm7r2/expected.rgba"]
[validation] magick ["/tmp/.tmpfIm7r2/results/gradient16-z8-6.jpg", "-auto-orient", "-depth", "8", "RGBA:/tmp/.tmpfIm7r2/actual.rgba"]
[validation] magick ["/tmp/.tmpfIm7r2/gradient16.png", "-auto-orient", "-format", "%w %h", "info:"]
[validation] magick ["/tmp/.tmpfIm7r2/results/gradient16-z8-6.jpg", "-auto-orient", "-format", "%w %h", "info:"]
[validation] magick ["/tmp/.tmpfIm7r2/results/gradient16-z8-6.jpg", "-auto-orient", "-format", "%w %h", "info:"]
[validation] magick ["/tmp/.tmpfIm7r2/gradient16.png", "-auto-orient", "-background", "white", "-alpha", "remove", "-alpha", "off", "-depth", "8", "RGBA:/tmp/.tmpfIm7r2/expected.rgba"]
[validation] magick ["/tmp/.tmpfIm7r2/results/gradient16-z8-7.jpg", "-auto-orient", "-depth", "8", "RGBA:/tmp/.tmpfIm7r2/actual.rgba"]
[validation] magick ["/tmp/.tmpfIm7r2/gradient16.png", "-auto-orient", "-format", "%w %h", "info:"]
[validation] magick ["/tmp/.tmpfIm7r2/results/gradient16-z8-7.jpg", "-auto-orient", "-format", "%w %h", "info:"]
[validation] magick ["/tmp/.tmpfIm7r2/results/gradient16-z8-7.jpg", "-auto-orient", "-format", "%w %h", "info:"]
[validation] magick ["/tmp/.tmpfIm7r2/gradient16.png", "-auto-orient", "-background", "white", "-alpha", "remove", "-alpha", "off", "-depth", "8", "RGBA:/tmp/.tmpfIm7r2/expected.rgba"]
[validation] magick ["/tmp/.tmpfIm7r2/results/gradient16-z8-8.jpg", "-auto-orient", "-depth", "8", "RGBA:/tmp/.tmpfIm7r2/actual.rgba"]
[validation] magick ["/tmp/.tmpfIm7r2/gradient16.png", "-auto-orient", "-format", "%w %h", "info:"]
[validation] magick ["/tmp/.tmpfIm7r2/results/gradient16-z8-8.jpg", "-auto-orient", "-format", "%w %h", "info:"]
[validation] magick ["/tmp/.tmpfIm7r2/results/gradient16-z8-8.jpg", "-auto-orient", "-format", "%w %h", "info:"]
[validation] magick ["/tmp/.tmpfIm7r2/gradient16.png", "-auto-orient", "-background", "white", "-alpha", "remove", "-alpha", "off", "-depth", "8", "RGBA:/tmp/.tmpfIm7r2/expected.rgba"]
[validation] magick ["/tmp/.tmpfIm7r2/results/gradient16-z8-9.jpg", "-auto-orient", "-depth", "8", "RGBA:/tmp/.tmpfIm7r2/actual.rgba"]
[validation] magick ["/tmp/.tmpfIm7r2/gradient16.png", "-auto-orient", "-format", "%w %h", "info:"]
[validation] magick ["/tmp/.tmpfIm7r2/results/gradient16-z8-9.jpg", "-auto-orient", "-format", "%w %h", "info:"]
[validation] magick ["/tmp/.tmpfIm7r2/results/gradient16-z8-9.jpg", "-auto-orient", "-format", "%w %h", "info:"]
[validation] magick ["/tmp/.tmpfIm7r2/gradient16.png", "-auto-orient", "-background", "white", "-alpha", "remove", "-alpha", "off", "-depth", "8", "RGBA:/tmp/.tmpfIm7r2/expected.rgba"]
[validation] magick ["/tmp/.tmpfIm7r2/results/gradient16-z8-10.jpg", "-auto-orient", "-depth", "8", "RGBA:/tmp/.tmpfIm7r2/actual.rgba"]
[validation] magick ["/tmp/.tmpfIm7r2/gradient16.png", "-auto-orient", "-format", "%w %h", "info:"]
[validation] magick ["/tmp/.tmpfIm7r2/results/gradient16-z8-10.jpg", "-auto-orient", "-format", "%w %h", "info:"]
[validation] magick ["/tmp/.tmpfIm7r2/results/gradient16-z8-10.jpg", "-auto-orient", "-format", "%w %h", "info:"]
[validation] magick ["/tmp/.tmpfIm7r2/gradient16.png", "-auto-orient", "-background", "white", "-alpha", "remove", "-alpha", "off", "-depth", "8", "RGBA:/tmp/.tmpfIm7r2/expected.rgba"]
[validation] magick ["/tmp/.tmpfIm7r2/results/gradient16-z8-11.jpg", "-auto-orient", "-depth", "8", "RGBA:/tmp/.tmpfIm7r2/actual.rgba"]
[validation] magick ["/tmp/.tmpfIm7r2/gradient16.png", "-auto-orient", "-format", "%w %h", "info:"]
[validation] magick ["/tmp/.tmpfIm7r2/results/gradient16-z8-11.jpg", "-auto-orient", "-format", "%w %h", "info:"]
[validation] magick ["/tmp/.tmpfIm7r2/results/gradient16-z8-11.jpg", "-auto-orient", "-format", "%w %h", "info:"]
[validation] magick ["/tmp/.tmpfIm7r2/gradient16.png", "-auto-orient", "-background", "white", "-alpha", "remove", "-alpha", "off", "-depth", "8", "RGBA:/tmp/.tmpfIm7r2/expected.rgba"]
[validation] magick ["/tmp/.tmpfIm7r2/results/gradient16-z8-12.jpg", "-auto-orient", "-depth", "8", "RGBA:/tmp/.tmpfIm7r2/actual.rgba"]
[validation] magick ["/tmp/.tmpfIm7r2/gradient16.png", "-auto-orient", "-format", "%w %h", "info:"]
[validation] magick ["/tmp/.tmpfIm7r2/results/gradient16-z8-12.jpg", "-auto-orient", "-format", "%w %h", "info:"]
[validation] magick ["/tmp/.tmpfIm7r2/results/gradient16-z8-12.jpg", "-auto-orient", "-format", "%w %h", "info:"]
[validation] magick ["/tmp/.tmpfIm7r2/gradient16.png", "-auto-orient", "-background", "white", "-alpha", "remove", "-alpha", "off", "-depth", "8", "RGBA:/tmp/.tmpfIm7r2/expected.rgba"]
[validation] magick ["/tmp/.tmpfIm7r2/results/gradient16-z8-13.jpg", "-auto-orient", "-depth", "8", "RGBA:/tmp/.tmpfIm7r2/actual.rgba"]
[validation] magick ["/tmp/.tmpfIm7r2/gradient16.png", "-auto-orient", "-format", "%w %h", "info:"]
[validation] magick ["/tmp/.tmpfIm7r2/results/gradient16-z8-13.jpg", "-auto-orient", "-format", "%w %h", "info:"]
[validation] magick ["/tmp/.tmpfIm7r2/results/gradient16-z8-13.jpg", "-auto-orient", "-format", "%w %h", "info:"]
[validation] magick ["/tmp/.tmpfIm7r2/gradient16.png", "-auto-orient", "-background", "white", "-alpha", "remove", "-alpha", "off", "-depth", "8", "RGBA:/tmp/.tmpfIm7r2/expected.rgba"]
[validation] magick ["/tmp/.tmpfIm7r2/results/gradient16-z8-14.jpg", "-auto-orient", "-depth", "8", "RGBA:/tmp/.tmpfIm7r2/actual.rgba"]
[validation] magick ["/tmp/.tmpfIm7r2/gradient16.png", "-auto-orient", "-format", "%w %h", "info:"]
[validation] magick ["/tmp/.tmpfIm7r2/results/gradient16-z8-14.jpg", "-auto-orient", "-format", "%w %h", "info:"]
[validation] magick ["/tmp/.tmpfIm7r2/results/gradient16-z8-14.jpg", "-auto-orient", "-format", "%w %h", "info:"]
[validation] magick ["/tmp/.tmpfIm7r2/gradient16.png", "-auto-orient", "-background", "white", "-alpha", "remove", "-alpha", "off", "-depth", "8", "RGBA:/tmp/.tmpfIm7r2/expected.rgba"]
[validation] magick ["/tmp/.tmpfIm7r2/results/gradient16-z8-15.jpg", "-auto-orient", "-depth", "8", "RGBA:/tmp/.tmpfIm7r2/actual.rgba"]
[validation] magick ["/tmp/.tmpfIm7r2/gradient16.png", "-auto-orient", "-format", "%w %h", "info:"]
[validation] magick ["/tmp/.tmpfIm7r2/results/gradient16-z8-15.jpg", "-auto-orient", "-format", "%w %h", "info:"]
[validation] magick ["/tmp/.tmpfIm7r2/results/gradient16-z8-15.jpg", "-auto-orient", "-format", "%w %h", "info:"]
[validation] magick ["/tmp/.tmpfIm7r2/gradient16.png", "-auto-orient", "-depth", "8", "RGBA:/tmp/.tmpfIm7r2/expected.rgba"]
[validation] magick ["/tmp/.tmpfIm7r2/results/gradient16-z8-1.png", "-auto-orient", "-depth", "8", "RGBA:/tmp/.tmpfIm7r2/actual.rgba"]
[validation] magick ["/tmp/.tmpfIm7r2/gradient16.png", "-auto-orient", "-format", "%w %h", "info:"]
[validation] magick ["/tmp/.tmpfIm7r2/results/gradient16-z8-1.png", "-auto-orient", "-format", "%w %h", "info:"]
[validation] magick ["/tmp/.tmpfIm7r2/results/gradient16-z8-1.png", "-auto-orient", "-format", "%w %h", "info:"]
[validation] magick ["/tmp/.tmpfIm7r2/gradient16.png", "-auto-orient", "-depth", "8", "RGBA:/tmp/.tmpfIm7r2/expected.rgba"]
[validation] magick ["/tmp/.tmpfIm7r2/results/gradient16-z8-2.png", "-auto-orient", "-depth", "8", "RGBA:/tmp/.tmpfIm7r2/actual.rgba"]
[validation] magick ["/tmp/.tmpfIm7r2/gradient16.png", "-auto-orient", "-format", "%w %h", "info:"]
[validation] magick ["/tmp/.tmpfIm7r2/results/gradient16-z8-2.png", "-auto-orient", "-format", "%w %h", "info:"]
[validation] magick ["/tmp/.tmpfIm7r2/results/gradient16-z8-2.png", "-auto-orient", "-format", "%w %h", "info:"]
[validation] magick ["/tmp/.tmpfIm7r2/gradient16.png", "-auto-orient", "-depth", "8", "RGBA:/tmp/.tmpfIm7r2/expected.rgba"]
[validation] magick ["/tmp/.tmpfIm7r2/results/gradient16-z8-3.png", "-auto-orient", "-depth", "8", "RGBA:/tmp/.tmpfIm7r2/actual.rgba"]
[validation] magick ["/tmp/.tmpfIm7r2/gradient16.png", "-auto-orient", "-format", "%w %h", "info:"]
[validation] magick ["/tmp/.tmpfIm7r2/results/gradient16-z8-3.png", "-auto-orient", "-format", "%w %h", "info:"]
[validation] magick ["/tmp/.tmpfIm7r2/results/gradient16-z8-3.png", "-auto-orient", "-format", "%w %h", "info:"]
[validation] magick ["/tmp/.tmpfIm7r2/gradient16.png", "-auto-orient", "-depth", "8", "RGBA:/tmp/.tmpfIm7r2/expected.rgba"]
[validation] magick ["/tmp/.tmpfIm7r2/results/gradient16-z8-4.png", "-auto-orient", "-depth", "8", "RGBA:/tmp/.tmpfIm7r2/actual.rgba"]
[validation] magick ["/tmp/.tmpfIm7r2/gradient16.png", "-auto-orient", "-format", "%w %h", "info:"]
[validation] magick ["/tmp/.tmpfIm7r2/results/gradient16-z8-4.png", "-auto-orient", "-format", "%w %h", "info:"]
[validation] magick ["/tmp/.tmpfIm7r2/results/gradient16-z8-4.png", "-auto-orient", "-format", "%w %h", "info:"]
[validation] magick ["/tmp/.tmpfIm7r2/gradient16.png", "-auto-orient", "-depth", "8", "RGBA:/tmp/.tmpfIm7r2/expected.rgba"]
[validation] magick ["/tmp/.tmpfIm7r2/results/gradient16-z8-5.png", "-auto-orient", "-depth", "8", "RGBA:/tmp/.tmpfIm7r2/actual.rgba"]
[validation] magick ["/tmp/.tmpfIm7r2/gradient16.png", "-auto-orient", "-format", "%w %h", "info:"]
[validation] magick ["/tmp/.tmpfIm7r2/results/gradient16-z8-5.png", "-auto-orient", "-format", "%w %h", "info:"]
[validation] magick ["/tmp/.tmpfIm7r2/results/gradient16-z8-5.png", "-auto-orient", "-format", "%w %h", "info:"]
[validation] magick ["/tmp/.tmpfIm7r2/gradient16.png", "-auto-orient", "-depth", "8", "RGBA:/tmp/.tmpfIm7r2/expected.rgba"]
[validation] magick ["/tmp/.tmpfIm7r2/results/gradient16-z8-6.png", "-auto-orient", "-depth", "8", "RGBA:/tmp/.tmpfIm7r2/actual.rgba"]
[validation] magick ["/tmp/.tmpfIm7r2/gradient16.png", "-auto-orient", "-format", "%w %h", "info:"]
[validation] magick ["/tmp/.tmpfIm7r2/results/gradient16-z8-6.png", "-auto-orient", "-format", "%w %h", "info:"]
[validation] magick ["/tmp/.tmpfIm7r2/results/gradient16-z8-6.png", "-auto-orient", "-format", "%w %h", "info:"]
[validation] magick ["/tmp/.tmpfIm7r2/gradient16.png", "-auto-orient", "-depth", "8", "RGBA:/tmp/.tmpfIm7r2/expected.rgba"]
[validation] magick ["/tmp/.tmpfIm7r2/results/gradient16-z8-7.png", "-auto-orient", "-depth", "8", "RGBA:/tmp/.tmpfIm7r2/actual.rgba"]
[validation] magick ["/tmp/.tmpfIm7r2/gradient16.png", "-auto-orient", "-format", "%w %h", "info:"]
[validation] magick ["/tmp/.tmpfIm7r2/results/gradient16-z8-7.png", "-auto-orient", "-format", "%w %h", "info:"]
[validation] magick ["/tmp/.tmpfIm7r2/results/gradient16-z8-7.png", "-auto-orient", "-format", "%w %h", "info:"]
[validation] magick ["/tmp/.tmpfIm7r2/gradient16.png", "-auto-orient", "-depth", "8", "RGBA:/tmp/.tmpfIm7r2/expected.rgba"]
[validation] magick ["/tmp/.tmpfIm7r2/results/gradient16-z8-8.png", "-auto-orient", "-depth", "8", "RGBA:/tmp/.tmpfIm7r2/actual.rgba"]
[validation] magick ["/tmp/.tmpfIm7r2/gradient16.png", "-auto-orient", "-format", "%w %h", "info:"]
[validation] magick ["/tmp/.tmpfIm7r2/results/gradient16-z8-8.png", "-auto-orient", "-format", "%w %h", "info:"]
[validation] magick ["/tmp/.tmpfIm7r2/results/gradient16-z8-8.png", "-auto-orient", "-format", "%w %h", "info:"]
[validation] magick ["/tmp/.tmpfIm7r2/gradient16.png", "-auto-orient", "-depth", "8", "RGBA:/tmp/.tmpfIm7r2/expected.rgba"]
[validation] magick ["/tmp/.tmpfIm7r2/results/gradient16-z8-9.png", "-auto-orient", "-depth", "8", "RGBA:/tmp/.tmpfIm7r2/actual.rgba"]
[validation] magick ["/tmp/.tmpfIm7r2/gradient16.png", "-auto-orient", "-format", "%w %h", "info:"]
[validation] magick ["/tmp/.tmpfIm7r2/results/gradient16-z8-9.png", "-auto-orient", "-format", "%w %h", "info:"]
[validation] magick ["/tmp/.tmpfIm7r2/results/gradient16-z8-9.png", "-auto-orient", "-format", "%w %h", "info:"]
[validation] magick ["/tmp/.tmpfIm7r2/gradient16.png", "-auto-orient", "-depth", "8", "RGBA:/tmp/.tmpfIm7r2/expected.rgba"]
[validation] magick ["/tmp/.tmpfIm7r2/results/gradient16-z8-10.png", "-auto-orient", "-depth", "8", "RGBA:/tmp/.tmpfIm7r2/actual.rgba"]
[validation] magick ["/tmp/.tmpfIm7r2/gradient16.png", "-auto-orient", "-format", "%w %h", "info:"]
[validation] magick ["/tmp/.tmpfIm7r2/results/gradient16-z8-10.png", "-auto-orient", "-format", "%w %h", "info:"]
[validation] magick ["/tmp/.tmpfIm7r2/results/gradient16-z8-10.png", "-auto-orient", "-format", "%w %h", "info:"]
[validation] magick ["/tmp/.tmpfIm7r2/gradient16.png", "-auto-orient", "-depth", "8", "RGBA:/tmp/.tmpfIm7r2/expected.rgba"]
[validation] magick ["/tmp/.tmpfIm7r2/results/gradient16-z8-11.png", "-auto-orient", "-depth", "8", "RGBA:/tmp/.tmpfIm7r2/actual.rgba"]
[validation] magick ["/tmp/.tmpfIm7r2/gradient16.png", "-auto-orient", "-format", "%w %h", "info:"]
[validation] magick ["/tmp/.tmpfIm7r2/results/gradient16-z8-11.png", "-auto-orient", "-format", "%w %h", "info:"]
[validation] magick ["/tmp/.tmpfIm7r2/results/gradient16-z8-11.png", "-auto-orient", "-format", "%w %h", "info:"]
[validation] magick ["/tmp/.tmpfIm7r2/gradient16.png", "-auto-orient", "-depth", "8", "RGBA:/tmp/.tmpfIm7r2/expected.rgba"]
[validation] magick ["/tmp/.tmpfIm7r2/results/gradient16-z8-12.png", "-auto-orient", "-depth", "8", "RGBA:/tmp/.tmpfIm7r2/actual.rgba"]
[validation] magick ["/tmp/.tmpfIm7r2/gradient16.png", "-auto-orient", "-format", "%w %h", "info:"]
[validation] magick ["/tmp/.tmpfIm7r2/results/gradient16-z8-12.png", "-auto-orient", "-format", "%w %h", "info:"]
[validation] magick ["/tmp/.tmpfIm7r2/results/gradient16-z8-12.png", "-auto-orient", "-format", "%w %h", "info:"]
[validation] magick ["/tmp/.tmpfIm7r2/gradient16.png", "-auto-orient", "-depth", "8", "RGBA:/tmp/.tmpfIm7r2/expected.rgba"]
[validation] magick ["/tmp/.tmpfIm7r2/results/gradient16-z8-13.png", "-auto-orient", "-depth", "8", "RGBA:/tmp/.tmpfIm7r2/actual.rgba"]
[validation] magick ["/tmp/.tmpfIm7r2/gradient16.png", "-auto-orient", "-format", "%w %h", "info:"]
[validation] magick ["/tmp/.tmpfIm7r2/results/gradient16-z8-13.png", "-auto-orient", "-format", "%w %h", "info:"]
[validation] magick ["/tmp/.tmpfIm7r2/results/gradient16-z8-13.png", "-auto-orient", "-format", "%w %h", "info:"]
[validation] magick ["/tmp/.tmpfIm7r2/gradient16.png", "-auto-orient", "-depth", "8", "RGBA:/tmp/.tmpfIm7r2/expected.rgba"]
[validation] magick ["/tmp/.tmpfIm7r2/results/gradient16-z8-14.png", "-auto-orient", "-depth", "8", "RGBA:/tmp/.tmpfIm7r2/actual.rgba"]
[validation] magick ["/tmp/.tmpfIm7r2/gradient16.png", "-auto-orient", "-format", "%w %h", "info:"]
[validation] magick ["/tmp/.tmpfIm7r2/results/gradient16-z8-14.png", "-auto-orient", "-format", "%w %h", "info:"]
[validation] magick ["/tmp/.tmpfIm7r2/results/gradient16-z8-14.png", "-auto-orient", "-format", "%w %h", "info:"]
[validation] magick ["/tmp/.tmpfIm7r2/gradient16.png", "-auto-orient", "-depth", "8", "RGBA:/tmp/.tmpfIm7r2/expected.rgba"]
[validation] magick ["/tmp/.tmpfIm7r2/results/gradient16-z8-15.png", "-auto-orient", "-depth", "8", "RGBA:/tmp/.tmpfIm7r2/actual.rgba"]
[validation] magick ["/tmp/.tmpfIm7r2/gradient16.png", "-auto-orient", "-format", "%w %h", "info:"]
[validation] magick ["/tmp/.tmpfIm7r2/results/gradient16-z8-15.png", "-auto-orient", "-format", "%w %h", "info:"]
[validation] magick ["/tmp/.tmpfIm7r2/results/gradient16-z8-15.png", "-auto-orient", "-format", "%w %h", "info:"]
[validation] magick ["/tmp/.tmpfIm7r2/gradient10.heic", "-auto-orient", "-depth", "8", "RGBA:/tmp/.tmpfIm7r2/expected.rgba"]
[validation] magick ["/tmp/.tmpfIm7r2/results/gradient10-z8-1.avif", "-auto-orient", "-depth", "8", "RGBA:/tmp/.tmpfIm7r2/actual.rgba"]
[validation] magick ["/tmp/.tmpfIm7r2/gradient10.heic", "-auto-orient", "-format", "%w %h", "info:"]
[validation] magick ["/tmp/.tmpfIm7r2/results/gradient10-z8-1.avif", "-auto-orient", "-format", "%w %h", "info:"]
[validation] magick ["/tmp/.tmpfIm7r2/results/gradient10-z8-1.avif", "-auto-orient", "-format", "%w %h", "info:"]
[validation] magick ["/tmp/.tmpfIm7r2/gradient10.heic", "-auto-orient", "-depth", "8", "RGBA:/tmp/.tmpfIm7r2/expected.rgba"]
[validation] magick ["/tmp/.tmpfIm7r2/results/gradient10-z8-2.avif", "-auto-orient", "-depth", "8", "RGBA:/tmp/.tmpfIm7r2/actual.rgba"]
[validation] magick ["/tmp/.tmpfIm7r2/gradient10.heic", "-auto-orient", "-format", "%w %h", "info:"]
[validation] magick ["/tmp/.tmpfIm7r2/results/gradient10-z8-2.avif", "-auto-orient", "-format", "%w %h", "info:"]
[validation] magick ["/tmp/.tmpfIm7r2/results/gradient10-z8-2.avif", "-auto-orient", "-format", "%w %h", "info:"]
[validation] magick ["/tmp/.tmpfIm7r2/gradient10.heic", "-auto-orient", "-depth", "8", "RGBA:/tmp/.tmpfIm7r2/expected.rgba"]
[validation] magick ["/tmp/.tmpfIm7r2/results/gradient10-z8-3.avif", "-auto-orient", "-depth", "8", "RGBA:/tmp/.tmpfIm7r2/actual.rgba"]
[validation] magick ["/tmp/.tmpfIm7r2/gradient10.heic", "-auto-orient", "-format", "%w %h", "info:"]
[validation] magick ["/tmp/.tmpfIm7r2/results/gradient10-z8-3.avif", "-auto-orient", "-format", "%w %h", "info:"]
[validation] magick ["/tmp/.tmpfIm7r2/results/gradient10-z8-3.avif", "-auto-orient", "-format", "%w %h", "info:"]
[validation] magick ["/tmp/.tmpfIm7r2/gradient10.heic", "-auto-orient", "-depth", "8", "RGBA:/tmp/.tmpfIm7r2/expected.rgba"]
[validation] magick ["/tmp/.tmpfIm7r2/results/gradient10-z8-4.avif", "-auto-orient", "-depth", "8", "RGBA:/tmp/.tmpfIm7r2/actual.rgba"]
[validation] magick ["/tmp/.tmpfIm7r2/gradient10.heic", "-auto-orient", "-format", "%w %h", "info:"]
[validation] magick ["/tmp/.tmpfIm7r2/results/gradient10-z8-4.avif", "-auto-orient", "-format", "%w %h", "info:"]
[validation] magick ["/tmp/.tmpfIm7r2/results/gradient10-z8-4.avif", "-auto-orient", "-format", "%w %h", "info:"]
[validation] magick ["/tmp/.tmpfIm7r2/gradient10.heic", "-auto-orient", "-depth", "8", "RGBA:/tmp/.tmpfIm7r2/expected.rgba"]
[validation] magick ["/tmp/.tmpfIm7r2/results/gradient10-z8-5.avif", "-auto-orient", "-depth", "8", "RGBA:/tmp/.tmpfIm7r2/actual.rgba"]
[validation] magick ["/tmp/.tmpfIm7r2/gradient10.heic", "-auto-orient", "-format", "%w %h", "info:"]
[validation] magick ["/tmp/.tmpfIm7r2/results/gradient10-z8-5.avif", "-auto-orient", "-format", "%w %h", "info:"]
[validation] magick ["/tmp/.tmpfIm7r2/results/gradient10-z8-5.avif", "-auto-orient", "-format", "%w %h", "info:"]
[validation] magick ["/tmp/.tmpfIm7r2/gradient10.heic", "-auto-orient", "-depth", "8", "RGBA:/tmp/.tmpfIm7r2/expected.rgba"]
[validation] magick ["/tmp/.tmpfIm7r2/results/gradient10-z8-6.avif", "-auto-orient", "-depth", "8", "RGBA:/tmp/.tmpfIm7r2/actual.rgba"]
[validation] magick ["/tmp/.tmpfIm7r2/gradient10.heic", "-auto-orient", "-format", "%w %h", "info:"]
[validation] magick ["/tmp/.tmpfIm7r2/results/gradient10-z8-6.avif", "-auto-orient", "-format", "%w %h", "info:"]
[validation] magick ["/tmp/.tmpfIm7r2/results/gradient10-z8-6.avif", "-auto-orient", "-format", "%w %h", "info:"]
[validation] magick ["/tmp/.tmpfIm7r2/gradient10.heic", "-auto-orient", "-depth", "8", "RGBA:/tmp/.tmpfIm7r2/expected.rgba"]
[validation] magick ["/tmp/.tmpfIm7r2/results/gradient10-z8-7.avif", "-auto-orient", "-depth", "8", "RGBA:/tmp/.tmpfIm7r2/actual.rgba"]
[validation] magick ["/tmp/.tmpfIm7r2/gradient10.heic", "-auto-orient", "-format", "%w %h", "info:"]
[validation] magick ["/tmp/.tmpfIm7r2/results/gradient10-z8-7.avif", "-auto-orient", "-format", "%w %h", "info:"]
[validation] magick ["/tmp/.tmpfIm7r2/results/gradient10-z8-7.avif", "-auto-orient", "-format", "%w %h", "info:"]
[validation] magick ["/tmp/.tmpfIm7r2/gradient10.heic", "-auto-orient", "-depth", "8", "RGBA:/tmp/.tmpfIm7r2/expected.rgba"]
[validation] magick ["/tmp/.tmpfIm7r2/results/gradient10-z8-8.avif", "-auto-orient", "-depth", "8", "RGBA:/tmp/.tmpfIm7r2/actual.rgba"]
[validation] magick ["/tmp/.tmpfIm7r2/gradient10.heic", "-auto-orient", "-format", "%w %h", "info:"]
[validation] magick ["/tmp/.tmpfIm7r2/results/gradient10-z8-8.avif", "-auto-orient", "-format", "%w %h", "info:"]
[validation] magick ["/tmp/.tmpfIm7r2/results/gradient10-z8-8.avif", "-auto-orient", "-format", "%w %h", "info:"]
[validation] magick ["/tmp/.tmpfIm7r2/gradient10.heic", "-auto-orient", "-depth", "8", "RGBA:/tmp/.tmpfIm7r2/expected.rgba"]
[validation] magick ["/tmp/.tmpfIm7r2/results/gradient10-z8-9.avif", "-auto-orient", "-depth", "8", "RGBA:/tmp/.tmpfIm7r2/actual.rgba"]
[validation] magick ["/tmp/.tmpfIm7r2/gradient10.heic", "-auto-orient", "-format", "%w %h", "info:"]
[validation] magick ["/tmp/.tmpfIm7r2/results/gradient10-z8-9.avif", "-auto-orient", "-format", "%w %h", "info:"]
[validation] magick ["/tmp/.tmpfIm7r2/results/gradient10-z8-9.avif", "-auto-orient", "-format", "%w %h", "info:"]
[validation] magick ["/tmp/.tmpfIm7r2/gradient10.heic", "-auto-orient", "-depth", "8", "RGBA:/tmp/.tmpfIm7r2/expected.rgba"]
[validation] magick ["/tmp/.tmpfIm7r2/results/gradient10-z8-10.avif", "-auto-orient", "-depth", "8", "RGBA:/tmp/.tmpfIm7r2/actual.rgba"]
[validation] magick ["/tmp/.tmpfIm7r2/gradient10.heic", "-auto-orient", "-format", "%w %h", "info:"]
[validation] magick ["/tmp/.tmpfIm7r2/results/gradient10-z8-10.avif", "-auto-orient", "-format", "%w %h", "info:"]
[validation] magick ["/tmp/.tmpfIm7r2/results/gradient10-z8-10.avif", "-auto-orient", "-format", "%w %h", "info:"]
[validation] magick ["/tmp/.tmpfIm7r2/gradient10.heic", "-auto-orient", "-depth", "8", "RGBA:/tmp/.tmpfIm7r2/expected.rgba"]
[validation] magick ["/tmp/.tmpfIm7r2/results/gradient10-z8-11.avif", "-auto-orient", "-depth", "8", "RGBA:/tmp/.tmpfIm7r2/actual.rgba"]
[validation] magick ["/tmp/.tmpfIm7r2/gradient10.heic", "-auto-orient", "-format", "%w %h", "info:"]
[validation] magick ["/tmp/.tmpfIm7r2/results/gradient10-z8-11.avif", "-auto-orient", "-format", "%w %h", "info:"]
[validation] magick ["/tmp/.tmpfIm7r2/results/gradient10-z8-11.avif", "-auto-orient", "-format", "%w %h", "info:"]
[validation] magick ["/tmp/.tmpfIm7r2/gradient10.heic", "-auto-orient", "-depth", "8", "RGBA:/tmp/.tmpfIm7r2/expected.rgba"]
[validation] magick ["/tmp/.tmpfIm7r2/results/gradient10-z8-12.avif", "-auto-orient", "-depth", "8", "RGBA:/tmp/.tmpfIm7r2/actual.rgba"]
[validation] magick ["/tmp/.tmpfIm7r2/gradient10.heic", "-auto-orient", "-format", "%w %h", "info:"]
[validation] magick ["/tmp/.tmpfIm7r2/results/gradient10-z8-12.avif", "-auto-orient", "-format", "%w %h", "info:"]
[validation] magick ["/tmp/.tmpfIm7r2/results/gradient10-z8-12.avif", "-auto-orient", "-format", "%w %h", "info:"]
[validation] magick ["/tmp/.tmpfIm7r2/gradient10.heic", "-auto-orient", "-depth", "8", "RGBA:/tmp/.tmpfIm7r2/expected.rgba"]
[validation] magick ["/tmp/.tmpfIm7r2/results/gradient10-z8-13.avif", "-auto-orient", "-depth", "8", "RGBA:/tmp/.tmpfIm7r2/actual.rgba"]
[validation] magick ["/tmp/.tmpfIm7r2/gradient10.heic", "-auto-orient", "-format", "%w %h", "info:"]
[validation] magick ["/tmp/.tmpfIm7r2/results/gradient10-z8-13.avif", "-auto-orient", "-format", "%w %h", "info:"]
[validation] magick ["/tmp/.tmpfIm7r2/results/gradient10-z8-13.avif", "-auto-orient", "-format", "%w %h", "info:"]
[validation] magick ["/tmp/.tmpfIm7r2/gradient10.heic", "-auto-orient", "-depth", "8", "RGBA:/tmp/.tmpfIm7r2/expected.rgba"]
[validation] magick ["/tmp/.tmpfIm7r2/results/gradient10-z8-14.avif", "-auto-orient", "-depth", "8", "RGBA:/tmp/.tmpfIm7r2/actual.rgba"]
[validation] magick ["/tmp/.tmpfIm7r2/gradient10.heic", "-auto-orient", "-format", "%w %h", "info:"]
[validation] magick ["/tmp/.tmpfIm7r2/results/gradient10-z8-14.avif", "-auto-orient", "-format", "%w %h", "info:"]
[validation] magick ["/tmp/.tmpfIm7r2/results/gradient10-z8-14.avif", "-auto-orient", "-format", "%w %h", "info:"]
[validation] magick ["/tmp/.tmpfIm7r2/gradient10.heic", "-auto-orient", "-depth", "8", "RGBA:/tmp/.tmpfIm7r2/expected.rgba"]
[validation] magick ["/tmp/.tmpfIm7r2/results/gradient10-z8-15.avif", "-auto-orient", "-depth", "8", "RGBA:/tmp/.tmpfIm7r2/actual.rgba"]
[validation] magick ["/tmp/.tmpfIm7r2/gradient10.heic", "-auto-orient", "-format", "%w %h", "info:"]
[validation] magick ["/tmp/.tmpfIm7r2/results/gradient10-z8-15.avif", "-auto-orient", "-format", "%w %h", "info:"]
[validation] magick ["/tmp/.tmpfIm7r2/results/gradient10-z8-15.avif", "-auto-orient", "-format", "%w %h", "info:"]
[validation] magick ["/tmp/.tmpfIm7r2/gradient10.heic", "-auto-orient", "-depth", "8", "RGBA:/tmp/.tmpfIm7r2/expected.rgba"]
[validation] magick ["/tmp/.tmpfIm7r2/results/gradient10-z8-1.webp", "-auto-orient", "-depth", "8", "RGBA:/tmp/.tmpfIm7r2/actual.rgba"]
[validation] magick ["/tmp/.tmpfIm7r2/gradient10.heic", "-auto-orient", "-format", "%w %h", "info:"]
[validation] magick ["/tmp/.tmpfIm7r2/results/gradient10-z8-1.webp", "-auto-orient", "-format", "%w %h", "info:"]
[validation] magick ["/tmp/.tmpfIm7r2/results/gradient10-z8-1.webp", "-auto-orient", "-format", "%w %h", "info:"]
[validation] magick ["/tmp/.tmpfIm7r2/gradient10.heic", "-auto-orient", "-depth", "8", "RGBA:/tmp/.tmpfIm7r2/expected.rgba"]
[validation] magick ["/tmp/.tmpfIm7r2/results/gradient10-z8-2.webp", "-auto-orient", "-depth", "8", "RGBA:/tmp/.tmpfIm7r2/actual.rgba"]
[validation] magick ["/tmp/.tmpfIm7r2/gradient10.heic", "-auto-orient", "-format", "%w %h", "info:"]
[validation] magick ["/tmp/.tmpfIm7r2/results/gradient10-z8-2.webp", "-auto-orient", "-format", "%w %h", "info:"]
[validation] magick ["/tmp/.tmpfIm7r2/results/gradient10-z8-2.webp", "-auto-orient", "-format", "%w %h", "info:"]
[validation] magick ["/tmp/.tmpfIm7r2/gradient10.heic", "-auto-orient", "-depth", "8", "RGBA:/tmp/.tmpfIm7r2/expected.rgba"]
[validation] magick ["/tmp/.tmpfIm7r2/results/gradient10-z8-3.webp", "-auto-orient", "-depth", "8", "RGBA:/tmp/.tmpfIm7r2/actual.rgba"]
[validation] magick ["/tmp/.tmpfIm7r2/gradient10.heic", "-auto-orient", "-format", "%w %h", "info:"]
[validation] magick ["/tmp/.tmpfIm7r2/results/gradient10-z8-3.webp", "-auto-orient", "-format", "%w %h", "info:"]
[validation] magick ["/tmp/.tmpfIm7r2/results/gradient10-z8-3.webp", "-auto-orient", "-format", "%w %h", "info:"]
[validation] magick ["/tmp/.tmpfIm7r2/gradient10.heic", "-auto-orient", "-depth", "8", "RGBA:/tmp/.tmpfIm7r2/expected.rgba"]
[validation] magick ["/tmp/.tmpfIm7r2/results/gradient10-z8-4.webp", "-auto-orient", "-depth", "8", "RGBA:/tmp/.tmpfIm7r2/actual.rgba"]
[validation] magick ["/tmp/.tmpfIm7r2/gradient10.heic", "-auto-orient", "-format", "%w %h", "info:"]
[validation] magick ["/tmp/.tmpfIm7r2/results/gradient10-z8-4.webp", "-auto-orient", "-format", "%w %h", "info:"]
[validation] magick ["/tmp/.tmpfIm7r2/results/gradient10-z8-4.webp", "-auto-orient", "-format", "%w %h", "info:"]
[validation] magick ["/tmp/.tmpfIm7r2/gradient10.heic", "-auto-orient", "-depth", "8", "RGBA:/tmp/.tmpfIm7r2/expected.rgba"]
[validation] magick ["/tmp/.tmpfIm7r2/results/gradient10-z8-5.webp", "-auto-orient", "-depth", "8", "RGBA:/tmp/.tmpfIm7r2/actual.rgba"]
[validation] magick ["/tmp/.tmpfIm7r2/gradient10.heic", "-auto-orient", "-format", "%w %h", "info:"]
[validation] magick ["/tmp/.tmpfIm7r2/results/gradient10-z8-5.webp", "-auto-orient", "-format", "%w %h", "info:"]
[validation] magick ["/tmp/.tmpfIm7r2/results/gradient10-z8-5.webp", "-auto-orient", "-format", "%w %h", "info:"]
[validation] magick ["/tmp/.tmpfIm7r2/gradient10.heic", "-auto-orient", "-depth", "8", "RGBA:/tmp/.tmpfIm7r2/expected.rgba"]
[validation] magick ["/tmp/.tmpfIm7r2/results/gradient10-z8-6.webp", "-auto-orient", "-depth", "8", "RGBA:/tmp/.tmpfIm7r2/actual.rgba"]
[validation] magick ["/tmp/.tmpfIm7r2/gradient10.heic", "-auto-orient", "-format", "%w %h", "info:"]
[validation] magick ["/tmp/.tmpfIm7r2/results/gradient10-z8-6.webp", "-auto-orient", "-format", "%w %h", "info:"]
[validation] magick ["/tmp/.tmpfIm7r2/results/gradient10-z8-6.webp", "-auto-orient", "-format", "%w %h", "info:"]
[validation] magick ["/tmp/.tmpfIm7r2/gradient10.heic", "-auto-orient", "-depth", "8", "RGBA:/tmp/.tmpfIm7r2/expected.rgba"]
[validation] magick ["/tmp/.tmpfIm7r2/results/gradient10-z8-7.webp", "-auto-orient", "-depth", "8", "RGBA:/tmp/.tmpfIm7r2/actual.rgba"]
[validation] magick ["/tmp/.tmpfIm7r2/gradient10.heic", "-auto-orient", "-format", "%w %h", "info:"]
[validation] magick ["/tmp/.tmpfIm7r2/results/gradient10-z8-7.webp", "-auto-orient", "-format", "%w %h", "info:"]
[validation] magick ["/tmp/.tmpfIm7r2/results/gradient10-z8-7.webp", "-auto-orient", "-format", "%w %h", "info:"]
[validation] magick ["/tmp/.tmpfIm7r2/gradient10.heic", "-auto-orient", "-depth", "8", "RGBA:/tmp/.tmpfIm7r2/expected.rgba"]
[validation] magick ["/tmp/.tmpfIm7r2/results/gradient10-z8-8.webp", "-auto-orient", "-depth", "8", "RGBA:/tmp/.tmpfIm7r2/actual.rgba"]
[validation] magick ["/tmp/.tmpfIm7r2/gradient10.heic", "-auto-orient", "-format", "%w %h", "info:"]
[validation] magick ["/tmp/.tmpfIm7r2/results/gradient10-z8-8.webp", "-auto-orient", "-format", "%w %h", "info:"]
[validation] magick ["/tmp/.tmpfIm7r2/results/gradient10-z8-8.webp", "-auto-orient", "-format", "%w %h", "info:"]
[validation] magick ["/tmp/.tmpfIm7r2/gradient10.heic", "-auto-orient", "-depth", "8", "RGBA:/tmp/.tmpfIm7r2/expected.rgba"]
[validation] magick ["/tmp/.tmpfIm7r2/results/gradient10-z8-9.webp", "-auto-orient", "-depth", "8", "RGBA:/tmp/.tmpfIm7r2/actual.rgba"]
[validation] magick ["/tmp/.tmpfIm7r2/gradient10.heic", "-auto-orient", "-format", "%w %h", "info:"]
[validation] magick ["/tmp/.tmpfIm7r2/results/gradient10-z8-9.webp", "-auto-orient", "-format", "%w %h", "info:"]
[validation] magick ["/tmp/.tmpfIm7r2/results/gradient10-z8-9.webp", "-auto-orient", "-format", "%w %h", "info:"]
[validation] magick ["/tmp/.tmpfIm7r2/gradient10.heic", "-auto-orient", "-depth", "8", "RGBA:/tmp/.tmpfIm7r2/expected.rgba"]
[validation] magick ["/tmp/.tmpfIm7r2/results/gradient10-z8-10.webp", "-auto-orient", "-depth", "8", "RGBA:/tmp/.tmpfIm7r2/actual.rgba"]
[validation] magick ["/tmp/.tmpfIm7r2/gradient10.heic", "-auto-orient", "-format", "%w %h", "info:"]
[validation] magick ["/tmp/.tmpfIm7r2/results/gradient10-z8-10.webp", "-auto-orient", "-format", "%w %h", "info:"]
[validation] magick ["/tmp/.tmpfIm7r2/results/gradient10-z8-10.webp", "-auto-orient", "-format", "%w %h", "info:"]
[validation] magick ["/tmp/.tmpfIm7r2/gradient10.heic", "-auto-orient", "-depth", "8", "RGBA:/tmp/.tmpfIm7r2/expected.rgba"]
[validation] magick ["/tmp/.tmpfIm7r2/results/gradient10-z8-11.webp", "-auto-orient", "-depth", "8", "RGBA:/tmp/.tmpfIm7r2/actual.rgba"]
[validation] magick ["/tmp/.tmpfIm7r2/gradient10.heic", "-auto-orient", "-format", "%w %h", "info:"]
[validation] magick ["/tmp/.tmpfIm7r2/results/gradient10-z8-11.webp", "-auto-orient", "-format", "%w %h", "info:"]
[validation] magick ["/tmp/.tmpfIm7r2/results/gradient10-z8-11.webp", "-auto-orient", "-format", "%w %h", "info:"]
[validation] magick ["/tmp/.tmpfIm7r2/gradient10.heic", "-auto-orient", "-depth", "8", "RGBA:/tmp/.tmpfIm7r2/expected.rgba"]
[validation] magick ["/tmp/.tmpfIm7r2/results/gradient10-z8-12.webp", "-auto-orient", "-depth", "8", "RGBA:/tmp/.tmpfIm7r2/actual.rgba"]
[validation] magick ["/tmp/.tmpfIm7r2/gradient10.heic", "-auto-orient", "-format", "%w %h", "info:"]
[validation] magick ["/tmp/.tmpfIm7r2/results/gradient10-z8-12.webp", "-auto-orient", "-format", "%w %h", "info:"]
[validation] magick ["/tmp/.tmpfIm7r2/results/gradient10-z8-12.webp", "-auto-orient", "-format", "%w %h", "info:"]
[validation] magick ["/tmp/.tmpfIm7r2/gradient10.heic", "-auto-orient", "-depth", "8", "RGBA:/tmp/.tmpfIm7r2/expected.rgba"]
[validation] magick ["/tmp/.tmpfIm7r2/results/gradient10-z8-13.webp", "-auto-orient", "-depth", "8", "RGBA:/tmp/.tmpfIm7r2/actual.rgba"]
[validation] magick ["/tmp/.tmpfIm7r2/gradient10.heic", "-auto-orient", "-format", "%w %h", "info:"]
[validation] magick ["/tmp/.tmpfIm7r2/results/gradient10-z8-13.webp", "-auto-orient", "-format", "%w %h", "info:"]
[validation] magick ["/tmp/.tmpfIm7r2/results/gradient10-z8-13.webp", "-auto-orient", "-format", "%w %h", "info:"]
[validation] magick ["/tmp/.tmpfIm7r2/gradient10.heic", "-auto-orient", "-depth", "8", "RGBA:/tmp/.tmpfIm7r2/expected.rgba"]
[validation] magick ["/tmp/.tmpfIm7r2/results/gradient10-z8-14.webp", "-auto-orient", "-depth", "8", "RGBA:/tmp/.tmpfIm7r2/actual.rgba"]
[validation] magick ["/tmp/.tmpfIm7r2/gradient10.heic", "-auto-orient", "-format", "%w %h", "info:"]
[validation] magick ["/tmp/.tmpfIm7r2/results/gradient10-z8-14.webp", "-auto-orient", "-format", "%w %h", "info:"]
[validation] magick ["/tmp/.tmpfIm7r2/results/gradient10-z8-14.webp", "-auto-orient", "-format", "%w %h", "info:"]
[validation] magick ["/tmp/.tmpfIm7r2/gradient10.heic", "-auto-orient", "-depth", "8", "RGBA:/tmp/.tmpfIm7r2/expected.rgba"]
[validation] magick ["/tmp/.tmpfIm7r2/results/gradient10-z8-15.webp", "-auto-orient", "-depth", "8", "RGBA:/tmp/.tmpfIm7r2/actual.rgba"]
[validation] magick ["/tmp/.tmpfIm7r2/gradient10.heic", "-auto-orient", "-format", "%w %h", "info:"]
[validation] magick ["/tmp/.tmpfIm7r2/results/gradient10-z8-15.webp", "-auto-orient", "-format", "%w %h", "info:"]
[validation] magick ["/tmp/.tmpfIm7r2/results/gradient10-z8-15.webp", "-auto-orient", "-format", "%w %h", "info:"]
[validation] magick ["/tmp/.tmpfIm7r2/gradient10.heic", "-auto-orient", "-background", "white", "-alpha", "remove", "-alpha", "off", "-depth", "8", "RGBA:/tmp/.tmpfIm7r2/expected.rgba"]
[validation] magick ["/tmp/.tmpfIm7r2/results/gradient10-z8-1.jpg", "-auto-orient", "-depth", "8", "RGBA:/tmp/.tmpfIm7r2/actual.rgba"]
[validation] magick ["/tmp/.tmpfIm7r2/gradient10.heic", "-auto-orient", "-format", "%w %h", "info:"]
[validation] magick ["/tmp/.tmpfIm7r2/results/gradient10-z8-1.jpg", "-auto-orient", "-format", "%w %h", "info:"]
[validation] magick ["/tmp/.tmpfIm7r2/results/gradient10-z8-1.jpg", "-auto-orient", "-format", "%w %h", "info:"]
[validation] magick ["/tmp/.tmpfIm7r2/gradient10.heic", "-auto-orient", "-background", "white", "-alpha", "remove", "-alpha", "off", "-depth", "8", "RGBA:/tmp/.tmpfIm7r2/expected.rgba"]
[validation] magick ["/tmp/.tmpfIm7r2/results/gradient10-z8-2.jpg", "-auto-orient", "-depth", "8", "RGBA:/tmp/.tmpfIm7r2/actual.rgba"]
[validation] magick ["/tmp/.tmpfIm7r2/gradient10.heic", "-auto-orient", "-format", "%w %h", "info:"]
[validation] magick ["/tmp/.tmpfIm7r2/results/gradient10-z8-2.jpg", "-auto-orient", "-format", "%w %h", "info:"]
[validation] magick ["/tmp/.tmpfIm7r2/results/gradient10-z8-2.jpg", "-auto-orient", "-format", "%w %h", "info:"]
[validation] magick ["/tmp/.tmpfIm7r2/gradient10.heic", "-auto-orient", "-background", "white", "-alpha", "remove", "-alpha", "off", "-depth", "8", "RGBA:/tmp/.tmpfIm7r2/expected.rgba"]
[validation] magick ["/tmp/.tmpfIm7r2/results/gradient10-z8-3.jpg", "-auto-orient", "-depth", "8", "RGBA:/tmp/.tmpfIm7r2/actual.rgba"]
[validation] magick ["/tmp/.tmpfIm7r2/gradient10.heic", "-auto-orient", "-format", "%w %h", "info:"]
[validation] magick ["/tmp/.tmpfIm7r2/results/gradient10-z8-3.jpg", "-auto-orient", "-format", "%w %h", "info:"]
[validation] magick ["/tmp/.tmpfIm7r2/results/gradient10-z8-3.jpg", "-auto-orient", "-format", "%w %h", "info:"]
[validation] magick ["/tmp/.tmpfIm7r2/gradient10.heic", "-auto-orient", "-background", "white", "-alpha", "remove", "-alpha", "off", "-depth", "8", "RGBA:/tmp/.tmpfIm7r2/expected.rgba"]
[validation] magick ["/tmp/.tmpfIm7r2/results/gradient10-z8-4.jpg", "-auto-orient", "-depth", "8", "RGBA:/tmp/.tmpfIm7r2/actual.rgba"]
[validation] magick ["/tmp/.tmpfIm7r2/gradient10.heic", "-auto-orient", "-format", "%w %h", "info:"]
[validation] magick ["/tmp/.tmpfIm7r2/results/gradient10-z8-4.jpg", "-auto-orient", "-format", "%w %h", "info:"]
[validation] magick ["/tmp/.tmpfIm7r2/results/gradient10-z8-4.jpg", "-auto-orient", "-format", "%w %h", "info:"]
[validation] magick ["/tmp/.tmpfIm7r2/gradient10.heic", "-auto-orient", "-background", "white", "-alpha", "remove", "-alpha", "off", "-depth", "8", "RGBA:/tmp/.tmpfIm7r2/expected.rgba"]
[validation] magick ["/tmp/.tmpfIm7r2/results/gradient10-z8-5.jpg", "-auto-orient", "-depth", "8", "RGBA:/tmp/.tmpfIm7r2/actual.rgba"]
[validation] magick ["/tmp/.tmpfIm7r2/gradient10.heic", "-auto-orient", "-format", "%w %h", "info:"]
[validation] magick ["/tmp/.tmpfIm7r2/results/gradient10-z8-5.jpg", "-auto-orient", "-format", "%w %h", "info:"]
[validation] magick ["/tmp/.tmpfIm7r2/results/gradient10-z8-5.jpg", "-auto-orient", "-format", "%w %h", "info:"]
[validation] magick ["/tmp/.tmpfIm7r2/gradient10.heic", "-auto-orient", "-background", "white", "-alpha", "remove", "-alpha", "off", "-depth", "8", "RGBA:/tmp/.tmpfIm7r2/expected.rgba"]
[validation] magick ["/tmp/.tmpfIm7r2/results/gradient10-z8-6.jpg", "-auto-orient", "-depth", "8", "RGBA:/tmp/.tmpfIm7r2/actual.rgba"]
[validation] magick ["/tmp/.tmpfIm7r2/gradient10.heic", "-auto-orient", "-format", "%w %h", "info:"]
[validation] magick ["/tmp/.tmpfIm7r2/results/gradient10-z8-6.jpg", "-auto-orient", "-format", "%w %h", "info:"]
[validation] magick ["/tmp/.tmpfIm7r2/results/gradient10-z8-6.jpg", "-auto-orient", "-format", "%w %h", "info:"]
[validation] magick ["/tmp/.tmpfIm7r2/gradient10.heic", "-auto-orient", "-background", "white", "-alpha", "remove", "-alpha", "off", "-depth", "8", "RGBA:/tmp/.tmpfIm7r2/expected.rgba"]
[validation] magick ["/tmp/.tmpfIm7r2/results/gradient10-z8-7.jpg", "-auto-orient", "-depth", "8", "RGBA:/tmp/.tmpfIm7r2/actual.rgba"]
[validation] magick ["/tmp/.tmpfIm7r2/gradient10.heic", "-auto-orient", "-format", "%w %h", "info:"]
[validation] magick ["/tmp/.tmpfIm7r2/results/gradient10-z8-7.jpg", "-auto-orient", "-format", "%w %h", "info:"]
[validation] magick ["/tmp/.tmpfIm7r2/results/gradient10-z8-7.jpg", "-auto-orient", "-format", "%w %h", "info:"]
[validation] magick ["/tmp/.tmpfIm7r2/gradient10.heic", "-auto-orient", "-background", "white", "-alpha", "remove", "-alpha", "off", "-depth", "8", "RGBA:/tmp/.tmpfIm7r2/expected.rgba"]
[validation] magick ["/tmp/.tmpfIm7r2/results/gradient10-z8-8.jpg", "-auto-orient", "-depth", "8", "RGBA:/tmp/.tmpfIm7r2/actual.rgba"]
[validation] magick ["/tmp/.tmpfIm7r2/gradient10.heic", "-auto-orient", "-format", "%w %h", "info:"]
[validation] magick ["/tmp/.tmpfIm7r2/results/gradient10-z8-8.jpg", "-auto-orient", "-format", "%w %h", "info:"]
[validation] magick ["/tmp/.tmpfIm7r2/results/gradient10-z8-8.jpg", "-auto-orient", "-format", "%w %h", "info:"]
[validation] magick ["/tmp/.tmpfIm7r2/gradient10.heic", "-auto-orient", "-background", "white", "-alpha", "remove", "-alpha", "off", "-depth", "8", "RGBA:/tmp/.tmpfIm7r2/expected.rgba"]
[validation] magick ["/tmp/.tmpfIm7r2/results/gradient10-z8-9.jpg", "-auto-orient", "-depth", "8", "RGBA:/tmp/.tmpfIm7r2/actual.rgba"]
[validation] magick ["/tmp/.tmpfIm7r2/gradient10.heic", "-auto-orient", "-format", "%w %h", "info:"]
[validation] magick ["/tmp/.tmpfIm7r2/results/gradient10-z8-9.jpg", "-auto-orient", "-format", "%w %h", "info:"]
[validation] magick ["/tmp/.tmpfIm7r2/results/gradient10-z8-9.jpg", "-auto-orient", "-format", "%w %h", "info:"]
[validation] magick ["/tmp/.tmpfIm7r2/gradient10.heic", "-auto-orient", "-background", "white", "-alpha", "remove", "-alpha", "off", "-depth", "8", "RGBA:/tmp/.tmpfIm7r2/expected.rgba"]
[validation] magick ["/tmp/.tmpfIm7r2/results/gradient10-z8-10.jpg", "-auto-orient", "-depth", "8", "RGBA:/tmp/.tmpfIm7r2/actual.rgba"]
[validation] magick ["/tmp/.tmpfIm7r2/gradient10.heic", "-auto-orient", "-format", "%w %h", "info:"]
[validation] magick ["/tmp/.tmpfIm7r2/results/gradient10-z8-10.jpg", "-auto-orient", "-format", "%w %h", "info:"]
[validation] magick ["/tmp/.tmpfIm7r2/results/gradient10-z8-10.jpg", "-auto-orient", "-format", "%w %h", "info:"]
[validation] magick ["/tmp/.tmpfIm7r2/gradient10.heic", "-auto-orient", "-background", "white", "-alpha", "remove", "-alpha", "off", "-depth", "8", "RGBA:/tmp/.tmpfIm7r2/expected.rgba"]
[validation] magick ["/tmp/.tmpfIm7r2/results/gradient10-z8-11.jpg", "-auto-orient", "-depth", "8", "RGBA:/tmp/.tmpfIm7r2/actual.rgba"]
[validation] magick ["/tmp/.tmpfIm7r2/gradient10.heic", "-auto-orient", "-format", "%w %h", "info:"]
[validation] magick ["/tmp/.tmpfIm7r2/results/gradient10-z8-11.jpg", "-auto-orient", "-format", "%w %h", "info:"]
[validation] magick ["/tmp/.tmpfIm7r2/results/gradient10-z8-11.jpg", "-auto-orient", "-format", "%w %h", "info:"]
[validation] magick ["/tmp/.tmpfIm7r2/gradient10.heic", "-auto-orient", "-background", "white", "-alpha", "remove", "-alpha", "off", "-depth", "8", "RGBA:/tmp/.tmpfIm7r2/expected.rgba"]
[validation] magick ["/tmp/.tmpfIm7r2/results/gradient10-z8-12.jpg", "-auto-orient", "-depth", "8", "RGBA:/tmp/.tmpfIm7r2/actual.rgba"]
[validation] magick ["/tmp/.tmpfIm7r2/gradient10.heic", "-auto-orient", "-format", "%w %h", "info:"]
[validation] magick ["/tmp/.tmpfIm7r2/results/gradient10-z8-12.jpg", "-auto-orient", "-format", "%w %h", "info:"]
[validation] magick ["/tmp/.tmpfIm7r2/results/gradient10-z8-12.jpg", "-auto-orient", "-format", "%w %h", "info:"]
[validation] magick ["/tmp/.tmpfIm7r2/gradient10.heic", "-auto-orient", "-background", "white", "-alpha", "remove", "-alpha", "off", "-depth", "8", "RGBA:/tmp/.tmpfIm7r2/expected.rgba"]
[validation] magick ["/tmp/.tmpfIm7r2/results/gradient10-z8-13.jpg", "-auto-orient", "-depth", "8", "RGBA:/tmp/.tmpfIm7r2/actual.rgba"]
[validation] magick ["/tmp/.tmpfIm7r2/gradient10.heic", "-auto-orient", "-format", "%w %h", "info:"]
[validation] magick ["/tmp/.tmpfIm7r2/results/gradient10-z8-13.jpg", "-auto-orient", "-format", "%w %h", "info:"]
[validation] magick ["/tmp/.tmpfIm7r2/results/gradient10-z8-13.jpg", "-auto-orient", "-format", "%w %h", "info:"]
[validation] magick ["/tmp/.tmpfIm7r2/gradient10.heic", "-auto-orient", "-background", "white", "-alpha", "remove", "-alpha", "off", "-depth", "8", "RGBA:/tmp/.tmpfIm7r2/expected.rgba"]
[validation] magick ["/tmp/.tmpfIm7r2/results/gradient10-z8-14.jpg", "-auto-orient", "-depth", "8", "RGBA:/tmp/.tmpfIm7r2/actual.rgba"]
[validation] magick ["/tmp/.tmpfIm7r2/gradient10.heic", "-auto-orient", "-format", "%w %h", "info:"]
[validation] magick ["/tmp/.tmpfIm7r2/results/gradient10-z8-14.jpg", "-auto-orient", "-format", "%w %h", "info:"]
[validation] magick ["/tmp/.tmpfIm7r2/results/gradient10-z8-14.jpg", "-auto-orient", "-format", "%w %h", "info:"]
[validation] magick ["/tmp/.tmpfIm7r2/gradient10.heic", "-auto-orient", "-background", "white", "-alpha", "remove", "-alpha", "off", "-depth", "8", "RGBA:/tmp/.tmpfIm7r2/expected.rgba"]
[validation] magick ["/tmp/.tmpfIm7r2/results/gradient10-z8-15.jpg", "-auto-orient", "-depth", "8", "RGBA:/tmp/.tmpfIm7r2/actual.rgba"]
[validation] magick ["/tmp/.tmpfIm7r2/gradient10.heic", "-auto-orient", "-format", "%w %h", "info:"]
[validation] magick ["/tmp/.tmpfIm7r2/results/gradient10-z8-15.jpg", "-auto-orient", "-format", "%w %h", "info:"]
[validation] magick ["/tmp/.tmpfIm7r2/results/gradient10-z8-15.jpg", "-auto-orient", "-format", "%w %h", "info:"]
[validation] magick ["/tmp/.tmpfIm7r2/gradient10.heic", "-auto-orient", "-depth", "8", "RGBA:/tmp/.tmpfIm7r2/expected.rgba"]
[validation] magick ["/tmp/.tmpfIm7r2/results/gradient10-z8-1.png", "-auto-orient", "-depth", "8", "RGBA:/tmp/.tmpfIm7r2/actual.rgba"]
[validation] magick ["/tmp/.tmpfIm7r2/gradient10.heic", "-auto-orient", "-format", "%w %h", "info:"]
[validation] magick ["/tmp/.tmpfIm7r2/results/gradient10-z8-1.png", "-auto-orient", "-format", "%w %h", "info:"]
[validation] magick ["/tmp/.tmpfIm7r2/results/gradient10-z8-1.png", "-auto-orient", "-format", "%w %h", "info:"]
[validation] magick ["/tmp/.tmpfIm7r2/gradient10.heic", "-auto-orient", "-depth", "8", "RGBA:/tmp/.tmpfIm7r2/expected.rgba"]
[validation] magick ["/tmp/.tmpfIm7r2/results/gradient10-z8-2.png", "-auto-orient", "-depth", "8", "RGBA:/tmp/.tmpfIm7r2/actual.rgba"]
[validation] magick ["/tmp/.tmpfIm7r2/gradient10.heic", "-auto-orient", "-format", "%w %h", "info:"]
[validation] magick ["/tmp/.tmpfIm7r2/results/gradient10-z8-2.png", "-auto-orient", "-format", "%w %h", "info:"]
[validation] magick ["/tmp/.tmpfIm7r2/results/gradient10-z8-2.png", "-auto-orient", "-format", "%w %h", "info:"]
[validation] magick ["/tmp/.tmpfIm7r2/gradient10.heic", "-auto-orient", "-depth", "8", "RGBA:/tmp/.tmpfIm7r2/expected.rgba"]
[validation] magick ["/tmp/.tmpfIm7r2/results/gradient10-z8-3.png", "-auto-orient", "-depth", "8", "RGBA:/tmp/.tmpfIm7r2/actual.rgba"]
[validation] magick ["/tmp/.tmpfIm7r2/gradient10.heic", "-auto-orient", "-format", "%w %h", "info:"]
[validation] magick ["/tmp/.tmpfIm7r2/results/gradient10-z8-3.png", "-auto-orient", "-format", "%w %h", "info:"]
[validation] magick ["/tmp/.tmpfIm7r2/results/gradient10-z8-3.png", "-auto-orient", "-format", "%w %h", "info:"]
[validation] magick ["/tmp/.tmpfIm7r2/gradient10.heic", "-auto-orient", "-depth", "8", "RGBA:/tmp/.tmpfIm7r2/expected.rgba"]
[validation] magick ["/tmp/.tmpfIm7r2/results/gradient10-z8-4.png", "-auto-orient", "-depth", "8", "RGBA:/tmp/.tmpfIm7r2/actual.rgba"]
[validation] magick ["/tmp/.tmpfIm7r2/gradient10.heic", "-auto-orient", "-format", "%w %h", "info:"]
[validation] magick ["/tmp/.tmpfIm7r2/results/gradient10-z8-4.png", "-auto-orient", "-format", "%w %h", "info:"]
[validation] magick ["/tmp/.tmpfIm7r2/results/gradient10-z8-4.png", "-auto-orient", "-format", "%w %h", "info:"]
[validation] magick ["/tmp/.tmpfIm7r2/gradient10.heic", "-auto-orient", "-depth", "8", "RGBA:/tmp/.tmpfIm7r2/expected.rgba"]
[validation] magick ["/tmp/.tmpfIm7r2/results/gradient10-z8-5.png", "-auto-orient", "-depth", "8", "RGBA:/tmp/.tmpfIm7r2/actual.rgba"]
[validation] magick ["/tmp/.tmpfIm7r2/gradient10.heic", "-auto-orient", "-format", "%w %h", "info:"]
[validation] magick ["/tmp/.tmpfIm7r2/results/gradient10-z8-5.png", "-auto-orient", "-format", "%w %h", "info:"]
[validation] magick ["/tmp/.tmpfIm7r2/results/gradient10-z8-5.png", "-auto-orient", "-format", "%w %h", "info:"]
[validation] magick ["/tmp/.tmpfIm7r2/gradient10.heic", "-auto-orient", "-depth", "8", "RGBA:/tmp/.tmpfIm7r2/expected.rgba"]
[validation] magick ["/tmp/.tmpfIm7r2/results/gradient10-z8-6.png", "-auto-orient", "-depth", "8", "RGBA:/tmp/.tmpfIm7r2/actual.rgba"]
[validation] magick ["/tmp/.tmpfIm7r2/gradient10.heic", "-auto-orient", "-format", "%w %h", "info:"]
[validation] magick ["/tmp/.tmpfIm7r2/results/gradient10-z8-6.png", "-auto-orient", "-format", "%w %h", "info:"]
[validation] magick ["/tmp/.tmpfIm7r2/results/gradient10-z8-6.png", "-auto-orient", "-format", "%w %h", "info:"]
[validation] magick ["/tmp/.tmpfIm7r2/gradient10.heic", "-auto-orient", "-depth", "8", "RGBA:/tmp/.tmpfIm7r2/expected.rgba"]
[validation] magick ["/tmp/.tmpfIm7r2/results/gradient10-z8-7.png", "-auto-orient", "-depth", "8", "RGBA:/tmp/.tmpfIm7r2/actual.rgba"]
[validation] magick ["/tmp/.tmpfIm7r2/gradient10.heic", "-auto-orient", "-format", "%w %h", "info:"]
[validation] magick ["/tmp/.tmpfIm7r2/results/gradient10-z8-7.png", "-auto-orient", "-format", "%w %h", "info:"]
[validation] magick ["/tmp/.tmpfIm7r2/results/gradient10-z8-7.png", "-auto-orient", "-format", "%w %h", "info:"]
[validation] magick ["/tmp/.tmpfIm7r2/gradient10.heic", "-auto-orient", "-depth", "8", "RGBA:/tmp/.tmpfIm7r2/expected.rgba"]
[validation] magick ["/tmp/.tmpfIm7r2/results/gradient10-z8-8.png", "-auto-orient", "-depth", "8", "RGBA:/tmp/.tmpfIm7r2/actual.rgba"]
[validation] magick ["/tmp/.tmpfIm7r2/gradient10.heic", "-auto-orient", "-format", "%w %h", "info:"]
[validation] magick ["/tmp/.tmpfIm7r2/results/gradient10-z8-8.png", "-auto-orient", "-format", "%w %h", "info:"]
[validation] magick ["/tmp/.tmpfIm7r2/results/gradient10-z8-8.png", "-auto-orient", "-format", "%w %h", "info:"]
[validation] magick ["/tmp/.tmpfIm7r2/gradient10.heic", "-auto-orient", "-depth", "8", "RGBA:/tmp/.tmpfIm7r2/expected.rgba"]
[validation] magick ["/tmp/.tmpfIm7r2/results/gradient10-z8-9.png", "-auto-orient", "-depth", "8", "RGBA:/tmp/.tmpfIm7r2/actual.rgba"]
[validation] magick ["/tmp/.tmpfIm7r2/gradient10.heic", "-auto-orient", "-format", "%w %h", "info:"]
[validation] magick ["/tmp/.tmpfIm7r2/results/gradient10-z8-9.png", "-auto-orient", "-format", "%w %h", "info:"]
[validation] magick ["/tmp/.tmpfIm7r2/results/gradient10-z8-9.png", "-auto-orient", "-format", "%w %h", "info:"]
[validation] magick ["/tmp/.tmpfIm7r2/gradient10.heic", "-auto-orient", "-depth", "8", "RGBA:/tmp/.tmpfIm7r2/expected.rgba"]
[validation] magick ["/tmp/.tmpfIm7r2/results/gradient10-z8-10.png", "-auto-orient", "-depth", "8", "RGBA:/tmp/.tmpfIm7r2/actual.rgba"]
[validation] magick ["/tmp/.tmpfIm7r2/gradient10.heic", "-auto-orient", "-format", "%w %h", "info:"]
[validation] magick ["/tmp/.tmpfIm7r2/results/gradient10-z8-10.png", "-auto-orient", "-format", "%w %h", "info:"]
[validation] magick ["/tmp/.tmpfIm7r2/results/gradient10-z8-10.png", "-auto-orient", "-format", "%w %h", "info:"]
[validation] magick ["/tmp/.tmpfIm7r2/gradient10.heic", "-auto-orient", "-depth", "8", "RGBA:/tmp/.tmpfIm7r2/expected.rgba"]
[validation] magick ["/tmp/.tmpfIm7r2/results/gradient10-z8-11.png", "-auto-orient", "-depth", "8", "RGBA:/tmp/.tmpfIm7r2/actual.rgba"]
[validation] magick ["/tmp/.tmpfIm7r2/gradient10.heic", "-auto-orient", "-format", "%w %h", "info:"]
[validation] magick ["/tmp/.tmpfIm7r2/results/gradient10-z8-11.png", "-auto-orient", "-format", "%w %h", "info:"]
[validation] magick ["/tmp/.tmpfIm7r2/results/gradient10-z8-11.png", "-auto-orient", "-format", "%w %h", "info:"]
[validation] magick ["/tmp/.tmpfIm7r2/gradient10.heic", "-auto-orient", "-depth", "8", "RGBA:/tmp/.tmpfIm7r2/expected.rgba"]
[validation] magick ["/tmp/.tmpfIm7r2/results/gradient10-z8-12.png", "-auto-orient", "-depth", "8", "RGBA:/tmp/.tmpfIm7r2/actual.rgba"]
[validation] magick ["/tmp/.tmpfIm7r2/gradient10.heic", "-auto-orient", "-format", "%w %h", "info:"]
[validation] magick ["/tmp/.tmpfIm7r2/results/gradient10-z8-12.png", "-auto-orient", "-format", "%w %h", "info:"]
[validation] magick ["/tmp/.tmpfIm7r2/results/gradient10-z8-12.png", "-auto-orient", "-format", "%w %h", "info:"]
[validation] magick ["/tmp/.tmpfIm7r2/gradient10.heic", "-auto-orient", "-depth", "8", "RGBA:/tmp/.tmpfIm7r2/expected.rgba"]
[validation] magick ["/tmp/.tmpfIm7r2/results/gradient10-z8-13.png", "-auto-orient", "-depth", "8", "RGBA:/tmp/.tmpfIm7r2/actual.rgba"]
[validation] magick ["/tmp/.tmpfIm7r2/gradient10.heic", "-auto-orient", "-format", "%w %h", "info:"]
[validation] magick ["/tmp/.tmpfIm7r2/results/gradient10-z8-13.png", "-auto-orient", "-format", "%w %h", "info:"]
[validation] magick ["/tmp/.tmpfIm7r2/results/gradient10-z8-13.png", "-auto-orient", "-format", "%w %h", "info:"]
[validation] magick ["/tmp/.tmpfIm7r2/gradient10.heic", "-auto-orient", "-depth", "8", "RGBA:/tmp/.tmpfIm7r2/expected.rgba"]
[validation] magick ["/tmp/.tmpfIm7r2/results/gradient10-z8-14.png", "-auto-orient", "-depth", "8", "RGBA:/tmp/.tmpfIm7r2/actual.rgba"]
[validation] magick ["/tmp/.tmpfIm7r2/gradient10.heic", "-auto-orient", "-format", "%w %h", "info:"]
[validation] magick ["/tmp/.tmpfIm7r2/results/gradient10-z8-14.png", "-auto-orient", "-format", "%w %h", "info:"]
[validation] magick ["/tmp/.tmpfIm7r2/results/gradient10-z8-14.png", "-auto-orient", "-format", "%w %h", "info:"]
[validation] magick ["/tmp/.tmpfIm7r2/gradient10.heic", "-auto-orient", "-depth", "8", "RGBA:/tmp/.tmpfIm7r2/expected.rgba"]
[validation] magick ["/tmp/.tmpfIm7r2/results/gradient10-z8-15.png", "-auto-orient", "-depth", "8", "RGBA:/tmp/.tmpfIm7r2/actual.rgba"]
[validation] magick ["/tmp/.tmpfIm7r2/gradient10.heic", "-auto-orient", "-format", "%w %h", "info:"]
[validation] magick ["/tmp/.tmpfIm7r2/results/gradient10-z8-15.png", "-auto-orient", "-format", "%w %h", "info:"]
[validation] magick ["/tmp/.tmpfIm7r2/results/gradient10-z8-15.png", "-auto-orient", "-format", "%w %h", "info:"]
